image_id,modality,file_path,glare_score,corrected
0_left.jpg,slit_lamp,dataset_01\cataract\0_left.jpg,0.0,True
103_left.jpg,slit_lamp,dataset_01\cataract\103_left.jpg,0.0,True
1062_right.jpg,slit_lamp,dataset_01\cataract\1062_right.jpg,0.0,True
1083_left.jpg,slit_lamp,dataset_01\cataract\1083_left.jpg,0.0,True
1084_right.jpg,slit_lamp,dataset_01\cataract\1084_right.jpg,0.0,True
1102_left.jpg,slit_lamp,dataset_01\cataract\1102_left.jpg,0.0,True
1102_right.jpg,slit_lamp,dataset_01\cataract\1102_right.jpg,0.0,True
1115_left.jpg,slit_lamp,dataset_01\cataract\1115_left.jpg,14.53,True
1126_right.jpg,slit_lamp,dataset_01\cataract\1126_right.jpg,0.02,True
112_right.jpg,slit_lamp,dataset_01\cataract\112_right.jpg,0.0,True
1144_left.jpg,slit_lamp,dataset_01\cataract\1144_left.jpg,0.11,True
1144_right.jpg,slit_lamp,dataset_01\cataract\1144_right.jpg,0.02,True
1164_left.jpg,slit_lamp,dataset_01\cataract\1164_left.jpg,0.0,True
1167_right.jpg,slit_lamp,dataset_01\cataract\1167_right.jpg,0.0,True
119_left.jpg,slit_lamp,dataset_01\cataract\119_left.jpg,0.65,True
1285_left.jpg,slit_lamp,dataset_01\cataract\1285_left.jpg,0.55,True
1415_left.jpg,slit_lamp,dataset_01\cataract\1415_left.jpg,0.25,True
1415_right.jpg,slit_lamp,dataset_01\cataract\1415_right.jpg,0.12,True
1435_left.jpg,slit_lamp,dataset_01\cataract\1435_left.jpg,0.0,True
1444_left.jpg,slit_lamp,dataset_01\cataract\1444_left.jpg,0.0,True
1452_left.jpg,slit_lamp,dataset_01\cataract\1452_left.jpg,0.0,True
1454_right.jpg,slit_lamp,dataset_01\cataract\1454_right.jpg,0.0,True
1456_left.jpg,slit_lamp,dataset_01\cataract\1456_left.jpg,0.0,True
1460_right.jpg,slit_lamp,dataset_01\cataract\1460_right.jpg,0.0,True
1468_left.jpg,slit_lamp,dataset_01\cataract\1468_left.jpg,0.0,True
1483_right.jpg,slit_lamp,dataset_01\cataract\1483_right.jpg,0.0,True
1484_left.jpg,slit_lamp,dataset_01\cataract\1484_left.jpg,0.0,True
1484_right.jpg,slit_lamp,dataset_01\cataract\1484_right.jpg,0.0,True
1490_right.jpg,slit_lamp,dataset_01\cataract\1490_right.jpg,0.0,True
188_right.jpg,slit_lamp,dataset_01\cataract\188_right.jpg,0.0,True
1968_left.jpg,slit_lamp,dataset_01\cataract\1968_left.jpg,0.0,True
1987_left.jpg,slit_lamp,dataset_01\cataract\1987_left.jpg,0.0,True
1994_left.jpg,slit_lamp,dataset_01\cataract\1994_left.jpg,0.0,True
2052_left.jpg,slit_lamp,dataset_01\cataract\2052_left.jpg,0.0,True
2052_right.jpg,slit_lamp,dataset_01\cataract\2052_right.jpg,0.0,True
2074_right.jpg,slit_lamp,dataset_01\cataract\2074_right.jpg,0.0,True
2095_right.jpg,slit_lamp,dataset_01\cataract\2095_right.jpg,0.0,True
2096_right.jpg,slit_lamp,dataset_01\cataract\2096_right.jpg,0.0,True
2097_right.jpg,slit_lamp,dataset_01\cataract\2097_right.jpg,21.27,True
2098_left.jpg,slit_lamp,dataset_01\cataract\2098_left.jpg,7.63,True
2098_right.jpg,slit_lamp,dataset_01\cataract\2098_right.jpg,0.0,True
2099_left.jpg,slit_lamp,dataset_01\cataract\2099_left.jpg,0.03,True
2100_right.jpg,slit_lamp,dataset_01\cataract\2100_right.jpg,0.0,True
2101_left.jpg,slit_lamp,dataset_01\cataract\2101_left.jpg,0.0,True
2101_right.jpg,slit_lamp,dataset_01\cataract\2101_right.jpg,0.0,True
2103_left.jpg,slit_lamp,dataset_01\cataract\2103_left.jpg,0.0,True
2103_right.jpg,slit_lamp,dataset_01\cataract\2103_right.jpg,0.0,True
2104_left.jpg,slit_lamp,dataset_01\cataract\2104_left.jpg,0.0,True
2104_right.jpg,slit_lamp,dataset_01\cataract\2104_right.jpg,0.0,True
2105_left.jpg,slit_lamp,dataset_01\cataract\2105_left.jpg,0.0,True
2105_right.jpg,slit_lamp,dataset_01\cataract\2105_right.jpg,0.0,True
2106_right.jpg,slit_lamp,dataset_01\cataract\2106_right.jpg,0.01,True
2107_left.jpg,slit_lamp,dataset_01\cataract\2107_left.jpg,0.0,True
2108_left.jpg,slit_lamp,dataset_01\cataract\2108_left.jpg,0.0,True
2108_right.jpg,slit_lamp,dataset_01\cataract\2108_right.jpg,0.0,True
2109_left.jpg,slit_lamp,dataset_01\cataract\2109_left.jpg,0.0,True
2109_right.jpg,slit_lamp,dataset_01\cataract\2109_right.jpg,0.0,True
2110_left.jpg,slit_lamp,dataset_01\cataract\2110_left.jpg,0.0,True
2110_right.jpg,slit_lamp,dataset_01\cataract\2110_right.jpg,0.0,True
2111_left.jpg,slit_lamp,dataset_01\cataract\2111_left.jpg,0.0,True
2113_left.jpg,slit_lamp,dataset_01\cataract\2113_left.jpg,1.06,True
2113_right.jpg,slit_lamp,dataset_01\cataract\2113_right.jpg,0.0,True
2114_left.jpg,slit_lamp,dataset_01\cataract\2114_left.jpg,0.0,True
2114_right.jpg,slit_lamp,dataset_01\cataract\2114_right.jpg,0.02,True
2115_right.jpg,slit_lamp,dataset_01\cataract\2115_right.jpg,0.0,True
2116_left.jpg,slit_lamp,dataset_01\cataract\2116_left.jpg,0.0,True
2116_right.jpg,slit_lamp,dataset_01\cataract\2116_right.jpg,0.0,True
2117_left.jpg,slit_lamp,dataset_01\cataract\2117_left.jpg,0.0,True
2118_right.jpg,slit_lamp,dataset_01\cataract\2118_right.jpg,0.0,True
2119_right.jpg,slit_lamp,dataset_01\cataract\2119_right.jpg,0.0,True
2120_left.jpg,slit_lamp,dataset_01\cataract\2120_left.jpg,0.0,True
2120_right.jpg,slit_lamp,dataset_01\cataract\2120_right.jpg,0.0,True
2121_left.jpg,slit_lamp,dataset_01\cataract\2121_left.jpg,0.0,True
2122_left.jpg,slit_lamp,dataset_01\cataract\2122_left.jpg,0.02,True
2122_right.jpg,slit_lamp,dataset_01\cataract\2122_right.jpg,0.0,True
2123_left.jpg,slit_lamp,dataset_01\cataract\2123_left.jpg,0.04,True
2124_left.jpg,slit_lamp,dataset_01\cataract\2124_left.jpg,0.0,True
2125_left.jpg,slit_lamp,dataset_01\cataract\2125_left.jpg,0.0,True
2126_left.jpg,slit_lamp,dataset_01\cataract\2126_left.jpg,0.0,True
2126_right.jpg,slit_lamp,dataset_01\cataract\2126_right.jpg,0.0,True
2127_left.jpg,slit_lamp,dataset_01\cataract\2127_left.jpg,0.0,True
2127_right.jpg,slit_lamp,dataset_01\cataract\2127_right.jpg,0.0,True
2128_left.jpg,slit_lamp,dataset_01\cataract\2128_left.jpg,0.0,True
2128_right.jpg,slit_lamp,dataset_01\cataract\2128_right.jpg,0.0,True
2129_left.jpg,slit_lamp,dataset_01\cataract\2129_left.jpg,0.0,True
2129_right.jpg,slit_lamp,dataset_01\cataract\2129_right.jpg,0.0,True
2130_left.jpg,slit_lamp,dataset_01\cataract\2130_left.jpg,0.02,True
2130_right.jpg,slit_lamp,dataset_01\cataract\2130_right.jpg,0.0,True
2132_left.jpg,slit_lamp,dataset_01\cataract\2132_left.jpg,32.06,True
2133_left.jpg,slit_lamp,dataset_01\cataract\2133_left.jpg,0.95,True
2133_right.jpg,slit_lamp,dataset_01\cataract\2133_right.jpg,0.0,True
2134_left.jpg,slit_lamp,dataset_01\cataract\2134_left.jpg,0.0,True
2134_right.jpg,slit_lamp,dataset_01\cataract\2134_right.jpg,3.98,True
2135_left.jpg,slit_lamp,dataset_01\cataract\2135_left.jpg,4.2,True
2135_right.jpg,slit_lamp,dataset_01\cataract\2135_right.jpg,0.0,True
2136_left.jpg,slit_lamp,dataset_01\cataract\2136_left.jpg,0.0,True
2137_left.jpg,slit_lamp,dataset_01\cataract\2137_left.jpg,0.0,True
2137_right.jpg,slit_lamp,dataset_01\cataract\2137_right.jpg,0.0,True
2138_left.jpg,slit_lamp,dataset_01\cataract\2138_left.jpg,0.0,True
2138_right.jpg,slit_lamp,dataset_01\cataract\2138_right.jpg,0.0,True
2139_right.jpg,slit_lamp,dataset_01\cataract\2139_right.jpg,0.0,True
2140_left.jpg,slit_lamp,dataset_01\cataract\2140_left.jpg,0.0,True
2140_right.jpg,slit_lamp,dataset_01\cataract\2140_right.jpg,0.0,True
2141_right.jpg,slit_lamp,dataset_01\cataract\2141_right.jpg,0.0,True
2142_left.jpg,slit_lamp,dataset_01\cataract\2142_left.jpg,0.0,True
2142_right.jpg,slit_lamp,dataset_01\cataract\2142_right.jpg,0.0,True
2143_right.jpg,slit_lamp,dataset_01\cataract\2143_right.jpg,0.0,True
2144_left.jpg,slit_lamp,dataset_01\cataract\2144_left.jpg,0.0,True
2144_right.jpg,slit_lamp,dataset_01\cataract\2144_right.jpg,0.0,True
2145_left.jpg,slit_lamp,dataset_01\cataract\2145_left.jpg,0.0,True
2146_left.jpg,slit_lamp,dataset_01\cataract\2146_left.jpg,0.0,True
2146_right.jpg,slit_lamp,dataset_01\cataract\2146_right.jpg,1.33,True
2147_left.jpg,slit_lamp,dataset_01\cataract\2147_left.jpg,0.0,True
2149_right.jpg,slit_lamp,dataset_01\cataract\2149_right.jpg,0.0,True
2150_left.jpg,slit_lamp,dataset_01\cataract\2150_left.jpg,0.0,True
2150_right.jpg,slit_lamp,dataset_01\cataract\2150_right.jpg,0.0,True
2151_left.jpg,slit_lamp,dataset_01\cataract\2151_left.jpg,0.0,True
2151_right.jpg,slit_lamp,dataset_01\cataract\2151_right.jpg,0.84,True
2152_left.jpg,slit_lamp,dataset_01\cataract\2152_left.jpg,0.0,True
2153_left.jpg,slit_lamp,dataset_01\cataract\2153_left.jpg,0.0,True
2153_right.jpg,slit_lamp,dataset_01\cataract\2153_right.jpg,0.0,True
2154_left.jpg,slit_lamp,dataset_01\cataract\2154_left.jpg,0.0,True
2155_left.jpg,slit_lamp,dataset_01\cataract\2155_left.jpg,0.0,True
2155_right.jpg,slit_lamp,dataset_01\cataract\2155_right.jpg,0.0,True
2156_left.jpg,slit_lamp,dataset_01\cataract\2156_left.jpg,0.0,True
2157_left.jpg,slit_lamp,dataset_01\cataract\2157_left.jpg,0.0,True
2157_right.jpg,slit_lamp,dataset_01\cataract\2157_right.jpg,0.0,True
2158_left.jpg,slit_lamp,dataset_01\cataract\2158_left.jpg,0.45,True
2158_right.jpg,slit_lamp,dataset_01\cataract\2158_right.jpg,0.0,True
2159_left.jpg,slit_lamp,dataset_01\cataract\2159_left.jpg,0.0,True
2160_right.jpg,slit_lamp,dataset_01\cataract\2160_right.jpg,0.0,True
2161_right.jpg,slit_lamp,dataset_01\cataract\2161_right.jpg,0.0,True
2162_right.jpg,slit_lamp,dataset_01\cataract\2162_right.jpg,0.0,True
2163_left.jpg,slit_lamp,dataset_01\cataract\2163_left.jpg,0.0,True
2163_right.jpg,slit_lamp,dataset_01\cataract\2163_right.jpg,0.01,True
2164_left.jpg,slit_lamp,dataset_01\cataract\2164_left.jpg,0.0,True
2164_right.jpg,slit_lamp,dataset_01\cataract\2164_right.jpg,0.0,True
2165_right.jpg,slit_lamp,dataset_01\cataract\2165_right.jpg,0.0,True
2166_left.jpg,slit_lamp,dataset_01\cataract\2166_left.jpg,59.02,True
2167_left.jpg,slit_lamp,dataset_01\cataract\2167_left.jpg,0.7,True
2167_right.jpg,slit_lamp,dataset_01\cataract\2167_right.jpg,0.0,True
2168_left.jpg,slit_lamp,dataset_01\cataract\2168_left.jpg,56.17,True
2168_right.jpg,slit_lamp,dataset_01\cataract\2168_right.jpg,0.0,True
2169_left.jpg,slit_lamp,dataset_01\cataract\2169_left.jpg,0.0,True
2169_right.jpg,slit_lamp,dataset_01\cataract\2169_right.jpg,0.0,True
2170_left.jpg,slit_lamp,dataset_01\cataract\2170_left.jpg,0.0,True
2170_right.jpg,slit_lamp,dataset_01\cataract\2170_right.jpg,0.0,True
2171_left.jpg,slit_lamp,dataset_01\cataract\2171_left.jpg,24.36,True
2172_left.jpg,slit_lamp,dataset_01\cataract\2172_left.jpg,0.0,True
2173_right.jpg,slit_lamp,dataset_01\cataract\2173_right.jpg,0.0,True
2174_right.jpg,slit_lamp,dataset_01\cataract\2174_right.jpg,19.51,True
2175_left.jpg,slit_lamp,dataset_01\cataract\2175_left.jpg,20.62,True
2176_left.jpg,slit_lamp,dataset_01\cataract\2176_left.jpg,0.0,True
2176_right.jpg,slit_lamp,dataset_01\cataract\2176_right.jpg,0.0,True
2177_right.jpg,slit_lamp,dataset_01\cataract\2177_right.jpg,2.79,True
2178_left.jpg,slit_lamp,dataset_01\cataract\2178_left.jpg,0.0,True
2178_right.jpg,slit_lamp,dataset_01\cataract\2178_right.jpg,0.0,True
2179_left.jpg,slit_lamp,dataset_01\cataract\2179_left.jpg,0.87,True
2179_right.jpg,slit_lamp,dataset_01\cataract\2179_right.jpg,0.0,True
2180_left.jpg,slit_lamp,dataset_01\cataract\2180_left.jpg,1.22,True
2180_right.jpg,slit_lamp,dataset_01\cataract\2180_right.jpg,0.13,True
2181_left.jpg,slit_lamp,dataset_01\cataract\2181_left.jpg,15.62,True
2181_right.jpg,slit_lamp,dataset_01\cataract\2181_right.jpg,2.98,True
2182_left.jpg,slit_lamp,dataset_01\cataract\2182_left.jpg,11.07,True
2182_right.jpg,slit_lamp,dataset_01\cataract\2182_right.jpg,0.0,True
2183_left.jpg,slit_lamp,dataset_01\cataract\2183_left.jpg,0.0,True
2183_right.jpg,slit_lamp,dataset_01\cataract\2183_right.jpg,0.0,True
2184_left.jpg,slit_lamp,dataset_01\cataract\2184_left.jpg,0.0,True
2184_right.jpg,slit_lamp,dataset_01\cataract\2184_right.jpg,0.0,True
2185_left.jpg,slit_lamp,dataset_01\cataract\2185_left.jpg,0.0,True
2187_right.jpg,slit_lamp,dataset_01\cataract\2187_right.jpg,0.0,True
2189_left.jpg,slit_lamp,dataset_01\cataract\2189_left.jpg,0.0,True
2189_right.jpg,slit_lamp,dataset_01\cataract\2189_right.jpg,0.0,True
218_right.jpg,slit_lamp,dataset_01\cataract\218_right.jpg,0.0,True
2190_right.jpg,slit_lamp,dataset_01\cataract\2190_right.jpg,0.0,True
2191_right.jpg,slit_lamp,dataset_01\cataract\2191_right.jpg,0.0,True
2192_left.jpg,slit_lamp,dataset_01\cataract\2192_left.jpg,0.0,True
2192_right.jpg,slit_lamp,dataset_01\cataract\2192_right.jpg,0.0,True
2193_right.jpg,slit_lamp,dataset_01\cataract\2193_right.jpg,0.0,True
2194_left.jpg,slit_lamp,dataset_01\cataract\2194_left.jpg,0.07,True
2194_right.jpg,slit_lamp,dataset_01\cataract\2194_right.jpg,5.95,True
2195_left.jpg,slit_lamp,dataset_01\cataract\2195_left.jpg,0.0,True
2195_right.jpg,slit_lamp,dataset_01\cataract\2195_right.jpg,0.0,True
2196_right.jpg,slit_lamp,dataset_01\cataract\2196_right.jpg,0.0,True
2197_right.jpg,slit_lamp,dataset_01\cataract\2197_right.jpg,0.03,True
2198_left.jpg,slit_lamp,dataset_01\cataract\2198_left.jpg,0.0,True
2198_right.jpg,slit_lamp,dataset_01\cataract\2198_right.jpg,0.0,True
2199_left.jpg,slit_lamp,dataset_01\cataract\2199_left.jpg,0.0,True
2200_left.jpg,slit_lamp,dataset_01\cataract\2200_left.jpg,0.0,True
2201_right.jpg,slit_lamp,dataset_01\cataract\2201_right.jpg,0.0,True
2203_left.jpg,slit_lamp,dataset_01\cataract\2203_left.jpg,0.0,True
2203_right.jpg,slit_lamp,dataset_01\cataract\2203_right.jpg,0.0,True
2204_left.jpg,slit_lamp,dataset_01\cataract\2204_left.jpg,0.0,True
2205_right.jpg,slit_lamp,dataset_01\cataract\2205_right.jpg,0.0,True
2206_left.jpg,slit_lamp,dataset_01\cataract\2206_left.jpg,0.0,True
2206_right.jpg,slit_lamp,dataset_01\cataract\2206_right.jpg,0.38,True
2207_left.jpg,slit_lamp,dataset_01\cataract\2207_left.jpg,0.0,True
2207_right.jpg,slit_lamp,dataset_01\cataract\2207_right.jpg,0.0,True
2208_right.jpg,slit_lamp,dataset_01\cataract\2208_right.jpg,0.0,True
2209_left.jpg,slit_lamp,dataset_01\cataract\2209_left.jpg,0.0,True
2209_right.jpg,slit_lamp,dataset_01\cataract\2209_right.jpg,0.0,True
2210_left.jpg,slit_lamp,dataset_01\cataract\2210_left.jpg,0.0,True
2210_right.jpg,slit_lamp,dataset_01\cataract\2210_right.jpg,0.0,True
2211_left.jpg,slit_lamp,dataset_01\cataract\2211_left.jpg,0.0,True
2211_right.jpg,slit_lamp,dataset_01\cataract\2211_right.jpg,0.0,True
2212_left.jpg,slit_lamp,dataset_01\cataract\2212_left.jpg,0.0,True
2212_right.jpg,slit_lamp,dataset_01\cataract\2212_right.jpg,0.0,True
2213_left.jpg,slit_lamp,dataset_01\cataract\2213_left.jpg,0.0,True
2213_right.jpg,slit_lamp,dataset_01\cataract\2213_right.jpg,0.0,True
2215_left.jpg,slit_lamp,dataset_01\cataract\2215_left.jpg,0.0,True
2216_left.jpg,slit_lamp,dataset_01\cataract\2216_left.jpg,0.0,True
2216_right.jpg,slit_lamp,dataset_01\cataract\2216_right.jpg,0.0,True
2217_left.jpg,slit_lamp,dataset_01\cataract\2217_left.jpg,0.0,True
2217_right.jpg,slit_lamp,dataset_01\cataract\2217_right.jpg,0.0,True
2218_right.jpg,slit_lamp,dataset_01\cataract\2218_right.jpg,0.0,True
2219_left.jpg,slit_lamp,dataset_01\cataract\2219_left.jpg,0.0,True
2219_right.jpg,slit_lamp,dataset_01\cataract\2219_right.jpg,0.0,True
2220_right.jpg,slit_lamp,dataset_01\cataract\2220_right.jpg,0.0,True
2221_left.jpg,slit_lamp,dataset_01\cataract\2221_left.jpg,0.11,True
2221_right.jpg,slit_lamp,dataset_01\cataract\2221_right.jpg,0.0,True
2222_left.jpg,slit_lamp,dataset_01\cataract\2222_left.jpg,0.0,True
2223_left.jpg,slit_lamp,dataset_01\cataract\2223_left.jpg,0.0,True
2223_right.jpg,slit_lamp,dataset_01\cataract\2223_right.jpg,0.0,True
2225_left.jpg,slit_lamp,dataset_01\cataract\2225_left.jpg,0.0,True
2225_right.jpg,slit_lamp,dataset_01\cataract\2225_right.jpg,0.0,True
2226_left.jpg,slit_lamp,dataset_01\cataract\2226_left.jpg,0.0,True
2226_right.jpg,slit_lamp,dataset_01\cataract\2226_right.jpg,0.0,True
2227_left.jpg,slit_lamp,dataset_01\cataract\2227_left.jpg,0.0,True
2227_right.jpg,slit_lamp,dataset_01\cataract\2227_right.jpg,0.0,True
2228_right.jpg,slit_lamp,dataset_01\cataract\2228_right.jpg,0.0,True
2229_left.jpg,slit_lamp,dataset_01\cataract\2229_left.jpg,0.0,True
2231_right.jpg,slit_lamp,dataset_01\cataract\2231_right.jpg,0.0,True
2232_left.jpg,slit_lamp,dataset_01\cataract\2232_left.jpg,0.0,True
2232_right.jpg,slit_lamp,dataset_01\cataract\2232_right.jpg,0.0,True
2233_left.jpg,slit_lamp,dataset_01\cataract\2233_left.jpg,0.0,True
2233_right.jpg,slit_lamp,dataset_01\cataract\2233_right.jpg,0.0,True
2234_left.jpg,slit_lamp,dataset_01\cataract\2234_left.jpg,0.0,True
2234_right.jpg,slit_lamp,dataset_01\cataract\2234_right.jpg,0.0,True
2235_left.jpg,slit_lamp,dataset_01\cataract\2235_left.jpg,0.0,True
2236_left.jpg,slit_lamp,dataset_01\cataract\2236_left.jpg,0.0,True
2236_right.jpg,slit_lamp,dataset_01\cataract\2236_right.jpg,0.0,True
2237_right.jpg,slit_lamp,dataset_01\cataract\2237_right.jpg,0.0,True
2239_left.jpg,slit_lamp,dataset_01\cataract\2239_left.jpg,0.0,True
2239_right.jpg,slit_lamp,dataset_01\cataract\2239_right.jpg,0.0,True
2240_left.jpg,slit_lamp,dataset_01\cataract\2240_left.jpg,0.0,True
2240_right.jpg,slit_lamp,dataset_01\cataract\2240_right.jpg,0.0,True
2241_left.jpg,slit_lamp,dataset_01\cataract\2241_left.jpg,0.0,True
2242_left.jpg,slit_lamp,dataset_01\cataract\2242_left.jpg,0.0,True
2242_right.jpg,slit_lamp,dataset_01\cataract\2242_right.jpg,0.0,True
2243_left.jpg,slit_lamp,dataset_01\cataract\2243_left.jpg,0.0,True
2243_right.jpg,slit_lamp,dataset_01\cataract\2243_right.jpg,0.0,True
2244_right.jpg,slit_lamp,dataset_01\cataract\2244_right.jpg,0.05,True
2246_left.jpg,slit_lamp,dataset_01\cataract\2246_left.jpg,0.0,True
2246_right.jpg,slit_lamp,dataset_01\cataract\2246_right.jpg,0.0,True
2247_left.jpg,slit_lamp,dataset_01\cataract\2247_left.jpg,0.0,True
2247_right.jpg,slit_lamp,dataset_01\cataract\2247_right.jpg,0.0,True
2248_left.jpg,slit_lamp,dataset_01\cataract\2248_left.jpg,0.0,True
2248_right.jpg,slit_lamp,dataset_01\cataract\2248_right.jpg,0.0,True
2251_right.jpg,slit_lamp,dataset_01\cataract\2251_right.jpg,0.0,True
2262_left.jpg,slit_lamp,dataset_01\cataract\2262_left.jpg,0.31,True
2282_right.jpg,slit_lamp,dataset_01\cataract\2282_right.jpg,0.0,True
24_right.jpg,slit_lamp,dataset_01\cataract\24_right.jpg,0.0,True
254_left.jpg,slit_lamp,dataset_01\cataract\254_left.jpg,0.45,True
294_left.jpg,slit_lamp,dataset_01\cataract\294_left.jpg,0.04,True
330_left.jpg,slit_lamp,dataset_01\cataract\330_left.jpg,7.53,True
345_right.jpg,slit_lamp,dataset_01\cataract\345_right.jpg,0.0,True
354_right.jpg,slit_lamp,dataset_01\cataract\354_right.jpg,0.69,True
448_left.jpg,slit_lamp,dataset_01\cataract\448_left.jpg,0.0,True
465_left.jpg,slit_lamp,dataset_01\cataract\465_left.jpg,0.0,True
477_left.jpg,slit_lamp,dataset_01\cataract\477_left.jpg,0.0,True
477_right.jpg,slit_lamp,dataset_01\cataract\477_right.jpg,0.0,True
553_left.jpg,slit_lamp,dataset_01\cataract\553_left.jpg,0.0,True
553_right.jpg,slit_lamp,dataset_01\cataract\553_right.jpg,0.0,True
560_left.jpg,slit_lamp,dataset_01\cataract\560_left.jpg,0.0,True
560_right.jpg,slit_lamp,dataset_01\cataract\560_right.jpg,0.0,True
594_left.jpg,slit_lamp,dataset_01\cataract\594_left.jpg,0.0,True
611_left.jpg,slit_lamp,dataset_01\cataract\611_left.jpg,0.0,True
625_left.jpg,slit_lamp,dataset_01\cataract\625_left.jpg,0.0,True
625_right.jpg,slit_lamp,dataset_01\cataract\625_right.jpg,0.0,True
629_left.jpg,slit_lamp,dataset_01\cataract\629_left.jpg,0.0,True
691_left.jpg,slit_lamp,dataset_01\cataract\691_left.jpg,4.78,True
726_left.jpg,slit_lamp,dataset_01\cataract\726_left.jpg,0.0,True
726_right.jpg,slit_lamp,dataset_01\cataract\726_right.jpg,0.0,True
750_left.jpg,slit_lamp,dataset_01\cataract\750_left.jpg,0.08,True
769_right.jpg,slit_lamp,dataset_01\cataract\769_right.jpg,0.0,True
809_left.jpg,slit_lamp,dataset_01\cataract\809_left.jpg,0.0,True
81_left.jpg,slit_lamp,dataset_01\cataract\81_left.jpg,0.02,True
81_right.jpg,slit_lamp,dataset_01\cataract\81_right.jpg,4.61,True
820_left.jpg,slit_lamp,dataset_01\cataract\820_left.jpg,0.0,True
824_left.jpg,slit_lamp,dataset_01\cataract\824_left.jpg,27.98,True
874_left.jpg,slit_lamp,dataset_01\cataract\874_left.jpg,0.0,True
907_left.jpg,slit_lamp,dataset_01\cataract\907_left.jpg,0.0,True
949_right.jpg,slit_lamp,dataset_01\cataract\949_right.jpg,0.0,True
955_right.jpg,slit_lamp,dataset_01\cataract\955_right.jpg,0.0,True
970_left.jpg,slit_lamp,dataset_01\cataract\970_left.jpg,0.0,True
970_right.jpg,slit_lamp,dataset_01\cataract\970_right.jpg,0.0,True
999_left.jpg,slit_lamp,dataset_01\cataract\999_left.jpg,0.0,True
999_right.jpg,slit_lamp,dataset_01\cataract\999_right.jpg,0.0,True
cataract_001.png,slit_lamp,dataset_01\cataract\cataract_001.png,0.0,True
cataract_002.png,slit_lamp,dataset_01\cataract\cataract_002.png,0.0,True
cataract_003.png,slit_lamp,dataset_01\cataract\cataract_003.png,0.0,True
cataract_004.png,slit_lamp,dataset_01\cataract\cataract_004.png,0.0,True
cataract_005.png,slit_lamp,dataset_01\cataract\cataract_005.png,0.0,True
cataract_006.png,slit_lamp,dataset_01\cataract\cataract_006.png,0.0,True
cataract_007.png,slit_lamp,dataset_01\cataract\cataract_007.png,0.0,True
cataract_008.png,slit_lamp,dataset_01\cataract\cataract_008.png,0.0,True
cataract_009.png,slit_lamp,dataset_01\cataract\cataract_009.png,0.0,True
cataract_010.png,slit_lamp,dataset_01\cataract\cataract_010.png,0.0,True
cataract_011.png,slit_lamp,dataset_01\cataract\cataract_011.png,0.0,True
cataract_012.png,slit_lamp,dataset_01\cataract\cataract_012.png,0.0,True
cataract_013.png,slit_lamp,dataset_01\cataract\cataract_013.png,0.0,True
cataract_014.png,slit_lamp,dataset_01\cataract\cataract_014.png,0.0,True
cataract_015.png,slit_lamp,dataset_01\cataract\cataract_015.png,0.0,True
cataract_016.png,slit_lamp,dataset_01\cataract\cataract_016.png,0.0,True
cataract_017.png,slit_lamp,dataset_01\cataract\cataract_017.png,0.0,True
cataract_018.png,slit_lamp,dataset_01\cataract\cataract_018.png,0.0,True
cataract_019.png,slit_lamp,dataset_01\cataract\cataract_019.png,0.0,True
cataract_020.png,slit_lamp,dataset_01\cataract\cataract_020.png,0.0,True
cataract_021.png,slit_lamp,dataset_01\cataract\cataract_021.png,0.0,True
cataract_022.png,slit_lamp,dataset_01\cataract\cataract_022.png,0.0,True
cataract_023.png,slit_lamp,dataset_01\cataract\cataract_023.png,0.0,True
cataract_024.png,slit_lamp,dataset_01\cataract\cataract_024.png,0.0,True
cataract_025.png,slit_lamp,dataset_01\cataract\cataract_025.png,0.0,True
cataract_026.png,slit_lamp,dataset_01\cataract\cataract_026.png,0.0,True
cataract_027.png,slit_lamp,dataset_01\cataract\cataract_027.png,0.0,True
cataract_028.png,slit_lamp,dataset_01\cataract\cataract_028.png,0.0,True
cataract_029.png,slit_lamp,dataset_01\cataract\cataract_029.png,0.0,True
cataract_030.png,slit_lamp,dataset_01\cataract\cataract_030.png,0.0,True
cataract_031.png,slit_lamp,dataset_01\cataract\cataract_031.png,0.0,True
cataract_032.png,slit_lamp,dataset_01\cataract\cataract_032.png,0.0,True
cataract_033.png,slit_lamp,dataset_01\cataract\cataract_033.png,0.0,True
cataract_034.png,slit_lamp,dataset_01\cataract\cataract_034.png,0.0,True
cataract_035.png,slit_lamp,dataset_01\cataract\cataract_035.png,0.0,True
cataract_036.png,slit_lamp,dataset_01\cataract\cataract_036.png,0.0,True
cataract_037.png,slit_lamp,dataset_01\cataract\cataract_037.png,0.0,True
cataract_038.png,slit_lamp,dataset_01\cataract\cataract_038.png,0.0,True
cataract_039.png,slit_lamp,dataset_01\cataract\cataract_039.png,0.0,True
cataract_040.png,slit_lamp,dataset_01\cataract\cataract_040.png,0.0,True
cataract_041.png,slit_lamp,dataset_01\cataract\cataract_041.png,0.0,True
cataract_042.png,slit_lamp,dataset_01\cataract\cataract_042.png,0.0,True
cataract_043.png,slit_lamp,dataset_01\cataract\cataract_043.png,0.0,True
cataract_044.png,slit_lamp,dataset_01\cataract\cataract_044.png,0.0,True
cataract_045.png,slit_lamp,dataset_01\cataract\cataract_045.png,0.0,True
cataract_046.png,slit_lamp,dataset_01\cataract\cataract_046.png,0.0,True
cataract_047.png,slit_lamp,dataset_01\cataract\cataract_047.png,0.0,True
cataract_048.png,slit_lamp,dataset_01\cataract\cataract_048.png,0.0,True
cataract_049.png,slit_lamp,dataset_01\cataract\cataract_049.png,0.0,True
cataract_050.png,slit_lamp,dataset_01\cataract\cataract_050.png,0.0,True
cataract_051.png,slit_lamp,dataset_01\cataract\cataract_051.png,0.0,True
cataract_052.png,slit_lamp,dataset_01\cataract\cataract_052.png,0.0,True
cataract_053.png,slit_lamp,dataset_01\cataract\cataract_053.png,0.0,True
cataract_054.png,slit_lamp,dataset_01\cataract\cataract_054.png,0.0,True
cataract_055.png,slit_lamp,dataset_01\cataract\cataract_055.png,0.0,True
cataract_056.png,slit_lamp,dataset_01\cataract\cataract_056.png,0.0,True
cataract_057.png,slit_lamp,dataset_01\cataract\cataract_057.png,0.0,True
cataract_058.png,slit_lamp,dataset_01\cataract\cataract_058.png,0.0,True
cataract_059.png,slit_lamp,dataset_01\cataract\cataract_059.png,0.0,True
cataract_060.png,slit_lamp,dataset_01\cataract\cataract_060.png,0.0,True
cataract_061.png,slit_lamp,dataset_01\cataract\cataract_061.png,0.0,True
cataract_062.png,slit_lamp,dataset_01\cataract\cataract_062.png,0.0,True
cataract_063.png,slit_lamp,dataset_01\cataract\cataract_063.png,0.0,True
cataract_064.png,slit_lamp,dataset_01\cataract\cataract_064.png,0.0,True
cataract_065.png,slit_lamp,dataset_01\cataract\cataract_065.png,0.0,True
cataract_066.png,slit_lamp,dataset_01\cataract\cataract_066.png,0.0,True
cataract_067.png,slit_lamp,dataset_01\cataract\cataract_067.png,0.0,True
cataract_068.png,slit_lamp,dataset_01\cataract\cataract_068.png,0.0,True
cataract_069.png,slit_lamp,dataset_01\cataract\cataract_069.png,0.0,True
cataract_070.png,slit_lamp,dataset_01\cataract\cataract_070.png,0.0,True
cataract_071.png,slit_lamp,dataset_01\cataract\cataract_071.png,0.0,True
cataract_072.png,slit_lamp,dataset_01\cataract\cataract_072.png,0.0,True
cataract_073.png,slit_lamp,dataset_01\cataract\cataract_073.png,0.0,True
cataract_074.png,slit_lamp,dataset_01\cataract\cataract_074.png,0.0,True
cataract_075.png,slit_lamp,dataset_01\cataract\cataract_075.png,0.0,True
cataract_076.png,slit_lamp,dataset_01\cataract\cataract_076.png,0.0,True
cataract_077.png,slit_lamp,dataset_01\cataract\cataract_077.png,0.0,True
cataract_078.png,slit_lamp,dataset_01\cataract\cataract_078.png,0.0,True
cataract_079.png,slit_lamp,dataset_01\cataract\cataract_079.png,0.0,True
cataract_080.png,slit_lamp,dataset_01\cataract\cataract_080.png,0.0,True
cataract_081.png,slit_lamp,dataset_01\cataract\cataract_081.png,0.0,True
cataract_082.png,slit_lamp,dataset_01\cataract\cataract_082.png,0.0,True
cataract_083.png,slit_lamp,dataset_01\cataract\cataract_083.png,0.0,True
cataract_084.png,slit_lamp,dataset_01\cataract\cataract_084.png,0.0,True
cataract_085.png,slit_lamp,dataset_01\cataract\cataract_085.png,0.0,True
cataract_086.png,slit_lamp,dataset_01\cataract\cataract_086.png,0.0,True
cataract_087.png,slit_lamp,dataset_01\cataract\cataract_087.png,0.0,True
cataract_088.png,slit_lamp,dataset_01\cataract\cataract_088.png,0.0,True
cataract_089.png,slit_lamp,dataset_01\cataract\cataract_089.png,0.0,True
cataract_090.png,slit_lamp,dataset_01\cataract\cataract_090.png,0.0,True
cataract_091.png,slit_lamp,dataset_01\cataract\cataract_091.png,0.0,True
cataract_092.png,slit_lamp,dataset_01\cataract\cataract_092.png,0.0,True
cataract_093.png,slit_lamp,dataset_01\cataract\cataract_093.png,0.0,True
cataract_094.png,slit_lamp,dataset_01\cataract\cataract_094.png,0.0,True
cataract_095.png,slit_lamp,dataset_01\cataract\cataract_095.png,0.0,True
cataract_096.png,slit_lamp,dataset_01\cataract\cataract_096.png,0.0,True
cataract_097.png,slit_lamp,dataset_01\cataract\cataract_097.png,0.0,True
cataract_098.png,slit_lamp,dataset_01\cataract\cataract_098.png,0.0,True
cataract_099.png,slit_lamp,dataset_01\cataract\cataract_099.png,0.0,True
cataract_100.png,slit_lamp,dataset_01\cataract\cataract_100.png,0.0,True
_0_4015166.jpg,slit_lamp,dataset_01\cataract\_0_4015166.jpg,0.02,True
_100_334408.jpg,slit_lamp,dataset_01\cataract\_100_334408.jpg,3.16,True
_101_5139882.jpg,slit_lamp,dataset_01\cataract\_101_5139882.jpg,0.0,True
_101_709333.jpg,slit_lamp,dataset_01\cataract\_101_709333.jpg,0.0,True
_102_1024926.jpg,slit_lamp,dataset_01\cataract\_102_1024926.jpg,0.0,True
_102_3990401.jpg,slit_lamp,dataset_01\cataract\_102_3990401.jpg,0.0,True
_103_5897328.jpg,slit_lamp,dataset_01\cataract\_103_5897328.jpg,0.0,True
_104_4607170.jpg,slit_lamp,dataset_01\cataract\_104_4607170.jpg,0.0,True
_105_5646774.jpg,slit_lamp,dataset_01\cataract\_105_5646774.jpg,0.0,True
_105_5956883.jpg,slit_lamp,dataset_01\cataract\_105_5956883.jpg,0.0,True
_106_5284713.jpg,slit_lamp,dataset_01\cataract\_106_5284713.jpg,0.0,True
_107_5060742.jpg,slit_lamp,dataset_01\cataract\_107_5060742.jpg,0.0,True
_108_750835.jpg,slit_lamp,dataset_01\cataract\_108_750835.jpg,0.31,True
_108_8917257.jpg,slit_lamp,dataset_01\cataract\_108_8917257.jpg,0.32,True
_109_2006348.jpg,slit_lamp,dataset_01\cataract\_109_2006348.jpg,0.0,True
_109_2655056.jpg,slit_lamp,dataset_01\cataract\_109_2655056.jpg,0.0,True
_10_3215668.jpg,slit_lamp,dataset_01\cataract\_10_3215668.jpg,0.0,True
_110_5076150.jpg,slit_lamp,dataset_01\cataract\_110_5076150.jpg,0.0,True
_111_9826667.jpg,slit_lamp,dataset_01\cataract\_111_9826667.jpg,0.0,True
_112_3727502.jpg,slit_lamp,dataset_01\cataract\_112_3727502.jpg,0.0,True
_112_9621689.jpg,slit_lamp,dataset_01\cataract\_112_9621689.jpg,0.0,True
_113_1734230.jpg,slit_lamp,dataset_01\cataract\_113_1734230.jpg,0.0,True
_113_2699140.jpg,slit_lamp,dataset_01\cataract\_113_2699140.jpg,0.0,True
_114_3613830.jpg,slit_lamp,dataset_01\cataract\_114_3613830.jpg,0.0,True
_114_5711178.jpg,slit_lamp,dataset_01\cataract\_114_5711178.jpg,0.0,True
_114_9773152.jpg,slit_lamp,dataset_01\cataract\_114_9773152.jpg,0.0,True
_115_1763401.jpg,slit_lamp,dataset_01\cataract\_115_1763401.jpg,0.0,True
_115_6901151.jpg,slit_lamp,dataset_01\cataract\_115_6901151.jpg,0.0,True
_116_4683353.jpg,slit_lamp,dataset_01\cataract\_116_4683353.jpg,0.0,True
_117_6521529.jpg,slit_lamp,dataset_01\cataract\_117_6521529.jpg,0.0,True
_118_6296686.jpg,slit_lamp,dataset_01\cataract\_118_6296686.jpg,57.16,True
_119_6929742.jpg,slit_lamp,dataset_01\cataract\_119_6929742.jpg,0.4,True
_119_9887385.jpg,slit_lamp,dataset_01\cataract\_119_9887385.jpg,0.47,True
_11_7158929.jpg,slit_lamp,dataset_01\cataract\_11_7158929.jpg,0.0,True
_120_2375814.jpg,slit_lamp,dataset_01\cataract\_120_2375814.jpg,0.0,True
_120_3067914.jpg,slit_lamp,dataset_01\cataract\_120_3067914.jpg,0.0,True
_121_3847336.jpg,slit_lamp,dataset_01\cataract\_121_3847336.jpg,54.92,True
_121_5210506.jpg,slit_lamp,dataset_01\cataract\_121_5210506.jpg,55.11,True
_122_7237312.jpg,slit_lamp,dataset_01\cataract\_122_7237312.jpg,0.0,True
_123_8135331.jpg,slit_lamp,dataset_01\cataract\_123_8135331.jpg,0.0,True
_124_496149.jpg,slit_lamp,dataset_01\cataract\_124_496149.jpg,0.0,True
_125_6571967.jpg,slit_lamp,dataset_01\cataract\_125_6571967.jpg,0.0,True
_126_1745653.jpg,slit_lamp,dataset_01\cataract\_126_1745653.jpg,0.0,True
_126_4964568.jpg,slit_lamp,dataset_01\cataract\_126_4964568.jpg,0.0,True
_127_2102071.jpg,slit_lamp,dataset_01\cataract\_127_2102071.jpg,23.26,True
_128_4502689.jpg,slit_lamp,dataset_01\cataract\_128_4502689.jpg,0.0,True
_129_3024383.jpg,slit_lamp,dataset_01\cataract\_129_3024383.jpg,0.0,True
_129_5296959.jpg,slit_lamp,dataset_01\cataract\_129_5296959.jpg,0.0,True
_12_5233869.jpg,slit_lamp,dataset_01\cataract\_12_5233869.jpg,0.0,True
_130_3561448.jpg,slit_lamp,dataset_01\cataract\_130_3561448.jpg,1.72,True
_130_7837321.jpg,slit_lamp,dataset_01\cataract\_130_7837321.jpg,3.47,True
_131_7587386.jpg,slit_lamp,dataset_01\cataract\_131_7587386.jpg,19.6,True
_131_863673.jpg,slit_lamp,dataset_01\cataract\_131_863673.jpg,21.16,True
_132_7102134.jpg,slit_lamp,dataset_01\cataract\_132_7102134.jpg,0.0,True
_133_1300923.jpg,slit_lamp,dataset_01\cataract\_133_1300923.jpg,3.62,True
_134_4903477.jpg,slit_lamp,dataset_01\cataract\_134_4903477.jpg,0.0,True
_135_5639464.jpg,slit_lamp,dataset_01\cataract\_135_5639464.jpg,0.0,True
_135_7789155.jpg,slit_lamp,dataset_01\cataract\_135_7789155.jpg,0.0,True
_136_4030185.jpg,slit_lamp,dataset_01\cataract\_136_4030185.jpg,0.0,True
_137_7856304.jpg,slit_lamp,dataset_01\cataract\_137_7856304.jpg,0.0,True
_138_1949117.jpg,slit_lamp,dataset_01\cataract\_138_1949117.jpg,1.42,True
_139_583821.jpg,slit_lamp,dataset_01\cataract\_139_583821.jpg,0.12,True
_13_3987009.jpg,slit_lamp,dataset_01\cataract\_13_3987009.jpg,0.56,True
_140_1534199.jpg,slit_lamp,dataset_01\cataract\_140_1534199.jpg,1.29,True
_141_3457945.jpg,slit_lamp,dataset_01\cataract\_141_3457945.jpg,3.05,True
_141_9740629.jpg,slit_lamp,dataset_01\cataract\_141_9740629.jpg,2.36,True
_142_7918627.jpg,slit_lamp,dataset_01\cataract\_142_7918627.jpg,0.18,True
_143_1247400.jpg,slit_lamp,dataset_01\cataract\_143_1247400.jpg,0.0,True
_143_9392801.jpg,slit_lamp,dataset_01\cataract\_143_9392801.jpg,0.0,True
_144_4907178.jpg,slit_lamp,dataset_01\cataract\_144_4907178.jpg,0.0,True
_144_6424765.jpg,slit_lamp,dataset_01\cataract\_144_6424765.jpg,0.0,True
_144_7061237.jpg,slit_lamp,dataset_01\cataract\_144_7061237.jpg,0.0,True
_145_6931784.jpg,slit_lamp,dataset_01\cataract\_145_6931784.jpg,0.0,True
_146_4268935.jpg,slit_lamp,dataset_01\cataract\_146_4268935.jpg,0.0,True
_146_5945090.jpg,slit_lamp,dataset_01\cataract\_146_5945090.jpg,0.0,True
_147_3710804.jpg,slit_lamp,dataset_01\cataract\_147_3710804.jpg,0.0,True
_147_3796034.jpg,slit_lamp,dataset_01\cataract\_147_3796034.jpg,0.0,True
_148_6795884.jpg,slit_lamp,dataset_01\cataract\_148_6795884.jpg,0.0,True
_149_3115900.jpg,slit_lamp,dataset_01\cataract\_149_3115900.jpg,0.0,True
_149_9419457.jpg,slit_lamp,dataset_01\cataract\_149_9419457.jpg,0.0,True
_14_7805520.jpg,slit_lamp,dataset_01\cataract\_14_7805520.jpg,0.32,True
_150_2517277.jpg,slit_lamp,dataset_01\cataract\_150_2517277.jpg,0.0,True
_150_8876899.jpg,slit_lamp,dataset_01\cataract\_150_8876899.jpg,0.0,True
_151_4262050.jpg,slit_lamp,dataset_01\cataract\_151_4262050.jpg,0.0,True
_151_5293593.jpg,slit_lamp,dataset_01\cataract\_151_5293593.jpg,0.0,True
_152_8894820.jpg,slit_lamp,dataset_01\cataract\_152_8894820.jpg,0.0,True
_152_9176638.jpg,slit_lamp,dataset_01\cataract\_152_9176638.jpg,0.0,True
_153_5085382.jpg,slit_lamp,dataset_01\cataract\_153_5085382.jpg,0.0,True
_154_1054490.jpg,slit_lamp,dataset_01\cataract\_154_1054490.jpg,0.0,True
_154_6316287.jpg,slit_lamp,dataset_01\cataract\_154_6316287.jpg,0.0,True
_155_2004552.jpg,slit_lamp,dataset_01\cataract\_155_2004552.jpg,0.0,True
_156_6418009.jpg,slit_lamp,dataset_01\cataract\_156_6418009.jpg,0.0,True
_157_2679833.jpg,slit_lamp,dataset_01\cataract\_157_2679833.jpg,0.0,True
_157_8093661.jpg,slit_lamp,dataset_01\cataract\_157_8093661.jpg,0.0,True
_158_2964657.jpg,slit_lamp,dataset_01\cataract\_158_2964657.jpg,0.12,True
_158_6990173.jpg,slit_lamp,dataset_01\cataract\_158_6990173.jpg,0.14,True
_159_1399279.jpg,slit_lamp,dataset_01\cataract\_159_1399279.jpg,4.68,True
_159_5245707.jpg,slit_lamp,dataset_01\cataract\_159_5245707.jpg,4.59,True
_159_8564797.jpg,slit_lamp,dataset_01\cataract\_159_8564797.jpg,4.68,True
_15_7471583.jpg,slit_lamp,dataset_01\cataract\_15_7471583.jpg,0.25,True
_160_9941636.jpg,slit_lamp,dataset_01\cataract\_160_9941636.jpg,0.0,True
_160_9986895.jpg,slit_lamp,dataset_01\cataract\_160_9986895.jpg,0.0,True
_161_3798587.jpg,slit_lamp,dataset_01\cataract\_161_3798587.jpg,0.0,True
_162_3096677.jpg,slit_lamp,dataset_01\cataract\_162_3096677.jpg,0.0,True
_162_3770706.jpg,slit_lamp,dataset_01\cataract\_162_3770706.jpg,0.0,True
_163_2414975.jpg,slit_lamp,dataset_01\cataract\_163_2414975.jpg,0.05,True
_163_6585488.jpg,slit_lamp,dataset_01\cataract\_163_6585488.jpg,0.05,True
_163_6979961.jpg,slit_lamp,dataset_01\cataract\_163_6979961.jpg,0.08,True
_164_4857097.jpg,slit_lamp,dataset_01\cataract\_164_4857097.jpg,0.0,True
_165_8028203.jpg,slit_lamp,dataset_01\cataract\_165_8028203.jpg,0.0,True
_166_6232447.jpg,slit_lamp,dataset_01\cataract\_166_6232447.jpg,0.0,True
_166_7102152.jpg,slit_lamp,dataset_01\cataract\_166_7102152.jpg,0.0,True
_167_2873590.jpg,slit_lamp,dataset_01\cataract\_167_2873590.jpg,0.0,True
_168_2726147.jpg,slit_lamp,dataset_01\cataract\_168_2726147.jpg,0.0,True
_168_4661031.jpg,slit_lamp,dataset_01\cataract\_168_4661031.jpg,0.0,True
_169_5886938.jpg,slit_lamp,dataset_01\cataract\_169_5886938.jpg,0.0,True
_16_1907643.jpg,slit_lamp,dataset_01\cataract\_16_1907643.jpg,0.2,True
_16_8423210.jpg,slit_lamp,dataset_01\cataract\_16_8423210.jpg,0.15,True
_170_1001041.jpg,slit_lamp,dataset_01\cataract\_170_1001041.jpg,0.0,True
_170_4585047.jpg,slit_lamp,dataset_01\cataract\_170_4585047.jpg,0.0,True
_170_5458800.jpg,slit_lamp,dataset_01\cataract\_170_5458800.jpg,0.0,True
_171_4298450.jpg,slit_lamp,dataset_01\cataract\_171_4298450.jpg,0.0,True
_171_5903297.jpg,slit_lamp,dataset_01\cataract\_171_5903297.jpg,0.0,True
_172_1350351.jpg,slit_lamp,dataset_01\cataract\_172_1350351.jpg,0.0,True
_172_4553386.jpg,slit_lamp,dataset_01\cataract\_172_4553386.jpg,0.0,True
_172_5595526.jpg,slit_lamp,dataset_01\cataract\_172_5595526.jpg,0.0,True
_173_6477739.jpg,slit_lamp,dataset_01\cataract\_173_6477739.jpg,0.0,True
_173_9178799.jpg,slit_lamp,dataset_01\cataract\_173_9178799.jpg,0.0,True
_174_1289707.jpg,slit_lamp,dataset_01\cataract\_174_1289707.jpg,0.51,True
_174_2373322.jpg,slit_lamp,dataset_01\cataract\_174_2373322.jpg,0.37,True
_175_2515467.jpg,slit_lamp,dataset_01\cataract\_175_2515467.jpg,0.0,True
_175_4238344.jpg,slit_lamp,dataset_01\cataract\_175_4238344.jpg,0.0,True
_176_2398738.jpg,slit_lamp,dataset_01\cataract\_176_2398738.jpg,0.0,True
_176_4641501.jpg,slit_lamp,dataset_01\cataract\_176_4641501.jpg,0.0,True
_176_7840976.jpg,slit_lamp,dataset_01\cataract\_176_7840976.jpg,0.0,True
_177_2299576.jpg,slit_lamp,dataset_01\cataract\_177_2299576.jpg,0.0,True
_178_8645920.jpg,slit_lamp,dataset_01\cataract\_178_8645920.jpg,0.0,True
_179_3417628.jpg,slit_lamp,dataset_01\cataract\_179_3417628.jpg,0.0,True
_17_1497593.jpg,slit_lamp,dataset_01\cataract\_17_1497593.jpg,0.0,True
_17_6538881.jpg,slit_lamp,dataset_01\cataract\_17_6538881.jpg,0.0,True
_180_5849178.jpg,slit_lamp,dataset_01\cataract\_180_5849178.jpg,0.0,True
_180_8003252.jpg,slit_lamp,dataset_01\cataract\_180_8003252.jpg,0.0,True
_181_2009794.jpg,slit_lamp,dataset_01\cataract\_181_2009794.jpg,0.0,True
_181_5482893.jpg,slit_lamp,dataset_01\cataract\_181_5482893.jpg,0.0,True
_182_8895927.jpg,slit_lamp,dataset_01\cataract\_182_8895927.jpg,0.0,True
_182_9646286.jpg,slit_lamp,dataset_01\cataract\_182_9646286.jpg,0.0,True
_183_2695432.jpg,slit_lamp,dataset_01\cataract\_183_2695432.jpg,0.0,True
_183_2869065.jpg,slit_lamp,dataset_01\cataract\_183_2869065.jpg,0.0,True
_184_5733369.jpg,slit_lamp,dataset_01\cataract\_184_5733369.jpg,0.0,True
_184_5953446.jpg,slit_lamp,dataset_01\cataract\_184_5953446.jpg,0.0,True
_185_1841552.jpg,slit_lamp,dataset_01\cataract\_185_1841552.jpg,0.0,True
_185_7271854.jpg,slit_lamp,dataset_01\cataract\_185_7271854.jpg,0.0,True
_186_7038738.jpg,slit_lamp,dataset_01\cataract\_186_7038738.jpg,0.0,True
_187_1814280.jpg,slit_lamp,dataset_01\cataract\_187_1814280.jpg,0.0,True
_187_5549549.jpg,slit_lamp,dataset_01\cataract\_187_5549549.jpg,0.0,True
_188_5482423.jpg,slit_lamp,dataset_01\cataract\_188_5482423.jpg,0.0,True
_189_1773149.jpg,slit_lamp,dataset_01\cataract\_189_1773149.jpg,0.0,True
_189_5910645.jpg,slit_lamp,dataset_01\cataract\_189_5910645.jpg,0.0,True
_18_3816222.jpg,slit_lamp,dataset_01\cataract\_18_3816222.jpg,0.0,True
_18_952924.jpg,slit_lamp,dataset_01\cataract\_18_952924.jpg,0.0,True
_190_3033991.jpg,slit_lamp,dataset_01\cataract\_190_3033991.jpg,0.0,True
_190_7244239.jpg,slit_lamp,dataset_01\cataract\_190_7244239.jpg,0.0,True
_191_9356535.jpg,slit_lamp,dataset_01\cataract\_191_9356535.jpg,0.0,True
_192_7851600.jpg,slit_lamp,dataset_01\cataract\_192_7851600.jpg,0.0,True
_193_4841605.jpg,slit_lamp,dataset_01\cataract\_193_4841605.jpg,0.0,True
_193_6483689.jpg,slit_lamp,dataset_01\cataract\_193_6483689.jpg,0.0,True
_194_6438145.jpg,slit_lamp,dataset_01\cataract\_194_6438145.jpg,0.1,True
_195_1750450.jpg,slit_lamp,dataset_01\cataract\_195_1750450.jpg,0.0,True
_195_3247880.jpg,slit_lamp,dataset_01\cataract\_195_3247880.jpg,0.0,True
_196_4818116.jpg,slit_lamp,dataset_01\cataract\_196_4818116.jpg,0.0,True
_196_6946219.jpg,slit_lamp,dataset_01\cataract\_196_6946219.jpg,0.0,True
_197_2029104.jpg,slit_lamp,dataset_01\cataract\_197_2029104.jpg,0.0,True
_197_5321234.jpg,slit_lamp,dataset_01\cataract\_197_5321234.jpg,0.0,True
_198_3243264.jpg,slit_lamp,dataset_01\cataract\_198_3243264.jpg,0.0,True
_198_3804403.jpg,slit_lamp,dataset_01\cataract\_198_3804403.jpg,0.0,True
_198_6027510.jpg,slit_lamp,dataset_01\cataract\_198_6027510.jpg,0.0,True
_199_2279189.jpg,slit_lamp,dataset_01\cataract\_199_2279189.jpg,0.0,True
_19_9976222.jpg,slit_lamp,dataset_01\cataract\_19_9976222.jpg,0.0,True
_1_5346540.jpg,slit_lamp,dataset_01\cataract\_1_5346540.jpg,0.0,True
_1_7703314.jpg,slit_lamp,dataset_01\cataract\_1_7703314.jpg,0.0,True
_200_9649683.jpg,slit_lamp,dataset_01\cataract\_200_9649683.jpg,0.0,True
_201_2875079.jpg,slit_lamp,dataset_01\cataract\_201_2875079.jpg,0.0,True
_201_841062.jpg,slit_lamp,dataset_01\cataract\_201_841062.jpg,0.0,True
_202_4720633.jpg,slit_lamp,dataset_01\cataract\_202_4720633.jpg,0.0,True
_203_3825515.jpg,slit_lamp,dataset_01\cataract\_203_3825515.jpg,0.0,True
_203_6969732.jpg,slit_lamp,dataset_01\cataract\_203_6969732.jpg,0.0,True
_204_5979635.jpg,slit_lamp,dataset_01\cataract\_204_5979635.jpg,0.0,True
_204_6939524.jpg,slit_lamp,dataset_01\cataract\_204_6939524.jpg,0.0,True
_205_1775772.jpg,slit_lamp,dataset_01\cataract\_205_1775772.jpg,0.0,True
_206_4468888.jpg,slit_lamp,dataset_01\cataract\_206_4468888.jpg,0.0,True
_206_6210252.jpg,slit_lamp,dataset_01\cataract\_206_6210252.jpg,0.0,True
_207_6945490.jpg,slit_lamp,dataset_01\cataract\_207_6945490.jpg,0.0,True
_207_8213037.jpg,slit_lamp,dataset_01\cataract\_207_8213037.jpg,0.0,True
_208_168871.jpg,slit_lamp,dataset_01\cataract\_208_168871.jpg,0.0,True
_208_2337200.jpg,slit_lamp,dataset_01\cataract\_208_2337200.jpg,0.0,True
_209_2468249.jpg,slit_lamp,dataset_01\cataract\_209_2468249.jpg,0.0,True
_209_4208693.jpg,slit_lamp,dataset_01\cataract\_209_4208693.jpg,0.0,True
_20_6629557.jpg,slit_lamp,dataset_01\cataract\_20_6629557.jpg,0.0,True
_210_8722439.jpg,slit_lamp,dataset_01\cataract\_210_8722439.jpg,0.0,True
_211_3296609.jpg,slit_lamp,dataset_01\cataract\_211_3296609.jpg,0.0,True
_211_9288352.jpg,slit_lamp,dataset_01\cataract\_211_9288352.jpg,0.0,True
_212_7340392.jpg,slit_lamp,dataset_01\cataract\_212_7340392.jpg,0.0,True
_212_8423506.jpg,slit_lamp,dataset_01\cataract\_212_8423506.jpg,0.0,True
_213_1709362.jpg,slit_lamp,dataset_01\cataract\_213_1709362.jpg,0.0,True
_214_267241.jpg,slit_lamp,dataset_01\cataract\_214_267241.jpg,0.0,True
_214_5569507.jpg,slit_lamp,dataset_01\cataract\_214_5569507.jpg,0.0,True
_215_3764172.jpg,slit_lamp,dataset_01\cataract\_215_3764172.jpg,0.0,True
_216_7774590.jpg,slit_lamp,dataset_01\cataract\_216_7774590.jpg,0.0,True
_217_6662129.jpg,slit_lamp,dataset_01\cataract\_217_6662129.jpg,0.0,True
_217_8865645.jpg,slit_lamp,dataset_01\cataract\_217_8865645.jpg,0.0,True
_218_2512305.jpg,slit_lamp,dataset_01\cataract\_218_2512305.jpg,0.0,True
_218_687151.jpg,slit_lamp,dataset_01\cataract\_218_687151.jpg,0.01,True
_219_4968838.jpg,slit_lamp,dataset_01\cataract\_219_4968838.jpg,0.0,True
_21_4533748.jpg,slit_lamp,dataset_01\cataract\_21_4533748.jpg,0.0,True
_21_8755311.jpg,slit_lamp,dataset_01\cataract\_21_8755311.jpg,0.0,True
_220_2113285.jpg,slit_lamp,dataset_01\cataract\_220_2113285.jpg,0.0,True
_221_6907746.jpg,slit_lamp,dataset_01\cataract\_221_6907746.jpg,0.0,True
_221_9234991.jpg,slit_lamp,dataset_01\cataract\_221_9234991.jpg,0.0,True
_222_7343969.jpg,slit_lamp,dataset_01\cataract\_222_7343969.jpg,0.0,True
_223_4290439.jpg,slit_lamp,dataset_01\cataract\_223_4290439.jpg,0.0,True
_224_4070697.jpg,slit_lamp,dataset_01\cataract\_224_4070697.jpg,0.03,True
_224_4837152.jpg,slit_lamp,dataset_01\cataract\_224_4837152.jpg,0.02,True
_225_8520.jpg,slit_lamp,dataset_01\cataract\_225_8520.jpg,0.0,True
_226_4234312.jpg,slit_lamp,dataset_01\cataract\_226_4234312.jpg,0.0,True
_227_1163752.jpg,slit_lamp,dataset_01\cataract\_227_1163752.jpg,0.13,True
_227_498752.jpg,slit_lamp,dataset_01\cataract\_227_498752.jpg,0.14,True
_227_9889754.jpg,slit_lamp,dataset_01\cataract\_227_9889754.jpg,0.14,True
_228_2229739.jpg,slit_lamp,dataset_01\cataract\_228_2229739.jpg,0.01,True
_228_4231065.jpg,slit_lamp,dataset_01\cataract\_228_4231065.jpg,0.02,True
_229_5185520.jpg,slit_lamp,dataset_01\cataract\_229_5185520.jpg,0.01,True
_22_2368616.jpg,slit_lamp,dataset_01\cataract\_22_2368616.jpg,0.0,True
_22_9724179.jpg,slit_lamp,dataset_01\cataract\_22_9724179.jpg,0.0,True
_230_7976367.jpg,slit_lamp,dataset_01\cataract\_230_7976367.jpg,0.0,True
_230_9762004.jpg,slit_lamp,dataset_01\cataract\_230_9762004.jpg,0.0,True
_231_3245768.jpg,slit_lamp,dataset_01\cataract\_231_3245768.jpg,0.42,True
_232_6943070.jpg,slit_lamp,dataset_01\cataract\_232_6943070.jpg,0.0,True
_233_8101340.jpg,slit_lamp,dataset_01\cataract\_233_8101340.jpg,0.0,True
_233_9763374.jpg,slit_lamp,dataset_01\cataract\_233_9763374.jpg,0.0,True
_234_579953.jpg,slit_lamp,dataset_01\cataract\_234_579953.jpg,0.4,True
_235_2122461.jpg,slit_lamp,dataset_01\cataract\_235_2122461.jpg,6.49,True
_236_9551809.jpg,slit_lamp,dataset_01\cataract\_236_9551809.jpg,0.0,True
_237_8444315.jpg,slit_lamp,dataset_01\cataract\_237_8444315.jpg,0.44,True
_237_9130201.jpg,slit_lamp,dataset_01\cataract\_237_9130201.jpg,0.47,True
_238_358899.jpg,slit_lamp,dataset_01\cataract\_238_358899.jpg,0.0,True
_238_5389628.jpg,slit_lamp,dataset_01\cataract\_238_5389628.jpg,0.0,True
_238_9445598.jpg,slit_lamp,dataset_01\cataract\_238_9445598.jpg,0.0,True
_239_3022913.jpg,slit_lamp,dataset_01\cataract\_239_3022913.jpg,0.0,True
_23_4636959.jpg,slit_lamp,dataset_01\cataract\_23_4636959.jpg,0.0,True
_23_5187079.jpg,slit_lamp,dataset_01\cataract\_23_5187079.jpg,0.0,True
_23_9533792.jpg,slit_lamp,dataset_01\cataract\_23_9533792.jpg,0.0,True
_240_4981563.jpg,slit_lamp,dataset_01\cataract\_240_4981563.jpg,0.0,True
_241_6604562.jpg,slit_lamp,dataset_01\cataract\_241_6604562.jpg,0.0,True
_241_7236668.jpg,slit_lamp,dataset_01\cataract\_241_7236668.jpg,0.0,True
_242_3038184.jpg,slit_lamp,dataset_01\cataract\_242_3038184.jpg,0.0,True
_242_7073642.jpg,slit_lamp,dataset_01\cataract\_242_7073642.jpg,0.0,True
_243_1070648.jpg,slit_lamp,dataset_01\cataract\_243_1070648.jpg,0.0,True
_243_5311552.jpg,slit_lamp,dataset_01\cataract\_243_5311552.jpg,0.0,True
_244_3481752.jpg,slit_lamp,dataset_01\cataract\_244_3481752.jpg,0.01,True
_244_5451565.jpg,slit_lamp,dataset_01\cataract\_244_5451565.jpg,0.0,True
_245_498355.jpg,slit_lamp,dataset_01\cataract\_245_498355.jpg,4.35,True
_245_5686342.jpg,slit_lamp,dataset_01\cataract\_245_5686342.jpg,4.46,True
_245_789720.jpg,slit_lamp,dataset_01\cataract\_245_789720.jpg,4.38,True
_246_8777337.jpg,slit_lamp,dataset_01\cataract\_246_8777337.jpg,0.0,True
_247_7009710.jpg,slit_lamp,dataset_01\cataract\_247_7009710.jpg,0.0,True
_247_9509040.jpg,slit_lamp,dataset_01\cataract\_247_9509040.jpg,0.0,True
_248_3607543.jpg,slit_lamp,dataset_01\cataract\_248_3607543.jpg,0.4,True
_248_8765348.jpg,slit_lamp,dataset_01\cataract\_248_8765348.jpg,0.43,True
_249_4807123.jpg,slit_lamp,dataset_01\cataract\_249_4807123.jpg,0.0,True
_24_6096407.jpg,slit_lamp,dataset_01\cataract\_24_6096407.jpg,0.0,True
_24_8522038.jpg,slit_lamp,dataset_01\cataract\_24_8522038.jpg,0.0,True
_250_4727436.jpg,slit_lamp,dataset_01\cataract\_250_4727436.jpg,0.04,True
_251_1089143.jpg,slit_lamp,dataset_01\cataract\_251_1089143.jpg,2.76,True
_251_6299381.jpg,slit_lamp,dataset_01\cataract\_251_6299381.jpg,3.15,True
_252_4692803.jpg,slit_lamp,dataset_01\cataract\_252_4692803.jpg,0.0,True
_252_5300307.jpg,slit_lamp,dataset_01\cataract\_252_5300307.jpg,0.0,True
_253_1359558.jpg,slit_lamp,dataset_01\cataract\_253_1359558.jpg,26.92,True
_253_643151.jpg,slit_lamp,dataset_01\cataract\_253_643151.jpg,27.23,True
_254_1206508.jpg,slit_lamp,dataset_01\cataract\_254_1206508.jpg,0.01,True
_254_9630074.jpg,slit_lamp,dataset_01\cataract\_254_9630074.jpg,0.01,True
_255_7810419.jpg,slit_lamp,dataset_01\cataract\_255_7810419.jpg,0.0,True
_256_5928804.jpg,slit_lamp,dataset_01\cataract\_256_5928804.jpg,0.01,True
_257_8575584.jpg,slit_lamp,dataset_01\cataract\_257_8575584.jpg,0.0,True
_257_9976187.jpg,slit_lamp,dataset_01\cataract\_257_9976187.jpg,0.0,True
_258_1685319.jpg,slit_lamp,dataset_01\cataract\_258_1685319.jpg,0.0,True
_258_9144081.jpg,slit_lamp,dataset_01\cataract\_258_9144081.jpg,0.0,True
_259_2170334.jpg,slit_lamp,dataset_01\cataract\_259_2170334.jpg,0.0,True
_259_9554919.jpg,slit_lamp,dataset_01\cataract\_259_9554919.jpg,0.0,True
_25_4707227.jpg,slit_lamp,dataset_01\cataract\_25_4707227.jpg,0.0,True
_260_4628277.jpg,slit_lamp,dataset_01\cataract\_260_4628277.jpg,0.0,True
_261_1001819.jpg,slit_lamp,dataset_01\cataract\_261_1001819.jpg,0.0,True
_262_2214906.jpg,slit_lamp,dataset_01\cataract\_262_2214906.jpg,0.0,True
_262_7895370.jpg,slit_lamp,dataset_01\cataract\_262_7895370.jpg,0.0,True
_263_7022799.jpg,slit_lamp,dataset_01\cataract\_263_7022799.jpg,0.0,True
_263_9418780.jpg,slit_lamp,dataset_01\cataract\_263_9418780.jpg,0.0,True
_264_422425.jpg,slit_lamp,dataset_01\cataract\_264_422425.jpg,0.0,True
_264_4584815.jpg,slit_lamp,dataset_01\cataract\_264_4584815.jpg,0.0,True
_265_7470675.jpg,slit_lamp,dataset_01\cataract\_265_7470675.jpg,0.0,True
_266_5676850.jpg,slit_lamp,dataset_01\cataract\_266_5676850.jpg,0.0,True
_267_6890587.jpg,slit_lamp,dataset_01\cataract\_267_6890587.jpg,0.0,True
_267_7559168.jpg,slit_lamp,dataset_01\cataract\_267_7559168.jpg,0.0,True
_268_113112.jpg,slit_lamp,dataset_01\cataract\_268_113112.jpg,0.0,True
_268_8496846.jpg,slit_lamp,dataset_01\cataract\_268_8496846.jpg,0.0,True
_269_2821321.jpg,slit_lamp,dataset_01\cataract\_269_2821321.jpg,0.0,True
_269_5232883.jpg,slit_lamp,dataset_01\cataract\_269_5232883.jpg,0.0,True
_26_1879474.jpg,slit_lamp,dataset_01\cataract\_26_1879474.jpg,0.0,True
_26_2782553.jpg,slit_lamp,dataset_01\cataract\_26_2782553.jpg,0.0,True
_270_58393.jpg,slit_lamp,dataset_01\cataract\_270_58393.jpg,0.0,True
_270_651748.jpg,slit_lamp,dataset_01\cataract\_270_651748.jpg,0.0,True
_270_9344899.jpg,slit_lamp,dataset_01\cataract\_270_9344899.jpg,0.0,True
_271_8355519.jpg,slit_lamp,dataset_01\cataract\_271_8355519.jpg,0.0,True
_272_4578328.jpg,slit_lamp,dataset_01\cataract\_272_4578328.jpg,0.0,True
_272_7270483.jpg,slit_lamp,dataset_01\cataract\_272_7270483.jpg,0.0,True
_273_7267841.jpg,slit_lamp,dataset_01\cataract\_273_7267841.jpg,0.0,True
_273_9043733.jpg,slit_lamp,dataset_01\cataract\_273_9043733.jpg,0.0,True
_274_6913203.jpg,slit_lamp,dataset_01\cataract\_274_6913203.jpg,0.0,True
_274_8144937.jpg,slit_lamp,dataset_01\cataract\_274_8144937.jpg,0.0,True
_275_3439882.jpg,slit_lamp,dataset_01\cataract\_275_3439882.jpg,0.0,True
_276_1796806.jpg,slit_lamp,dataset_01\cataract\_276_1796806.jpg,0.0,True
_277_8311217.jpg,slit_lamp,dataset_01\cataract\_277_8311217.jpg,0.0,True
_277_9501088.jpg,slit_lamp,dataset_01\cataract\_277_9501088.jpg,0.0,True
_278_248700.jpg,slit_lamp,dataset_01\cataract\_278_248700.jpg,0.0,True
_278_8657701.jpg,slit_lamp,dataset_01\cataract\_278_8657701.jpg,0.0,True
_279_2310498.jpg,slit_lamp,dataset_01\cataract\_279_2310498.jpg,0.0,True
_279_4656331.jpg,slit_lamp,dataset_01\cataract\_279_4656331.jpg,0.0,True
_27_6695157.jpg,slit_lamp,dataset_01\cataract\_27_6695157.jpg,0.0,True
_280_4533213.jpg,slit_lamp,dataset_01\cataract\_280_4533213.jpg,0.08,True
_280_7714585.jpg,slit_lamp,dataset_01\cataract\_280_7714585.jpg,0.0,True
_281_5275221.jpg,slit_lamp,dataset_01\cataract\_281_5275221.jpg,0.0,True
_282_3209093.jpg,slit_lamp,dataset_01\cataract\_282_3209093.jpg,0.0,True
_282_3503490.jpg,slit_lamp,dataset_01\cataract\_282_3503490.jpg,0.0,True
_283_4908640.jpg,slit_lamp,dataset_01\cataract\_283_4908640.jpg,0.0,True
_283_6068531.jpg,slit_lamp,dataset_01\cataract\_283_6068531.jpg,0.0,True
_284_7380745.jpg,slit_lamp,dataset_01\cataract\_284_7380745.jpg,0.0,True
_285_4325184.jpg,slit_lamp,dataset_01\cataract\_285_4325184.jpg,0.0,True
_286_6140741.jpg,slit_lamp,dataset_01\cataract\_286_6140741.jpg,0.0,True
_287_401023.jpg,slit_lamp,dataset_01\cataract\_287_401023.jpg,0.0,True
_287_8846352.jpg,slit_lamp,dataset_01\cataract\_287_8846352.jpg,0.0,True
_288_8210584.jpg,slit_lamp,dataset_01\cataract\_288_8210584.jpg,0.0,True
_288_9182789.jpg,slit_lamp,dataset_01\cataract\_288_9182789.jpg,0.0,True
_289_683957.jpg,slit_lamp,dataset_01\cataract\_289_683957.jpg,0.0,True
_289_7475172.jpg,slit_lamp,dataset_01\cataract\_289_7475172.jpg,0.0,True
_28_8675632.jpg,slit_lamp,dataset_01\cataract\_28_8675632.jpg,0.0,True
_290_9207731.jpg,slit_lamp,dataset_01\cataract\_290_9207731.jpg,0.0,True
_291_9986876.jpg,slit_lamp,dataset_01\cataract\_291_9986876.jpg,0.0,True
_292_2084855.jpg,slit_lamp,dataset_01\cataract\_292_2084855.jpg,0.0,True
_292_4314144.jpg,slit_lamp,dataset_01\cataract\_292_4314144.jpg,0.0,True
_292_8455118.jpg,slit_lamp,dataset_01\cataract\_292_8455118.jpg,0.0,True
_293_1732996.jpg,slit_lamp,dataset_01\cataract\_293_1732996.jpg,0.0,True
_294_2444042.jpg,slit_lamp,dataset_01\cataract\_294_2444042.jpg,0.0,True
_294_4497450.jpg,slit_lamp,dataset_01\cataract\_294_4497450.jpg,0.0,True
_295_4841360.jpg,slit_lamp,dataset_01\cataract\_295_4841360.jpg,0.0,True
_295_558295.jpg,slit_lamp,dataset_01\cataract\_295_558295.jpg,0.0,True
_295_8218216.jpg,slit_lamp,dataset_01\cataract\_295_8218216.jpg,0.0,True
_296_3277370.jpg,slit_lamp,dataset_01\cataract\_296_3277370.jpg,0.0,True
_297_3925010.jpg,slit_lamp,dataset_01\cataract\_297_3925010.jpg,0.0,True
_298_5577948.jpg,slit_lamp,dataset_01\cataract\_298_5577948.jpg,0.0,True
_298_9693365.jpg,slit_lamp,dataset_01\cataract\_298_9693365.jpg,0.0,True
_299_8679417.jpg,slit_lamp,dataset_01\cataract\_299_8679417.jpg,0.0,True
_29_5190417.jpg,slit_lamp,dataset_01\cataract\_29_5190417.jpg,0.0,True
_2_1600849.jpg,slit_lamp,dataset_01\cataract\_2_1600849.jpg,0.0,True
_2_5883027.jpg,slit_lamp,dataset_01\cataract\_2_5883027.jpg,0.0,True
_2_8900343.jpg,slit_lamp,dataset_01\cataract\_2_8900343.jpg,0.0,True
_300_1946959.jpg,slit_lamp,dataset_01\cataract\_300_1946959.jpg,0.0,True
_301_5387162.jpg,slit_lamp,dataset_01\cataract\_301_5387162.jpg,0.0,True
_302_3915909.jpg,slit_lamp,dataset_01\cataract\_302_3915909.jpg,0.0,True
_302_822867.jpg,slit_lamp,dataset_01\cataract\_302_822867.jpg,0.0,True
_303_1474676.jpg,slit_lamp,dataset_01\cataract\_303_1474676.jpg,0.0,True
_304_4376168.jpg,slit_lamp,dataset_01\cataract\_304_4376168.jpg,0.0,True
_305_58584.jpg,slit_lamp,dataset_01\cataract\_305_58584.jpg,0.0,True
_305_9499345.jpg,slit_lamp,dataset_01\cataract\_305_9499345.jpg,0.0,True
_306_8888195.jpg,slit_lamp,dataset_01\cataract\_306_8888195.jpg,0.0,True
_307_2047689.jpg,slit_lamp,dataset_01\cataract\_307_2047689.jpg,0.0,True
_307_7425412.jpg,slit_lamp,dataset_01\cataract\_307_7425412.jpg,0.0,True
_308_4657236.jpg,slit_lamp,dataset_01\cataract\_308_4657236.jpg,0.0,True
_309_9754398.jpg,slit_lamp,dataset_01\cataract\_309_9754398.jpg,0.0,True
_30_4231084.jpg,slit_lamp,dataset_01\cataract\_30_4231084.jpg,0.0,True
_30_8983681.jpg,slit_lamp,dataset_01\cataract\_30_8983681.jpg,0.0,True
_310_7977481.jpg,slit_lamp,dataset_01\cataract\_310_7977481.jpg,0.0,True
_311_3993772.jpg,slit_lamp,dataset_01\cataract\_311_3993772.jpg,0.0,True
_311_4402042.jpg,slit_lamp,dataset_01\cataract\_311_4402042.jpg,0.0,True
_312_2543225.jpg,slit_lamp,dataset_01\cataract\_312_2543225.jpg,0.0,True
_312_2776118.jpg,slit_lamp,dataset_01\cataract\_312_2776118.jpg,0.0,True
_313_6548836.jpg,slit_lamp,dataset_01\cataract\_313_6548836.jpg,0.0,True
_314_3594023.jpg,slit_lamp,dataset_01\cataract\_314_3594023.jpg,0.0,True
_314_8133392.jpg,slit_lamp,dataset_01\cataract\_314_8133392.jpg,0.0,True
_314_8935717.jpg,slit_lamp,dataset_01\cataract\_314_8935717.jpg,0.0,True
_315_1312896.jpg,slit_lamp,dataset_01\cataract\_315_1312896.jpg,0.0,True
_315_3140714.jpg,slit_lamp,dataset_01\cataract\_315_3140714.jpg,0.0,True
_316_2112344.jpg,slit_lamp,dataset_01\cataract\_316_2112344.jpg,0.0,True
_317_4205093.jpg,slit_lamp,dataset_01\cataract\_317_4205093.jpg,0.0,True
_318_4106741.jpg,slit_lamp,dataset_01\cataract\_318_4106741.jpg,0.0,True
_319_3184825.jpg,slit_lamp,dataset_01\cataract\_319_3184825.jpg,0.0,True
_319_3822227.jpg,slit_lamp,dataset_01\cataract\_319_3822227.jpg,0.0,True
_31_5635423.jpg,slit_lamp,dataset_01\cataract\_31_5635423.jpg,0.0,True
_31_8523261.jpg,slit_lamp,dataset_01\cataract\_31_8523261.jpg,0.0,True
_320_6448598.jpg,slit_lamp,dataset_01\cataract\_320_6448598.jpg,0.0,True
_321_2144914.jpg,slit_lamp,dataset_01\cataract\_321_2144914.jpg,0.0,True
_321_6270889.jpg,slit_lamp,dataset_01\cataract\_321_6270889.jpg,0.0,True
_322_2685252.jpg,slit_lamp,dataset_01\cataract\_322_2685252.jpg,0.0,True
_323_1448180.jpg,slit_lamp,dataset_01\cataract\_323_1448180.jpg,0.0,True
_323_2492245.jpg,slit_lamp,dataset_01\cataract\_323_2492245.jpg,0.0,True
_324_9920354.jpg,slit_lamp,dataset_01\cataract\_324_9920354.jpg,0.0,True
_325_168910.jpg,slit_lamp,dataset_01\cataract\_325_168910.jpg,0.0,True
_326_1274700.jpg,slit_lamp,dataset_01\cataract\_326_1274700.jpg,0.0,True
_326_3620282.jpg,slit_lamp,dataset_01\cataract\_326_3620282.jpg,0.0,True
_326_3940502.jpg,slit_lamp,dataset_01\cataract\_326_3940502.jpg,0.0,True
_327_3715152.jpg,slit_lamp,dataset_01\cataract\_327_3715152.jpg,0.0,True
_328_3269333.jpg,slit_lamp,dataset_01\cataract\_328_3269333.jpg,0.0,True
_329_4545620.jpg,slit_lamp,dataset_01\cataract\_329_4545620.jpg,0.0,True
_329_5467190.jpg,slit_lamp,dataset_01\cataract\_329_5467190.jpg,0.0,True
_32_9062172.jpg,slit_lamp,dataset_01\cataract\_32_9062172.jpg,0.0,True
_32_9153320.jpg,slit_lamp,dataset_01\cataract\_32_9153320.jpg,0.0,True
_330_5478095.jpg,slit_lamp,dataset_01\cataract\_330_5478095.jpg,0.0,True
_330_7361630.jpg,slit_lamp,dataset_01\cataract\_330_7361630.jpg,0.0,True
_331_2978484.jpg,slit_lamp,dataset_01\cataract\_331_2978484.jpg,0.0,True
_332_5964742.jpg,slit_lamp,dataset_01\cataract\_332_5964742.jpg,0.0,True
_332_7698256.jpg,slit_lamp,dataset_01\cataract\_332_7698256.jpg,0.0,True
_332_9730811.jpg,slit_lamp,dataset_01\cataract\_332_9730811.jpg,0.0,True
_333_2805221.jpg,slit_lamp,dataset_01\cataract\_333_2805221.jpg,0.0,True
_333_4052700.jpg,slit_lamp,dataset_01\cataract\_333_4052700.jpg,0.0,True
_334_1360238.jpg,slit_lamp,dataset_01\cataract\_334_1360238.jpg,0.0,True
_334_6427863.jpg,slit_lamp,dataset_01\cataract\_334_6427863.jpg,0.0,True
_335_2109396.jpg,slit_lamp,dataset_01\cataract\_335_2109396.jpg,0.0,True
_335_9176239.jpg,slit_lamp,dataset_01\cataract\_335_9176239.jpg,0.0,True
_336_8535989.jpg,slit_lamp,dataset_01\cataract\_336_8535989.jpg,0.0,True
_337_6800255.jpg,slit_lamp,dataset_01\cataract\_337_6800255.jpg,0.0,True
_338_6734383.jpg,slit_lamp,dataset_01\cataract\_338_6734383.jpg,0.0,True
_339_9106724.jpg,slit_lamp,dataset_01\cataract\_339_9106724.jpg,0.0,True
_33_692344.jpg,slit_lamp,dataset_01\cataract\_33_692344.jpg,0.0,True
_340_3239094.jpg,slit_lamp,dataset_01\cataract\_340_3239094.jpg,0.0,True
_341_8692985.jpg,slit_lamp,dataset_01\cataract\_341_8692985.jpg,0.0,True
_342_2775386.jpg,slit_lamp,dataset_01\cataract\_342_2775386.jpg,0.0,True
_343_2631213.jpg,slit_lamp,dataset_01\cataract\_343_2631213.jpg,0.0,True
_344_5181730.jpg,slit_lamp,dataset_01\cataract\_344_5181730.jpg,0.0,True
_345_2495680.jpg,slit_lamp,dataset_01\cataract\_345_2495680.jpg,0.0,True
_345_8957256.jpg,slit_lamp,dataset_01\cataract\_345_8957256.jpg,0.0,True
_346_6209704.jpg,slit_lamp,dataset_01\cataract\_346_6209704.jpg,0.0,True
_347_6987666.jpg,slit_lamp,dataset_01\cataract\_347_6987666.jpg,0.0,True
_347_7413999.jpg,slit_lamp,dataset_01\cataract\_347_7413999.jpg,0.0,True
_348_8120738.jpg,slit_lamp,dataset_01\cataract\_348_8120738.jpg,0.0,True
_349_2751142.jpg,slit_lamp,dataset_01\cataract\_349_2751142.jpg,0.0,True
_349_4292233.jpg,slit_lamp,dataset_01\cataract\_349_4292233.jpg,0.0,True
_34_2026427.jpg,slit_lamp,dataset_01\cataract\_34_2026427.jpg,1.35,True
_34_2290989.jpg,slit_lamp,dataset_01\cataract\_34_2290989.jpg,1.35,True
_350_1666948.jpg,slit_lamp,dataset_01\cataract\_350_1666948.jpg,0.0,True
_350_7541734.jpg,slit_lamp,dataset_01\cataract\_350_7541734.jpg,0.0,True
_351_5778657.jpg,slit_lamp,dataset_01\cataract\_351_5778657.jpg,0.0,True
_351_7651498.jpg,slit_lamp,dataset_01\cataract\_351_7651498.jpg,0.0,True
_352_2938767.jpg,slit_lamp,dataset_01\cataract\_352_2938767.jpg,0.0,True
_352_5217565.jpg,slit_lamp,dataset_01\cataract\_352_5217565.jpg,0.0,True
_353_3624065.jpg,slit_lamp,dataset_01\cataract\_353_3624065.jpg,0.0,True
_353_8002933.jpg,slit_lamp,dataset_01\cataract\_353_8002933.jpg,0.0,True
_354_5293531.jpg,slit_lamp,dataset_01\cataract\_354_5293531.jpg,0.0,True
_355_6490108.jpg,slit_lamp,dataset_01\cataract\_355_6490108.jpg,0.0,True
_356_7744260.jpg,slit_lamp,dataset_01\cataract\_356_7744260.jpg,0.0,True
_356_8261086.jpg,slit_lamp,dataset_01\cataract\_356_8261086.jpg,0.0,True
_357_8304812.jpg,slit_lamp,dataset_01\cataract\_357_8304812.jpg,0.0,True
_358_1004212.jpg,slit_lamp,dataset_01\cataract\_358_1004212.jpg,0.0,True
_358_2608507.jpg,slit_lamp,dataset_01\cataract\_358_2608507.jpg,0.0,True
_359_2555267.jpg,slit_lamp,dataset_01\cataract\_359_2555267.jpg,0.0,True
_359_6265965.jpg,slit_lamp,dataset_01\cataract\_359_6265965.jpg,0.0,True
_35_3480407.jpg,slit_lamp,dataset_01\cataract\_35_3480407.jpg,0.0,True
_360_3983039.jpg,slit_lamp,dataset_01\cataract\_360_3983039.jpg,0.0,True
_361_2261122.jpg,slit_lamp,dataset_01\cataract\_361_2261122.jpg,0.0,True
_361_423366.jpg,slit_lamp,dataset_01\cataract\_361_423366.jpg,0.0,True
_362_4801225.jpg,slit_lamp,dataset_01\cataract\_362_4801225.jpg,0.0,True
_362_9739218.jpg,slit_lamp,dataset_01\cataract\_362_9739218.jpg,0.0,True
_363_2736933.jpg,slit_lamp,dataset_01\cataract\_363_2736933.jpg,0.0,True
_363_7332544.jpg,slit_lamp,dataset_01\cataract\_363_7332544.jpg,0.0,True
_364_9397731.jpg,slit_lamp,dataset_01\cataract\_364_9397731.jpg,0.0,True
_365_6266228.jpg,slit_lamp,dataset_01\cataract\_365_6266228.jpg,0.0,True
_365_8356754.jpg,slit_lamp,dataset_01\cataract\_365_8356754.jpg,0.0,True
_366_1717014.jpg,slit_lamp,dataset_01\cataract\_366_1717014.jpg,0.06,True
_366_983964.jpg,slit_lamp,dataset_01\cataract\_366_983964.jpg,0.07,True
_367_2864412.jpg,slit_lamp,dataset_01\cataract\_367_2864412.jpg,3.81,True
_367_9940827.jpg,slit_lamp,dataset_01\cataract\_367_9940827.jpg,3.74,True
_368_3722136.jpg,slit_lamp,dataset_01\cataract\_368_3722136.jpg,0.03,True
_368_8153741.jpg,slit_lamp,dataset_01\cataract\_368_8153741.jpg,0.03,True
_369_7001529.jpg,slit_lamp,dataset_01\cataract\_369_7001529.jpg,0.0,True
_36_1799809.jpg,slit_lamp,dataset_01\cataract\_36_1799809.jpg,20.87,True
_36_5599796.jpg,slit_lamp,dataset_01\cataract\_36_5599796.jpg,21.08,True
_370_1424453.jpg,slit_lamp,dataset_01\cataract\_370_1424453.jpg,0.0,True
_370_5205357.jpg,slit_lamp,dataset_01\cataract\_370_5205357.jpg,0.0,True
_371_8717830.jpg,slit_lamp,dataset_01\cataract\_371_8717830.jpg,0.0,True
_372_5630593.jpg,slit_lamp,dataset_01\cataract\_372_5630593.jpg,0.0,True
_373_4029422.jpg,slit_lamp,dataset_01\cataract\_373_4029422.jpg,0.0,True
_374_3493833.jpg,slit_lamp,dataset_01\cataract\_374_3493833.jpg,0.0,True
_374_8613138.jpg,slit_lamp,dataset_01\cataract\_374_8613138.jpg,0.0,True
_375_8898265.jpg,slit_lamp,dataset_01\cataract\_375_8898265.jpg,0.0,True
_375_9227285.jpg,slit_lamp,dataset_01\cataract\_375_9227285.jpg,0.0,True
_376_9321900.jpg,slit_lamp,dataset_01\cataract\_376_9321900.jpg,0.0,True
_377_1993330.jpg,slit_lamp,dataset_01\cataract\_377_1993330.jpg,0.02,True
_378_2183024.jpg,slit_lamp,dataset_01\cataract\_378_2183024.jpg,0.11,True
_378_7653956.jpg,slit_lamp,dataset_01\cataract\_378_7653956.jpg,0.14,True
_379_3919297.jpg,slit_lamp,dataset_01\cataract\_379_3919297.jpg,0.0,True
_379_8385603.jpg,slit_lamp,dataset_01\cataract\_379_8385603.jpg,0.0,True
_37_7526265.jpg,slit_lamp,dataset_01\cataract\_37_7526265.jpg,7.46,True
_37_8896673.jpg,slit_lamp,dataset_01\cataract\_37_8896673.jpg,7.67,True
_380_7004130.jpg,slit_lamp,dataset_01\cataract\_380_7004130.jpg,0.0,True
_380_8765246.jpg,slit_lamp,dataset_01\cataract\_380_8765246.jpg,0.0,True
_381_5407671.jpg,slit_lamp,dataset_01\cataract\_381_5407671.jpg,0.0,True
_381_6039460.jpg,slit_lamp,dataset_01\cataract\_381_6039460.jpg,0.0,True
_382_1061054.jpg,slit_lamp,dataset_01\cataract\_382_1061054.jpg,4.09,True
_383_4165819.jpg,slit_lamp,dataset_01\cataract\_383_4165819.jpg,0.0,True
_384_4668888.jpg,slit_lamp,dataset_01\cataract\_384_4668888.jpg,0.0,True
_385_4113427.jpg,slit_lamp,dataset_01\cataract\_385_4113427.jpg,0.0,True
_386_4269538.jpg,slit_lamp,dataset_01\cataract\_386_4269538.jpg,0.0,True
_387_449073.jpg,slit_lamp,dataset_01\cataract\_387_449073.jpg,0.0,True
_388_2242538.jpg,slit_lamp,dataset_01\cataract\_388_2242538.jpg,0.0,True
_389_2605189.jpg,slit_lamp,dataset_01\cataract\_389_2605189.jpg,0.0,True
_38_5463921.jpg,slit_lamp,dataset_01\cataract\_38_5463921.jpg,0.0,True
_390_1354382.jpg,slit_lamp,dataset_01\cataract\_390_1354382.jpg,0.0,True
_390_5561281.jpg,slit_lamp,dataset_01\cataract\_390_5561281.jpg,0.0,True
_391_2115124.jpg,slit_lamp,dataset_01\cataract\_391_2115124.jpg,0.0,True
_391_3026815.jpg,slit_lamp,dataset_01\cataract\_391_3026815.jpg,0.0,True
_392_3084035.jpg,slit_lamp,dataset_01\cataract\_392_3084035.jpg,0.0,True
_392_7918570.jpg,slit_lamp,dataset_01\cataract\_392_7918570.jpg,0.0,True
_393_746807.jpg,slit_lamp,dataset_01\cataract\_393_746807.jpg,0.0,True
_394_1321417.jpg,slit_lamp,dataset_01\cataract\_394_1321417.jpg,0.0,True
_394_4972049.jpg,slit_lamp,dataset_01\cataract\_394_4972049.jpg,0.0,True
_395_8303850.jpg,slit_lamp,dataset_01\cataract\_395_8303850.jpg,0.0,True
_396_4783302.jpg,slit_lamp,dataset_01\cataract\_396_4783302.jpg,0.0,True
_396_6097231.jpg,slit_lamp,dataset_01\cataract\_396_6097231.jpg,0.0,True
_397_8948757.jpg,slit_lamp,dataset_01\cataract\_397_8948757.jpg,0.0,True
_398_329081.jpg,slit_lamp,dataset_01\cataract\_398_329081.jpg,0.0,True
_398_8365643.jpg,slit_lamp,dataset_01\cataract\_398_8365643.jpg,0.0,True
_399_6667595.jpg,slit_lamp,dataset_01\cataract\_399_6667595.jpg,0.0,True
_39_9762209.jpg,slit_lamp,dataset_01\cataract\_39_9762209.jpg,0.03,True
_39_9936846.jpg,slit_lamp,dataset_01\cataract\_39_9936846.jpg,0.05,True
_3_4674992.jpg,slit_lamp,dataset_01\cataract\_3_4674992.jpg,0.0,True
_400_7591244.jpg,slit_lamp,dataset_01\cataract\_400_7591244.jpg,0.0,True
_400_7969437.jpg,slit_lamp,dataset_01\cataract\_400_7969437.jpg,0.0,True
_40_3866061.jpg,slit_lamp,dataset_01\cataract\_40_3866061.jpg,0.0,True
_40_4103987.jpg,slit_lamp,dataset_01\cataract\_40_4103987.jpg,0.0,True
_41_6704276.jpg,slit_lamp,dataset_01\cataract\_41_6704276.jpg,0.0,True
_41_7645755.jpg,slit_lamp,dataset_01\cataract\_41_7645755.jpg,0.0,True
_42_7486921.jpg,slit_lamp,dataset_01\cataract\_42_7486921.jpg,0.0,True
_42_9949990.jpg,slit_lamp,dataset_01\cataract\_42_9949990.jpg,0.0,True
_43_5838123.jpg,slit_lamp,dataset_01\cataract\_43_5838123.jpg,0.0,True
_44_6970984.jpg,slit_lamp,dataset_01\cataract\_44_6970984.jpg,0.0,True
_44_8713938.jpg,slit_lamp,dataset_01\cataract\_44_8713938.jpg,0.0,True
_45_6457682.jpg,slit_lamp,dataset_01\cataract\_45_6457682.jpg,0.0,True
_46_4314985.jpg,slit_lamp,dataset_01\cataract\_46_4314985.jpg,0.0,True
_46_7308563.jpg,slit_lamp,dataset_01\cataract\_46_7308563.jpg,0.0,True
_47_4608506.jpg,slit_lamp,dataset_01\cataract\_47_4608506.jpg,0.0,True
_48_1110786.jpg,slit_lamp,dataset_01\cataract\_48_1110786.jpg,0.0,True
_48_7953833.jpg,slit_lamp,dataset_01\cataract\_48_7953833.jpg,0.0,True
_49_1539697.jpg,slit_lamp,dataset_01\cataract\_49_1539697.jpg,0.01,True
_49_2405371.jpg,slit_lamp,dataset_01\cataract\_49_2405371.jpg,0.01,True
_49_7277741.jpg,slit_lamp,dataset_01\cataract\_49_7277741.jpg,0.0,True
_4_1244424.jpg,slit_lamp,dataset_01\cataract\_4_1244424.jpg,0.0,True
_4_7491150.jpg,slit_lamp,dataset_01\cataract\_4_7491150.jpg,0.0,True
_50_1920746.jpg,slit_lamp,dataset_01\cataract\_50_1920746.jpg,0.04,True
_50_3163122.jpg,slit_lamp,dataset_01\cataract\_50_3163122.jpg,0.01,True
_51_7561724.jpg,slit_lamp,dataset_01\cataract\_51_7561724.jpg,0.01,True
_52_3704655.jpg,slit_lamp,dataset_01\cataract\_52_3704655.jpg,0.0,True
_52_7569766.jpg,slit_lamp,dataset_01\cataract\_52_7569766.jpg,0.0,True
_53_8912600.jpg,slit_lamp,dataset_01\cataract\_53_8912600.jpg,0.0,True
_54_2420057.jpg,slit_lamp,dataset_01\cataract\_54_2420057.jpg,0.0,True
_54_6540326.jpg,slit_lamp,dataset_01\cataract\_54_6540326.jpg,0.0,True
_55_8463221.jpg,slit_lamp,dataset_01\cataract\_55_8463221.jpg,0.0,True
_56_3359017.jpg,slit_lamp,dataset_01\cataract\_56_3359017.jpg,1.04,True
_57_3959793.jpg,slit_lamp,dataset_01\cataract\_57_3959793.jpg,0.0,True
_57_8463167.jpg,slit_lamp,dataset_01\cataract\_57_8463167.jpg,0.0,True
_58_7683562.jpg,slit_lamp,dataset_01\cataract\_58_7683562.jpg,0.02,True
_59_2574195.jpg,slit_lamp,dataset_01\cataract\_59_2574195.jpg,0.0,True
_59_8958387.jpg,slit_lamp,dataset_01\cataract\_59_8958387.jpg,0.0,True
_5_9005506.jpg,slit_lamp,dataset_01\cataract\_5_9005506.jpg,0.0,True
_60_2561089.jpg,slit_lamp,dataset_01\cataract\_60_2561089.jpg,0.0,True
_60_7070159.jpg,slit_lamp,dataset_01\cataract\_60_7070159.jpg,0.0,True
_61_2475173.jpg,slit_lamp,dataset_01\cataract\_61_2475173.jpg,0.0,True
_61_3633947.jpg,slit_lamp,dataset_01\cataract\_61_3633947.jpg,0.0,True
_62_4386293.jpg,slit_lamp,dataset_01\cataract\_62_4386293.jpg,0.0,True
_62_4939088.jpg,slit_lamp,dataset_01\cataract\_62_4939088.jpg,0.0,True
_62_9491665.jpg,slit_lamp,dataset_01\cataract\_62_9491665.jpg,0.0,True
_63_4246818.jpg,slit_lamp,dataset_01\cataract\_63_4246818.jpg,0.0,True
_63_7923836.jpg,slit_lamp,dataset_01\cataract\_63_7923836.jpg,0.0,True
_64_2615880.jpg,slit_lamp,dataset_01\cataract\_64_2615880.jpg,0.0,True
_64_5229674.jpg,slit_lamp,dataset_01\cataract\_64_5229674.jpg,0.0,True
_65_5167591.jpg,slit_lamp,dataset_01\cataract\_65_5167591.jpg,0.0,True
_66_625523.jpg,slit_lamp,dataset_01\cataract\_66_625523.jpg,0.02,True
_66_9729796.jpg,slit_lamp,dataset_01\cataract\_66_9729796.jpg,0.0,True
_67_2701502.jpg,slit_lamp,dataset_01\cataract\_67_2701502.jpg,0.0,True
_67_7544085.jpg,slit_lamp,dataset_01\cataract\_67_7544085.jpg,0.0,True
_68_132563.jpg,slit_lamp,dataset_01\cataract\_68_132563.jpg,0.0,True
_68_6182618.jpg,slit_lamp,dataset_01\cataract\_68_6182618.jpg,0.0,True
_69_3198217.jpg,slit_lamp,dataset_01\cataract\_69_3198217.jpg,0.0,True
_69_4758198.jpg,slit_lamp,dataset_01\cataract\_69_4758198.jpg,0.0,True
_6_4834075.jpg,slit_lamp,dataset_01\cataract\_6_4834075.jpg,14.19,True
_6_6261868.jpg,slit_lamp,dataset_01\cataract\_6_6261868.jpg,14.0,True
_70_3464173.jpg,slit_lamp,dataset_01\cataract\_70_3464173.jpg,0.0,True
_70_6811978.jpg,slit_lamp,dataset_01\cataract\_70_6811978.jpg,0.0,True
_71_5079718.jpg,slit_lamp,dataset_01\cataract\_71_5079718.jpg,0.0,True
_71_7808711.jpg,slit_lamp,dataset_01\cataract\_71_7808711.jpg,0.0,True
_72_6009084.jpg,slit_lamp,dataset_01\cataract\_72_6009084.jpg,0.0,True
_72_8796984.jpg,slit_lamp,dataset_01\cataract\_72_8796984.jpg,0.0,True
_73_1828688.jpg,slit_lamp,dataset_01\cataract\_73_1828688.jpg,0.0,True
_74_5402652.jpg,slit_lamp,dataset_01\cataract\_74_5402652.jpg,0.0,True
_75_6801378.jpg,slit_lamp,dataset_01\cataract\_75_6801378.jpg,26.91,True
_76_3327192.jpg,slit_lamp,dataset_01\cataract\_76_3327192.jpg,0.66,True
_77_2197698.jpg,slit_lamp,dataset_01\cataract\_77_2197698.jpg,0.0,True
_77_938150.jpg,slit_lamp,dataset_01\cataract\_77_938150.jpg,0.0,True
_78_267330.jpg,slit_lamp,dataset_01\cataract\_78_267330.jpg,3.57,True
_78_8248707.jpg,slit_lamp,dataset_01\cataract\_78_8248707.jpg,3.58,True
_79_1123955.jpg,slit_lamp,dataset_01\cataract\_79_1123955.jpg,0.0,True
_7_1388234.jpg,slit_lamp,dataset_01\cataract\_7_1388234.jpg,0.0,True
_7_2330751.jpg,slit_lamp,dataset_01\cataract\_7_2330751.jpg,0.0,True
_80_2744347.jpg,slit_lamp,dataset_01\cataract\_80_2744347.jpg,0.0,True
_80_8675414.jpg,slit_lamp,dataset_01\cataract\_80_8675414.jpg,0.0,True
_81_5591649.jpg,slit_lamp,dataset_01\cataract\_81_5591649.jpg,0.0,True
_81_6384668.jpg,slit_lamp,dataset_01\cataract\_81_6384668.jpg,0.0,True
_82_1805923.jpg,slit_lamp,dataset_01\cataract\_82_1805923.jpg,0.0,True
_83_8570399.jpg,slit_lamp,dataset_01\cataract\_83_8570399.jpg,0.0,True
_84_9231607.jpg,slit_lamp,dataset_01\cataract\_84_9231607.jpg,0.0,True
_85_2405112.jpg,slit_lamp,dataset_01\cataract\_85_2405112.jpg,0.0,True
_85_5757077.jpg,slit_lamp,dataset_01\cataract\_85_5757077.jpg,0.0,True
_86_4443360.jpg,slit_lamp,dataset_01\cataract\_86_4443360.jpg,0.0,True
_86_8666413.jpg,slit_lamp,dataset_01\cataract\_86_8666413.jpg,0.0,True
_87_635890.jpg,slit_lamp,dataset_01\cataract\_87_635890.jpg,0.0,True
_88_1858467.jpg,slit_lamp,dataset_01\cataract\_88_1858467.jpg,0.0,True
_88_7869628.jpg,slit_lamp,dataset_01\cataract\_88_7869628.jpg,0.0,True
_89_2075481.jpg,slit_lamp,dataset_01\cataract\_89_2075481.jpg,0.0,True
_89_450120.jpg,slit_lamp,dataset_01\cataract\_89_450120.jpg,0.0,True
_89_6878178.jpg,slit_lamp,dataset_01\cataract\_89_6878178.jpg,0.0,True
_8_7059542.jpg,slit_lamp,dataset_01\cataract\_8_7059542.jpg,0.0,True
_90_3742626.jpg,slit_lamp,dataset_01\cataract\_90_3742626.jpg,0.0,True
_90_4479779.jpg,slit_lamp,dataset_01\cataract\_90_4479779.jpg,0.0,True
_90_4763455.jpg,slit_lamp,dataset_01\cataract\_90_4763455.jpg,0.0,True
_91_7118539.jpg,slit_lamp,dataset_01\cataract\_91_7118539.jpg,0.0,True
_92_5284437.jpg,slit_lamp,dataset_01\cataract\_92_5284437.jpg,0.0,True
_93_7584804.jpg,slit_lamp,dataset_01\cataract\_93_7584804.jpg,0.0,True
_94_5517058.jpg,slit_lamp,dataset_01\cataract\_94_5517058.jpg,1.2,True
_95_592187.jpg,slit_lamp,dataset_01\cataract\_95_592187.jpg,0.0,True
_96_5515894.jpg,slit_lamp,dataset_01\cataract\_96_5515894.jpg,0.0,True
_96_6290965.jpg,slit_lamp,dataset_01\cataract\_96_6290965.jpg,0.0,True
_97_6398110.jpg,slit_lamp,dataset_01\cataract\_97_6398110.jpg,0.0,True
_97_761368.jpg,slit_lamp,dataset_01\cataract\_97_761368.jpg,0.0,True
_98_9687825.jpg,slit_lamp,dataset_01\cataract\_98_9687825.jpg,0.0,True
_99_746342.jpg,slit_lamp,dataset_01\cataract\_99_746342.jpg,0.0,True
_9_1244013.jpg,slit_lamp,dataset_01\cataract\_9_1244013.jpg,0.05,True
1034_left.jpg,slit_lamp,dataset_01\normal\1034_left.jpg,0.01,True
1034_right.jpg,slit_lamp,dataset_01\normal\1034_right.jpg,0.0,True
1060_left.jpg,slit_lamp,dataset_01\normal\1060_left.jpg,0.0,True
1060_right.jpg,slit_lamp,dataset_01\normal\1060_right.jpg,0.13,True
1253_left.jpg,slit_lamp,dataset_01\normal\1253_left.jpg,1.26,True
1253_right.jpg,slit_lamp,dataset_01\normal\1253_right.jpg,0.6,True
2329_left.jpg,slit_lamp,dataset_01\normal\2329_left.jpg,0.0,True
2329_right.jpg,slit_lamp,dataset_01\normal\2329_right.jpg,0.0,True
2331_left.jpg,slit_lamp,dataset_01\normal\2331_left.jpg,0.0,True
2331_right.jpg,slit_lamp,dataset_01\normal\2331_right.jpg,0.0,True
2332_left.jpg,slit_lamp,dataset_01\normal\2332_left.jpg,0.0,True
2332_right.jpg,slit_lamp,dataset_01\normal\2332_right.jpg,0.0,True
2334_left.jpg,slit_lamp,dataset_01\normal\2334_left.jpg,0.0,True
2334_right.jpg,slit_lamp,dataset_01\normal\2334_right.jpg,0.0,True
2335_left.jpg,slit_lamp,dataset_01\normal\2335_left.jpg,0.49,True
2335_right.jpg,slit_lamp,dataset_01\normal\2335_right.jpg,0.0,True
2341_left.jpg,slit_lamp,dataset_01\normal\2341_left.jpg,0.0,True
2341_right.jpg,slit_lamp,dataset_01\normal\2341_right.jpg,0.0,True
2345_left.jpg,slit_lamp,dataset_01\normal\2345_left.jpg,0.0,True
2345_right.jpg,slit_lamp,dataset_01\normal\2345_right.jpg,0.0,True
2346_left.jpg,slit_lamp,dataset_01\normal\2346_left.jpg,1.49,True
2346_right.jpg,slit_lamp,dataset_01\normal\2346_right.jpg,0.21,True
2349_left.jpg,slit_lamp,dataset_01\normal\2349_left.jpg,0.0,True
2349_right.jpg,slit_lamp,dataset_01\normal\2349_right.jpg,0.0,True
2351_left.jpg,slit_lamp,dataset_01\normal\2351_left.jpg,0.0,True
2351_right.jpg,slit_lamp,dataset_01\normal\2351_right.jpg,0.0,True
2353_left.jpg,slit_lamp,dataset_01\normal\2353_left.jpg,0.0,True
2353_right.jpg,slit_lamp,dataset_01\normal\2353_right.jpg,0.0,True
2354_left.jpg,slit_lamp,dataset_01\normal\2354_left.jpg,0.0,True
2354_right.jpg,slit_lamp,dataset_01\normal\2354_right.jpg,0.01,True
2355_left.jpg,slit_lamp,dataset_01\normal\2355_left.jpg,0.0,True
2355_right.jpg,slit_lamp,dataset_01\normal\2355_right.jpg,0.0,True
2356_left.jpg,slit_lamp,dataset_01\normal\2356_left.jpg,0.67,True
2356_right.jpg,slit_lamp,dataset_01\normal\2356_right.jpg,0.97,True
2359_left.jpg,slit_lamp,dataset_01\normal\2359_left.jpg,0.0,True
2359_right.jpg,slit_lamp,dataset_01\normal\2359_right.jpg,0.0,True
2362_left.jpg,slit_lamp,dataset_01\normal\2362_left.jpg,0.0,True
2362_right.jpg,slit_lamp,dataset_01\normal\2362_right.jpg,0.0,True
2363_left.jpg,slit_lamp,dataset_01\normal\2363_left.jpg,0.0,True
2363_right.jpg,slit_lamp,dataset_01\normal\2363_right.jpg,0.0,True
2365_left.jpg,slit_lamp,dataset_01\normal\2365_left.jpg,0.0,True
2365_right.jpg,slit_lamp,dataset_01\normal\2365_right.jpg,0.0,True
2366_left.jpg,slit_lamp,dataset_01\normal\2366_left.jpg,0.0,True
2366_right.jpg,slit_lamp,dataset_01\normal\2366_right.jpg,0.08,True
2367_left.jpg,slit_lamp,dataset_01\normal\2367_left.jpg,0.01,True
2367_right.jpg,slit_lamp,dataset_01\normal\2367_right.jpg,0.0,True
2368_left.jpg,slit_lamp,dataset_01\normal\2368_left.jpg,0.0,True
2368_right.jpg,slit_lamp,dataset_01\normal\2368_right.jpg,0.0,True
2369_left.jpg,slit_lamp,dataset_01\normal\2369_left.jpg,0.0,True
2369_right.jpg,slit_lamp,dataset_01\normal\2369_right.jpg,0.0,True
2371_left.jpg,slit_lamp,dataset_01\normal\2371_left.jpg,0.0,True
2371_right.jpg,slit_lamp,dataset_01\normal\2371_right.jpg,0.0,True
2372_left.jpg,slit_lamp,dataset_01\normal\2372_left.jpg,0.0,True
2372_right.jpg,slit_lamp,dataset_01\normal\2372_right.jpg,0.0,True
2377_left.jpg,slit_lamp,dataset_01\normal\2377_left.jpg,0.0,True
2378_left.jpg,slit_lamp,dataset_01\normal\2378_left.jpg,0.0,True
2378_right.jpg,slit_lamp,dataset_01\normal\2378_right.jpg,0.0,True
2380_left.jpg,slit_lamp,dataset_01\normal\2380_left.jpg,0.0,True
2380_right.jpg,slit_lamp,dataset_01\normal\2380_right.jpg,0.0,True
2382_left.jpg,slit_lamp,dataset_01\normal\2382_left.jpg,0.0,True
2382_right.jpg,slit_lamp,dataset_01\normal\2382_right.jpg,0.03,True
2383_left.jpg,slit_lamp,dataset_01\normal\2383_left.jpg,0.0,True
2383_right.jpg,slit_lamp,dataset_01\normal\2383_right.jpg,0.0,True
2384_left.jpg,slit_lamp,dataset_01\normal\2384_left.jpg,0.0,True
2384_right.jpg,slit_lamp,dataset_01\normal\2384_right.jpg,0.0,True
2386_left.jpg,slit_lamp,dataset_01\normal\2386_left.jpg,0.0,True
2386_right.jpg,slit_lamp,dataset_01\normal\2386_right.jpg,0.0,True
2388_left.jpg,slit_lamp,dataset_01\normal\2388_left.jpg,0.0,True
2388_right.jpg,slit_lamp,dataset_01\normal\2388_right.jpg,0.0,True
2389_left.jpg,slit_lamp,dataset_01\normal\2389_left.jpg,0.49,True
2389_right.jpg,slit_lamp,dataset_01\normal\2389_right.jpg,0.39,True
2393_left.jpg,slit_lamp,dataset_01\normal\2393_left.jpg,0.0,True
2393_right.jpg,slit_lamp,dataset_01\normal\2393_right.jpg,0.0,True
2394_left.jpg,slit_lamp,dataset_01\normal\2394_left.jpg,0.0,True
2394_right.jpg,slit_lamp,dataset_01\normal\2394_right.jpg,0.15,True
2395_left.jpg,slit_lamp,dataset_01\normal\2395_left.jpg,0.0,True
2395_right.jpg,slit_lamp,dataset_01\normal\2395_right.jpg,0.0,True
2396_left.jpg,slit_lamp,dataset_01\normal\2396_left.jpg,0.0,True
2396_right.jpg,slit_lamp,dataset_01\normal\2396_right.jpg,0.0,True
2397_left.jpg,slit_lamp,dataset_01\normal\2397_left.jpg,0.0,True
2397_right.jpg,slit_lamp,dataset_01\normal\2397_right.jpg,0.8,True
2399_left.jpg,slit_lamp,dataset_01\normal\2399_left.jpg,0.0,True
2399_right.jpg,slit_lamp,dataset_01\normal\2399_right.jpg,0.0,True
2400_right.jpg,slit_lamp,dataset_01\normal\2400_right.jpg,0.0,True
2403_left.jpg,slit_lamp,dataset_01\normal\2403_left.jpg,0.04,True
2403_right.jpg,slit_lamp,dataset_01\normal\2403_right.jpg,0.0,True
2408_left.jpg,slit_lamp,dataset_01\normal\2408_left.jpg,0.0,True
2408_right.jpg,slit_lamp,dataset_01\normal\2408_right.jpg,0.0,True
2410_left.jpg,slit_lamp,dataset_01\normal\2410_left.jpg,0.0,True
2410_right.jpg,slit_lamp,dataset_01\normal\2410_right.jpg,0.0,True
2415_left.jpg,slit_lamp,dataset_01\normal\2415_left.jpg,0.0,True
2415_right.jpg,slit_lamp,dataset_01\normal\2415_right.jpg,0.0,True
2418_left.jpg,slit_lamp,dataset_01\normal\2418_left.jpg,0.0,True
2418_right.jpg,slit_lamp,dataset_01\normal\2418_right.jpg,0.18,True
2419_left.jpg,slit_lamp,dataset_01\normal\2419_left.jpg,0.0,True
2419_right.jpg,slit_lamp,dataset_01\normal\2419_right.jpg,0.0,True
2421_left.jpg,slit_lamp,dataset_01\normal\2421_left.jpg,0.25,True
2421_right.jpg,slit_lamp,dataset_01\normal\2421_right.jpg,0.35,True
2422_left.jpg,slit_lamp,dataset_01\normal\2422_left.jpg,0.0,True
2422_right.jpg,slit_lamp,dataset_01\normal\2422_right.jpg,0.0,True
2423_left.jpg,slit_lamp,dataset_01\normal\2423_left.jpg,0.0,True
2423_right.jpg,slit_lamp,dataset_01\normal\2423_right.jpg,0.0,True
2426_left.jpg,slit_lamp,dataset_01\normal\2426_left.jpg,0.0,True
2426_right.jpg,slit_lamp,dataset_01\normal\2426_right.jpg,0.0,True
2427_left.jpg,slit_lamp,dataset_01\normal\2427_left.jpg,0.0,True
2427_right.jpg,slit_lamp,dataset_01\normal\2427_right.jpg,0.0,True
2428_left.jpg,slit_lamp,dataset_01\normal\2428_left.jpg,0.0,True
2432_left.jpg,slit_lamp,dataset_01\normal\2432_left.jpg,0.0,True
2432_right.jpg,slit_lamp,dataset_01\normal\2432_right.jpg,0.0,True
2435_left.jpg,slit_lamp,dataset_01\normal\2435_left.jpg,0.06,True
2435_right.jpg,slit_lamp,dataset_01\normal\2435_right.jpg,0.2,True
2437_left.jpg,slit_lamp,dataset_01\normal\2437_left.jpg,0.0,True
2437_right.jpg,slit_lamp,dataset_01\normal\2437_right.jpg,0.0,True
2438_left.jpg,slit_lamp,dataset_01\normal\2438_left.jpg,0.0,True
2438_right.jpg,slit_lamp,dataset_01\normal\2438_right.jpg,0.0,True
2441_left.jpg,slit_lamp,dataset_01\normal\2441_left.jpg,0.4,True
2441_right.jpg,slit_lamp,dataset_01\normal\2441_right.jpg,4.11,True
2443_left.jpg,slit_lamp,dataset_01\normal\2443_left.jpg,0.0,True
2443_right.jpg,slit_lamp,dataset_01\normal\2443_right.jpg,0.0,True
2444_left.jpg,slit_lamp,dataset_01\normal\2444_left.jpg,0.0,True
2444_right.jpg,slit_lamp,dataset_01\normal\2444_right.jpg,0.0,True
2446_left.jpg,slit_lamp,dataset_01\normal\2446_left.jpg,0.0,True
2446_right.jpg,slit_lamp,dataset_01\normal\2446_right.jpg,0.01,True
2448_left.jpg,slit_lamp,dataset_01\normal\2448_left.jpg,0.0,True
2456_left.jpg,slit_lamp,dataset_01\normal\2456_left.jpg,0.0,True
2456_right.jpg,slit_lamp,dataset_01\normal\2456_right.jpg,0.0,True
2463_left.jpg,slit_lamp,dataset_01\normal\2463_left.jpg,0.0,True
2463_right.jpg,slit_lamp,dataset_01\normal\2463_right.jpg,0.0,True
2465_left.jpg,slit_lamp,dataset_01\normal\2465_left.jpg,0.0,True
2465_right.jpg,slit_lamp,dataset_01\normal\2465_right.jpg,0.08,True
2466_left.jpg,slit_lamp,dataset_01\normal\2466_left.jpg,0.0,True
2466_right.jpg,slit_lamp,dataset_01\normal\2466_right.jpg,0.0,True
2469_left.jpg,slit_lamp,dataset_01\normal\2469_left.jpg,0.0,True
2469_right.jpg,slit_lamp,dataset_01\normal\2469_right.jpg,0.0,True
2470_left.jpg,slit_lamp,dataset_01\normal\2470_left.jpg,0.13,True
2470_right.jpg,slit_lamp,dataset_01\normal\2470_right.jpg,0.2,True
2475_left.jpg,slit_lamp,dataset_01\normal\2475_left.jpg,0.0,True
2475_right.jpg,slit_lamp,dataset_01\normal\2475_right.jpg,0.0,True
2477_left.jpg,slit_lamp,dataset_01\normal\2477_left.jpg,0.0,True
2478_left.jpg,slit_lamp,dataset_01\normal\2478_left.jpg,0.0,True
2481_left.jpg,slit_lamp,dataset_01\normal\2481_left.jpg,0.03,True
2481_right.jpg,slit_lamp,dataset_01\normal\2481_right.jpg,0.0,True
2482_left.jpg,slit_lamp,dataset_01\normal\2482_left.jpg,1.1,True
2482_right.jpg,slit_lamp,dataset_01\normal\2482_right.jpg,0.99,True
2483_left.jpg,slit_lamp,dataset_01\normal\2483_left.jpg,0.03,True
2483_right.jpg,slit_lamp,dataset_01\normal\2483_right.jpg,0.04,True
2484_left.jpg,slit_lamp,dataset_01\normal\2484_left.jpg,0.0,True
2484_right.jpg,slit_lamp,dataset_01\normal\2484_right.jpg,0.0,True
2485_left.jpg,slit_lamp,dataset_01\normal\2485_left.jpg,0.0,True
2485_right.jpg,slit_lamp,dataset_01\normal\2485_right.jpg,0.0,True
2486_left.jpg,slit_lamp,dataset_01\normal\2486_left.jpg,0.0,True
2486_right.jpg,slit_lamp,dataset_01\normal\2486_right.jpg,0.0,True
2488_left.jpg,slit_lamp,dataset_01\normal\2488_left.jpg,0.0,True
2488_right.jpg,slit_lamp,dataset_01\normal\2488_right.jpg,0.0,True
2489_left.jpg,slit_lamp,dataset_01\normal\2489_left.jpg,0.0,True
2489_right.jpg,slit_lamp,dataset_01\normal\2489_right.jpg,0.0,True
2493_left.jpg,slit_lamp,dataset_01\normal\2493_left.jpg,0.0,True
2493_right.jpg,slit_lamp,dataset_01\normal\2493_right.jpg,0.0,True
2496_right.jpg,slit_lamp,dataset_01\normal\2496_right.jpg,0.0,True
2499_left.jpg,slit_lamp,dataset_01\normal\2499_left.jpg,0.0,True
2499_right.jpg,slit_lamp,dataset_01\normal\2499_right.jpg,0.01,True
2500_left.jpg,slit_lamp,dataset_01\normal\2500_left.jpg,0.0,True
2500_right.jpg,slit_lamp,dataset_01\normal\2500_right.jpg,0.0,True
2501_left.jpg,slit_lamp,dataset_01\normal\2501_left.jpg,0.0,True
2501_right.jpg,slit_lamp,dataset_01\normal\2501_right.jpg,0.0,True
2504_left.jpg,slit_lamp,dataset_01\normal\2504_left.jpg,0.0,True
2504_right.jpg,slit_lamp,dataset_01\normal\2504_right.jpg,0.0,True
2506_left.jpg,slit_lamp,dataset_01\normal\2506_left.jpg,0.0,True
2506_right.jpg,slit_lamp,dataset_01\normal\2506_right.jpg,0.04,True
2507_left.jpg,slit_lamp,dataset_01\normal\2507_left.jpg,0.0,True
2507_right.jpg,slit_lamp,dataset_01\normal\2507_right.jpg,0.0,True
2508_left.jpg,slit_lamp,dataset_01\normal\2508_left.jpg,0.0,True
2508_right.jpg,slit_lamp,dataset_01\normal\2508_right.jpg,0.0,True
2510_left.jpg,slit_lamp,dataset_01\normal\2510_left.jpg,0.0,True
2510_right.jpg,slit_lamp,dataset_01\normal\2510_right.jpg,0.0,True
2512_left.jpg,slit_lamp,dataset_01\normal\2512_left.jpg,0.0,True
2512_right.jpg,slit_lamp,dataset_01\normal\2512_right.jpg,0.0,True
2515_left.jpg,slit_lamp,dataset_01\normal\2515_left.jpg,0.0,True
2517_left.jpg,slit_lamp,dataset_01\normal\2517_left.jpg,0.0,True
2517_right.jpg,slit_lamp,dataset_01\normal\2517_right.jpg,0.0,True
2518_left.jpg,slit_lamp,dataset_01\normal\2518_left.jpg,0.04,True
2518_right.jpg,slit_lamp,dataset_01\normal\2518_right.jpg,0.0,True
2519_left.jpg,slit_lamp,dataset_01\normal\2519_left.jpg,0.18,True
2519_right.jpg,slit_lamp,dataset_01\normal\2519_right.jpg,0.0,True
2521_left.jpg,slit_lamp,dataset_01\normal\2521_left.jpg,0.0,True
2521_right.jpg,slit_lamp,dataset_01\normal\2521_right.jpg,0.0,True
2523_left.jpg,slit_lamp,dataset_01\normal\2523_left.jpg,0.23,True
2523_right.jpg,slit_lamp,dataset_01\normal\2523_right.jpg,0.0,True
2524_left.jpg,slit_lamp,dataset_01\normal\2524_left.jpg,0.0,True
2524_right.jpg,slit_lamp,dataset_01\normal\2524_right.jpg,0.0,True
2525_left.jpg,slit_lamp,dataset_01\normal\2525_left.jpg,0.0,True
2525_right.jpg,slit_lamp,dataset_01\normal\2525_right.jpg,0.0,True
2527_left.jpg,slit_lamp,dataset_01\normal\2527_left.jpg,0.0,True
2527_right.jpg,slit_lamp,dataset_01\normal\2527_right.jpg,0.0,True
2529_left.jpg,slit_lamp,dataset_01\normal\2529_left.jpg,0.0,True
2529_right.jpg,slit_lamp,dataset_01\normal\2529_right.jpg,0.0,True
2531_left.jpg,slit_lamp,dataset_01\normal\2531_left.jpg,0.0,True
2531_right.jpg,slit_lamp,dataset_01\normal\2531_right.jpg,0.0,True
2533_left.jpg,slit_lamp,dataset_01\normal\2533_left.jpg,0.0,True
2533_right.jpg,slit_lamp,dataset_01\normal\2533_right.jpg,0.0,True
2535_left.jpg,slit_lamp,dataset_01\normal\2535_left.jpg,0.0,True
2535_right.jpg,slit_lamp,dataset_01\normal\2535_right.jpg,0.0,True
2538_left.jpg,slit_lamp,dataset_01\normal\2538_left.jpg,0.0,True
2538_right.jpg,slit_lamp,dataset_01\normal\2538_right.jpg,0.0,True
2540_left.jpg,slit_lamp,dataset_01\normal\2540_left.jpg,0.33,True
2540_right.jpg,slit_lamp,dataset_01\normal\2540_right.jpg,0.09,True
2542_left.jpg,slit_lamp,dataset_01\normal\2542_left.jpg,0.0,True
2542_right.jpg,slit_lamp,dataset_01\normal\2542_right.jpg,0.0,True
2543_left.jpg,slit_lamp,dataset_01\normal\2543_left.jpg,0.0,True
2543_right.jpg,slit_lamp,dataset_01\normal\2543_right.jpg,0.0,True
2547_left.jpg,slit_lamp,dataset_01\normal\2547_left.jpg,0.0,True
2547_right.jpg,slit_lamp,dataset_01\normal\2547_right.jpg,0.0,True
2548_left.jpg,slit_lamp,dataset_01\normal\2548_left.jpg,0.0,True
2548_right.jpg,slit_lamp,dataset_01\normal\2548_right.jpg,0.0,True
2554_left.jpg,slit_lamp,dataset_01\normal\2554_left.jpg,0.03,True
2554_right.jpg,slit_lamp,dataset_01\normal\2554_right.jpg,0.16,True
2556_left.jpg,slit_lamp,dataset_01\normal\2556_left.jpg,0.0,True
2556_right.jpg,slit_lamp,dataset_01\normal\2556_right.jpg,0.0,True
2558_left.jpg,slit_lamp,dataset_01\normal\2558_left.jpg,0.0,True
2558_right.jpg,slit_lamp,dataset_01\normal\2558_right.jpg,0.0,True
2563_left.jpg,slit_lamp,dataset_01\normal\2563_left.jpg,0.0,True
2563_right.jpg,slit_lamp,dataset_01\normal\2563_right.jpg,0.0,True
2564_left.jpg,slit_lamp,dataset_01\normal\2564_left.jpg,0.37,True
2564_right.jpg,slit_lamp,dataset_01\normal\2564_right.jpg,0.53,True
2565_left.jpg,slit_lamp,dataset_01\normal\2565_left.jpg,0.0,True
2565_right.jpg,slit_lamp,dataset_01\normal\2565_right.jpg,0.0,True
2567_left.jpg,slit_lamp,dataset_01\normal\2567_left.jpg,0.0,True
2567_right.jpg,slit_lamp,dataset_01\normal\2567_right.jpg,0.03,True
2569_left.jpg,slit_lamp,dataset_01\normal\2569_left.jpg,0.0,True
2569_right.jpg,slit_lamp,dataset_01\normal\2569_right.jpg,0.0,True
2570_left.jpg,slit_lamp,dataset_01\normal\2570_left.jpg,0.0,True
2570_right.jpg,slit_lamp,dataset_01\normal\2570_right.jpg,0.0,True
2572_left.jpg,slit_lamp,dataset_01\normal\2572_left.jpg,0.0,True
2572_right.jpg,slit_lamp,dataset_01\normal\2572_right.jpg,0.0,True
2573_left.jpg,slit_lamp,dataset_01\normal\2573_left.jpg,0.0,True
2573_right.jpg,slit_lamp,dataset_01\normal\2573_right.jpg,0.0,True
2574_left.jpg,slit_lamp,dataset_01\normal\2574_left.jpg,0.0,True
2574_right.jpg,slit_lamp,dataset_01\normal\2574_right.jpg,0.0,True
2575_left.jpg,slit_lamp,dataset_01\normal\2575_left.jpg,0.02,True
2575_right.jpg,slit_lamp,dataset_01\normal\2575_right.jpg,0.0,True
2576_left.jpg,slit_lamp,dataset_01\normal\2576_left.jpg,0.0,True
2576_right.jpg,slit_lamp,dataset_01\normal\2576_right.jpg,0.0,True
2577_left.jpg,slit_lamp,dataset_01\normal\2577_left.jpg,0.0,True
2577_right.jpg,slit_lamp,dataset_01\normal\2577_right.jpg,0.0,True
2580_right.jpg,slit_lamp,dataset_01\normal\2580_right.jpg,0.0,True
2583_left.jpg,slit_lamp,dataset_01\normal\2583_left.jpg,0.0,True
2583_right.jpg,slit_lamp,dataset_01\normal\2583_right.jpg,0.0,True
2585_left.jpg,slit_lamp,dataset_01\normal\2585_left.jpg,0.01,True
2585_right.jpg,slit_lamp,dataset_01\normal\2585_right.jpg,0.0,True
2586_left.jpg,slit_lamp,dataset_01\normal\2586_left.jpg,0.0,True
2586_right.jpg,slit_lamp,dataset_01\normal\2586_right.jpg,0.0,True
2587_left.jpg,slit_lamp,dataset_01\normal\2587_left.jpg,0.0,True
2587_right.jpg,slit_lamp,dataset_01\normal\2587_right.jpg,0.0,True
2588_left.jpg,slit_lamp,dataset_01\normal\2588_left.jpg,0.0,True
2588_right.jpg,slit_lamp,dataset_01\normal\2588_right.jpg,0.01,True
2589_right.jpg,slit_lamp,dataset_01\normal\2589_right.jpg,0.07,True
2591_left.jpg,slit_lamp,dataset_01\normal\2591_left.jpg,0.16,True
2591_right.jpg,slit_lamp,dataset_01\normal\2591_right.jpg,0.34,True
2594_left.jpg,slit_lamp,dataset_01\normal\2594_left.jpg,0.07,True
2594_right.jpg,slit_lamp,dataset_01\normal\2594_right.jpg,0.01,True
2597_left.jpg,slit_lamp,dataset_01\normal\2597_left.jpg,0.0,True
2597_right.jpg,slit_lamp,dataset_01\normal\2597_right.jpg,0.0,True
2598_left.jpg,slit_lamp,dataset_01\normal\2598_left.jpg,0.0,True
2598_right.jpg,slit_lamp,dataset_01\normal\2598_right.jpg,0.0,True
2599_left.jpg,slit_lamp,dataset_01\normal\2599_left.jpg,0.08,True
2599_right.jpg,slit_lamp,dataset_01\normal\2599_right.jpg,0.0,True
2600_left.jpg,slit_lamp,dataset_01\normal\2600_left.jpg,0.0,True
2600_right.jpg,slit_lamp,dataset_01\normal\2600_right.jpg,0.05,True
2602_left.jpg,slit_lamp,dataset_01\normal\2602_left.jpg,0.0,True
2602_right.jpg,slit_lamp,dataset_01\normal\2602_right.jpg,0.0,True
2603_left.jpg,slit_lamp,dataset_01\normal\2603_left.jpg,0.11,True
2603_right.jpg,slit_lamp,dataset_01\normal\2603_right.jpg,0.0,True
2604_left.jpg,slit_lamp,dataset_01\normal\2604_left.jpg,0.0,True
2604_right.jpg,slit_lamp,dataset_01\normal\2604_right.jpg,0.0,True
2608_left.jpg,slit_lamp,dataset_01\normal\2608_left.jpg,0.0,True
2608_right.jpg,slit_lamp,dataset_01\normal\2608_right.jpg,0.0,True
2609_left.jpg,slit_lamp,dataset_01\normal\2609_left.jpg,0.0,True
2609_right.jpg,slit_lamp,dataset_01\normal\2609_right.jpg,0.0,True
2610_left.jpg,slit_lamp,dataset_01\normal\2610_left.jpg,0.0,True
2610_right.jpg,slit_lamp,dataset_01\normal\2610_right.jpg,0.0,True
2616_left.jpg,slit_lamp,dataset_01\normal\2616_left.jpg,0.0,True
2616_right.jpg,slit_lamp,dataset_01\normal\2616_right.jpg,0.0,True
2617_left.jpg,slit_lamp,dataset_01\normal\2617_left.jpg,1.47,True
2617_right.jpg,slit_lamp,dataset_01\normal\2617_right.jpg,1.16,True
2622_left.jpg,slit_lamp,dataset_01\normal\2622_left.jpg,0.0,True
2622_right.jpg,slit_lamp,dataset_01\normal\2622_right.jpg,0.0,True
2624_left.jpg,slit_lamp,dataset_01\normal\2624_left.jpg,0.0,True
2624_right.jpg,slit_lamp,dataset_01\normal\2624_right.jpg,0.09,True
2627_left.jpg,slit_lamp,dataset_01\normal\2627_left.jpg,0.16,True
2627_right.jpg,slit_lamp,dataset_01\normal\2627_right.jpg,0.0,True
2632_left.jpg,slit_lamp,dataset_01\normal\2632_left.jpg,0.0,True
2632_right.jpg,slit_lamp,dataset_01\normal\2632_right.jpg,0.0,True
2633_left.jpg,slit_lamp,dataset_01\normal\2633_left.jpg,0.0,True
2633_right.jpg,slit_lamp,dataset_01\normal\2633_right.jpg,0.0,True
2634_left.jpg,slit_lamp,dataset_01\normal\2634_left.jpg,0.0,True
2634_right.jpg,slit_lamp,dataset_01\normal\2634_right.jpg,0.0,True
2637_left.jpg,slit_lamp,dataset_01\normal\2637_left.jpg,0.0,True
2637_right.jpg,slit_lamp,dataset_01\normal\2637_right.jpg,0.0,True
2638_left.jpg,slit_lamp,dataset_01\normal\2638_left.jpg,0.11,True
2638_right.jpg,slit_lamp,dataset_01\normal\2638_right.jpg,0.0,True
2640_left.jpg,slit_lamp,dataset_01\normal\2640_left.jpg,0.08,True
2640_right.jpg,slit_lamp,dataset_01\normal\2640_right.jpg,0.48,True
2641_left.jpg,slit_lamp,dataset_01\normal\2641_left.jpg,0.0,True
2641_right.jpg,slit_lamp,dataset_01\normal\2641_right.jpg,0.0,True
2642_left.jpg,slit_lamp,dataset_01\normal\2642_left.jpg,0.0,True
2642_right.jpg,slit_lamp,dataset_01\normal\2642_right.jpg,0.0,True
2643_left.jpg,slit_lamp,dataset_01\normal\2643_left.jpg,0.0,True
2643_right.jpg,slit_lamp,dataset_01\normal\2643_right.jpg,0.0,True
2645_left.jpg,slit_lamp,dataset_01\normal\2645_left.jpg,0.0,True
2645_right.jpg,slit_lamp,dataset_01\normal\2645_right.jpg,0.7,True
2647_left.jpg,slit_lamp,dataset_01\normal\2647_left.jpg,0.0,True
2647_right.jpg,slit_lamp,dataset_01\normal\2647_right.jpg,0.0,True
2649_left.jpg,slit_lamp,dataset_01\normal\2649_left.jpg,0.0,True
2649_right.jpg,slit_lamp,dataset_01\normal\2649_right.jpg,0.82,True
2650_left.jpg,slit_lamp,dataset_01\normal\2650_left.jpg,0.0,True
2650_right.jpg,slit_lamp,dataset_01\normal\2650_right.jpg,0.0,True
2651_left.jpg,slit_lamp,dataset_01\normal\2651_left.jpg,0.0,True
2651_right.jpg,slit_lamp,dataset_01\normal\2651_right.jpg,0.0,True
2652_left.jpg,slit_lamp,dataset_01\normal\2652_left.jpg,1.33,True
2652_right.jpg,slit_lamp,dataset_01\normal\2652_right.jpg,0.04,True
2653_left.jpg,slit_lamp,dataset_01\normal\2653_left.jpg,0.02,True
2653_right.jpg,slit_lamp,dataset_01\normal\2653_right.jpg,1.83,True
2655_left.jpg,slit_lamp,dataset_01\normal\2655_left.jpg,0.0,True
2655_right.jpg,slit_lamp,dataset_01\normal\2655_right.jpg,0.0,True
2657_left.jpg,slit_lamp,dataset_01\normal\2657_left.jpg,0.0,True
2657_right.jpg,slit_lamp,dataset_01\normal\2657_right.jpg,0.0,True
2658_left.jpg,slit_lamp,dataset_01\normal\2658_left.jpg,0.0,True
2658_right.jpg,slit_lamp,dataset_01\normal\2658_right.jpg,0.0,True
2659_left.jpg,slit_lamp,dataset_01\normal\2659_left.jpg,0.0,True
2659_right.jpg,slit_lamp,dataset_01\normal\2659_right.jpg,0.34,True
2660_left.jpg,slit_lamp,dataset_01\normal\2660_left.jpg,0.0,True
2660_right.jpg,slit_lamp,dataset_01\normal\2660_right.jpg,0.0,True
2661_left.jpg,slit_lamp,dataset_01\normal\2661_left.jpg,0.0,True
2661_right.jpg,slit_lamp,dataset_01\normal\2661_right.jpg,0.0,True
2662_left.jpg,slit_lamp,dataset_01\normal\2662_left.jpg,0.0,True
2662_right.jpg,slit_lamp,dataset_01\normal\2662_right.jpg,0.0,True
2667_left.jpg,slit_lamp,dataset_01\normal\2667_left.jpg,0.0,True
2667_right.jpg,slit_lamp,dataset_01\normal\2667_right.jpg,0.0,True
2672_left.jpg,slit_lamp,dataset_01\normal\2672_left.jpg,0.01,True
2672_right.jpg,slit_lamp,dataset_01\normal\2672_right.jpg,0.34,True
2673_left.jpg,slit_lamp,dataset_01\normal\2673_left.jpg,0.0,True
2673_right.jpg,slit_lamp,dataset_01\normal\2673_right.jpg,0.0,True
2675_left.jpg,slit_lamp,dataset_01\normal\2675_left.jpg,0.0,True
2675_right.jpg,slit_lamp,dataset_01\normal\2675_right.jpg,0.0,True
2676_right.jpg,slit_lamp,dataset_01\normal\2676_right.jpg,0.0,True
2677_left.jpg,slit_lamp,dataset_01\normal\2677_left.jpg,0.0,True
2677_right.jpg,slit_lamp,dataset_01\normal\2677_right.jpg,0.02,True
2680_left.jpg,slit_lamp,dataset_01\normal\2680_left.jpg,0.17,True
2680_right.jpg,slit_lamp,dataset_01\normal\2680_right.jpg,0.0,True
2681_left.jpg,slit_lamp,dataset_01\normal\2681_left.jpg,0.0,True
2681_right.jpg,slit_lamp,dataset_01\normal\2681_right.jpg,0.0,True
2685_left.jpg,slit_lamp,dataset_01\normal\2685_left.jpg,0.0,True
2685_right.jpg,slit_lamp,dataset_01\normal\2685_right.jpg,0.0,True
2688_left.jpg,slit_lamp,dataset_01\normal\2688_left.jpg,0.0,True
2688_right.jpg,slit_lamp,dataset_01\normal\2688_right.jpg,0.0,True
2689_left.jpg,slit_lamp,dataset_01\normal\2689_left.jpg,0.0,True
2689_right.jpg,slit_lamp,dataset_01\normal\2689_right.jpg,0.09,True
2690_left.jpg,slit_lamp,dataset_01\normal\2690_left.jpg,1.75,True
2690_right.jpg,slit_lamp,dataset_01\normal\2690_right.jpg,0.88,True
2695_left.jpg,slit_lamp,dataset_01\normal\2695_left.jpg,0.0,True
2695_right.jpg,slit_lamp,dataset_01\normal\2695_right.jpg,0.01,True
2696_left.jpg,slit_lamp,dataset_01\normal\2696_left.jpg,0.0,True
2696_right.jpg,slit_lamp,dataset_01\normal\2696_right.jpg,0.27,True
2697_left.jpg,slit_lamp,dataset_01\normal\2697_left.jpg,0.0,True
2697_right.jpg,slit_lamp,dataset_01\normal\2697_right.jpg,0.0,True
2699_left.jpg,slit_lamp,dataset_01\normal\2699_left.jpg,0.0,True
2699_right.jpg,slit_lamp,dataset_01\normal\2699_right.jpg,0.0,True
2702_left.jpg,slit_lamp,dataset_01\normal\2702_left.jpg,0.0,True
2702_right.jpg,slit_lamp,dataset_01\normal\2702_right.jpg,0.0,True
2704_left.jpg,slit_lamp,dataset_01\normal\2704_left.jpg,0.0,True
2704_right.jpg,slit_lamp,dataset_01\normal\2704_right.jpg,0.0,True
2705_left.jpg,slit_lamp,dataset_01\normal\2705_left.jpg,0.0,True
2705_right.jpg,slit_lamp,dataset_01\normal\2705_right.jpg,0.0,True
2707_left.jpg,slit_lamp,dataset_01\normal\2707_left.jpg,0.8,True
2707_right.jpg,slit_lamp,dataset_01\normal\2707_right.jpg,0.43,True
2708_left.jpg,slit_lamp,dataset_01\normal\2708_left.jpg,0.0,True
2708_right.jpg,slit_lamp,dataset_01\normal\2708_right.jpg,0.0,True
2709_left.jpg,slit_lamp,dataset_01\normal\2709_left.jpg,0.0,True
2709_right.jpg,slit_lamp,dataset_01\normal\2709_right.jpg,0.0,True
2710_left.jpg,slit_lamp,dataset_01\normal\2710_left.jpg,0.0,True
2710_right.jpg,slit_lamp,dataset_01\normal\2710_right.jpg,0.0,True
2712_left.jpg,slit_lamp,dataset_01\normal\2712_left.jpg,0.0,True
2712_right.jpg,slit_lamp,dataset_01\normal\2712_right.jpg,0.04,True
2713_left.jpg,slit_lamp,dataset_01\normal\2713_left.jpg,0.0,True
2713_right.jpg,slit_lamp,dataset_01\normal\2713_right.jpg,0.0,True
2718_left.jpg,slit_lamp,dataset_01\normal\2718_left.jpg,0.0,True
2718_right.jpg,slit_lamp,dataset_01\normal\2718_right.jpg,0.0,True
2726_left.jpg,slit_lamp,dataset_01\normal\2726_left.jpg,0.0,True
2726_right.jpg,slit_lamp,dataset_01\normal\2726_right.jpg,0.0,True
2728_left.jpg,slit_lamp,dataset_01\normal\2728_left.jpg,0.0,True
2728_right.jpg,slit_lamp,dataset_01\normal\2728_right.jpg,0.01,True
2729_left.jpg,slit_lamp,dataset_01\normal\2729_left.jpg,0.0,True
2730_left.jpg,slit_lamp,dataset_01\normal\2730_left.jpg,0.0,True
2730_right.jpg,slit_lamp,dataset_01\normal\2730_right.jpg,0.04,True
2732_left.jpg,slit_lamp,dataset_01\normal\2732_left.jpg,0.0,True
2732_right.jpg,slit_lamp,dataset_01\normal\2732_right.jpg,0.0,True
2735_left.jpg,slit_lamp,dataset_01\normal\2735_left.jpg,8.57,True
2735_right.jpg,slit_lamp,dataset_01\normal\2735_right.jpg,0.01,True
2736_left.jpg,slit_lamp,dataset_01\normal\2736_left.jpg,0.0,True
2736_right.jpg,slit_lamp,dataset_01\normal\2736_right.jpg,0.0,True
2737_right.jpg,slit_lamp,dataset_01\normal\2737_right.jpg,0.0,True
2740_left.jpg,slit_lamp,dataset_01\normal\2740_left.jpg,0.0,True
2740_right.jpg,slit_lamp,dataset_01\normal\2740_right.jpg,0.0,True
2742_left.jpg,slit_lamp,dataset_01\normal\2742_left.jpg,0.3,True
2742_right.jpg,slit_lamp,dataset_01\normal\2742_right.jpg,0.0,True
2743_left.jpg,slit_lamp,dataset_01\normal\2743_left.jpg,0.0,True
2743_right.jpg,slit_lamp,dataset_01\normal\2743_right.jpg,14.54,True
2748_left.jpg,slit_lamp,dataset_01\normal\2748_left.jpg,0.0,True
2748_right.jpg,slit_lamp,dataset_01\normal\2748_right.jpg,0.0,True
2749_left.jpg,slit_lamp,dataset_01\normal\2749_left.jpg,0.0,True
2749_right.jpg,slit_lamp,dataset_01\normal\2749_right.jpg,0.0,True
2750_left.jpg,slit_lamp,dataset_01\normal\2750_left.jpg,0.05,True
2750_right.jpg,slit_lamp,dataset_01\normal\2750_right.jpg,0.01,True
2752_right.jpg,slit_lamp,dataset_01\normal\2752_right.jpg,0.0,True
2755_left.jpg,slit_lamp,dataset_01\normal\2755_left.jpg,0.0,True
2755_right.jpg,slit_lamp,dataset_01\normal\2755_right.jpg,0.04,True
2756_right.jpg,slit_lamp,dataset_01\normal\2756_right.jpg,0.0,True
2761_left.jpg,slit_lamp,dataset_01\normal\2761_left.jpg,0.0,True
2761_right.jpg,slit_lamp,dataset_01\normal\2761_right.jpg,0.0,True
2763_left.jpg,slit_lamp,dataset_01\normal\2763_left.jpg,0.0,True
2763_right.jpg,slit_lamp,dataset_01\normal\2763_right.jpg,0.0,True
2764_left.jpg,slit_lamp,dataset_01\normal\2764_left.jpg,0.0,True
2764_right.jpg,slit_lamp,dataset_01\normal\2764_right.jpg,0.0,True
2767_left.jpg,slit_lamp,dataset_01\normal\2767_left.jpg,0.0,True
2767_right.jpg,slit_lamp,dataset_01\normal\2767_right.jpg,0.0,True
2768_left.jpg,slit_lamp,dataset_01\normal\2768_left.jpg,0.0,True
2768_right.jpg,slit_lamp,dataset_01\normal\2768_right.jpg,0.0,True
2770_left.jpg,slit_lamp,dataset_01\normal\2770_left.jpg,0.0,True
2770_right.jpg,slit_lamp,dataset_01\normal\2770_right.jpg,0.0,True
2771_left.jpg,slit_lamp,dataset_01\normal\2771_left.jpg,0.0,True
2771_right.jpg,slit_lamp,dataset_01\normal\2771_right.jpg,0.02,True
2773_left.jpg,slit_lamp,dataset_01\normal\2773_left.jpg,0.0,True
2773_right.jpg,slit_lamp,dataset_01\normal\2773_right.jpg,0.0,True
2775_left.jpg,slit_lamp,dataset_01\normal\2775_left.jpg,0.0,True
2775_right.jpg,slit_lamp,dataset_01\normal\2775_right.jpg,0.19,True
2777_left.jpg,slit_lamp,dataset_01\normal\2777_left.jpg,0.01,True
2777_right.jpg,slit_lamp,dataset_01\normal\2777_right.jpg,0.04,True
2779_left.jpg,slit_lamp,dataset_01\normal\2779_left.jpg,0.0,True
2779_right.jpg,slit_lamp,dataset_01\normal\2779_right.jpg,0.0,True
2780_left.jpg,slit_lamp,dataset_01\normal\2780_left.jpg,0.0,True
2780_right.jpg,slit_lamp,dataset_01\normal\2780_right.jpg,0.0,True
2782_left.jpg,slit_lamp,dataset_01\normal\2782_left.jpg,0.0,True
2782_right.jpg,slit_lamp,dataset_01\normal\2782_right.jpg,0.0,True
2786_left.jpg,slit_lamp,dataset_01\normal\2786_left.jpg,0.0,True
2786_right.jpg,slit_lamp,dataset_01\normal\2786_right.jpg,0.0,True
2787_left.jpg,slit_lamp,dataset_01\normal\2787_left.jpg,0.17,True
2787_right.jpg,slit_lamp,dataset_01\normal\2787_right.jpg,1.44,True
2789_left.jpg,slit_lamp,dataset_01\normal\2789_left.jpg,0.0,True
2789_right.jpg,slit_lamp,dataset_01\normal\2789_right.jpg,0.03,True
2790_left.jpg,slit_lamp,dataset_01\normal\2790_left.jpg,0.02,True
2790_right.jpg,slit_lamp,dataset_01\normal\2790_right.jpg,0.02,True
2791_left.jpg,slit_lamp,dataset_01\normal\2791_left.jpg,0.0,True
2791_right.jpg,slit_lamp,dataset_01\normal\2791_right.jpg,0.0,True
2794_left.jpg,slit_lamp,dataset_01\normal\2794_left.jpg,0.0,True
2794_right.jpg,slit_lamp,dataset_01\normal\2794_right.jpg,0.0,True
2795_left.jpg,slit_lamp,dataset_01\normal\2795_left.jpg,0.0,True
2795_right.jpg,slit_lamp,dataset_01\normal\2795_right.jpg,0.0,True
2797_left.jpg,slit_lamp,dataset_01\normal\2797_left.jpg,0.96,True
2797_right.jpg,slit_lamp,dataset_01\normal\2797_right.jpg,0.72,True
2798_left.jpg,slit_lamp,dataset_01\normal\2798_left.jpg,0.05,True
2798_right.jpg,slit_lamp,dataset_01\normal\2798_right.jpg,0.0,True
2802_left.jpg,slit_lamp,dataset_01\normal\2802_left.jpg,0.4,True
2802_right.jpg,slit_lamp,dataset_01\normal\2802_right.jpg,0.31,True
2806_left.jpg,slit_lamp,dataset_01\normal\2806_left.jpg,0.0,True
2806_right.jpg,slit_lamp,dataset_01\normal\2806_right.jpg,0.0,True
2807_left.jpg,slit_lamp,dataset_01\normal\2807_left.jpg,0.51,True
2807_right.jpg,slit_lamp,dataset_01\normal\2807_right.jpg,0.44,True
2808_left.jpg,slit_lamp,dataset_01\normal\2808_left.jpg,0.3,True
2808_right.jpg,slit_lamp,dataset_01\normal\2808_right.jpg,0.28,True
2811_left.jpg,slit_lamp,dataset_01\normal\2811_left.jpg,0.0,True
2811_right.jpg,slit_lamp,dataset_01\normal\2811_right.jpg,0.0,True
2812_left.jpg,slit_lamp,dataset_01\normal\2812_left.jpg,0.0,True
2812_right.jpg,slit_lamp,dataset_01\normal\2812_right.jpg,0.0,True
2813_left.jpg,slit_lamp,dataset_01\normal\2813_left.jpg,0.0,True
2813_right.jpg,slit_lamp,dataset_01\normal\2813_right.jpg,0.0,True
2815_left.jpg,slit_lamp,dataset_01\normal\2815_left.jpg,0.09,True
2815_right.jpg,slit_lamp,dataset_01\normal\2815_right.jpg,0.0,True
2817_left.jpg,slit_lamp,dataset_01\normal\2817_left.jpg,0.0,True
2817_right.jpg,slit_lamp,dataset_01\normal\2817_right.jpg,0.0,True
2820_left.jpg,slit_lamp,dataset_01\normal\2820_left.jpg,0.0,True
2820_right.jpg,slit_lamp,dataset_01\normal\2820_right.jpg,0.07,True
2821_left.jpg,slit_lamp,dataset_01\normal\2821_left.jpg,0.11,True
2821_right.jpg,slit_lamp,dataset_01\normal\2821_right.jpg,0.0,True
2822_left.jpg,slit_lamp,dataset_01\normal\2822_left.jpg,0.0,True
2822_right.jpg,slit_lamp,dataset_01\normal\2822_right.jpg,0.0,True
2826_left.jpg,slit_lamp,dataset_01\normal\2826_left.jpg,0.0,True
2826_right.jpg,slit_lamp,dataset_01\normal\2826_right.jpg,0.0,True
2827_left.jpg,slit_lamp,dataset_01\normal\2827_left.jpg,0.07,True
2827_right.jpg,slit_lamp,dataset_01\normal\2827_right.jpg,0.0,True
2829_left.jpg,slit_lamp,dataset_01\normal\2829_left.jpg,0.0,True
2829_right.jpg,slit_lamp,dataset_01\normal\2829_right.jpg,0.0,True
2833_left.jpg,slit_lamp,dataset_01\normal\2833_left.jpg,0.0,True
2833_right.jpg,slit_lamp,dataset_01\normal\2833_right.jpg,0.0,True
2834_left.jpg,slit_lamp,dataset_01\normal\2834_left.jpg,0.0,True
2834_right.jpg,slit_lamp,dataset_01\normal\2834_right.jpg,0.0,True
2835_left.jpg,slit_lamp,dataset_01\normal\2835_left.jpg,0.06,True
2835_right.jpg,slit_lamp,dataset_01\normal\2835_right.jpg,0.02,True
2837_left.jpg,slit_lamp,dataset_01\normal\2837_left.jpg,0.0,True
2837_right.jpg,slit_lamp,dataset_01\normal\2837_right.jpg,0.0,True
2838_left.jpg,slit_lamp,dataset_01\normal\2838_left.jpg,0.0,True
2838_right.jpg,slit_lamp,dataset_01\normal\2838_right.jpg,0.0,True
2839_left.jpg,slit_lamp,dataset_01\normal\2839_left.jpg,0.0,True
2839_right.jpg,slit_lamp,dataset_01\normal\2839_right.jpg,0.0,True
2841_left.jpg,slit_lamp,dataset_01\normal\2841_left.jpg,0.0,True
2841_right.jpg,slit_lamp,dataset_01\normal\2841_right.jpg,0.0,True
2842_left.jpg,slit_lamp,dataset_01\normal\2842_left.jpg,0.0,True
2842_right.jpg,slit_lamp,dataset_01\normal\2842_right.jpg,0.0,True
2843_left.jpg,slit_lamp,dataset_01\normal\2843_left.jpg,1.71,True
2843_right.jpg,slit_lamp,dataset_01\normal\2843_right.jpg,0.55,True
2844_left.jpg,slit_lamp,dataset_01\normal\2844_left.jpg,0.0,True
2844_right.jpg,slit_lamp,dataset_01\normal\2844_right.jpg,0.0,True
2846_left.jpg,slit_lamp,dataset_01\normal\2846_left.jpg,0.0,True
2846_right.jpg,slit_lamp,dataset_01\normal\2846_right.jpg,0.0,True
2848_left.jpg,slit_lamp,dataset_01\normal\2848_left.jpg,0.0,True
2848_right.jpg,slit_lamp,dataset_01\normal\2848_right.jpg,0.0,True
2849_left.jpg,slit_lamp,dataset_01\normal\2849_left.jpg,0.0,True
2849_right.jpg,slit_lamp,dataset_01\normal\2849_right.jpg,0.0,True
2850_left.jpg,slit_lamp,dataset_01\normal\2850_left.jpg,0.0,True
2850_right.jpg,slit_lamp,dataset_01\normal\2850_right.jpg,0.0,True
2851_right.jpg,slit_lamp,dataset_01\normal\2851_right.jpg,0.0,True
2852_left.jpg,slit_lamp,dataset_01\normal\2852_left.jpg,0.0,True
2852_right.jpg,slit_lamp,dataset_01\normal\2852_right.jpg,0.0,True
2853_left.jpg,slit_lamp,dataset_01\normal\2853_left.jpg,0.0,True
2853_right.jpg,slit_lamp,dataset_01\normal\2853_right.jpg,0.0,True
2857_left.jpg,slit_lamp,dataset_01\normal\2857_left.jpg,0.0,True
2857_right.jpg,slit_lamp,dataset_01\normal\2857_right.jpg,0.0,True
2858_left.jpg,slit_lamp,dataset_01\normal\2858_left.jpg,0.0,True
2858_right.jpg,slit_lamp,dataset_01\normal\2858_right.jpg,0.0,True
2860_left.jpg,slit_lamp,dataset_01\normal\2860_left.jpg,0.0,True
2860_right.jpg,slit_lamp,dataset_01\normal\2860_right.jpg,0.0,True
2862_left.jpg,slit_lamp,dataset_01\normal\2862_left.jpg,0.0,True
2862_right.jpg,slit_lamp,dataset_01\normal\2862_right.jpg,0.0,True
2864_left.jpg,slit_lamp,dataset_01\normal\2864_left.jpg,0.0,True
2864_right.jpg,slit_lamp,dataset_01\normal\2864_right.jpg,0.0,True
2869_left.jpg,slit_lamp,dataset_01\normal\2869_left.jpg,0.11,True
2869_right.jpg,slit_lamp,dataset_01\normal\2869_right.jpg,0.0,True
2872_left.jpg,slit_lamp,dataset_01\normal\2872_left.jpg,0.0,True
2872_right.jpg,slit_lamp,dataset_01\normal\2872_right.jpg,0.0,True
2878_left.jpg,slit_lamp,dataset_01\normal\2878_left.jpg,0.0,True
2878_right.jpg,slit_lamp,dataset_01\normal\2878_right.jpg,0.0,True
2880_left.jpg,slit_lamp,dataset_01\normal\2880_left.jpg,0.41,True
2880_right.jpg,slit_lamp,dataset_01\normal\2880_right.jpg,0.3,True
2881_left.jpg,slit_lamp,dataset_01\normal\2881_left.jpg,0.13,True
2881_right.jpg,slit_lamp,dataset_01\normal\2881_right.jpg,0.0,True
2882_left.jpg,slit_lamp,dataset_01\normal\2882_left.jpg,0.23,True
2882_right.jpg,slit_lamp,dataset_01\normal\2882_right.jpg,0.25,True
2883_left.jpg,slit_lamp,dataset_01\normal\2883_left.jpg,0.0,True
2883_right.jpg,slit_lamp,dataset_01\normal\2883_right.jpg,0.02,True
2884_left.jpg,slit_lamp,dataset_01\normal\2884_left.jpg,0.0,True
2884_right.jpg,slit_lamp,dataset_01\normal\2884_right.jpg,0.0,True
2886_left.jpg,slit_lamp,dataset_01\normal\2886_left.jpg,0.0,True
2886_right.jpg,slit_lamp,dataset_01\normal\2886_right.jpg,0.0,True
2887_left.jpg,slit_lamp,dataset_01\normal\2887_left.jpg,0.0,True
2887_right.jpg,slit_lamp,dataset_01\normal\2887_right.jpg,0.0,True
2889_left.jpg,slit_lamp,dataset_01\normal\2889_left.jpg,0.0,True
2889_right.jpg,slit_lamp,dataset_01\normal\2889_right.jpg,0.0,True
2890_left.jpg,slit_lamp,dataset_01\normal\2890_left.jpg,0.0,True
2890_right.jpg,slit_lamp,dataset_01\normal\2890_right.jpg,0.0,True
2892_left.jpg,slit_lamp,dataset_01\normal\2892_left.jpg,0.0,True
2892_right.jpg,slit_lamp,dataset_01\normal\2892_right.jpg,0.0,True
2895_left.jpg,slit_lamp,dataset_01\normal\2895_left.jpg,0.67,True
2895_right.jpg,slit_lamp,dataset_01\normal\2895_right.jpg,0.0,True
2897_left.jpg,slit_lamp,dataset_01\normal\2897_left.jpg,0.0,True
2897_right.jpg,slit_lamp,dataset_01\normal\2897_right.jpg,0.0,True
2907_left.jpg,slit_lamp,dataset_01\normal\2907_left.jpg,0.0,True
2907_right.jpg,slit_lamp,dataset_01\normal\2907_right.jpg,0.0,True
2908_left.jpg,slit_lamp,dataset_01\normal\2908_left.jpg,0.1,True
2908_right.jpg,slit_lamp,dataset_01\normal\2908_right.jpg,0.0,True
2910_left.jpg,slit_lamp,dataset_01\normal\2910_left.jpg,0.0,True
2910_right.jpg,slit_lamp,dataset_01\normal\2910_right.jpg,0.0,True
2911_left.jpg,slit_lamp,dataset_01\normal\2911_left.jpg,0.0,True
2911_right.jpg,slit_lamp,dataset_01\normal\2911_right.jpg,0.0,True
2915_left.jpg,slit_lamp,dataset_01\normal\2915_left.jpg,0.0,True
2915_right.jpg,slit_lamp,dataset_01\normal\2915_right.jpg,0.0,True
2919_left.jpg,slit_lamp,dataset_01\normal\2919_left.jpg,0.0,True
2919_right.jpg,slit_lamp,dataset_01\normal\2919_right.jpg,0.1,True
2924_left.jpg,slit_lamp,dataset_01\normal\2924_left.jpg,0.0,True
2924_right.jpg,slit_lamp,dataset_01\normal\2924_right.jpg,0.0,True
2931_left.jpg,slit_lamp,dataset_01\normal\2931_left.jpg,0.0,True
2931_right.jpg,slit_lamp,dataset_01\normal\2931_right.jpg,0.0,True
2932_left.jpg,slit_lamp,dataset_01\normal\2932_left.jpg,0.0,True
2932_right.jpg,slit_lamp,dataset_01\normal\2932_right.jpg,0.0,True
2933_left.jpg,slit_lamp,dataset_01\normal\2933_left.jpg,0.61,True
2933_right.jpg,slit_lamp,dataset_01\normal\2933_right.jpg,0.33,True
2935_left.jpg,slit_lamp,dataset_01\normal\2935_left.jpg,0.0,True
2935_right.jpg,slit_lamp,dataset_01\normal\2935_right.jpg,0.0,True
2940_left.jpg,slit_lamp,dataset_01\normal\2940_left.jpg,0.0,True
2940_right.jpg,slit_lamp,dataset_01\normal\2940_right.jpg,0.0,True
2942_left.jpg,slit_lamp,dataset_01\normal\2942_left.jpg,0.0,True
2942_right.jpg,slit_lamp,dataset_01\normal\2942_right.jpg,0.0,True
2944_left.jpg,slit_lamp,dataset_01\normal\2944_left.jpg,0.05,True
2944_right.jpg,slit_lamp,dataset_01\normal\2944_right.jpg,0.18,True
2946_left.jpg,slit_lamp,dataset_01\normal\2946_left.jpg,0.0,True
2946_right.jpg,slit_lamp,dataset_01\normal\2946_right.jpg,0.0,True
2948_left.jpg,slit_lamp,dataset_01\normal\2948_left.jpg,0.82,True
2948_right.jpg,slit_lamp,dataset_01\normal\2948_right.jpg,1.21,True
2950_left.jpg,slit_lamp,dataset_01\normal\2950_left.jpg,0.0,True
2950_right.jpg,slit_lamp,dataset_01\normal\2950_right.jpg,0.0,True
2952_left.jpg,slit_lamp,dataset_01\normal\2952_left.jpg,0.0,True
2952_right.jpg,slit_lamp,dataset_01\normal\2952_right.jpg,0.0,True
2953_left.jpg,slit_lamp,dataset_01\normal\2953_left.jpg,0.0,True
2953_right.jpg,slit_lamp,dataset_01\normal\2953_right.jpg,0.0,True
2957_left.jpg,slit_lamp,dataset_01\normal\2957_left.jpg,28.0,True
2957_right.jpg,slit_lamp,dataset_01\normal\2957_right.jpg,22.53,True
2961_left.jpg,slit_lamp,dataset_01\normal\2961_left.jpg,0.0,True
2961_right.jpg,slit_lamp,dataset_01\normal\2961_right.jpg,0.07,True
2962_left.jpg,slit_lamp,dataset_01\normal\2962_left.jpg,0.0,True
2962_right.jpg,slit_lamp,dataset_01\normal\2962_right.jpg,0.0,True
2966_left.jpg,slit_lamp,dataset_01\normal\2966_left.jpg,0.12,True
2966_right.jpg,slit_lamp,dataset_01\normal\2966_right.jpg,0.06,True
2967_left.jpg,slit_lamp,dataset_01\normal\2967_left.jpg,0.0,True
2967_right.jpg,slit_lamp,dataset_01\normal\2967_right.jpg,0.97,True
2971_left.jpg,slit_lamp,dataset_01\normal\2971_left.jpg,0.0,True
2971_right.jpg,slit_lamp,dataset_01\normal\2971_right.jpg,0.0,True
2974_left.jpg,slit_lamp,dataset_01\normal\2974_left.jpg,0.0,True
2974_right.jpg,slit_lamp,dataset_01\normal\2974_right.jpg,0.0,True
2975_left.jpg,slit_lamp,dataset_01\normal\2975_left.jpg,0.0,True
2975_right.jpg,slit_lamp,dataset_01\normal\2975_right.jpg,0.04,True
2979_left.jpg,slit_lamp,dataset_01\normal\2979_left.jpg,0.0,True
2979_right.jpg,slit_lamp,dataset_01\normal\2979_right.jpg,0.0,True
2980_left.jpg,slit_lamp,dataset_01\normal\2980_left.jpg,0.0,True
2980_right.jpg,slit_lamp,dataset_01\normal\2980_right.jpg,0.0,True
2981_left.jpg,slit_lamp,dataset_01\normal\2981_left.jpg,0.0,True
2981_right.jpg,slit_lamp,dataset_01\normal\2981_right.jpg,0.0,True
2984_left.jpg,slit_lamp,dataset_01\normal\2984_left.jpg,0.0,True
2984_right.jpg,slit_lamp,dataset_01\normal\2984_right.jpg,0.0,True
2985_left.jpg,slit_lamp,dataset_01\normal\2985_left.jpg,0.0,True
2985_right.jpg,slit_lamp,dataset_01\normal\2985_right.jpg,0.0,True
2988_left.jpg,slit_lamp,dataset_01\normal\2988_left.jpg,0.0,True
2988_right.jpg,slit_lamp,dataset_01\normal\2988_right.jpg,0.0,True
2991_left.jpg,slit_lamp,dataset_01\normal\2991_left.jpg,0.0,True
2991_right.jpg,slit_lamp,dataset_01\normal\2991_right.jpg,0.0,True
2992_left.jpg,slit_lamp,dataset_01\normal\2992_left.jpg,0.0,True
2992_right.jpg,slit_lamp,dataset_01\normal\2992_right.jpg,0.0,True
2996_left.jpg,slit_lamp,dataset_01\normal\2996_left.jpg,0.0,True
2996_right.jpg,slit_lamp,dataset_01\normal\2996_right.jpg,0.0,True
3000_left.jpg,slit_lamp,dataset_01\normal\3000_left.jpg,0.0,True
3000_right.jpg,slit_lamp,dataset_01\normal\3000_right.jpg,0.03,True
3001_left.jpg,slit_lamp,dataset_01\normal\3001_left.jpg,0.0,True
3001_right.jpg,slit_lamp,dataset_01\normal\3001_right.jpg,0.0,True
3004_left.jpg,slit_lamp,dataset_01\normal\3004_left.jpg,0.0,True
3004_right.jpg,slit_lamp,dataset_01\normal\3004_right.jpg,0.0,True
3007_left.jpg,slit_lamp,dataset_01\normal\3007_left.jpg,0.0,True
3007_right.jpg,slit_lamp,dataset_01\normal\3007_right.jpg,0.0,True
3008_left.jpg,slit_lamp,dataset_01\normal\3008_left.jpg,0.65,True
3008_right.jpg,slit_lamp,dataset_01\normal\3008_right.jpg,1.41,True
3009_left.jpg,slit_lamp,dataset_01\normal\3009_left.jpg,1.4,True
3009_right.jpg,slit_lamp,dataset_01\normal\3009_right.jpg,5.31,True
3010_left.jpg,slit_lamp,dataset_01\normal\3010_left.jpg,0.0,True
3010_right.jpg,slit_lamp,dataset_01\normal\3010_right.jpg,0.0,True
3011_left.jpg,slit_lamp,dataset_01\normal\3011_left.jpg,0.45,True
3011_right.jpg,slit_lamp,dataset_01\normal\3011_right.jpg,0.56,True
3013_left.jpg,slit_lamp,dataset_01\normal\3013_left.jpg,0.26,True
3013_right.jpg,slit_lamp,dataset_01\normal\3013_right.jpg,0.0,True
3016_left.jpg,slit_lamp,dataset_01\normal\3016_left.jpg,0.0,True
3016_right.jpg,slit_lamp,dataset_01\normal\3016_right.jpg,0.0,True
3017_left.jpg,slit_lamp,dataset_01\normal\3017_left.jpg,0.0,True
3017_right.jpg,slit_lamp,dataset_01\normal\3017_right.jpg,0.0,True
3018_left.jpg,slit_lamp,dataset_01\normal\3018_left.jpg,0.0,True
3018_right.jpg,slit_lamp,dataset_01\normal\3018_right.jpg,0.0,True
3020_left.jpg,slit_lamp,dataset_01\normal\3020_left.jpg,0.0,True
3020_right.jpg,slit_lamp,dataset_01\normal\3020_right.jpg,0.0,True
3025_left.jpg,slit_lamp,dataset_01\normal\3025_left.jpg,0.37,True
3025_right.jpg,slit_lamp,dataset_01\normal\3025_right.jpg,0.55,True
3026_left.jpg,slit_lamp,dataset_01\normal\3026_left.jpg,0.0,True
3026_right.jpg,slit_lamp,dataset_01\normal\3026_right.jpg,0.0,True
3029_left.jpg,slit_lamp,dataset_01\normal\3029_left.jpg,0.0,True
3029_right.jpg,slit_lamp,dataset_01\normal\3029_right.jpg,0.0,True
3034_left.jpg,slit_lamp,dataset_01\normal\3034_left.jpg,0.0,True
3034_right.jpg,slit_lamp,dataset_01\normal\3034_right.jpg,0.0,True
3037_right.jpg,slit_lamp,dataset_01\normal\3037_right.jpg,0.0,True
3038_left.jpg,slit_lamp,dataset_01\normal\3038_left.jpg,0.0,True
3038_right.jpg,slit_lamp,dataset_01\normal\3038_right.jpg,0.0,True
3040_left.jpg,slit_lamp,dataset_01\normal\3040_left.jpg,0.01,True
3040_right.jpg,slit_lamp,dataset_01\normal\3040_right.jpg,0.0,True
3042_left.jpg,slit_lamp,dataset_01\normal\3042_left.jpg,0.0,True
3042_right.jpg,slit_lamp,dataset_01\normal\3042_right.jpg,0.0,True
3044_left.jpg,slit_lamp,dataset_01\normal\3044_left.jpg,0.26,True
3044_right.jpg,slit_lamp,dataset_01\normal\3044_right.jpg,0.31,True
3050_left.jpg,slit_lamp,dataset_01\normal\3050_left.jpg,0.0,True
3050_right.jpg,slit_lamp,dataset_01\normal\3050_right.jpg,0.0,True
3051_left.jpg,slit_lamp,dataset_01\normal\3051_left.jpg,0.0,True
3051_right.jpg,slit_lamp,dataset_01\normal\3051_right.jpg,0.0,True
3052_left.jpg,slit_lamp,dataset_01\normal\3052_left.jpg,0.0,True
3052_right.jpg,slit_lamp,dataset_01\normal\3052_right.jpg,0.0,True
3054_left.jpg,slit_lamp,dataset_01\normal\3054_left.jpg,0.03,True
3054_right.jpg,slit_lamp,dataset_01\normal\3054_right.jpg,0.0,True
3056_left.jpg,slit_lamp,dataset_01\normal\3056_left.jpg,0.0,True
3056_right.jpg,slit_lamp,dataset_01\normal\3056_right.jpg,0.0,True
3057_left.jpg,slit_lamp,dataset_01\normal\3057_left.jpg,0.15,True
3057_right.jpg,slit_lamp,dataset_01\normal\3057_right.jpg,0.0,True
3058_left.jpg,slit_lamp,dataset_01\normal\3058_left.jpg,0.0,True
3058_right.jpg,slit_lamp,dataset_01\normal\3058_right.jpg,0.0,True
3059_left.jpg,slit_lamp,dataset_01\normal\3059_left.jpg,0.0,True
3059_right.jpg,slit_lamp,dataset_01\normal\3059_right.jpg,0.0,True
3062_left.jpg,slit_lamp,dataset_01\normal\3062_left.jpg,0.0,True
3062_right.jpg,slit_lamp,dataset_01\normal\3062_right.jpg,0.0,True
3063_left.jpg,slit_lamp,dataset_01\normal\3063_left.jpg,0.0,True
3063_right.jpg,slit_lamp,dataset_01\normal\3063_right.jpg,0.0,True
3064_left.jpg,slit_lamp,dataset_01\normal\3064_left.jpg,0.34,True
3064_right.jpg,slit_lamp,dataset_01\normal\3064_right.jpg,0.36,True
3066_left.jpg,slit_lamp,dataset_01\normal\3066_left.jpg,0.03,True
3066_right.jpg,slit_lamp,dataset_01\normal\3066_right.jpg,0.0,True
3068_left.jpg,slit_lamp,dataset_01\normal\3068_left.jpg,0.0,True
3068_right.jpg,slit_lamp,dataset_01\normal\3068_right.jpg,0.0,True
3069_left.jpg,slit_lamp,dataset_01\normal\3069_left.jpg,0.0,True
3069_right.jpg,slit_lamp,dataset_01\normal\3069_right.jpg,0.0,True
3070_left.jpg,slit_lamp,dataset_01\normal\3070_left.jpg,0.0,True
3070_right.jpg,slit_lamp,dataset_01\normal\3070_right.jpg,0.0,True
3072_left.jpg,slit_lamp,dataset_01\normal\3072_left.jpg,0.0,True
3072_right.jpg,slit_lamp,dataset_01\normal\3072_right.jpg,0.0,True
3075_left.jpg,slit_lamp,dataset_01\normal\3075_left.jpg,0.0,True
3075_right.jpg,slit_lamp,dataset_01\normal\3075_right.jpg,0.0,True
3077_left.jpg,slit_lamp,dataset_01\normal\3077_left.jpg,0.0,True
3077_right.jpg,slit_lamp,dataset_01\normal\3077_right.jpg,0.0,True
3079_left.jpg,slit_lamp,dataset_01\normal\3079_left.jpg,0.0,True
3079_right.jpg,slit_lamp,dataset_01\normal\3079_right.jpg,0.0,True
3080_left.jpg,slit_lamp,dataset_01\normal\3080_left.jpg,0.0,True
3080_right.jpg,slit_lamp,dataset_01\normal\3080_right.jpg,0.0,True
3083_left.jpg,slit_lamp,dataset_01\normal\3083_left.jpg,0.0,True
3083_right.jpg,slit_lamp,dataset_01\normal\3083_right.jpg,0.0,True
3084_left.jpg,slit_lamp,dataset_01\normal\3084_left.jpg,0.0,True
3084_right.jpg,slit_lamp,dataset_01\normal\3084_right.jpg,0.0,True
3085_left.jpg,slit_lamp,dataset_01\normal\3085_left.jpg,0.84,True
3085_right.jpg,slit_lamp,dataset_01\normal\3085_right.jpg,0.61,True
3090_left.jpg,slit_lamp,dataset_01\normal\3090_left.jpg,0.0,True
3090_right.jpg,slit_lamp,dataset_01\normal\3090_right.jpg,0.06,True
3094_left.jpg,slit_lamp,dataset_01\normal\3094_left.jpg,0.0,True
3094_right.jpg,slit_lamp,dataset_01\normal\3094_right.jpg,0.05,True
3095_left.jpg,slit_lamp,dataset_01\normal\3095_left.jpg,0.0,True
3095_right.jpg,slit_lamp,dataset_01\normal\3095_right.jpg,0.0,True
3097_left.jpg,slit_lamp,dataset_01\normal\3097_left.jpg,0.0,True
3097_right.jpg,slit_lamp,dataset_01\normal\3097_right.jpg,0.0,True
3098_left.jpg,slit_lamp,dataset_01\normal\3098_left.jpg,0.31,True
3098_right.jpg,slit_lamp,dataset_01\normal\3098_right.jpg,0.37,True
3100_left.jpg,slit_lamp,dataset_01\normal\3100_left.jpg,0.01,True
3100_right.jpg,slit_lamp,dataset_01\normal\3100_right.jpg,0.0,True
3102_left.jpg,slit_lamp,dataset_01\normal\3102_left.jpg,0.0,True
3102_right.jpg,slit_lamp,dataset_01\normal\3102_right.jpg,0.0,True
3108_left.jpg,slit_lamp,dataset_01\normal\3108_left.jpg,0.0,True
3108_right.jpg,slit_lamp,dataset_01\normal\3108_right.jpg,0.0,True
3109_left.jpg,slit_lamp,dataset_01\normal\3109_left.jpg,0.0,True
3109_right.jpg,slit_lamp,dataset_01\normal\3109_right.jpg,0.0,True
3110_left.jpg,slit_lamp,dataset_01\normal\3110_left.jpg,0.0,True
3110_right.jpg,slit_lamp,dataset_01\normal\3110_right.jpg,0.0,True
3113_left.jpg,slit_lamp,dataset_01\normal\3113_left.jpg,0.0,True
3113_right.jpg,slit_lamp,dataset_01\normal\3113_right.jpg,0.0,True
3114_left.jpg,slit_lamp,dataset_01\normal\3114_left.jpg,0.61,True
3114_right.jpg,slit_lamp,dataset_01\normal\3114_right.jpg,0.17,True
3117_left.jpg,slit_lamp,dataset_01\normal\3117_left.jpg,0.0,True
3117_right.jpg,slit_lamp,dataset_01\normal\3117_right.jpg,0.0,True
3119_left.jpg,slit_lamp,dataset_01\normal\3119_left.jpg,0.0,True
3122_left.jpg,slit_lamp,dataset_01\normal\3122_left.jpg,0.0,True
3122_right.jpg,slit_lamp,dataset_01\normal\3122_right.jpg,0.0,True
3123_left.jpg,slit_lamp,dataset_01\normal\3123_left.jpg,0.48,True
3123_right.jpg,slit_lamp,dataset_01\normal\3123_right.jpg,0.38,True
3124_left.jpg,slit_lamp,dataset_01\normal\3124_left.jpg,0.0,True
3124_right.jpg,slit_lamp,dataset_01\normal\3124_right.jpg,0.0,True
3127_left.jpg,slit_lamp,dataset_01\normal\3127_left.jpg,0.25,True
3127_right.jpg,slit_lamp,dataset_01\normal\3127_right.jpg,0.14,True
3131_left.jpg,slit_lamp,dataset_01\normal\3131_left.jpg,0.19,True
3131_right.jpg,slit_lamp,dataset_01\normal\3131_right.jpg,0.28,True
3138_left.jpg,slit_lamp,dataset_01\normal\3138_left.jpg,0.18,True
3138_right.jpg,slit_lamp,dataset_01\normal\3138_right.jpg,0.0,True
3139_left.jpg,slit_lamp,dataset_01\normal\3139_left.jpg,0.09,True
3139_right.jpg,slit_lamp,dataset_01\normal\3139_right.jpg,0.0,True
3141_left.jpg,slit_lamp,dataset_01\normal\3141_left.jpg,0.0,True
3141_right.jpg,slit_lamp,dataset_01\normal\3141_right.jpg,0.52,True
3142_left.jpg,slit_lamp,dataset_01\normal\3142_left.jpg,0.0,True
3142_right.jpg,slit_lamp,dataset_01\normal\3142_right.jpg,0.0,True
3144_left.jpg,slit_lamp,dataset_01\normal\3144_left.jpg,0.0,True
3144_right.jpg,slit_lamp,dataset_01\normal\3144_right.jpg,0.0,True
3145_left.jpg,slit_lamp,dataset_01\normal\3145_left.jpg,0.07,True
3146_right.jpg,slit_lamp,dataset_01\normal\3146_right.jpg,0.0,True
3150_left.jpg,slit_lamp,dataset_01\normal\3150_left.jpg,0.0,True
3150_right.jpg,slit_lamp,dataset_01\normal\3150_right.jpg,0.0,True
3153_left.jpg,slit_lamp,dataset_01\normal\3153_left.jpg,0.0,True
3153_right.jpg,slit_lamp,dataset_01\normal\3153_right.jpg,0.0,True
3154_left.jpg,slit_lamp,dataset_01\normal\3154_left.jpg,0.0,True
3155_left.jpg,slit_lamp,dataset_01\normal\3155_left.jpg,0.0,True
3155_right.jpg,slit_lamp,dataset_01\normal\3155_right.jpg,0.0,True
3157_left.jpg,slit_lamp,dataset_01\normal\3157_left.jpg,0.0,True
3157_right.jpg,slit_lamp,dataset_01\normal\3157_right.jpg,0.0,True
3159_right.jpg,slit_lamp,dataset_01\normal\3159_right.jpg,0.0,True
3163_left.jpg,slit_lamp,dataset_01\normal\3163_left.jpg,0.06,True
3164_right.jpg,slit_lamp,dataset_01\normal\3164_right.jpg,0.0,True
3166_right.jpg,slit_lamp,dataset_01\normal\3166_right.jpg,0.0,True
3168_left.jpg,slit_lamp,dataset_01\normal\3168_left.jpg,0.0,True
3169_left.jpg,slit_lamp,dataset_01\normal\3169_left.jpg,0.42,True
3169_right.jpg,slit_lamp,dataset_01\normal\3169_right.jpg,0.39,True
3170_right.jpg,slit_lamp,dataset_01\normal\3170_right.jpg,0.0,True
3171_left.jpg,slit_lamp,dataset_01\normal\3171_left.jpg,0.0,True
3172_left.jpg,slit_lamp,dataset_01\normal\3172_left.jpg,0.0,True
3172_right.jpg,slit_lamp,dataset_01\normal\3172_right.jpg,0.0,True
3173_right.jpg,slit_lamp,dataset_01\normal\3173_right.jpg,0.0,True
3175_left.jpg,slit_lamp,dataset_01\normal\3175_left.jpg,0.0,True
3175_right.jpg,slit_lamp,dataset_01\normal\3175_right.jpg,0.0,True
3176_left.jpg,slit_lamp,dataset_01\normal\3176_left.jpg,0.0,True
3176_right.jpg,slit_lamp,dataset_01\normal\3176_right.jpg,0.0,True
3177_right.jpg,slit_lamp,dataset_01\normal\3177_right.jpg,0.0,True
3179_left.jpg,slit_lamp,dataset_01\normal\3179_left.jpg,0.0,True
3181_right.jpg,slit_lamp,dataset_01\normal\3181_right.jpg,0.0,True
3183_left.jpg,slit_lamp,dataset_01\normal\3183_left.jpg,0.0,True
3184_left.jpg,slit_lamp,dataset_01\normal\3184_left.jpg,0.0,True
3184_right.jpg,slit_lamp,dataset_01\normal\3184_right.jpg,0.0,True
3186_left.jpg,slit_lamp,dataset_01\normal\3186_left.jpg,0.0,True
3186_right.jpg,slit_lamp,dataset_01\normal\3186_right.jpg,0.0,True
3187_left.jpg,slit_lamp,dataset_01\normal\3187_left.jpg,0.0,True
3187_right.jpg,slit_lamp,dataset_01\normal\3187_right.jpg,0.13,True
3188_left.jpg,slit_lamp,dataset_01\normal\3188_left.jpg,0.0,True
3188_right.jpg,slit_lamp,dataset_01\normal\3188_right.jpg,0.0,True
3191_right.jpg,slit_lamp,dataset_01\normal\3191_right.jpg,0.0,True
3192_left.jpg,slit_lamp,dataset_01\normal\3192_left.jpg,0.0,True
3193_left.jpg,slit_lamp,dataset_01\normal\3193_left.jpg,0.02,True
3193_right.jpg,slit_lamp,dataset_01\normal\3193_right.jpg,0.01,True
3194_left.jpg,slit_lamp,dataset_01\normal\3194_left.jpg,0.0,True
3194_right.jpg,slit_lamp,dataset_01\normal\3194_right.jpg,0.0,True
3196_left.jpg,slit_lamp,dataset_01\normal\3196_left.jpg,0.0,True
3196_right.jpg,slit_lamp,dataset_01\normal\3196_right.jpg,0.0,True
3198_left.jpg,slit_lamp,dataset_01\normal\3198_left.jpg,0.0,True
3198_right.jpg,slit_lamp,dataset_01\normal\3198_right.jpg,0.0,True
3200_left.jpg,slit_lamp,dataset_01\normal\3200_left.jpg,0.0,True
3201_left.jpg,slit_lamp,dataset_01\normal\3201_left.jpg,0.0,True
3202_left.jpg,slit_lamp,dataset_01\normal\3202_left.jpg,0.0,True
3202_right.jpg,slit_lamp,dataset_01\normal\3202_right.jpg,0.0,True
3203_left.jpg,slit_lamp,dataset_01\normal\3203_left.jpg,0.0,True
3203_right.jpg,slit_lamp,dataset_01\normal\3203_right.jpg,0.0,True
3204_left.jpg,slit_lamp,dataset_01\normal\3204_left.jpg,0.0,True
3206_left.jpg,slit_lamp,dataset_01\normal\3206_left.jpg,13.2,True
3207_left.jpg,slit_lamp,dataset_01\normal\3207_left.jpg,0.0,True
3207_right.jpg,slit_lamp,dataset_01\normal\3207_right.jpg,0.0,True
3208_left.jpg,slit_lamp,dataset_01\normal\3208_left.jpg,0.31,True
3208_right.jpg,slit_lamp,dataset_01\normal\3208_right.jpg,0.0,True
3209_right.jpg,slit_lamp,dataset_01\normal\3209_right.jpg,0.0,True
3212_left.jpg,slit_lamp,dataset_01\normal\3212_left.jpg,8.02,True
3214_left.jpg,slit_lamp,dataset_01\normal\3214_left.jpg,0.0,True
3214_right.jpg,slit_lamp,dataset_01\normal\3214_right.jpg,0.0,True
3215_right.jpg,slit_lamp,dataset_01\normal\3215_right.jpg,0.0,True
3216_left.jpg,slit_lamp,dataset_01\normal\3216_left.jpg,0.0,True
3217_left.jpg,slit_lamp,dataset_01\normal\3217_left.jpg,0.0,True
3217_right.jpg,slit_lamp,dataset_01\normal\3217_right.jpg,0.0,True
3218_right.jpg,slit_lamp,dataset_01\normal\3218_right.jpg,0.0,True
3221_left.jpg,slit_lamp,dataset_01\normal\3221_left.jpg,0.0,True
3221_right.jpg,slit_lamp,dataset_01\normal\3221_right.jpg,0.02,True
3222_left.jpg,slit_lamp,dataset_01\normal\3222_left.jpg,0.0,True
3222_right.jpg,slit_lamp,dataset_01\normal\3222_right.jpg,0.08,True
3223_left.jpg,slit_lamp,dataset_01\normal\3223_left.jpg,0.0,True
3223_right.jpg,slit_lamp,dataset_01\normal\3223_right.jpg,0.0,True
3226_left.jpg,slit_lamp,dataset_01\normal\3226_left.jpg,0.0,True
3226_right.jpg,slit_lamp,dataset_01\normal\3226_right.jpg,0.18,True
3227_left.jpg,slit_lamp,dataset_01\normal\3227_left.jpg,0.01,True
3227_right.jpg,slit_lamp,dataset_01\normal\3227_right.jpg,0.0,True
3232_left.jpg,slit_lamp,dataset_01\normal\3232_left.jpg,0.0,True
3232_right.jpg,slit_lamp,dataset_01\normal\3232_right.jpg,0.0,True
3234_left.jpg,slit_lamp,dataset_01\normal\3234_left.jpg,0.92,True
3234_right.jpg,slit_lamp,dataset_01\normal\3234_right.jpg,0.24,True
3237_left.jpg,slit_lamp,dataset_01\normal\3237_left.jpg,0.0,True
3237_right.jpg,slit_lamp,dataset_01\normal\3237_right.jpg,0.0,True
3238_right.jpg,slit_lamp,dataset_01\normal\3238_right.jpg,0.0,True
3240_right.jpg,slit_lamp,dataset_01\normal\3240_right.jpg,0.0,True
3241_left.jpg,slit_lamp,dataset_01\normal\3241_left.jpg,0.0,True
3242_left.jpg,slit_lamp,dataset_01\normal\3242_left.jpg,0.0,True
3242_right.jpg,slit_lamp,dataset_01\normal\3242_right.jpg,0.02,True
3243_left.jpg,slit_lamp,dataset_01\normal\3243_left.jpg,0.02,True
3243_right.jpg,slit_lamp,dataset_01\normal\3243_right.jpg,0.0,True
3244_left.jpg,slit_lamp,dataset_01\normal\3244_left.jpg,0.0,True
3244_right.jpg,slit_lamp,dataset_01\normal\3244_right.jpg,0.0,True
3245_right.jpg,slit_lamp,dataset_01\normal\3245_right.jpg,0.0,True
3246_left.jpg,slit_lamp,dataset_01\normal\3246_left.jpg,0.15,True
3248_left.jpg,slit_lamp,dataset_01\normal\3248_left.jpg,0.0,True
3248_right.jpg,slit_lamp,dataset_01\normal\3248_right.jpg,0.32,True
3249_right.jpg,slit_lamp,dataset_01\normal\3249_right.jpg,0.0,True
3251_left.jpg,slit_lamp,dataset_01\normal\3251_left.jpg,0.0,True
3252_left.jpg,slit_lamp,dataset_01\normal\3252_left.jpg,0.0,True
3252_right.jpg,slit_lamp,dataset_01\normal\3252_right.jpg,0.0,True
3253_right.jpg,slit_lamp,dataset_01\normal\3253_right.jpg,0.0,True
3255_left.jpg,slit_lamp,dataset_01\normal\3255_left.jpg,0.0,True
3255_right.jpg,slit_lamp,dataset_01\normal\3255_right.jpg,0.0,True
3256_right.jpg,slit_lamp,dataset_01\normal\3256_right.jpg,0.0,True
3257_right.jpg,slit_lamp,dataset_01\normal\3257_right.jpg,0.0,True
3259_left.jpg,slit_lamp,dataset_01\normal\3259_left.jpg,0.2,True
3259_right.jpg,slit_lamp,dataset_01\normal\3259_right.jpg,0.07,True
3260_left.jpg,slit_lamp,dataset_01\normal\3260_left.jpg,0.0,True
3260_right.jpg,slit_lamp,dataset_01\normal\3260_right.jpg,0.0,True
3262_right.jpg,slit_lamp,dataset_01\normal\3262_right.jpg,0.0,True
3263_left.jpg,slit_lamp,dataset_01\normal\3263_left.jpg,0.0,True
3264_left.jpg,slit_lamp,dataset_01\normal\3264_left.jpg,0.0,True
3266_right.jpg,slit_lamp,dataset_01\normal\3266_right.jpg,0.58,True
3267_left.jpg,slit_lamp,dataset_01\normal\3267_left.jpg,0.0,True
3271_right.jpg,slit_lamp,dataset_01\normal\3271_right.jpg,0.0,True
3272_left.jpg,slit_lamp,dataset_01\normal\3272_left.jpg,0.0,True
3273_left.jpg,slit_lamp,dataset_01\normal\3273_left.jpg,0.0,True
3273_right.jpg,slit_lamp,dataset_01\normal\3273_right.jpg,0.0,True
3274_left.jpg,slit_lamp,dataset_01\normal\3274_left.jpg,0.0,True
3275_left.jpg,slit_lamp,dataset_01\normal\3275_left.jpg,0.14,True
3275_right.jpg,slit_lamp,dataset_01\normal\3275_right.jpg,0.0,True
3282_right.jpg,slit_lamp,dataset_01\normal\3282_right.jpg,0.0,True
3283_left.jpg,slit_lamp,dataset_01\normal\3283_left.jpg,0.0,True
3285_right.jpg,slit_lamp,dataset_01\normal\3285_right.jpg,1.28,True
3287_right.jpg,slit_lamp,dataset_01\normal\3287_right.jpg,0.04,True
3289_left.jpg,slit_lamp,dataset_01\normal\3289_left.jpg,0.0,True
3289_right.jpg,slit_lamp,dataset_01\normal\3289_right.jpg,0.0,True
3290_right.jpg,slit_lamp,dataset_01\normal\3290_right.jpg,0.0,True
3291_left.jpg,slit_lamp,dataset_01\normal\3291_left.jpg,0.11,True
3291_right.jpg,slit_lamp,dataset_01\normal\3291_right.jpg,0.0,True
3293_left.jpg,slit_lamp,dataset_01\normal\3293_left.jpg,0.0,True
3294_right.jpg,slit_lamp,dataset_01\normal\3294_right.jpg,0.01,True
3295_left.jpg,slit_lamp,dataset_01\normal\3295_left.jpg,0.05,True
3295_right.jpg,slit_lamp,dataset_01\normal\3295_right.jpg,0.0,True
3296_left.jpg,slit_lamp,dataset_01\normal\3296_left.jpg,0.0,True
3297_right.jpg,slit_lamp,dataset_01\normal\3297_right.jpg,0.0,True
3298_left.jpg,slit_lamp,dataset_01\normal\3298_left.jpg,0.0,True
3298_right.jpg,slit_lamp,dataset_01\normal\3298_right.jpg,0.0,True
3300_left.jpg,slit_lamp,dataset_01\normal\3300_left.jpg,0.0,True
3300_right.jpg,slit_lamp,dataset_01\normal\3300_right.jpg,0.0,True
3304_left.jpg,slit_lamp,dataset_01\normal\3304_left.jpg,0.0,True
3304_right.jpg,slit_lamp,dataset_01\normal\3304_right.jpg,0.01,True
3305_left.jpg,slit_lamp,dataset_01\normal\3305_left.jpg,0.0,True
3305_right.jpg,slit_lamp,dataset_01\normal\3305_right.jpg,0.0,True
3306_left.jpg,slit_lamp,dataset_01\normal\3306_left.jpg,0.0,True
3306_right.jpg,slit_lamp,dataset_01\normal\3306_right.jpg,0.0,True
3307_right.jpg,slit_lamp,dataset_01\normal\3307_right.jpg,0.0,True
3308_left.jpg,slit_lamp,dataset_01\normal\3308_left.jpg,0.0,True
3308_right.jpg,slit_lamp,dataset_01\normal\3308_right.jpg,0.0,True
3309_left.jpg,slit_lamp,dataset_01\normal\3309_left.jpg,0.0,True
3309_right.jpg,slit_lamp,dataset_01\normal\3309_right.jpg,0.0,True
3311_right.jpg,slit_lamp,dataset_01\normal\3311_right.jpg,0.08,True
3312_left.jpg,slit_lamp,dataset_01\normal\3312_left.jpg,0.0,True
3315_right.jpg,slit_lamp,dataset_01\normal\3315_right.jpg,0.0,True
3317_left.jpg,slit_lamp,dataset_01\normal\3317_left.jpg,0.0,True
3318_left.jpg,slit_lamp,dataset_01\normal\3318_left.jpg,0.05,True
3319_right.jpg,slit_lamp,dataset_01\normal\3319_right.jpg,0.0,True
3320_right.jpg,slit_lamp,dataset_01\normal\3320_right.jpg,0.0,True
3321_left.jpg,slit_lamp,dataset_01\normal\3321_left.jpg,0.15,True
3324_left.jpg,slit_lamp,dataset_01\normal\3324_left.jpg,0.0,True
3324_right.jpg,slit_lamp,dataset_01\normal\3324_right.jpg,0.0,True
3325_left.jpg,slit_lamp,dataset_01\normal\3325_left.jpg,0.0,True
3329_right.jpg,slit_lamp,dataset_01\normal\3329_right.jpg,0.0,True
3330_left.jpg,slit_lamp,dataset_01\normal\3330_left.jpg,0.0,True
3330_right.jpg,slit_lamp,dataset_01\normal\3330_right.jpg,0.03,True
3332_right.jpg,slit_lamp,dataset_01\normal\3332_right.jpg,0.04,True
3340_right.jpg,slit_lamp,dataset_01\normal\3340_right.jpg,0.01,True
3341_left.jpg,slit_lamp,dataset_01\normal\3341_left.jpg,0.0,True
3341_right.jpg,slit_lamp,dataset_01\normal\3341_right.jpg,0.5,True
3342_left.jpg,slit_lamp,dataset_01\normal\3342_left.jpg,0.01,True
3343_right.jpg,slit_lamp,dataset_01\normal\3343_right.jpg,0.2,True
3344_right.jpg,slit_lamp,dataset_01\normal\3344_right.jpg,0.0,True
3348_right.jpg,slit_lamp,dataset_01\normal\3348_right.jpg,10.83,True
3350_left.jpg,slit_lamp,dataset_01\normal\3350_left.jpg,0.0,True
3352_left.jpg,slit_lamp,dataset_01\normal\3352_left.jpg,0.0,True
3352_right.jpg,slit_lamp,dataset_01\normal\3352_right.jpg,0.0,True
3353_left.jpg,slit_lamp,dataset_01\normal\3353_left.jpg,0.0,True
3354_left.jpg,slit_lamp,dataset_01\normal\3354_left.jpg,0.0,True
3354_right.jpg,slit_lamp,dataset_01\normal\3354_right.jpg,0.0,True
3355_left.jpg,slit_lamp,dataset_01\normal\3355_left.jpg,0.0,True
3355_right.jpg,slit_lamp,dataset_01\normal\3355_right.jpg,0.0,True
3356_left.jpg,slit_lamp,dataset_01\normal\3356_left.jpg,0.0,True
3356_right.jpg,slit_lamp,dataset_01\normal\3356_right.jpg,0.0,True
3357_left.jpg,slit_lamp,dataset_01\normal\3357_left.jpg,0.0,True
3357_right.jpg,slit_lamp,dataset_01\normal\3357_right.jpg,0.0,True
3358_left.jpg,slit_lamp,dataset_01\normal\3358_left.jpg,0.0,True
3358_right.jpg,slit_lamp,dataset_01\normal\3358_right.jpg,0.0,True
3359_left.jpg,slit_lamp,dataset_01\normal\3359_left.jpg,0.0,True
3359_right.jpg,slit_lamp,dataset_01\normal\3359_right.jpg,0.0,True
3360_right.jpg,slit_lamp,dataset_01\normal\3360_right.jpg,0.0,True
3362_left.jpg,slit_lamp,dataset_01\normal\3362_left.jpg,0.0,True
3363_left.jpg,slit_lamp,dataset_01\normal\3363_left.jpg,0.0,True
3363_right.jpg,slit_lamp,dataset_01\normal\3363_right.jpg,0.0,True
3364_right.jpg,slit_lamp,dataset_01\normal\3364_right.jpg,0.0,True
3365_left.jpg,slit_lamp,dataset_01\normal\3365_left.jpg,0.0,True
3367_left.jpg,slit_lamp,dataset_01\normal\3367_left.jpg,0.02,True
3367_right.jpg,slit_lamp,dataset_01\normal\3367_right.jpg,0.02,True
3369_left.jpg,slit_lamp,dataset_01\normal\3369_left.jpg,0.0,True
3373_right.jpg,slit_lamp,dataset_01\normal\3373_right.jpg,9.48,True
3375_left.jpg,slit_lamp,dataset_01\normal\3375_left.jpg,0.0,True
3376_left.jpg,slit_lamp,dataset_01\normal\3376_left.jpg,0.0,True
3377_left.jpg,slit_lamp,dataset_01\normal\3377_left.jpg,0.0,True
3377_right.jpg,slit_lamp,dataset_01\normal\3377_right.jpg,0.0,True
3378_right.jpg,slit_lamp,dataset_01\normal\3378_right.jpg,0.0,True
3379_right.jpg,slit_lamp,dataset_01\normal\3379_right.jpg,0.49,True
3380_right.jpg,slit_lamp,dataset_01\normal\3380_right.jpg,0.0,True
3381_left.jpg,slit_lamp,dataset_01\normal\3381_left.jpg,0.02,True
3382_left.jpg,slit_lamp,dataset_01\normal\3382_left.jpg,0.59,True
3383_right.jpg,slit_lamp,dataset_01\normal\3383_right.jpg,0.0,True
3386_left.jpg,slit_lamp,dataset_01\normal\3386_left.jpg,0.1,True
3387_left.jpg,slit_lamp,dataset_01\normal\3387_left.jpg,0.0,True
3388_left.jpg,slit_lamp,dataset_01\normal\3388_left.jpg,0.0,True
3388_right.jpg,slit_lamp,dataset_01\normal\3388_right.jpg,0.0,True
3389_left.jpg,slit_lamp,dataset_01\normal\3389_left.jpg,0.0,True
3389_right.jpg,slit_lamp,dataset_01\normal\3389_right.jpg,0.0,True
3390_left.jpg,slit_lamp,dataset_01\normal\3390_left.jpg,0.19,True
3390_right.jpg,slit_lamp,dataset_01\normal\3390_right.jpg,0.0,True
3391_right.jpg,slit_lamp,dataset_01\normal\3391_right.jpg,0.14,True
3392_left.jpg,slit_lamp,dataset_01\normal\3392_left.jpg,0.12,True
3392_right.jpg,slit_lamp,dataset_01\normal\3392_right.jpg,0.01,True
3393_left.jpg,slit_lamp,dataset_01\normal\3393_left.jpg,0.0,True
3394_right.jpg,slit_lamp,dataset_01\normal\3394_right.jpg,0.0,True
3395_left.jpg,slit_lamp,dataset_01\normal\3395_left.jpg,0.0,True
3397_left.jpg,slit_lamp,dataset_01\normal\3397_left.jpg,0.02,True
3398_left.jpg,slit_lamp,dataset_01\normal\3398_left.jpg,0.0,True
3399_left.jpg,slit_lamp,dataset_01\normal\3399_left.jpg,1.09,True
3399_right.jpg,slit_lamp,dataset_01\normal\3399_right.jpg,1.17,True
3403_left.jpg,slit_lamp,dataset_01\normal\3403_left.jpg,0.25,True
3404_left.jpg,slit_lamp,dataset_01\normal\3404_left.jpg,0.05,True
3405_left.jpg,slit_lamp,dataset_01\normal\3405_left.jpg,0.0,True
3405_right.jpg,slit_lamp,dataset_01\normal\3405_right.jpg,0.0,True
3406_right.jpg,slit_lamp,dataset_01\normal\3406_right.jpg,0.0,True
3407_right.jpg,slit_lamp,dataset_01\normal\3407_right.jpg,0.0,True
3408_left.jpg,slit_lamp,dataset_01\normal\3408_left.jpg,0.0,True
3408_right.jpg,slit_lamp,dataset_01\normal\3408_right.jpg,0.0,True
3410_left.jpg,slit_lamp,dataset_01\normal\3410_left.jpg,0.0,True
3411_left.jpg,slit_lamp,dataset_01\normal\3411_left.jpg,0.0,True
3411_right.jpg,slit_lamp,dataset_01\normal\3411_right.jpg,0.0,True
3412_left.jpg,slit_lamp,dataset_01\normal\3412_left.jpg,0.0,True
3412_right.jpg,slit_lamp,dataset_01\normal\3412_right.jpg,0.0,True
3414_left.jpg,slit_lamp,dataset_01\normal\3414_left.jpg,0.0,True
3414_right.jpg,slit_lamp,dataset_01\normal\3414_right.jpg,0.0,True
3415_left.jpg,slit_lamp,dataset_01\normal\3415_left.jpg,0.0,True
3415_right.jpg,slit_lamp,dataset_01\normal\3415_right.jpg,0.0,True
3416_right.jpg,slit_lamp,dataset_01\normal\3416_right.jpg,0.0,True
3417_left.jpg,slit_lamp,dataset_01\normal\3417_left.jpg,0.0,True
3417_right.jpg,slit_lamp,dataset_01\normal\3417_right.jpg,0.0,True
3418_left.jpg,slit_lamp,dataset_01\normal\3418_left.jpg,0.02,True
3419_right.jpg,slit_lamp,dataset_01\normal\3419_right.jpg,0.4,True
3420_left.jpg,slit_lamp,dataset_01\normal\3420_left.jpg,4.8,True
3420_right.jpg,slit_lamp,dataset_01\normal\3420_right.jpg,0.04,True
3421_left.jpg,slit_lamp,dataset_01\normal\3421_left.jpg,0.0,True
3422_left.jpg,slit_lamp,dataset_01\normal\3422_left.jpg,0.0,True
3422_right.jpg,slit_lamp,dataset_01\normal\3422_right.jpg,0.0,True
3423_left.jpg,slit_lamp,dataset_01\normal\3423_left.jpg,0.0,True
3424_left.jpg,slit_lamp,dataset_01\normal\3424_left.jpg,0.19,True
3424_right.jpg,slit_lamp,dataset_01\normal\3424_right.jpg,0.21,True
3425_left.jpg,slit_lamp,dataset_01\normal\3425_left.jpg,0.0,True
3425_right.jpg,slit_lamp,dataset_01\normal\3425_right.jpg,0.0,True
3426_right.jpg,slit_lamp,dataset_01\normal\3426_right.jpg,0.0,True
3427_left.jpg,slit_lamp,dataset_01\normal\3427_left.jpg,0.0,True
3428_right.jpg,slit_lamp,dataset_01\normal\3428_right.jpg,0.0,True
3430_left.jpg,slit_lamp,dataset_01\normal\3430_left.jpg,0.0,True
3431_left.jpg,slit_lamp,dataset_01\normal\3431_left.jpg,0.0,True
3431_right.jpg,slit_lamp,dataset_01\normal\3431_right.jpg,0.0,True
3432_left.jpg,slit_lamp,dataset_01\normal\3432_left.jpg,0.0,True
3432_right.jpg,slit_lamp,dataset_01\normal\3432_right.jpg,0.01,True
3433_left.jpg,slit_lamp,dataset_01\normal\3433_left.jpg,0.0,True
3433_right.jpg,slit_lamp,dataset_01\normal\3433_right.jpg,0.0,True
3434_left.jpg,slit_lamp,dataset_01\normal\3434_left.jpg,0.09,True
3434_right.jpg,slit_lamp,dataset_01\normal\3434_right.jpg,0.29,True
3436_right.jpg,slit_lamp,dataset_01\normal\3436_right.jpg,0.0,True
3437_left.jpg,slit_lamp,dataset_01\normal\3437_left.jpg,0.0,True
3438_right.jpg,slit_lamp,dataset_01\normal\3438_right.jpg,0.0,True
3441_left.jpg,slit_lamp,dataset_01\normal\3441_left.jpg,0.0,True
3442_left.jpg,slit_lamp,dataset_01\normal\3442_left.jpg,0.0,True
3442_right.jpg,slit_lamp,dataset_01\normal\3442_right.jpg,0.0,True
3443_left.jpg,slit_lamp,dataset_01\normal\3443_left.jpg,0.0,True
3444_right.jpg,slit_lamp,dataset_01\normal\3444_right.jpg,0.0,True
3445_left.jpg,slit_lamp,dataset_01\normal\3445_left.jpg,0.0,True
3446_left.jpg,slit_lamp,dataset_01\normal\3446_left.jpg,0.08,True
3446_right.jpg,slit_lamp,dataset_01\normal\3446_right.jpg,0.0,True
3448_right.jpg,slit_lamp,dataset_01\normal\3448_right.jpg,0.85,True
3485_left.jpg,slit_lamp,dataset_01\normal\3485_left.jpg,0.0,True
4290_right.jpg,slit_lamp,dataset_01\normal\4290_right.jpg,0.0,True
4637_left.jpg,slit_lamp,dataset_01\normal\4637_left.jpg,0.0,True
4637_right.jpg,slit_lamp,dataset_01\normal\4637_right.jpg,0.0,True
530_left.jpg,slit_lamp,dataset_01\normal\530_left.jpg,0.0,True
530_right.jpg,slit_lamp,dataset_01\normal\530_right.jpg,0.0,True
695_left.jpg,slit_lamp,dataset_01\normal\695_left.jpg,0.01,True
695_right.jpg,slit_lamp,dataset_01\normal\695_right.jpg,0.06,True
84_left.jpg,slit_lamp,dataset_01\normal\84_left.jpg,0.0,True
84_right.jpg,slit_lamp,dataset_01\normal\84_right.jpg,0.0,True
8_left.jpg,slit_lamp,dataset_01\normal\8_left.jpg,0.0,True
8_right.jpg,slit_lamp,dataset_01\normal\8_right.jpg,0.0,True
939_left.jpg,slit_lamp,dataset_01\normal\939_left.jpg,0.01,True
939_right.jpg,slit_lamp,dataset_01\normal\939_right.jpg,0.0,True
951_left.jpg,slit_lamp,dataset_01\normal\951_left.jpg,0.0,True
951_right.jpg,slit_lamp,dataset_01\normal\951_right.jpg,0.0,True
1013_left.jpg,slit_lamp,dataset_02\cataract\1013_left.jpg,0.0,True
1032_left.jpg,slit_lamp,dataset_02\cataract\1032_left.jpg,0.0,True
103_left.jpg,slit_lamp,dataset_02\cataract\103_left.jpg,0.11,True
1056_left.jpg,slit_lamp,dataset_02\cataract\1056_left.jpg,0.03,True
1083_left.jpg,slit_lamp,dataset_02\cataract\1083_left.jpg,0.03,True
1084_right.jpg,slit_lamp,dataset_02\cataract\1084_right.jpg,0.05,True
1097_right.jpg,slit_lamp,dataset_02\cataract\1097_right.jpg,0.08,True
1102_left.jpg,slit_lamp,dataset_02\cataract\1102_left.jpg,0.11,True
1126_right.jpg,slit_lamp,dataset_02\cataract\1126_right.jpg,0.33,True
1146_left.jpg,slit_lamp,dataset_02\cataract\1146_left.jpg,0.0,True
1167_right.jpg,slit_lamp,dataset_02\cataract\1167_right.jpg,0.02,True
1171_right.jpg,slit_lamp,dataset_02\cataract\1171_right.jpg,0.05,True
119_left.jpg,slit_lamp,dataset_02\cataract\119_left.jpg,0.71,True
1225_left.jpg,slit_lamp,dataset_02\cataract\1225_left.jpg,0.07,True
126_left.jpg,slit_lamp,dataset_02\cataract\126_left.jpg,0.06,True
1304_right.jpg,slit_lamp,dataset_02\cataract\1304_right.jpg,0.01,True
130_right.jpg,slit_lamp,dataset_02\cataract\130_right.jpg,0.01,True
1433_right.jpg,slit_lamp,dataset_02\cataract\1433_right.jpg,0.0,True
1460_right.jpg,slit_lamp,dataset_02\cataract\1460_right.jpg,0.02,True
1474_left.jpg,slit_lamp,dataset_02\cataract\1474_left.jpg,0.0,True
1477_left.jpg,slit_lamp,dataset_02\cataract\1477_left.jpg,0.0,True
1558_right.jpg,slit_lamp,dataset_02\cataract\1558_right.jpg,0.26,True
1567_left.jpg,slit_lamp,dataset_02\cataract\1567_left.jpg,0.27,True
1588_left.jpg,slit_lamp,dataset_02\cataract\1588_left.jpg,0.0,True
1662_right.jpg,slit_lamp,dataset_02\cataract\1662_right.jpg,0.0,True
1710_left.jpg,slit_lamp,dataset_02\cataract\1710_left.jpg,0.04,True
1834_left.jpg,slit_lamp,dataset_02\cataract\1834_left.jpg,0.01,True
185_right.jpg,slit_lamp,dataset_02\cataract\185_right.jpg,0.01,True
193_left.jpg,slit_lamp,dataset_02\cataract\193_left.jpg,0.22,True
1994_left.jpg,slit_lamp,dataset_02\cataract\1994_left.jpg,0.01,True
1994_right.jpg,slit_lamp,dataset_02\cataract\1994_right.jpg,0.18,True
2052_right.jpg,slit_lamp,dataset_02\cataract\2052_right.jpg,0.0,True
2074_right.jpg,slit_lamp,dataset_02\cataract\2074_right.jpg,0.07,True
2095_right.jpg,slit_lamp,dataset_02\cataract\2095_right.jpg,0.11,True
2098_left.jpg,slit_lamp,dataset_02\cataract\2098_left.jpg,6.65,True
2099_left.jpg,slit_lamp,dataset_02\cataract\2099_left.jpg,0.36,True
2100_left.jpg,slit_lamp,dataset_02\cataract\2100_left.jpg,0.01,True
2100_right.jpg,slit_lamp,dataset_02\cataract\2100_right.jpg,0.06,True
2103_left.jpg,slit_lamp,dataset_02\cataract\2103_left.jpg,0.04,True
2104_left.jpg,slit_lamp,dataset_02\cataract\2104_left.jpg,0.0,True
2104_right.jpg,slit_lamp,dataset_02\cataract\2104_right.jpg,0.07,True
2105_left.jpg,slit_lamp,dataset_02\cataract\2105_left.jpg,0.03,True
2105_right.jpg,slit_lamp,dataset_02\cataract\2105_right.jpg,0.08,True
2107_left.jpg,slit_lamp,dataset_02\cataract\2107_left.jpg,0.03,True
2109_right.jpg,slit_lamp,dataset_02\cataract\2109_right.jpg,0.05,True
2110_right.jpg,slit_lamp,dataset_02\cataract\2110_right.jpg,0.04,True
2111_left.jpg,slit_lamp,dataset_02\cataract\2111_left.jpg,0.11,True
2112_left.jpg,slit_lamp,dataset_02\cataract\2112_left.jpg,0.02,True
2113_right.jpg,slit_lamp,dataset_02\cataract\2113_right.jpg,0.0,True
2114_right.jpg,slit_lamp,dataset_02\cataract\2114_right.jpg,0.14,True
2115_left.jpg,slit_lamp,dataset_02\cataract\2115_left.jpg,0.06,True
2115_right.jpg,slit_lamp,dataset_02\cataract\2115_right.jpg,0.05,True
2116_left.jpg,slit_lamp,dataset_02\cataract\2116_left.jpg,0.0,True
2116_right.jpg,slit_lamp,dataset_02\cataract\2116_right.jpg,0.0,True
2119_right.jpg,slit_lamp,dataset_02\cataract\2119_right.jpg,0.01,True
2120_right.jpg,slit_lamp,dataset_02\cataract\2120_right.jpg,0.04,True
2121_left.jpg,slit_lamp,dataset_02\cataract\2121_left.jpg,0.1,True
2122_right.jpg,slit_lamp,dataset_02\cataract\2122_right.jpg,0.03,True
2123_left.jpg,slit_lamp,dataset_02\cataract\2123_left.jpg,0.88,True
2124_left.jpg,slit_lamp,dataset_02\cataract\2124_left.jpg,0.2,True
2125_left.jpg,slit_lamp,dataset_02\cataract\2125_left.jpg,0.01,True
2126_left.jpg,slit_lamp,dataset_02\cataract\2126_left.jpg,0.0,True
2127_right.jpg,slit_lamp,dataset_02\cataract\2127_right.jpg,0.12,True
2129_left.jpg,slit_lamp,dataset_02\cataract\2129_left.jpg,0.12,True
2130_left.jpg,slit_lamp,dataset_02\cataract\2130_left.jpg,0.33,True
2132_left.jpg,slit_lamp,dataset_02\cataract\2132_left.jpg,19.66,True
2133_left.jpg,slit_lamp,dataset_02\cataract\2133_left.jpg,1.13,True
2133_right.jpg,slit_lamp,dataset_02\cataract\2133_right.jpg,0.01,True
2134_left.jpg,slit_lamp,dataset_02\cataract\2134_left.jpg,0.0,True
2134_right.jpg,slit_lamp,dataset_02\cataract\2134_right.jpg,3.86,True
2135_left.jpg,slit_lamp,dataset_02\cataract\2135_left.jpg,1.06,True
2137_left.jpg,slit_lamp,dataset_02\cataract\2137_left.jpg,0.07,True
2137_right.jpg,slit_lamp,dataset_02\cataract\2137_right.jpg,0.08,True
2138_left.jpg,slit_lamp,dataset_02\cataract\2138_left.jpg,0.06,True
2138_right.jpg,slit_lamp,dataset_02\cataract\2138_right.jpg,0.07,True
2139_right.jpg,slit_lamp,dataset_02\cataract\2139_right.jpg,0.13,True
2140_left.jpg,slit_lamp,dataset_02\cataract\2140_left.jpg,0.01,True
2140_right.jpg,slit_lamp,dataset_02\cataract\2140_right.jpg,0.08,True
2141_right.jpg,slit_lamp,dataset_02\cataract\2141_right.jpg,0.01,True
2143_right.jpg,slit_lamp,dataset_02\cataract\2143_right.jpg,0.08,True
2144_right.jpg,slit_lamp,dataset_02\cataract\2144_right.jpg,0.0,True
2146_right.jpg,slit_lamp,dataset_02\cataract\2146_right.jpg,1.09,True
2147_left.jpg,slit_lamp,dataset_02\cataract\2147_left.jpg,0.14,True
2150_left.jpg,slit_lamp,dataset_02\cataract\2150_left.jpg,0.23,True
2150_right.jpg,slit_lamp,dataset_02\cataract\2150_right.jpg,0.22,True
2151_right.jpg,slit_lamp,dataset_02\cataract\2151_right.jpg,0.57,True
2152_left.jpg,slit_lamp,dataset_02\cataract\2152_left.jpg,0.19,True
2153_right.jpg,slit_lamp,dataset_02\cataract\2153_right.jpg,0.02,True
2155_left.jpg,slit_lamp,dataset_02\cataract\2155_left.jpg,0.06,True
2155_right.jpg,slit_lamp,dataset_02\cataract\2155_right.jpg,0.11,True
2156_left.jpg,slit_lamp,dataset_02\cataract\2156_left.jpg,0.13,True
2157_right.jpg,slit_lamp,dataset_02\cataract\2157_right.jpg,0.16,True
2158_left.jpg,slit_lamp,dataset_02\cataract\2158_left.jpg,0.55,True
2158_right.jpg,slit_lamp,dataset_02\cataract\2158_right.jpg,0.09,True
2161_right.jpg,slit_lamp,dataset_02\cataract\2161_right.jpg,0.08,True
2164_left.jpg,slit_lamp,dataset_02\cataract\2164_left.jpg,0.13,True
218_left.jpg,slit_lamp,dataset_02\cataract\218_left.jpg,0.01,True
220_right.jpg,slit_lamp,dataset_02\cataract\220_right.jpg,0.0,True
2210_left.jpg,slit_lamp,dataset_02\cataract\2210_left.jpg,0.0,True
2233_right.jpg,slit_lamp,dataset_02\cataract\2233_right.jpg,0.03,True
2244_left.jpg,slit_lamp,dataset_02\cataract\2244_left.jpg,0.0,True
2248_right.jpg,slit_lamp,dataset_02\cataract\2248_right.jpg,0.01,True
2331_left.jpg,slit_lamp,dataset_02\cataract\2331_left.jpg,0.02,True
2385_left.jpg,slit_lamp,dataset_02\cataract\2385_left.jpg,0.0,True
2413_right.jpg,slit_lamp,dataset_02\cataract\2413_right.jpg,0.0,True
2424_right.jpg,slit_lamp,dataset_02\cataract\2424_right.jpg,0.02,True
2427_right.jpg,slit_lamp,dataset_02\cataract\2427_right.jpg,0.05,True
2446_left.jpg,slit_lamp,dataset_02\cataract\2446_left.jpg,0.01,True
2455_left.jpg,slit_lamp,dataset_02\cataract\2455_left.jpg,0.01,True
2460_right.jpg,slit_lamp,dataset_02\cataract\2460_right.jpg,0.11,True
24_right.jpg,slit_lamp,dataset_02\cataract\24_right.jpg,0.01,True
2511_left.jpg,slit_lamp,dataset_02\cataract\2511_left.jpg,0.01,True
254_left.jpg,slit_lamp,dataset_02\cataract\254_left.jpg,0.8,True
2567_right.jpg,slit_lamp,dataset_02\cataract\2567_right.jpg,0.08,True
2570_right.jpg,slit_lamp,dataset_02\cataract\2570_right.jpg,0.01,True
2624_left.jpg,slit_lamp,dataset_02\cataract\2624_left.jpg,0.01,True
2630_left.jpg,slit_lamp,dataset_02\cataract\2630_left.jpg,0.09,True
264_left.jpg,slit_lamp,dataset_02\cataract\264_left.jpg,0.03,True
2660_left.jpg,slit_lamp,dataset_02\cataract\2660_left.jpg,0.01,True
2740_right.jpg,slit_lamp,dataset_02\cataract\2740_right.jpg,0.0,True
2750_right.jpg,slit_lamp,dataset_02\cataract\2750_right.jpg,0.18,True
2763_left.jpg,slit_lamp,dataset_02\cataract\2763_left.jpg,0.01,True
27_right.jpg,slit_lamp,dataset_02\cataract\27_right.jpg,0.14,True
2806_right.jpg,slit_lamp,dataset_02\cataract\2806_right.jpg,0.05,True
2816_left.jpg,slit_lamp,dataset_02\cataract\2816_left.jpg,1.07,True
281_right.jpg,slit_lamp,dataset_02\cataract\281_right.jpg,0.0,True
2859_left.jpg,slit_lamp,dataset_02\cataract\2859_left.jpg,0.0,True
285_left.jpg,slit_lamp,dataset_02\cataract\285_left.jpg,2.28,True
2868_right.jpg,slit_lamp,dataset_02\cataract\2868_right.jpg,0.0,True
2897_left.jpg,slit_lamp,dataset_02\cataract\2897_left.jpg,0.03,True
2901_left.jpg,slit_lamp,dataset_02\cataract\2901_left.jpg,0.01,True
2907_left.jpg,slit_lamp,dataset_02\cataract\2907_left.jpg,0.0,True
2909_left.jpg,slit_lamp,dataset_02\cataract\2909_left.jpg,0.0,True
2919_right.jpg,slit_lamp,dataset_02\cataract\2919_right.jpg,0.17,True
2921_right.jpg,slit_lamp,dataset_02\cataract\2921_right.jpg,0.3,True
2945_left.jpg,slit_lamp,dataset_02\cataract\2945_left.jpg,0.0,True
2954_right.jpg,slit_lamp,dataset_02\cataract\2954_right.jpg,0.01,True
2974_right.jpg,slit_lamp,dataset_02\cataract\2974_right.jpg,0.0,True
2975_right.jpg,slit_lamp,dataset_02\cataract\2975_right.jpg,0.06,True
3056_left.jpg,slit_lamp,dataset_02\cataract\3056_left.jpg,0.03,True
3063_right.jpg,slit_lamp,dataset_02\cataract\3063_right.jpg,0.01,True
3092_right.jpg,slit_lamp,dataset_02\cataract\3092_right.jpg,0.04,True
3116_right.jpg,slit_lamp,dataset_02\cataract\3116_right.jpg,0.0,True
3134_left.jpg,slit_lamp,dataset_02\cataract\3134_left.jpg,0.02,True
3138_left.jpg,slit_lamp,dataset_02\cataract\3138_left.jpg,0.17,True
3155_left.jpg,slit_lamp,dataset_02\cataract\3155_left.jpg,0.0,True
3156_right.jpg,slit_lamp,dataset_02\cataract\3156_right.jpg,2.95,True
3169_right.jpg,slit_lamp,dataset_02\cataract\3169_right.jpg,0.41,True
3173_right.jpg,slit_lamp,dataset_02\cataract\3173_right.jpg,0.0,True
3183_left.jpg,slit_lamp,dataset_02\cataract\3183_left.jpg,0.0,True
3189_left.jpg,slit_lamp,dataset_02\cataract\3189_left.jpg,0.01,True
3205_left.jpg,slit_lamp,dataset_02\cataract\3205_left.jpg,0.01,True
3217_left.jpg,slit_lamp,dataset_02\cataract\3217_left.jpg,0.01,True
3220_left.jpg,slit_lamp,dataset_02\cataract\3220_left.jpg,0.07,True
3266_right.jpg,slit_lamp,dataset_02\cataract\3266_right.jpg,0.67,True
3284_right.jpg,slit_lamp,dataset_02\cataract\3284_right.jpg,0.09,True
330_left.jpg,slit_lamp,dataset_02\cataract\330_left.jpg,4.19,True
3336_right.jpg,slit_lamp,dataset_02\cataract\3336_right.jpg,0.04,True
3341_right.jpg,slit_lamp,dataset_02\cataract\3341_right.jpg,0.59,True
3352_left.jpg,slit_lamp,dataset_02\cataract\3352_left.jpg,0.01,True
3376_left.jpg,slit_lamp,dataset_02\cataract\3376_left.jpg,0.0,True
33_right.jpg,slit_lamp,dataset_02\cataract\33_right.jpg,0.0,True
3400_right.jpg,slit_lamp,dataset_02\cataract\3400_right.jpg,0.05,True
3419_left.jpg,slit_lamp,dataset_02\cataract\3419_left.jpg,0.18,True
3436_left.jpg,slit_lamp,dataset_02\cataract\3436_left.jpg,0.0,True
345_right.jpg,slit_lamp,dataset_02\cataract\345_right.jpg,0.03,True
346_right.jpg,slit_lamp,dataset_02\cataract\346_right.jpg,0.03,True
347_left.jpg,slit_lamp,dataset_02\cataract\347_left.jpg,2.74,True
354_right.jpg,slit_lamp,dataset_02\cataract\354_right.jpg,0.73,True
356_right.jpg,slit_lamp,dataset_02\cataract\356_right.jpg,0.1,True
357_right.jpg,slit_lamp,dataset_02\cataract\357_right.jpg,0.0,True
387_left.jpg,slit_lamp,dataset_02\cataract\387_left.jpg,0.13,True
395_right.jpg,slit_lamp,dataset_02\cataract\395_right.jpg,0.25,True
3983_right.jpg,slit_lamp,dataset_02\cataract\3983_right.jpg,0.0,True
3994_right.jpg,slit_lamp,dataset_02\cataract\3994_right.jpg,0.0,True
4048_right.jpg,slit_lamp,dataset_02\cataract\4048_right.jpg,0.26,True
4079_right.jpg,slit_lamp,dataset_02\cataract\4079_right.jpg,0.01,True
4085_right.jpg,slit_lamp,dataset_02\cataract\4085_right.jpg,0.48,True
4091_left.jpg,slit_lamp,dataset_02\cataract\4091_left.jpg,0.74,True
409_right.jpg,slit_lamp,dataset_02\cataract\409_right.jpg,0.0,True
4102_left.jpg,slit_lamp,dataset_02\cataract\4102_left.jpg,0.0,True
4126_right.jpg,slit_lamp,dataset_02\cataract\4126_right.jpg,0.02,True
4136_left.jpg,slit_lamp,dataset_02\cataract\4136_left.jpg,0.02,True
4164_right.jpg,slit_lamp,dataset_02\cataract\4164_right.jpg,0.02,True
4173_left.jpg,slit_lamp,dataset_02\cataract\4173_left.jpg,0.0,True
4181_left.jpg,slit_lamp,dataset_02\cataract\4181_left.jpg,0.13,True
4188_left.jpg,slit_lamp,dataset_02\cataract\4188_left.jpg,0.01,True
4210_right.jpg,slit_lamp,dataset_02\cataract\4210_right.jpg,0.0,True
4220_right.jpg,slit_lamp,dataset_02\cataract\4220_right.jpg,0.04,True
4222_left.jpg,slit_lamp,dataset_02\cataract\4222_left.jpg,0.01,True
4229_left.jpg,slit_lamp,dataset_02\cataract\4229_left.jpg,0.0,True
4271_right.jpg,slit_lamp,dataset_02\cataract\4271_right.jpg,0.19,True
4277_left.jpg,slit_lamp,dataset_02\cataract\4277_left.jpg,0.54,True
4281_left.jpg,slit_lamp,dataset_02\cataract\4281_left.jpg,0.86,True
4281_right.jpg,slit_lamp,dataset_02\cataract\4281_right.jpg,1.15,True
4300_right.jpg,slit_lamp,dataset_02\cataract\4300_right.jpg,1.44,True
4336_right.jpg,slit_lamp,dataset_02\cataract\4336_right.jpg,0.0,True
4338_right.jpg,slit_lamp,dataset_02\cataract\4338_right.jpg,0.01,True
4348_left.jpg,slit_lamp,dataset_02\cataract\4348_left.jpg,0.0,True
4359_left.jpg,slit_lamp,dataset_02\cataract\4359_left.jpg,0.0,True
4367_left.jpg,slit_lamp,dataset_02\cataract\4367_left.jpg,0.68,True
438_left.jpg,slit_lamp,dataset_02\cataract\438_left.jpg,0.0,True
4415_left.jpg,slit_lamp,dataset_02\cataract\4415_left.jpg,0.16,True
4429_right.jpg,slit_lamp,dataset_02\cataract\4429_right.jpg,0.2,True
443_left.jpg,slit_lamp,dataset_02\cataract\443_left.jpg,0.04,True
4476_right.jpg,slit_lamp,dataset_02\cataract\4476_right.jpg,0.03,True
449_right.jpg,slit_lamp,dataset_02\cataract\449_right.jpg,0.03,True
4528_left.jpg,slit_lamp,dataset_02\cataract\4528_left.jpg,0.2,True
4531_left.jpg,slit_lamp,dataset_02\cataract\4531_left.jpg,0.0,True
4536_left.jpg,slit_lamp,dataset_02\cataract\4536_left.jpg,0.55,True
4542_right.jpg,slit_lamp,dataset_02\cataract\4542_right.jpg,0.02,True
4566_right.jpg,slit_lamp,dataset_02\cataract\4566_right.jpg,0.01,True
4617_right.jpg,slit_lamp,dataset_02\cataract\4617_right.jpg,0.07,True
466_right.jpg,slit_lamp,dataset_02\cataract\466_right.jpg,0.01,True
473_left.jpg,slit_lamp,dataset_02\cataract\473_left.jpg,1.0,True
477_left.jpg,slit_lamp,dataset_02\cataract\477_left.jpg,0.02,True
477_right.jpg,slit_lamp,dataset_02\cataract\477_right.jpg,0.0,True
506_right.jpg,slit_lamp,dataset_02\cataract\506_right.jpg,0.02,True
529_left.jpg,slit_lamp,dataset_02\cataract\529_left.jpg,0.0,True
553_right.jpg,slit_lamp,dataset_02\cataract\553_right.jpg,0.02,True
560_right.jpg,slit_lamp,dataset_02\cataract\560_right.jpg,0.31,True
574_right.jpg,slit_lamp,dataset_02\cataract\574_right.jpg,0.02,True
579_left.jpg,slit_lamp,dataset_02\cataract\579_left.jpg,0.01,True
594_left.jpg,slit_lamp,dataset_02\cataract\594_left.jpg,0.13,True
596_right.jpg,slit_lamp,dataset_02\cataract\596_right.jpg,0.13,True
611_left.jpg,slit_lamp,dataset_02\cataract\611_left.jpg,0.02,True
625_left.jpg,slit_lamp,dataset_02\cataract\625_left.jpg,0.08,True
625_right.jpg,slit_lamp,dataset_02\cataract\625_right.jpg,0.24,True
627_left.jpg,slit_lamp,dataset_02\cataract\627_left.jpg,0.16,True
628_right.jpg,slit_lamp,dataset_02\cataract\628_right.jpg,0.0,True
646_right.jpg,slit_lamp,dataset_02\cataract\646_right.jpg,0.0,True
691_left.jpg,slit_lamp,dataset_02\cataract\691_left.jpg,4.29,True
700_right.jpg,slit_lamp,dataset_02\cataract\700_right.jpg,0.94,True
710_right.jpg,slit_lamp,dataset_02\cataract\710_right.jpg,0.01,True
730_right.jpg,slit_lamp,dataset_02\cataract\730_right.jpg,0.53,True
769_left.jpg,slit_lamp,dataset_02\cataract\769_left.jpg,0.0,True
769_right.jpg,slit_lamp,dataset_02\cataract\769_right.jpg,0.13,True
809_left.jpg,slit_lamp,dataset_02\cataract\809_left.jpg,0.01,True
81_right.jpg,slit_lamp,dataset_02\cataract\81_right.jpg,4.91,True
820_left.jpg,slit_lamp,dataset_02\cataract\820_left.jpg,0.03,True
824_left.jpg,slit_lamp,dataset_02\cataract\824_left.jpg,23.82,True
826_right.jpg,slit_lamp,dataset_02\cataract\826_right.jpg,0.01,True
849_right.jpg,slit_lamp,dataset_02\cataract\849_right.jpg,0.1,True
866_right.jpg,slit_lamp,dataset_02\cataract\866_right.jpg,0.0,True
880_left.jpg,slit_lamp,dataset_02\cataract\880_left.jpg,0.06,True
881_right.jpg,slit_lamp,dataset_02\cataract\881_right.jpg,0.67,True
884_right.jpg,slit_lamp,dataset_02\cataract\884_right.jpg,0.0,True
899_left.jpg,slit_lamp,dataset_02\cataract\899_left.jpg,0.01,True
921_right.jpg,slit_lamp,dataset_02\cataract\921_right.jpg,0.04,True
942_left.jpg,slit_lamp,dataset_02\cataract\942_left.jpg,0.0,True
946_left.jpg,slit_lamp,dataset_02\cataract\946_left.jpg,0.03,True
955_right.jpg,slit_lamp,dataset_02\cataract\955_right.jpg,0.29,True
95_left.jpg,slit_lamp,dataset_02\cataract\95_left.jpg,0.09,True
962_right.jpg,slit_lamp,dataset_02\cataract\962_right.jpg,0.02,True
999_right.jpg,slit_lamp,dataset_02\cataract\999_right.jpg,0.02,True
cataract_031.png,slit_lamp,dataset_02\cataract\cataract_031.png,0.02,True
cataract_032.png,slit_lamp,dataset_02\cataract\cataract_032.png,0.04,True
cataract_033.png,slit_lamp,dataset_02\cataract\cataract_033.png,0.0,True
cataract_034.png,slit_lamp,dataset_02\cataract\cataract_034.png,0.0,True
cataract_035.png,slit_lamp,dataset_02\cataract\cataract_035.png,0.0,True
cataract_036.png,slit_lamp,dataset_02\cataract\cataract_036.png,0.0,True
cataract_037.png,slit_lamp,dataset_02\cataract\cataract_037.png,0.0,True
cataract_038.png,slit_lamp,dataset_02\cataract\cataract_038.png,0.0,True
cataract_039.png,slit_lamp,dataset_02\cataract\cataract_039.png,0.0,True
cataract_040.png,slit_lamp,dataset_02\cataract\cataract_040.png,0.0,True
cataract_041.png,slit_lamp,dataset_02\cataract\cataract_041.png,0.0,True
cataract_042.png,slit_lamp,dataset_02\cataract\cataract_042.png,0.0,True
cataract_043.png,slit_lamp,dataset_02\cataract\cataract_043.png,0.0,True
cataract_044.png,slit_lamp,dataset_02\cataract\cataract_044.png,0.0,True
cataract_045.png,slit_lamp,dataset_02\cataract\cataract_045.png,0.0,True
cataract_046.png,slit_lamp,dataset_02\cataract\cataract_046.png,0.0,True
cataract_047.png,slit_lamp,dataset_02\cataract\cataract_047.png,0.0,True
cataract_048.png,slit_lamp,dataset_02\cataract\cataract_048.png,0.0,True
cataract_049.png,slit_lamp,dataset_02\cataract\cataract_049.png,0.0,True
cataract_050.png,slit_lamp,dataset_02\cataract\cataract_050.png,0.0,True
cataract_051.png,slit_lamp,dataset_02\cataract\cataract_051.png,0.0,True
cataract_052.png,slit_lamp,dataset_02\cataract\cataract_052.png,0.0,True
cataract_053.png,slit_lamp,dataset_02\cataract\cataract_053.png,0.0,True
cataract_054.png,slit_lamp,dataset_02\cataract\cataract_054.png,0.0,True
cataract_055.png,slit_lamp,dataset_02\cataract\cataract_055.png,0.0,True
cataract_056.png,slit_lamp,dataset_02\cataract\cataract_056.png,0.0,True
cataract_057.png,slit_lamp,dataset_02\cataract\cataract_057.png,0.0,True
cataract_058.png,slit_lamp,dataset_02\cataract\cataract_058.png,0.0,True
cataract_059.png,slit_lamp,dataset_02\cataract\cataract_059.png,0.0,True
cataract_060.png,slit_lamp,dataset_02\cataract\cataract_060.png,0.02,True
cataract_061.png,slit_lamp,dataset_02\cataract\cataract_061.png,0.01,True
cataract_062.png,slit_lamp,dataset_02\cataract\cataract_062.png,0.05,True
cataract_063.png,slit_lamp,dataset_02\cataract\cataract_063.png,0.06,True
cataract_064.png,slit_lamp,dataset_02\cataract\cataract_064.png,0.03,True
cataract_065.png,slit_lamp,dataset_02\cataract\cataract_065.png,0.03,True
cataract_066.png,slit_lamp,dataset_02\cataract\cataract_066.png,0.0,True
cataract_067.png,slit_lamp,dataset_02\cataract\cataract_067.png,0.0,True
cataract_068.png,slit_lamp,dataset_02\cataract\cataract_068.png,0.0,True
cataract_069.png,slit_lamp,dataset_02\cataract\cataract_069.png,0.0,True
cataract_070.png,slit_lamp,dataset_02\cataract\cataract_070.png,0.0,True
cataract_071.png,slit_lamp,dataset_02\cataract\cataract_071.png,0.0,True
cataract_072.png,slit_lamp,dataset_02\cataract\cataract_072.png,0.0,True
cataract_073.png,slit_lamp,dataset_02\cataract\cataract_073.png,0.0,True
cataract_074.png,slit_lamp,dataset_02\cataract\cataract_074.png,0.0,True
cataract_075.png,slit_lamp,dataset_02\cataract\cataract_075.png,0.0,True
cataract_076.png,slit_lamp,dataset_02\cataract\cataract_076.png,0.0,True
cataract_077.png,slit_lamp,dataset_02\cataract\cataract_077.png,0.0,True
cataract_078.png,slit_lamp,dataset_02\cataract\cataract_078.png,0.0,True
cataract_079.png,slit_lamp,dataset_02\cataract\cataract_079.png,0.0,True
cataract_080.png,slit_lamp,dataset_02\cataract\cataract_080.png,0.0,True
cataract_081.png,slit_lamp,dataset_02\cataract\cataract_081.png,0.0,True
cataract_082.png,slit_lamp,dataset_02\cataract\cataract_082.png,0.0,True
cataract_083.png,slit_lamp,dataset_02\cataract\cataract_083.png,0.0,True
cataract_084.png,slit_lamp,dataset_02\cataract\cataract_084.png,0.0,True
cataract_085.png,slit_lamp,dataset_02\cataract\cataract_085.png,0.04,True
cataract_086.png,slit_lamp,dataset_02\cataract\cataract_086.png,0.0,True
cataract_087.png,slit_lamp,dataset_02\cataract\cataract_087.png,0.0,True
cataract_088.png,slit_lamp,dataset_02\cataract\cataract_088.png,0.0,True
cataract_089.png,slit_lamp,dataset_02\cataract\cataract_089.png,0.0,True
cataract_090.png,slit_lamp,dataset_02\cataract\cataract_090.png,0.0,True
cataract_091.png,slit_lamp,dataset_02\cataract\cataract_091.png,0.0,True
cataract_092.png,slit_lamp,dataset_02\cataract\cataract_092.png,0.0,True
cataract_093.png,slit_lamp,dataset_02\cataract\cataract_093.png,0.0,True
cataract_094.png,slit_lamp,dataset_02\cataract\cataract_094.png,0.02,True
cataract_095.png,slit_lamp,dataset_02\cataract\cataract_095.png,0.0,True
cataract_096.png,slit_lamp,dataset_02\cataract\cataract_096.png,0.0,True
cataract_097.png,slit_lamp,dataset_02\cataract\cataract_097.png,0.0,True
cataract_098.png,slit_lamp,dataset_02\cataract\cataract_098.png,0.0,True
cataract_099.png,slit_lamp,dataset_02\cataract\cataract_099.png,0.0,True
cataract_100.png,slit_lamp,dataset_02\cataract\cataract_100.png,0.0,True
_100_334408.jpg,slit_lamp,dataset_02\cataract\_100_334408.jpg,1.32,True
_101_5139882.jpg,slit_lamp,dataset_02\cataract\_101_5139882.jpg,0.0,True
_101_709333.jpg,slit_lamp,dataset_02\cataract\_101_709333.jpg,0.0,True
_103_5897328.jpg,slit_lamp,dataset_02\cataract\_103_5897328.jpg,0.0,True
_105_5646774.jpg,slit_lamp,dataset_02\cataract\_105_5646774.jpg,0.05,True
_109_2006348.jpg,slit_lamp,dataset_02\cataract\_109_2006348.jpg,0.0,True
_112_9621689.jpg,slit_lamp,dataset_02\cataract\_112_9621689.jpg,0.0,True
_114_9773152.jpg,slit_lamp,dataset_02\cataract\_114_9773152.jpg,0.0,True
_117_6521529.jpg,slit_lamp,dataset_02\cataract\_117_6521529.jpg,0.0,True
_120_3067914.jpg,slit_lamp,dataset_02\cataract\_120_3067914.jpg,0.0,True
_121_3847336.jpg,slit_lamp,dataset_02\cataract\_121_3847336.jpg,38.84,True
_122_7237312.jpg,slit_lamp,dataset_02\cataract\_122_7237312.jpg,0.0,True
_123_8135331.jpg,slit_lamp,dataset_02\cataract\_123_8135331.jpg,0.0,True
_126_4964568.jpg,slit_lamp,dataset_02\cataract\_126_4964568.jpg,0.0,True
_128_4502689.jpg,slit_lamp,dataset_02\cataract\_128_4502689.jpg,0.0,True
_129_3024383.jpg,slit_lamp,dataset_02\cataract\_129_3024383.jpg,0.0,True
_129_5296959.jpg,slit_lamp,dataset_02\cataract\_129_5296959.jpg,0.0,True
_144_4907178.jpg,slit_lamp,dataset_02\cataract\_144_4907178.jpg,0.0,True
_144_7061237.jpg,slit_lamp,dataset_02\cataract\_144_7061237.jpg,0.0,True
_145_6931784.jpg,slit_lamp,dataset_02\cataract\_145_6931784.jpg,0.0,True
_146_4268935.jpg,slit_lamp,dataset_02\cataract\_146_4268935.jpg,0.0,True
_146_5945090.jpg,slit_lamp,dataset_02\cataract\_146_5945090.jpg,0.0,True
_147_3710804.jpg,slit_lamp,dataset_02\cataract\_147_3710804.jpg,0.0,True
_147_3796034.jpg,slit_lamp,dataset_02\cataract\_147_3796034.jpg,0.0,True
_148_6795884.jpg,slit_lamp,dataset_02\cataract\_148_6795884.jpg,0.0,True
_149_3115900.jpg,slit_lamp,dataset_02\cataract\_149_3115900.jpg,0.0,True
_150_8876899.jpg,slit_lamp,dataset_02\cataract\_150_8876899.jpg,0.0,True
_151_4262050.jpg,slit_lamp,dataset_02\cataract\_151_4262050.jpg,0.0,True
_156_6418009.jpg,slit_lamp,dataset_02\cataract\_156_6418009.jpg,0.0,True
_158_2964657.jpg,slit_lamp,dataset_02\cataract\_158_2964657.jpg,0.01,True
_159_1399279.jpg,slit_lamp,dataset_02\cataract\_159_1399279.jpg,3.65,True
_159_5245707.jpg,slit_lamp,dataset_02\cataract\_159_5245707.jpg,3.95,True
_160_9941636.jpg,slit_lamp,dataset_02\cataract\_160_9941636.jpg,0.0,True
_162_3770706.jpg,slit_lamp,dataset_02\cataract\_162_3770706.jpg,0.0,True
_163_2414975.jpg,slit_lamp,dataset_02\cataract\_163_2414975.jpg,0.0,True
_163_6585488.jpg,slit_lamp,dataset_02\cataract\_163_6585488.jpg,0.0,True
_163_6979961.jpg,slit_lamp,dataset_02\cataract\_163_6979961.jpg,0.0,True
_164_4857097.jpg,slit_lamp,dataset_02\cataract\_164_4857097.jpg,0.0,True
_165_8028203.jpg,slit_lamp,dataset_02\cataract\_165_8028203.jpg,0.0,True
_167_2873590.jpg,slit_lamp,dataset_02\cataract\_167_2873590.jpg,0.0,True
_168_4661031.jpg,slit_lamp,dataset_02\cataract\_168_4661031.jpg,0.0,True
_169_5886938.jpg,slit_lamp,dataset_02\cataract\_169_5886938.jpg,0.0,True
_171_4298450.jpg,slit_lamp,dataset_02\cataract\_171_4298450.jpg,0.0,True
_171_5903297.jpg,slit_lamp,dataset_02\cataract\_171_5903297.jpg,0.0,True
_172_1350351.jpg,slit_lamp,dataset_02\cataract\_172_1350351.jpg,0.0,True
_172_4553386.jpg,slit_lamp,dataset_02\cataract\_172_4553386.jpg,0.0,True
_172_5595526.jpg,slit_lamp,dataset_02\cataract\_172_5595526.jpg,0.0,True
_173_6477739.jpg,slit_lamp,dataset_02\cataract\_173_6477739.jpg,0.0,True
_175_2515467.jpg,slit_lamp,dataset_02\cataract\_175_2515467.jpg,0.0,True
_176_2398738.jpg,slit_lamp,dataset_02\cataract\_176_2398738.jpg,0.0,True
_176_7840976.jpg,slit_lamp,dataset_02\cataract\_176_7840976.jpg,0.0,True
_177_2299576.jpg,slit_lamp,dataset_02\cataract\_177_2299576.jpg,0.0,True
_178_8645920.jpg,slit_lamp,dataset_02\cataract\_178_8645920.jpg,0.0,True
_181_2009794.jpg,slit_lamp,dataset_02\cataract\_181_2009794.jpg,0.0,True
_182_8895927.jpg,slit_lamp,dataset_02\cataract\_182_8895927.jpg,0.0,True
_182_9646286.jpg,slit_lamp,dataset_02\cataract\_182_9646286.jpg,0.0,True
_183_2869065.jpg,slit_lamp,dataset_02\cataract\_183_2869065.jpg,0.0,True
_187_1814280.jpg,slit_lamp,dataset_02\cataract\_187_1814280.jpg,0.0,True
_189_1773149.jpg,slit_lamp,dataset_02\cataract\_189_1773149.jpg,0.0,True
_189_5910645.jpg,slit_lamp,dataset_02\cataract\_189_5910645.jpg,0.0,True
_190_7244239.jpg,slit_lamp,dataset_02\cataract\_190_7244239.jpg,0.0,True
_192_7851600.jpg,slit_lamp,dataset_02\cataract\_192_7851600.jpg,0.0,True
_196_6946219.jpg,slit_lamp,dataset_02\cataract\_196_6946219.jpg,0.0,True
_198_3804403.jpg,slit_lamp,dataset_02\cataract\_198_3804403.jpg,0.0,True
_198_6027510.jpg,slit_lamp,dataset_02\cataract\_198_6027510.jpg,0.0,True
_19_9976222.jpg,slit_lamp,dataset_02\cataract\_19_9976222.jpg,0.0,True
_200_9649683.jpg,slit_lamp,dataset_02\cataract\_200_9649683.jpg,0.0,True
_202_4720633.jpg,slit_lamp,dataset_02\cataract\_202_4720633.jpg,0.0,True
_203_6969732.jpg,slit_lamp,dataset_02\cataract\_203_6969732.jpg,0.0,True
_204_5979635.jpg,slit_lamp,dataset_02\cataract\_204_5979635.jpg,0.0,True
_204_6939524.jpg,slit_lamp,dataset_02\cataract\_204_6939524.jpg,0.0,True
_205_1775772.jpg,slit_lamp,dataset_02\cataract\_205_1775772.jpg,0.0,True
_206_4468888.jpg,slit_lamp,dataset_02\cataract\_206_4468888.jpg,0.0,True
_206_6210252.jpg,slit_lamp,dataset_02\cataract\_206_6210252.jpg,0.0,True
_207_8213037.jpg,slit_lamp,dataset_02\cataract\_207_8213037.jpg,0.0,True
_208_168871.jpg,slit_lamp,dataset_02\cataract\_208_168871.jpg,0.0,True
_208_2337200.jpg,slit_lamp,dataset_02\cataract\_208_2337200.jpg,0.0,True
_209_2468249.jpg,slit_lamp,dataset_02\cataract\_209_2468249.jpg,0.0,True
_20_6629557.jpg,slit_lamp,dataset_02\cataract\_20_6629557.jpg,0.0,True
_211_3296609.jpg,slit_lamp,dataset_02\cataract\_211_3296609.jpg,0.0,True
_218_2512305.jpg,slit_lamp,dataset_02\cataract\_218_2512305.jpg,0.05,True
_218_687151.jpg,slit_lamp,dataset_02\cataract\_218_687151.jpg,0.03,True
_219_4968838.jpg,slit_lamp,dataset_02\cataract\_219_4968838.jpg,0.0,True
_21_4533748.jpg,slit_lamp,dataset_02\cataract\_21_4533748.jpg,0.0,True
_21_8755311.jpg,slit_lamp,dataset_02\cataract\_21_8755311.jpg,0.0,True
_221_6907746.jpg,slit_lamp,dataset_02\cataract\_221_6907746.jpg,0.0,True
_223_4290439.jpg,slit_lamp,dataset_02\cataract\_223_4290439.jpg,0.01,True
_224_4837152.jpg,slit_lamp,dataset_02\cataract\_224_4837152.jpg,0.0,True
_227_1163752.jpg,slit_lamp,dataset_02\cataract\_227_1163752.jpg,0.16,True
_228_2229739.jpg,slit_lamp,dataset_02\cataract\_228_2229739.jpg,0.0,True
_228_4231065.jpg,slit_lamp,dataset_02\cataract\_228_4231065.jpg,0.0,True
_229_5185520.jpg,slit_lamp,dataset_02\cataract\_229_5185520.jpg,0.1,True
_22_9724179.jpg,slit_lamp,dataset_02\cataract\_22_9724179.jpg,0.0,True
_233_8101340.jpg,slit_lamp,dataset_02\cataract\_233_8101340.jpg,0.0,True
_233_9763374.jpg,slit_lamp,dataset_02\cataract\_233_9763374.jpg,0.0,True
_234_579953.jpg,slit_lamp,dataset_02\cataract\_234_579953.jpg,0.4,True
_237_8444315.jpg,slit_lamp,dataset_02\cataract\_237_8444315.jpg,0.2,True
_238_358899.jpg,slit_lamp,dataset_02\cataract\_238_358899.jpg,0.0,True
_238_9445598.jpg,slit_lamp,dataset_02\cataract\_238_9445598.jpg,0.0,True
_23_4636959.jpg,slit_lamp,dataset_02\cataract\_23_4636959.jpg,0.0,True
_240_4981563.jpg,slit_lamp,dataset_02\cataract\_240_4981563.jpg,0.0,True
_243_1070648.jpg,slit_lamp,dataset_02\cataract\_243_1070648.jpg,0.0,True
_244_5451565.jpg,slit_lamp,dataset_02\cataract\_244_5451565.jpg,0.02,True
_246_8777337.jpg,slit_lamp,dataset_02\cataract\_246_8777337.jpg,0.0,True
_247_9509040.jpg,slit_lamp,dataset_02\cataract\_247_9509040.jpg,0.1,True
_248_8765348.jpg,slit_lamp,dataset_02\cataract\_248_8765348.jpg,0.25,True
_250_4727436.jpg,slit_lamp,dataset_02\cataract\_250_4727436.jpg,0.01,True
_251_1089143.jpg,slit_lamp,dataset_02\cataract\_251_1089143.jpg,3.13,True
_252_4692803.jpg,slit_lamp,dataset_02\cataract\_252_4692803.jpg,0.0,True
_253_643151.jpg,slit_lamp,dataset_02\cataract\_253_643151.jpg,19.96,True
_254_9630074.jpg,slit_lamp,dataset_02\cataract\_254_9630074.jpg,0.04,True
_257_8575584.jpg,slit_lamp,dataset_02\cataract\_257_8575584.jpg,0.0,True
_257_9976187.jpg,slit_lamp,dataset_02\cataract\_257_9976187.jpg,0.0,True
_258_9144081.jpg,slit_lamp,dataset_02\cataract\_258_9144081.jpg,0.0,True
_25_4707227.jpg,slit_lamp,dataset_02\cataract\_25_4707227.jpg,0.0,True
_262_2214906.jpg,slit_lamp,dataset_02\cataract\_262_2214906.jpg,0.0,True
_263_9418780.jpg,slit_lamp,dataset_02\cataract\_263_9418780.jpg,0.0,True
_267_7559168.jpg,slit_lamp,dataset_02\cataract\_267_7559168.jpg,0.0,True
_268_113112.jpg,slit_lamp,dataset_02\cataract\_268_113112.jpg,0.0,True
_268_8496846.jpg,slit_lamp,dataset_02\cataract\_268_8496846.jpg,0.0,True
_269_5232883.jpg,slit_lamp,dataset_02\cataract\_269_5232883.jpg,0.0,True
_26_1879474.jpg,slit_lamp,dataset_02\cataract\_26_1879474.jpg,0.0,True
_270_9344899.jpg,slit_lamp,dataset_02\cataract\_270_9344899.jpg,0.0,True
_273_7267841.jpg,slit_lamp,dataset_02\cataract\_273_7267841.jpg,0.0,True
_273_9043733.jpg,slit_lamp,dataset_02\cataract\_273_9043733.jpg,0.0,True
_277_9501088.jpg,slit_lamp,dataset_02\cataract\_277_9501088.jpg,0.0,True
_279_4656331.jpg,slit_lamp,dataset_02\cataract\_279_4656331.jpg,0.0,True
_280_4533213.jpg,slit_lamp,dataset_02\cataract\_280_4533213.jpg,0.01,True
_28_8675632.jpg,slit_lamp,dataset_02\cataract\_28_8675632.jpg,0.0,True
_290_9207731.jpg,slit_lamp,dataset_02\cataract\_290_9207731.jpg,0.0,True
_291_9986876.jpg,slit_lamp,dataset_02\cataract\_291_9986876.jpg,0.0,True
_292_2084855.jpg,slit_lamp,dataset_02\cataract\_292_2084855.jpg,0.0,True
_293_1732996.jpg,slit_lamp,dataset_02\cataract\_293_1732996.jpg,0.0,True
_294_4497450.jpg,slit_lamp,dataset_02\cataract\_294_4497450.jpg,0.0,True
_296_3277370.jpg,slit_lamp,dataset_02\cataract\_296_3277370.jpg,0.0,True
_29_5190417.jpg,slit_lamp,dataset_02\cataract\_29_5190417.jpg,0.0,True
_303_1474676.jpg,slit_lamp,dataset_02\cataract\_303_1474676.jpg,0.0,True
_307_7425412.jpg,slit_lamp,dataset_02\cataract\_307_7425412.jpg,0.0,True
_30_4231084.jpg,slit_lamp,dataset_02\cataract\_30_4231084.jpg,0.0,True
_311_3993772.jpg,slit_lamp,dataset_02\cataract\_311_3993772.jpg,0.0,True
_315_3140714.jpg,slit_lamp,dataset_02\cataract\_315_3140714.jpg,0.0,True
_317_4205093.jpg,slit_lamp,dataset_02\cataract\_317_4205093.jpg,0.0,True
_319_3184825.jpg,slit_lamp,dataset_02\cataract\_319_3184825.jpg,0.0,True
_320_6448598.jpg,slit_lamp,dataset_02\cataract\_320_6448598.jpg,0.0,True
_321_6270889.jpg,slit_lamp,dataset_02\cataract\_321_6270889.jpg,0.0,True
_326_3620282.jpg,slit_lamp,dataset_02\cataract\_326_3620282.jpg,0.0,True
_326_3940502.jpg,slit_lamp,dataset_02\cataract\_326_3940502.jpg,0.0,True
_327_3715152.jpg,slit_lamp,dataset_02\cataract\_327_3715152.jpg,0.0,True
_329_5467190.jpg,slit_lamp,dataset_02\cataract\_329_5467190.jpg,0.0,True
_32_9062172.jpg,slit_lamp,dataset_02\cataract\_32_9062172.jpg,0.0,True
_330_5478095.jpg,slit_lamp,dataset_02\cataract\_330_5478095.jpg,0.0,True
_332_7698256.jpg,slit_lamp,dataset_02\cataract\_332_7698256.jpg,0.0,True
_332_9730811.jpg,slit_lamp,dataset_02\cataract\_332_9730811.jpg,0.0,True
_334_1360238.jpg,slit_lamp,dataset_02\cataract\_334_1360238.jpg,0.0,True
_335_2109396.jpg,slit_lamp,dataset_02\cataract\_335_2109396.jpg,0.0,True
_335_9176239.jpg,slit_lamp,dataset_02\cataract\_335_9176239.jpg,0.0,True
_337_6800255.jpg,slit_lamp,dataset_02\cataract\_337_6800255.jpg,0.0,True
_339_9106724.jpg,slit_lamp,dataset_02\cataract\_339_9106724.jpg,0.0,True
_342_2775386.jpg,slit_lamp,dataset_02\cataract\_342_2775386.jpg,0.0,True
_343_2631213.jpg,slit_lamp,dataset_02\cataract\_343_2631213.jpg,0.0,True
_344_5181730.jpg,slit_lamp,dataset_02\cataract\_344_5181730.jpg,0.0,True
_347_7413999.jpg,slit_lamp,dataset_02\cataract\_347_7413999.jpg,0.0,True
_348_8120738.jpg,slit_lamp,dataset_02\cataract\_348_8120738.jpg,0.0,True
_350_7541734.jpg,slit_lamp,dataset_02\cataract\_350_7541734.jpg,0.0,True
_351_5778657.jpg,slit_lamp,dataset_02\cataract\_351_5778657.jpg,0.0,True
_354_5293531.jpg,slit_lamp,dataset_02\cataract\_354_5293531.jpg,0.04,True
_356_7744260.jpg,slit_lamp,dataset_02\cataract\_356_7744260.jpg,0.0,True
_358_1004212.jpg,slit_lamp,dataset_02\cataract\_358_1004212.jpg,0.0,True
_359_6265965.jpg,slit_lamp,dataset_02\cataract\_359_6265965.jpg,0.0,True
_360_3983039.jpg,slit_lamp,dataset_02\cataract\_360_3983039.jpg,0.0,True
_361_423366.jpg,slit_lamp,dataset_02\cataract\_361_423366.jpg,0.0,True
_362_9739218.jpg,slit_lamp,dataset_02\cataract\_362_9739218.jpg,0.0,True
_363_2736933.jpg,slit_lamp,dataset_02\cataract\_363_2736933.jpg,0.0,True
_365_6266228.jpg,slit_lamp,dataset_02\cataract\_365_6266228.jpg,0.0,True
_366_983964.jpg,slit_lamp,dataset_02\cataract\_366_983964.jpg,0.01,True
_367_2864412.jpg,slit_lamp,dataset_02\cataract\_367_2864412.jpg,3.42,True
_367_9940827.jpg,slit_lamp,dataset_02\cataract\_367_9940827.jpg,3.4,True
_368_3722136.jpg,slit_lamp,dataset_02\cataract\_368_3722136.jpg,0.0,True
_368_8153741.jpg,slit_lamp,dataset_02\cataract\_368_8153741.jpg,0.0,True
_369_7001529.jpg,slit_lamp,dataset_02\cataract\_369_7001529.jpg,0.0,True
_371_8717830.jpg,slit_lamp,dataset_02\cataract\_371_8717830.jpg,0.0,True
_372_5630593.jpg,slit_lamp,dataset_02\cataract\_372_5630593.jpg,0.0,True
_374_8613138.jpg,slit_lamp,dataset_02\cataract\_374_8613138.jpg,0.0,True
_375_8898265.jpg,slit_lamp,dataset_02\cataract\_375_8898265.jpg,0.0,True
_376_9321900.jpg,slit_lamp,dataset_02\cataract\_376_9321900.jpg,0.0,True
_377_1993330.jpg,slit_lamp,dataset_02\cataract\_377_1993330.jpg,0.0,True
_381_6039460.jpg,slit_lamp,dataset_02\cataract\_381_6039460.jpg,0.0,True
_389_2605189.jpg,slit_lamp,dataset_02\cataract\_389_2605189.jpg,0.0,True
_390_1354382.jpg,slit_lamp,dataset_02\cataract\_390_1354382.jpg,0.0,True
_391_3026815.jpg,slit_lamp,dataset_02\cataract\_391_3026815.jpg,0.0,True
_392_7918570.jpg,slit_lamp,dataset_02\cataract\_392_7918570.jpg,0.0,True
_397_8948757.jpg,slit_lamp,dataset_02\cataract\_397_8948757.jpg,0.0,True
_399_6667595.jpg,slit_lamp,dataset_02\cataract\_399_6667595.jpg,0.0,True
_3_4674992.jpg,slit_lamp,dataset_02\cataract\_3_4674992.jpg,0.0,True
_400_7591244.jpg,slit_lamp,dataset_02\cataract\_400_7591244.jpg,0.0,True
_41_7645755.jpg,slit_lamp,dataset_02\cataract\_41_7645755.jpg,0.0,True
_42_7486921.jpg,slit_lamp,dataset_02\cataract\_42_7486921.jpg,0.0,True
_42_9949990.jpg,slit_lamp,dataset_02\cataract\_42_9949990.jpg,0.0,True
_44_6970984.jpg,slit_lamp,dataset_02\cataract\_44_6970984.jpg,0.0,True
_47_4608506.jpg,slit_lamp,dataset_02\cataract\_47_4608506.jpg,0.0,True
_48_1110786.jpg,slit_lamp,dataset_02\cataract\_48_1110786.jpg,0.0,True
_48_7953833.jpg,slit_lamp,dataset_02\cataract\_48_7953833.jpg,0.0,True
_49_1539697.jpg,slit_lamp,dataset_02\cataract\_49_1539697.jpg,0.0,True
_4_1244424.jpg,slit_lamp,dataset_02\cataract\_4_1244424.jpg,0.01,True
_50_1920746.jpg,slit_lamp,dataset_02\cataract\_50_1920746.jpg,0.01,True
_52_3704655.jpg,slit_lamp,dataset_02\cataract\_52_3704655.jpg,0.0,True
_52_7569766.jpg,slit_lamp,dataset_02\cataract\_52_7569766.jpg,0.0,True
_53_8912600.jpg,slit_lamp,dataset_02\cataract\_53_8912600.jpg,0.0,True
_57_3959793.jpg,slit_lamp,dataset_02\cataract\_57_3959793.jpg,0.0,True
_58_7683562.jpg,slit_lamp,dataset_02\cataract\_58_7683562.jpg,0.0,True
_59_2574195.jpg,slit_lamp,dataset_02\cataract\_59_2574195.jpg,0.0,True
_59_8958387.jpg,slit_lamp,dataset_02\cataract\_59_8958387.jpg,0.0,True
_5_9005506.jpg,slit_lamp,dataset_02\cataract\_5_9005506.jpg,0.0,True
_60_2561089.jpg,slit_lamp,dataset_02\cataract\_60_2561089.jpg,0.0,True
_61_2475173.jpg,slit_lamp,dataset_02\cataract\_61_2475173.jpg,0.0,True
_63_7923836.jpg,slit_lamp,dataset_02\cataract\_63_7923836.jpg,0.05,True
_66_9729796.jpg,slit_lamp,dataset_02\cataract\_66_9729796.jpg,0.0,True
_67_2701502.jpg,slit_lamp,dataset_02\cataract\_67_2701502.jpg,0.0,True
_68_6182618.jpg,slit_lamp,dataset_02\cataract\_68_6182618.jpg,0.0,True
_69_4758198.jpg,slit_lamp,dataset_02\cataract\_69_4758198.jpg,0.0,True
_70_3464173.jpg,slit_lamp,dataset_02\cataract\_70_3464173.jpg,0.0,True
_71_5079718.jpg,slit_lamp,dataset_02\cataract\_71_5079718.jpg,0.0,True
_71_7808711.jpg,slit_lamp,dataset_02\cataract\_71_7808711.jpg,0.0,True
_77_2197698.jpg,slit_lamp,dataset_02\cataract\_77_2197698.jpg,0.0,True
_79_1123955.jpg,slit_lamp,dataset_02\cataract\_79_1123955.jpg,0.0,True
_81_5591649.jpg,slit_lamp,dataset_02\cataract\_81_5591649.jpg,0.0,True
_81_6384668.jpg,slit_lamp,dataset_02\cataract\_81_6384668.jpg,0.0,True
_82_1805923.jpg,slit_lamp,dataset_02\cataract\_82_1805923.jpg,0.0,True
_85_2405112.jpg,slit_lamp,dataset_02\cataract\_85_2405112.jpg,0.0,True
_86_4443360.jpg,slit_lamp,dataset_02\cataract\_86_4443360.jpg,0.0,True
_88_1858467.jpg,slit_lamp,dataset_02\cataract\_88_1858467.jpg,0.0,True
_89_450120.jpg,slit_lamp,dataset_02\cataract\_89_450120.jpg,0.0,True
_90_4479779.jpg,slit_lamp,dataset_02\cataract\_90_4479779.jpg,0.0,True
_91_7118539.jpg,slit_lamp,dataset_02\cataract\_91_7118539.jpg,0.0,True
_92_5284437.jpg,slit_lamp,dataset_02\cataract\_92_5284437.jpg,0.0,True
_93_7584804.jpg,slit_lamp,dataset_02\cataract\_93_7584804.jpg,0.0,True
_97_6398110.jpg,slit_lamp,dataset_02\cataract\_97_6398110.jpg,0.0,True
_97_761368.jpg,slit_lamp,dataset_02\cataract\_97_761368.jpg,0.0,True
_98_9687825.jpg,slit_lamp,dataset_02\cataract\_98_9687825.jpg,0.0,True
1006_right.jpg,slit_lamp,dataset_02\normal\1006_right.jpg,0.0,True
1008_right.jpg,slit_lamp,dataset_02\normal\1008_right.jpg,0.02,True
1010_right.jpg,slit_lamp,dataset_02\normal\1010_right.jpg,0.19,True
1011_right.jpg,slit_lamp,dataset_02\normal\1011_right.jpg,0.07,True
1017_left.jpg,slit_lamp,dataset_02\normal\1017_left.jpg,0.0,True
1017_right.jpg,slit_lamp,dataset_02\normal\1017_right.jpg,0.0,True
1019_left.jpg,slit_lamp,dataset_02\normal\1019_left.jpg,0.33,True
101_left.jpg,slit_lamp,dataset_02\normal\101_left.jpg,0.14,True
101_right.jpg,slit_lamp,dataset_02\normal\101_right.jpg,0.05,True
1021_left.jpg,slit_lamp,dataset_02\normal\1021_left.jpg,0.02,True
1028_right.jpg,slit_lamp,dataset_02\normal\1028_right.jpg,0.0,True
1032_right.jpg,slit_lamp,dataset_02\normal\1032_right.jpg,0.0,True
1034_left.jpg,slit_lamp,dataset_02\normal\1034_left.jpg,0.04,True
1043_right.jpg,slit_lamp,dataset_02\normal\1043_right.jpg,0.0,True
1046_right.jpg,slit_lamp,dataset_02\normal\1046_right.jpg,0.42,True
1056_right.jpg,slit_lamp,dataset_02\normal\1056_right.jpg,0.0,True
105_left.jpg,slit_lamp,dataset_02\normal\105_left.jpg,0.74,True
1061_right.jpg,slit_lamp,dataset_02\normal\1061_right.jpg,0.0,True
1064_left.jpg,slit_lamp,dataset_02\normal\1064_left.jpg,0.38,True
1066_left.jpg,slit_lamp,dataset_02\normal\1066_left.jpg,0.04,True
1071_right.jpg,slit_lamp,dataset_02\normal\1071_right.jpg,0.01,True
1074_left.jpg,slit_lamp,dataset_02\normal\1074_left.jpg,0.06,True
1085_left.jpg,slit_lamp,dataset_02\normal\1085_left.jpg,0.03,True
1085_right.jpg,slit_lamp,dataset_02\normal\1085_right.jpg,0.0,True
1086_left.jpg,slit_lamp,dataset_02\normal\1086_left.jpg,0.02,True
108_left.jpg,slit_lamp,dataset_02\normal\108_left.jpg,0.17,True
108_right.jpg,slit_lamp,dataset_02\normal\108_right.jpg,0.24,True
1091_right.jpg,slit_lamp,dataset_02\normal\1091_right.jpg,0.02,True
1095_left.jpg,slit_lamp,dataset_02\normal\1095_left.jpg,0.0,True
1096_left.jpg,slit_lamp,dataset_02\normal\1096_left.jpg,0.0,True
109_right.jpg,slit_lamp,dataset_02\normal\109_right.jpg,0.18,True
1109_left.jpg,slit_lamp,dataset_02\normal\1109_left.jpg,0.43,True
1116_right.jpg,slit_lamp,dataset_02\normal\1116_right.jpg,0.03,True
1119_left.jpg,slit_lamp,dataset_02\normal\1119_left.jpg,0.05,True
1124_right.jpg,slit_lamp,dataset_02\normal\1124_right.jpg,0.23,True
1147_left.jpg,slit_lamp,dataset_02\normal\1147_left.jpg,0.26,True
1148_left.jpg,slit_lamp,dataset_02\normal\1148_left.jpg,0.01,True
1148_right.jpg,slit_lamp,dataset_02\normal\1148_right.jpg,0.02,True
1151_right.jpg,slit_lamp,dataset_02\normal\1151_right.jpg,0.38,True
1152_left.jpg,slit_lamp,dataset_02\normal\1152_left.jpg,0.08,True
1156_right.jpg,slit_lamp,dataset_02\normal\1156_right.jpg,0.01,True
1157_right.jpg,slit_lamp,dataset_02\normal\1157_right.jpg,0.0,True
1165_right.jpg,slit_lamp,dataset_02\normal\1165_right.jpg,0.0,True
1168_right.jpg,slit_lamp,dataset_02\normal\1168_right.jpg,0.02,True
116_right.jpg,slit_lamp,dataset_02\normal\116_right.jpg,0.04,True
1176_right.jpg,slit_lamp,dataset_02\normal\1176_right.jpg,0.0,True
1186_left.jpg,slit_lamp,dataset_02\normal\1186_left.jpg,0.25,True
118_right.jpg,slit_lamp,dataset_02\normal\118_right.jpg,0.19,True
1195_right.jpg,slit_lamp,dataset_02\normal\1195_right.jpg,0.31,True
1197_right.jpg,slit_lamp,dataset_02\normal\1197_right.jpg,0.04,True
11_right.jpg,slit_lamp,dataset_02\normal\11_right.jpg,4.91,True
1200_right.jpg,slit_lamp,dataset_02\normal\1200_right.jpg,0.0,True
1208_right.jpg,slit_lamp,dataset_02\normal\1208_right.jpg,0.47,True
1211_right.jpg,slit_lamp,dataset_02\normal\1211_right.jpg,0.01,True
1213_left.jpg,slit_lamp,dataset_02\normal\1213_left.jpg,0.0,True
1218_right.jpg,slit_lamp,dataset_02\normal\1218_right.jpg,0.06,True
1226_right.jpg,slit_lamp,dataset_02\normal\1226_right.jpg,0.0,True
1237_left.jpg,slit_lamp,dataset_02\normal\1237_left.jpg,0.04,True
1238_left.jpg,slit_lamp,dataset_02\normal\1238_left.jpg,0.02,True
1241_left.jpg,slit_lamp,dataset_02\normal\1241_left.jpg,0.08,True
1242_right.jpg,slit_lamp,dataset_02\normal\1242_right.jpg,0.0,True
1246_left.jpg,slit_lamp,dataset_02\normal\1246_left.jpg,0.0,True
1251_left.jpg,slit_lamp,dataset_02\normal\1251_left.jpg,0.19,True
1255_left.jpg,slit_lamp,dataset_02\normal\1255_left.jpg,0.75,True
1260_left.jpg,slit_lamp,dataset_02\normal\1260_left.jpg,0.09,True
1261_left.jpg,slit_lamp,dataset_02\normal\1261_left.jpg,0.01,True
1263_left.jpg,slit_lamp,dataset_02\normal\1263_left.jpg,0.06,True
1271_right.jpg,slit_lamp,dataset_02\normal\1271_right.jpg,0.03,True
1273_left.jpg,slit_lamp,dataset_02\normal\1273_left.jpg,0.0,True
1273_right.jpg,slit_lamp,dataset_02\normal\1273_right.jpg,0.01,True
1277_left.jpg,slit_lamp,dataset_02\normal\1277_left.jpg,0.0,True
1287_right.jpg,slit_lamp,dataset_02\normal\1287_right.jpg,0.08,True
1288_left.jpg,slit_lamp,dataset_02\normal\1288_left.jpg,0.04,True
1290_right.jpg,slit_lamp,dataset_02\normal\1290_right.jpg,0.6,True
1291_right.jpg,slit_lamp,dataset_02\normal\1291_right.jpg,0.01,True
1295_right.jpg,slit_lamp,dataset_02\normal\1295_right.jpg,0.11,True
1299_right.jpg,slit_lamp,dataset_02\normal\1299_right.jpg,0.01,True
1303_right.jpg,slit_lamp,dataset_02\normal\1303_right.jpg,0.0,True
1308_left.jpg,slit_lamp,dataset_02\normal\1308_left.jpg,0.02,True
1308_right.jpg,slit_lamp,dataset_02\normal\1308_right.jpg,0.18,True
1309_right.jpg,slit_lamp,dataset_02\normal\1309_right.jpg,1.71,True
1311_left.jpg,slit_lamp,dataset_02\normal\1311_left.jpg,0.0,True
131_left.jpg,slit_lamp,dataset_02\normal\131_left.jpg,0.52,True
1344_left.jpg,slit_lamp,dataset_02\normal\1344_left.jpg,0.0,True
1364_left.jpg,slit_lamp,dataset_02\normal\1364_left.jpg,0.0,True
1365_right.jpg,slit_lamp,dataset_02\normal\1365_right.jpg,0.01,True
1366_right.jpg,slit_lamp,dataset_02\normal\1366_right.jpg,0.08,True
1373_left.jpg,slit_lamp,dataset_02\normal\1373_left.jpg,0.01,True
1373_right.jpg,slit_lamp,dataset_02\normal\1373_right.jpg,0.01,True
137_right.jpg,slit_lamp,dataset_02\normal\137_right.jpg,0.07,True
1388_right.jpg,slit_lamp,dataset_02\normal\1388_right.jpg,0.37,True
139_left.jpg,slit_lamp,dataset_02\normal\139_left.jpg,0.01,True
13_right.jpg,slit_lamp,dataset_02\normal\13_right.jpg,0.0,True
1401_left.jpg,slit_lamp,dataset_02\normal\1401_left.jpg,0.19,True
1402_right.jpg,slit_lamp,dataset_02\normal\1402_right.jpg,0.18,True
1408_right.jpg,slit_lamp,dataset_02\normal\1408_right.jpg,0.02,True
1409_left.jpg,slit_lamp,dataset_02\normal\1409_left.jpg,0.0,True
1410_left.jpg,slit_lamp,dataset_02\normal\1410_left.jpg,0.0,True
1411_left.jpg,slit_lamp,dataset_02\normal\1411_left.jpg,0.0,True
1413_right.jpg,slit_lamp,dataset_02\normal\1413_right.jpg,0.01,True
1416_left.jpg,slit_lamp,dataset_02\normal\1416_left.jpg,1.39,True
1418_left.jpg,slit_lamp,dataset_02\normal\1418_left.jpg,0.0,True
1420_right.jpg,slit_lamp,dataset_02\normal\1420_right.jpg,0.01,True
1422_right.jpg,slit_lamp,dataset_02\normal\1422_right.jpg,0.0,True
1423_left.jpg,slit_lamp,dataset_02\normal\1423_left.jpg,0.0,True
1424_left.jpg,slit_lamp,dataset_02\normal\1424_left.jpg,0.0,True
1425_right.jpg,slit_lamp,dataset_02\normal\1425_right.jpg,0.0,True
1440_right.jpg,slit_lamp,dataset_02\normal\1440_right.jpg,0.0,True
1444_right.jpg,slit_lamp,dataset_02\normal\1444_right.jpg,0.0,True
144_left.jpg,slit_lamp,dataset_02\normal\144_left.jpg,0.47,True
1456_left.jpg,slit_lamp,dataset_02\normal\1456_left.jpg,0.0,True
1456_right.jpg,slit_lamp,dataset_02\normal\1456_right.jpg,0.01,True
1465_left.jpg,slit_lamp,dataset_02\normal\1465_left.jpg,0.0,True
1469_left.jpg,slit_lamp,dataset_02\normal\1469_left.jpg,0.0,True
146_right.jpg,slit_lamp,dataset_02\normal\146_right.jpg,0.03,True
1470_left.jpg,slit_lamp,dataset_02\normal\1470_left.jpg,0.06,True
1488_right.jpg,slit_lamp,dataset_02\normal\1488_right.jpg,0.22,True
1492_left.jpg,slit_lamp,dataset_02\normal\1492_left.jpg,0.01,True
1494_left.jpg,slit_lamp,dataset_02\normal\1494_left.jpg,0.01,True
149_left.jpg,slit_lamp,dataset_02\normal\149_left.jpg,0.0,True
1503_right.jpg,slit_lamp,dataset_02\normal\1503_right.jpg,0.21,True
1510_left.jpg,slit_lamp,dataset_02\normal\1510_left.jpg,0.29,True
1515_right.jpg,slit_lamp,dataset_02\normal\1515_right.jpg,0.11,True
1519_left.jpg,slit_lamp,dataset_02\normal\1519_left.jpg,0.02,True
151_left.jpg,slit_lamp,dataset_02\normal\151_left.jpg,0.02,True
1523_right.jpg,slit_lamp,dataset_02\normal\1523_right.jpg,0.02,True
1527_left.jpg,slit_lamp,dataset_02\normal\1527_left.jpg,0.09,True
1529_left.jpg,slit_lamp,dataset_02\normal\1529_left.jpg,0.0,True
152_left.jpg,slit_lamp,dataset_02\normal\152_left.jpg,0.02,True
1534_left.jpg,slit_lamp,dataset_02\normal\1534_left.jpg,2.1,True
1536_right.jpg,slit_lamp,dataset_02\normal\1536_right.jpg,0.0,True
1537_right.jpg,slit_lamp,dataset_02\normal\1537_right.jpg,1.11,True
1538_left.jpg,slit_lamp,dataset_02\normal\1538_left.jpg,0.0,True
1541_left.jpg,slit_lamp,dataset_02\normal\1541_left.jpg,4.34,True
1553_right.jpg,slit_lamp,dataset_02\normal\1553_right.jpg,0.04,True
1557_right.jpg,slit_lamp,dataset_02\normal\1557_right.jpg,0.28,True
155_left.jpg,slit_lamp,dataset_02\normal\155_left.jpg,0.02,True
1563_right.jpg,slit_lamp,dataset_02\normal\1563_right.jpg,0.16,True
156_right.jpg,slit_lamp,dataset_02\normal\156_right.jpg,0.11,True
1578_left.jpg,slit_lamp,dataset_02\normal\1578_left.jpg,1.78,True
1589_left.jpg,slit_lamp,dataset_02\normal\1589_left.jpg,0.12,True
1600_left.jpg,slit_lamp,dataset_02\normal\1600_left.jpg,0.01,True
1607_left.jpg,slit_lamp,dataset_02\normal\1607_left.jpg,0.13,True
1611_left.jpg,slit_lamp,dataset_02\normal\1611_left.jpg,3.64,True
1612_right.jpg,slit_lamp,dataset_02\normal\1612_right.jpg,0.01,True
1613_left.jpg,slit_lamp,dataset_02\normal\1613_left.jpg,0.03,True
1614_right.jpg,slit_lamp,dataset_02\normal\1614_right.jpg,0.0,True
1615_left.jpg,slit_lamp,dataset_02\normal\1615_left.jpg,1.63,True
1619_left.jpg,slit_lamp,dataset_02\normal\1619_left.jpg,0.0,True
161_left.jpg,slit_lamp,dataset_02\normal\161_left.jpg,0.01,True
1621_left.jpg,slit_lamp,dataset_02\normal\1621_left.jpg,4.92,True
1623_right.jpg,slit_lamp,dataset_02\normal\1623_right.jpg,0.84,True
1626_left.jpg,slit_lamp,dataset_02\normal\1626_left.jpg,0.0,True
1626_right.jpg,slit_lamp,dataset_02\normal\1626_right.jpg,0.02,True
1629_left.jpg,slit_lamp,dataset_02\normal\1629_left.jpg,0.92,True
1638_right.jpg,slit_lamp,dataset_02\normal\1638_right.jpg,0.03,True
163_right.jpg,slit_lamp,dataset_02\normal\163_right.jpg,0.01,True
1657_right.jpg,slit_lamp,dataset_02\normal\1657_right.jpg,0.12,True
171_left.jpg,slit_lamp,dataset_02\normal\171_left.jpg,0.01,True
174_left.jpg,slit_lamp,dataset_02\normal\174_left.jpg,1.14,True
174_right.jpg,slit_lamp,dataset_02\normal\174_right.jpg,0.0,True
177_right.jpg,slit_lamp,dataset_02\normal\177_right.jpg,0.07,True
17_right.jpg,slit_lamp,dataset_02\normal\17_right.jpg,0.16,True
1801_right.jpg,slit_lamp,dataset_02\normal\1801_right.jpg,0.01,True
180_right.jpg,slit_lamp,dataset_02\normal\180_right.jpg,0.01,True
1833_left.jpg,slit_lamp,dataset_02\normal\1833_left.jpg,0.33,True
1836_left.jpg,slit_lamp,dataset_02\normal\1836_left.jpg,0.0,True
1837_right.jpg,slit_lamp,dataset_02\normal\1837_right.jpg,0.57,True
1841_left.jpg,slit_lamp,dataset_02\normal\1841_left.jpg,0.02,True
1844_left.jpg,slit_lamp,dataset_02\normal\1844_left.jpg,0.0,True
1854_left.jpg,slit_lamp,dataset_02\normal\1854_left.jpg,0.03,True
1856_right.jpg,slit_lamp,dataset_02\normal\1856_right.jpg,0.16,True
1865_left.jpg,slit_lamp,dataset_02\normal\1865_left.jpg,0.01,True
1867_left.jpg,slit_lamp,dataset_02\normal\1867_left.jpg,0.52,True
1868_left.jpg,slit_lamp,dataset_02\normal\1868_left.jpg,0.0,True
1869_left.jpg,slit_lamp,dataset_02\normal\1869_left.jpg,0.15,True
1872_left.jpg,slit_lamp,dataset_02\normal\1872_left.jpg,0.01,True
1874_right.jpg,slit_lamp,dataset_02\normal\1874_right.jpg,0.0,True
1885_left.jpg,slit_lamp,dataset_02\normal\1885_left.jpg,0.06,True
188_right.jpg,slit_lamp,dataset_02\normal\188_right.jpg,0.01,True
1890_right.jpg,slit_lamp,dataset_02\normal\1890_right.jpg,0.48,True
1892_right.jpg,slit_lamp,dataset_02\normal\1892_right.jpg,0.01,True
1927_left.jpg,slit_lamp,dataset_02\normal\1927_left.jpg,0.01,True
1927_right.jpg,slit_lamp,dataset_02\normal\1927_right.jpg,0.08,True
192_right.jpg,slit_lamp,dataset_02\normal\192_right.jpg,0.01,True
194_left.jpg,slit_lamp,dataset_02\normal\194_left.jpg,0.01,True
195_right.jpg,slit_lamp,dataset_02\normal\195_right.jpg,0.0,True
1963_right.jpg,slit_lamp,dataset_02\normal\1963_right.jpg,0.01,True
1964_left.jpg,slit_lamp,dataset_02\normal\1964_left.jpg,0.0,True
1974_left.jpg,slit_lamp,dataset_02\normal\1974_left.jpg,0.75,True
197_left.jpg,slit_lamp,dataset_02\normal\197_left.jpg,0.0,True
1994_left.jpg,slit_lamp,dataset_02\normal\1994_left.jpg,0.0,True
2004_left.jpg,slit_lamp,dataset_02\normal\2004_left.jpg,0.02,True
2010_right.jpg,slit_lamp,dataset_02\normal\2010_right.jpg,0.28,True
202_right.jpg,slit_lamp,dataset_02\normal\202_right.jpg,0.0,True
2032_left.jpg,slit_lamp,dataset_02\normal\2032_left.jpg,0.0,True
204_right.jpg,slit_lamp,dataset_02\normal\204_right.jpg,0.06,True
2053_left.jpg,slit_lamp,dataset_02\normal\2053_left.jpg,0.0,True
2066_left.jpg,slit_lamp,dataset_02\normal\2066_left.jpg,0.04,True
2070_right.jpg,slit_lamp,dataset_02\normal\2070_right.jpg,0.12,True
2078_left.jpg,slit_lamp,dataset_02\normal\2078_left.jpg,0.02,True
207_left.jpg,slit_lamp,dataset_02\normal\207_left.jpg,0.05,True
208_right.jpg,slit_lamp,dataset_02\normal\208_right.jpg,0.02,True
2098_right.jpg,slit_lamp,dataset_02\normal\2098_right.jpg,0.04,True
2101_right.jpg,slit_lamp,dataset_02\normal\2101_right.jpg,0.0,True
2103_left.jpg,slit_lamp,dataset_02\normal\2103_left.jpg,0.02,True
2105_right.jpg,slit_lamp,dataset_02\normal\2105_right.jpg,0.04,True
2106_right.jpg,slit_lamp,dataset_02\normal\2106_right.jpg,0.09,True
2125_right.jpg,slit_lamp,dataset_02\normal\2125_right.jpg,0.0,True
212_right.jpg,slit_lamp,dataset_02\normal\212_right.jpg,0.0,True
2132_left.jpg,slit_lamp,dataset_02\normal\2132_left.jpg,21.03,True
2138_right.jpg,slit_lamp,dataset_02\normal\2138_right.jpg,0.03,True
2141_right.jpg,slit_lamp,dataset_02\normal\2141_right.jpg,0.01,True
2142_right.jpg,slit_lamp,dataset_02\normal\2142_right.jpg,0.06,True
2143_left.jpg,slit_lamp,dataset_02\normal\2143_left.jpg,0.0,True
2146_right.jpg,slit_lamp,dataset_02\normal\2146_right.jpg,0.88,True
2153_right.jpg,slit_lamp,dataset_02\normal\2153_right.jpg,0.0,True
2154_right.jpg,slit_lamp,dataset_02\normal\2154_right.jpg,0.01,True
2159_left.jpg,slit_lamp,dataset_02\normal\2159_left.jpg,0.03,True
2160_left.jpg,slit_lamp,dataset_02\normal\2160_left.jpg,0.02,True
2163_left.jpg,slit_lamp,dataset_02\normal\2163_left.jpg,0.01,True
2169_right.jpg,slit_lamp,dataset_02\normal\2169_right.jpg,0.0,True
216_right.jpg,slit_lamp,dataset_02\normal\216_right.jpg,0.04,True
2172_left.jpg,slit_lamp,dataset_02\normal\2172_left.jpg,0.0,True
2173_left.jpg,slit_lamp,dataset_02\normal\2173_left.jpg,0.0,True
2174_right.jpg,slit_lamp,dataset_02\normal\2174_right.jpg,5.29,True
2177_left.jpg,slit_lamp,dataset_02\normal\2177_left.jpg,12.89,True
2178_left.jpg,slit_lamp,dataset_02\normal\2178_left.jpg,0.07,True
2182_right.jpg,slit_lamp,dataset_02\normal\2182_right.jpg,9.75,True
2187_right.jpg,slit_lamp,dataset_02\normal\2187_right.jpg,0.0,True
2190_left.jpg,slit_lamp,dataset_02\normal\2190_left.jpg,0.05,True
2193_right.jpg,slit_lamp,dataset_02\normal\2193_right.jpg,0.11,True
2195_right.jpg,slit_lamp,dataset_02\normal\2195_right.jpg,0.01,True
2197_left.jpg,slit_lamp,dataset_02\normal\2197_left.jpg,0.06,True
2205_right.jpg,slit_lamp,dataset_02\normal\2205_right.jpg,0.0,True
2210_right.jpg,slit_lamp,dataset_02\normal\2210_right.jpg,0.0,True
2212_right.jpg,slit_lamp,dataset_02\normal\2212_right.jpg,0.0,True
2213_right.jpg,slit_lamp,dataset_02\normal\2213_right.jpg,0.05,True
221_left.jpg,slit_lamp,dataset_02\normal\221_left.jpg,0.32,True
2222_right.jpg,slit_lamp,dataset_02\normal\2222_right.jpg,0.3,True
2223_left.jpg,slit_lamp,dataset_02\normal\2223_left.jpg,0.01,True
2223_right.jpg,slit_lamp,dataset_02\normal\2223_right.jpg,0.0,True
222_left.jpg,slit_lamp,dataset_02\normal\222_left.jpg,0.03,True
2231_right.jpg,slit_lamp,dataset_02\normal\2231_right.jpg,0.02,True
2233_left.jpg,slit_lamp,dataset_02\normal\2233_left.jpg,0.02,True
2239_left.jpg,slit_lamp,dataset_02\normal\2239_left.jpg,0.0,True
2239_right.jpg,slit_lamp,dataset_02\normal\2239_right.jpg,0.0,True
2244_right.jpg,slit_lamp,dataset_02\normal\2244_right.jpg,0.06,True
2246_right.jpg,slit_lamp,dataset_02\normal\2246_right.jpg,0.0,True
2248_left.jpg,slit_lamp,dataset_02\normal\2248_left.jpg,0.05,True
224_right.jpg,slit_lamp,dataset_02\normal\224_right.jpg,0.0,True
2262_right.jpg,slit_lamp,dataset_02\normal\2262_right.jpg,0.7,True
227_left.jpg,slit_lamp,dataset_02\normal\227_left.jpg,0.06,True
2329_right.jpg,slit_lamp,dataset_02\normal\2329_right.jpg,0.1,True
232_right.jpg,slit_lamp,dataset_02\normal\232_right.jpg,0.0,True
2333_right.jpg,slit_lamp,dataset_02\normal\2333_right.jpg,0.01,True
2334_left.jpg,slit_lamp,dataset_02\normal\2334_left.jpg,0.01,True
2336_left.jpg,slit_lamp,dataset_02\normal\2336_left.jpg,0.01,True
2337_right.jpg,slit_lamp,dataset_02\normal\2337_right.jpg,0.02,True
233_right.jpg,slit_lamp,dataset_02\normal\233_right.jpg,1.77,True
2340_right.jpg,slit_lamp,dataset_02\normal\2340_right.jpg,0.03,True
2351_right.jpg,slit_lamp,dataset_02\normal\2351_right.jpg,0.0,True
2352_right.jpg,slit_lamp,dataset_02\normal\2352_right.jpg,1.27,True
2354_right.jpg,slit_lamp,dataset_02\normal\2354_right.jpg,0.04,True
2355_right.jpg,slit_lamp,dataset_02\normal\2355_right.jpg,0.01,True
2357_right.jpg,slit_lamp,dataset_02\normal\2357_right.jpg,0.01,True
2359_left.jpg,slit_lamp,dataset_02\normal\2359_left.jpg,0.01,True
2359_right.jpg,slit_lamp,dataset_02\normal\2359_right.jpg,0.0,True
2361_left.jpg,slit_lamp,dataset_02\normal\2361_left.jpg,0.27,True
2365_right.jpg,slit_lamp,dataset_02\normal\2365_right.jpg,0.0,True
2368_left.jpg,slit_lamp,dataset_02\normal\2368_left.jpg,0.0,True
2371_left.jpg,slit_lamp,dataset_02\normal\2371_left.jpg,0.06,True
2372_left.jpg,slit_lamp,dataset_02\normal\2372_left.jpg,0.01,True
2372_right.jpg,slit_lamp,dataset_02\normal\2372_right.jpg,0.0,True
2373_right.jpg,slit_lamp,dataset_02\normal\2373_right.jpg,0.0,True
2374_left.jpg,slit_lamp,dataset_02\normal\2374_left.jpg,0.0,True
2376_right.jpg,slit_lamp,dataset_02\normal\2376_right.jpg,0.0,True
2377_left.jpg,slit_lamp,dataset_02\normal\2377_left.jpg,0.0,True
2382_right.jpg,slit_lamp,dataset_02\normal\2382_right.jpg,0.07,True
2384_left.jpg,slit_lamp,dataset_02\normal\2384_left.jpg,0.0,True
2386_left.jpg,slit_lamp,dataset_02\normal\2386_left.jpg,0.0,True
238_right.jpg,slit_lamp,dataset_02\normal\238_right.jpg,0.06,True
2397_right.jpg,slit_lamp,dataset_02\normal\2397_right.jpg,0.53,True
2399_left.jpg,slit_lamp,dataset_02\normal\2399_left.jpg,0.02,True
2402_left.jpg,slit_lamp,dataset_02\normal\2402_left.jpg,0.08,True
2402_right.jpg,slit_lamp,dataset_02\normal\2402_right.jpg,0.04,True
2413_left.jpg,slit_lamp,dataset_02\normal\2413_left.jpg,0.0,True
2417_left.jpg,slit_lamp,dataset_02\normal\2417_left.jpg,0.08,True
2418_left.jpg,slit_lamp,dataset_02\normal\2418_left.jpg,0.02,True
2418_right.jpg,slit_lamp,dataset_02\normal\2418_right.jpg,0.18,True
2420_right.jpg,slit_lamp,dataset_02\normal\2420_right.jpg,0.35,True
2425_left.jpg,slit_lamp,dataset_02\normal\2425_left.jpg,0.12,True
242_left.jpg,slit_lamp,dataset_02\normal\242_left.jpg,0.0,True
2432_right.jpg,slit_lamp,dataset_02\normal\2432_right.jpg,0.0,True
2433_right.jpg,slit_lamp,dataset_02\normal\2433_right.jpg,0.01,True
2436_right.jpg,slit_lamp,dataset_02\normal\2436_right.jpg,0.0,True
243_right.jpg,slit_lamp,dataset_02\normal\243_right.jpg,0.75,True
2441_right.jpg,slit_lamp,dataset_02\normal\2441_right.jpg,3.0,True
2450_left.jpg,slit_lamp,dataset_02\normal\2450_left.jpg,1.85,True
2457_left.jpg,slit_lamp,dataset_02\normal\2457_left.jpg,0.0,True
2457_right.jpg,slit_lamp,dataset_02\normal\2457_right.jpg,0.01,True
2459_right.jpg,slit_lamp,dataset_02\normal\2459_right.jpg,0.0,True
2461_right.jpg,slit_lamp,dataset_02\normal\2461_right.jpg,0.0,True
2467_right.jpg,slit_lamp,dataset_02\normal\2467_right.jpg,0.03,True
2469_right.jpg,slit_lamp,dataset_02\normal\2469_right.jpg,0.02,True
2472_left.jpg,slit_lamp,dataset_02\normal\2472_left.jpg,0.42,True
2474_left.jpg,slit_lamp,dataset_02\normal\2474_left.jpg,0.0,True
2475_right.jpg,slit_lamp,dataset_02\normal\2475_right.jpg,0.01,True
2479_right.jpg,slit_lamp,dataset_02\normal\2479_right.jpg,0.0,True
2480_left.jpg,slit_lamp,dataset_02\normal\2480_left.jpg,0.62,True
2481_right.jpg,slit_lamp,dataset_02\normal\2481_right.jpg,0.1,True
2482_left.jpg,slit_lamp,dataset_02\normal\2482_left.jpg,0.7,True
249_left.jpg,slit_lamp,dataset_02\normal\249_left.jpg,0.21,True
249_right.jpg,slit_lamp,dataset_02\normal\249_right.jpg,0.54,True
251_left.jpg,slit_lamp,dataset_02\normal\251_left.jpg,0.01,True
252_right.jpg,slit_lamp,dataset_02\normal\252_right.jpg,0.0,True
253_left.jpg,slit_lamp,dataset_02\normal\253_left.jpg,0.03,True
255_right.jpg,slit_lamp,dataset_02\normal\255_right.jpg,0.0,True
256_left.jpg,slit_lamp,dataset_02\normal\256_left.jpg,0.01,True
259_right.jpg,slit_lamp,dataset_02\normal\259_right.jpg,0.01,True
260_right.jpg,slit_lamp,dataset_02\normal\260_right.jpg,0.0,True
272_left.jpg,slit_lamp,dataset_02\normal\272_left.jpg,0.55,True
274_right.jpg,slit_lamp,dataset_02\normal\274_right.jpg,0.01,True
280_right.jpg,slit_lamp,dataset_02\normal\280_right.jpg,0.08,True
282_right.jpg,slit_lamp,dataset_02\normal\282_right.jpg,0.0,True
292_right.jpg,slit_lamp,dataset_02\normal\292_right.jpg,0.08,True
294_right.jpg,slit_lamp,dataset_02\normal\294_right.jpg,0.08,True
295_right.jpg,slit_lamp,dataset_02\normal\295_right.jpg,1.71,True
297_left.jpg,slit_lamp,dataset_02\normal\297_left.jpg,0.02,True
303_right.jpg,slit_lamp,dataset_02\normal\303_right.jpg,0.36,True
308_right.jpg,slit_lamp,dataset_02\normal\308_right.jpg,0.06,True
311_left.jpg,slit_lamp,dataset_02\normal\311_left.jpg,0.03,True
313_right.jpg,slit_lamp,dataset_02\normal\313_right.jpg,0.23,True
314_left.jpg,slit_lamp,dataset_02\normal\314_left.jpg,0.0,True
319_left.jpg,slit_lamp,dataset_02\normal\319_left.jpg,0.0,True
32_left.jpg,slit_lamp,dataset_02\normal\32_left.jpg,0.0,True
330_left.jpg,slit_lamp,dataset_02\normal\330_left.jpg,3.92,True
332_right.jpg,slit_lamp,dataset_02\normal\332_right.jpg,0.5,True
333_right.jpg,slit_lamp,dataset_02\normal\333_right.jpg,0.0,True
337_right.jpg,slit_lamp,dataset_02\normal\337_right.jpg,0.01,True
338_left.jpg,slit_lamp,dataset_02\normal\338_left.jpg,0.0,True
339_left.jpg,slit_lamp,dataset_02\normal\339_left.jpg,0.17,True
342_right.jpg,slit_lamp,dataset_02\normal\342_right.jpg,0.07,True
344_right.jpg,slit_lamp,dataset_02\normal\344_right.jpg,0.0,True
345_left.jpg,slit_lamp,dataset_02\normal\345_left.jpg,0.0,True
345_right.jpg,slit_lamp,dataset_02\normal\345_right.jpg,0.01,True
351_left.jpg,slit_lamp,dataset_02\normal\351_left.jpg,0.05,True
357_left.jpg,slit_lamp,dataset_02\normal\357_left.jpg,0.0,True
364_right.jpg,slit_lamp,dataset_02\normal\364_right.jpg,0.0,True
365_right.jpg,slit_lamp,dataset_02\normal\365_right.jpg,0.19,True
368_left.jpg,slit_lamp,dataset_02\normal\368_left.jpg,0.0,True
373_right.jpg,slit_lamp,dataset_02\normal\373_right.jpg,0.0,True
375_left.jpg,slit_lamp,dataset_02\normal\375_left.jpg,0.0,True
377_right.jpg,slit_lamp,dataset_02\normal\377_right.jpg,0.66,True
37_left.jpg,slit_lamp,dataset_02\normal\37_left.jpg,0.0,True
37_right.jpg,slit_lamp,dataset_02\normal\37_right.jpg,0.0,True
384_left.jpg,slit_lamp,dataset_02\normal\384_left.jpg,2.34,True
388_left.jpg,slit_lamp,dataset_02\normal\388_left.jpg,0.0,True
38_left.jpg,slit_lamp,dataset_02\normal\38_left.jpg,0.02,True
38_right.jpg,slit_lamp,dataset_02\normal\38_right.jpg,0.0,True
393_left.jpg,slit_lamp,dataset_02\normal\393_left.jpg,0.04,True
400_left.jpg,slit_lamp,dataset_02\normal\400_left.jpg,0.91,True
409_left.jpg,slit_lamp,dataset_02\normal\409_left.jpg,0.0,True
412_right.jpg,slit_lamp,dataset_02\normal\412_right.jpg,0.0,True
413_right.jpg,slit_lamp,dataset_02\normal\413_right.jpg,0.49,True
414_right.jpg,slit_lamp,dataset_02\normal\414_right.jpg,0.0,True
416_left.jpg,slit_lamp,dataset_02\normal\416_left.jpg,0.78,True
417_left.jpg,slit_lamp,dataset_02\normal\417_left.jpg,0.18,True
418_left.jpg,slit_lamp,dataset_02\normal\418_left.jpg,0.17,True
420_right.jpg,slit_lamp,dataset_02\normal\420_right.jpg,0.35,True
421_left.jpg,slit_lamp,dataset_02\normal\421_left.jpg,0.07,True
423_left.jpg,slit_lamp,dataset_02\normal\423_left.jpg,0.0,True
424_right.jpg,slit_lamp,dataset_02\normal\424_right.jpg,0.01,True
42_right.jpg,slit_lamp,dataset_02\normal\42_right.jpg,0.68,True
430_right.jpg,slit_lamp,dataset_02\normal\430_right.jpg,0.15,True
432_left.jpg,slit_lamp,dataset_02\normal\432_left.jpg,0.0,True
432_right.jpg,slit_lamp,dataset_02\normal\432_right.jpg,0.0,True
435_right.jpg,slit_lamp,dataset_02\normal\435_right.jpg,0.57,True
436_left.jpg,slit_lamp,dataset_02\normal\436_left.jpg,0.0,True
441_right.jpg,slit_lamp,dataset_02\normal\441_right.jpg,0.05,True
442_right.jpg,slit_lamp,dataset_02\normal\442_right.jpg,0.09,True
44_right.jpg,slit_lamp,dataset_02\normal\44_right.jpg,0.05,True
454_right.jpg,slit_lamp,dataset_02\normal\454_right.jpg,0.21,True
455_left.jpg,slit_lamp,dataset_02\normal\455_left.jpg,0.03,True
460_right.jpg,slit_lamp,dataset_02\normal\460_right.jpg,0.04,True
462_right.jpg,slit_lamp,dataset_02\normal\462_right.jpg,0.08,True
463_right.jpg,slit_lamp,dataset_02\normal\463_right.jpg,0.01,True
469_right.jpg,slit_lamp,dataset_02\normal\469_right.jpg,6.0,True
472_left.jpg,slit_lamp,dataset_02\normal\472_left.jpg,0.02,True
474_right.jpg,slit_lamp,dataset_02\normal\474_right.jpg,0.0,True
476_left.jpg,slit_lamp,dataset_02\normal\476_left.jpg,0.0,True
478_left.jpg,slit_lamp,dataset_02\normal\478_left.jpg,0.01,True
47_left.jpg,slit_lamp,dataset_02\normal\47_left.jpg,1.02,True
483_right.jpg,slit_lamp,dataset_02\normal\483_right.jpg,0.04,True
485_left.jpg,slit_lamp,dataset_02\normal\485_left.jpg,0.06,True
486_left.jpg,slit_lamp,dataset_02\normal\486_left.jpg,0.01,True
487_right.jpg,slit_lamp,dataset_02\normal\487_right.jpg,0.01,True
489_right.jpg,slit_lamp,dataset_02\normal\489_right.jpg,0.2,True
494_left.jpg,slit_lamp,dataset_02\normal\494_left.jpg,0.05,True
49_left.jpg,slit_lamp,dataset_02\normal\49_left.jpg,0.01,True
512_left.jpg,slit_lamp,dataset_02\normal\512_left.jpg,0.0,True
515_left.jpg,slit_lamp,dataset_02\normal\515_left.jpg,0.02,True
516_right.jpg,slit_lamp,dataset_02\normal\516_right.jpg,0.16,True
521_right.jpg,slit_lamp,dataset_02\normal\521_right.jpg,0.0,True
522_right.jpg,slit_lamp,dataset_02\normal\522_right.jpg,0.23,True
526_left.jpg,slit_lamp,dataset_02\normal\526_left.jpg,0.55,True
528_left.jpg,slit_lamp,dataset_02\normal\528_left.jpg,0.05,True
531_left.jpg,slit_lamp,dataset_02\normal\531_left.jpg,0.0,True
532_right.jpg,slit_lamp,dataset_02\normal\532_right.jpg,0.04,True
533_right.jpg,slit_lamp,dataset_02\normal\533_right.jpg,0.07,True
534_left.jpg,slit_lamp,dataset_02\normal\534_left.jpg,0.42,True
536_right.jpg,slit_lamp,dataset_02\normal\536_right.jpg,0.34,True
53_right.jpg,slit_lamp,dataset_02\normal\53_right.jpg,0.0,True
542_left.jpg,slit_lamp,dataset_02\normal\542_left.jpg,0.15,True
546_left.jpg,slit_lamp,dataset_02\normal\546_left.jpg,0.0,True
548_left.jpg,slit_lamp,dataset_02\normal\548_left.jpg,0.02,True
548_right.jpg,slit_lamp,dataset_02\normal\548_right.jpg,0.0,True
555_right.jpg,slit_lamp,dataset_02\normal\555_right.jpg,0.0,True
557_right.jpg,slit_lamp,dataset_02\normal\557_right.jpg,0.06,True
559_right.jpg,slit_lamp,dataset_02\normal\559_right.jpg,0.01,True
55_left.jpg,slit_lamp,dataset_02\normal\55_left.jpg,0.01,True
560_right.jpg,slit_lamp,dataset_02\normal\560_right.jpg,0.17,True
561_left.jpg,slit_lamp,dataset_02\normal\561_left.jpg,0.46,True
562_left.jpg,slit_lamp,dataset_02\normal\562_left.jpg,0.01,True
564_right.jpg,slit_lamp,dataset_02\normal\564_right.jpg,0.0,True
568_left.jpg,slit_lamp,dataset_02\normal\568_left.jpg,0.0,True
569_left.jpg,slit_lamp,dataset_02\normal\569_left.jpg,0.11,True
572_left.jpg,slit_lamp,dataset_02\normal\572_left.jpg,0.0,True
572_right.jpg,slit_lamp,dataset_02\normal\572_right.jpg,0.01,True
577_left.jpg,slit_lamp,dataset_02\normal\577_left.jpg,0.04,True
578_right.jpg,slit_lamp,dataset_02\normal\578_right.jpg,0.0,True
581_right.jpg,slit_lamp,dataset_02\normal\581_right.jpg,0.01,True
582_left.jpg,slit_lamp,dataset_02\normal\582_left.jpg,0.39,True
584_left.jpg,slit_lamp,dataset_02\normal\584_left.jpg,0.69,True
584_right.jpg,slit_lamp,dataset_02\normal\584_right.jpg,0.01,True
586_right.jpg,slit_lamp,dataset_02\normal\586_right.jpg,0.12,True
588_left.jpg,slit_lamp,dataset_02\normal\588_left.jpg,0.33,True
588_right.jpg,slit_lamp,dataset_02\normal\588_right.jpg,1.22,True
58_left.jpg,slit_lamp,dataset_02\normal\58_left.jpg,0.35,True
58_right.jpg,slit_lamp,dataset_02\normal\58_right.jpg,0.03,True
594_left.jpg,slit_lamp,dataset_02\normal\594_left.jpg,0.05,True
599_right.jpg,slit_lamp,dataset_02\normal\599_right.jpg,1.74,True
5_right.jpg,slit_lamp,dataset_02\normal\5_right.jpg,0.09,True
600_right.jpg,slit_lamp,dataset_02\normal\600_right.jpg,0.0,True
601_right.jpg,slit_lamp,dataset_02\normal\601_right.jpg,0.0,True
602_left.jpg,slit_lamp,dataset_02\normal\602_left.jpg,0.04,True
608_right.jpg,slit_lamp,dataset_02\normal\608_right.jpg,0.0,True
610_right.jpg,slit_lamp,dataset_02\normal\610_right.jpg,0.02,True
616_right.jpg,slit_lamp,dataset_02\normal\616_right.jpg,0.22,True
61_left.jpg,slit_lamp,dataset_02\normal\61_left.jpg,0.0,True
620_left.jpg,slit_lamp,dataset_02\normal\620_left.jpg,0.08,True
627_right.jpg,slit_lamp,dataset_02\normal\627_right.jpg,0.05,True
629_right.jpg,slit_lamp,dataset_02\normal\629_right.jpg,0.01,True
631_right.jpg,slit_lamp,dataset_02\normal\631_right.jpg,0.04,True
637_left.jpg,slit_lamp,dataset_02\normal\637_left.jpg,0.17,True
644_left.jpg,slit_lamp,dataset_02\normal\644_left.jpg,0.03,True
647_right.jpg,slit_lamp,dataset_02\normal\647_right.jpg,0.21,True
65_right.jpg,slit_lamp,dataset_02\normal\65_right.jpg,0.0,True
665_left.jpg,slit_lamp,dataset_02\normal\665_left.jpg,0.01,True
669_right.jpg,slit_lamp,dataset_02\normal\669_right.jpg,0.18,True
673_right.jpg,slit_lamp,dataset_02\normal\673_right.jpg,0.0,True
67_right.jpg,slit_lamp,dataset_02\normal\67_right.jpg,0.0,True
680_left.jpg,slit_lamp,dataset_02\normal\680_left.jpg,0.03,True
685_left.jpg,slit_lamp,dataset_02\normal\685_left.jpg,0.0,True
687_left.jpg,slit_lamp,dataset_02\normal\687_left.jpg,0.03,True
688_right.jpg,slit_lamp,dataset_02\normal\688_right.jpg,0.01,True
691_left.jpg,slit_lamp,dataset_02\normal\691_left.jpg,3.55,True
693_right.jpg,slit_lamp,dataset_02\normal\693_right.jpg,2.21,True
6_right.jpg,slit_lamp,dataset_02\normal\6_right.jpg,0.55,True
701_right.jpg,slit_lamp,dataset_02\normal\701_right.jpg,0.46,True
704_right.jpg,slit_lamp,dataset_02\normal\704_right.jpg,0.0,True
707_right.jpg,slit_lamp,dataset_02\normal\707_right.jpg,0.4,True
709_right.jpg,slit_lamp,dataset_02\normal\709_right.jpg,5.92,True
714_left.jpg,slit_lamp,dataset_02\normal\714_left.jpg,0.19,True
726_right.jpg,slit_lamp,dataset_02\normal\726_right.jpg,0.02,True
727_right.jpg,slit_lamp,dataset_02\normal\727_right.jpg,0.17,True
728_right.jpg,slit_lamp,dataset_02\normal\728_right.jpg,0.05,True
730_left.jpg,slit_lamp,dataset_02\normal\730_left.jpg,0.39,True
732_right.jpg,slit_lamp,dataset_02\normal\732_right.jpg,0.04,True
734_left.jpg,slit_lamp,dataset_02\normal\734_left.jpg,0.13,True
735_right.jpg,slit_lamp,dataset_02\normal\735_right.jpg,0.02,True
741_left.jpg,slit_lamp,dataset_02\normal\741_left.jpg,0.12,True
743_left.jpg,slit_lamp,dataset_02\normal\743_left.jpg,0.0,True
747_right.jpg,slit_lamp,dataset_02\normal\747_right.jpg,0.01,True
748_right.jpg,slit_lamp,dataset_02\normal\748_right.jpg,0.08,True
754_left.jpg,slit_lamp,dataset_02\normal\754_left.jpg,0.41,True
756_left.jpg,slit_lamp,dataset_02\normal\756_left.jpg,0.01,True
758_right.jpg,slit_lamp,dataset_02\normal\758_right.jpg,0.01,True
760_right.jpg,slit_lamp,dataset_02\normal\760_right.jpg,2.05,True
762_right.jpg,slit_lamp,dataset_02\normal\762_right.jpg,0.22,True
764_left.jpg,slit_lamp,dataset_02\normal\764_left.jpg,0.0,True
76_left.jpg,slit_lamp,dataset_02\normal\76_left.jpg,0.41,True
771_right.jpg,slit_lamp,dataset_02\normal\771_right.jpg,0.07,True
772_left.jpg,slit_lamp,dataset_02\normal\772_left.jpg,0.02,True
777_right.jpg,slit_lamp,dataset_02\normal\777_right.jpg,0.02,True
778_left.jpg,slit_lamp,dataset_02\normal\778_left.jpg,0.02,True
779_left.jpg,slit_lamp,dataset_02\normal\779_left.jpg,0.01,True
784_left.jpg,slit_lamp,dataset_02\normal\784_left.jpg,0.15,True
785_left.jpg,slit_lamp,dataset_02\normal\785_left.jpg,0.06,True
788_right.jpg,slit_lamp,dataset_02\normal\788_right.jpg,0.0,True
792_right.jpg,slit_lamp,dataset_02\normal\792_right.jpg,0.1,True
793_right.jpg,slit_lamp,dataset_02\normal\793_right.jpg,0.01,True
799_left.jpg,slit_lamp,dataset_02\normal\799_left.jpg,0.1,True
79_right.jpg,slit_lamp,dataset_02\normal\79_right.jpg,0.0,True
802_left.jpg,slit_lamp,dataset_02\normal\802_left.jpg,0.09,True
803_left.jpg,slit_lamp,dataset_02\normal\803_left.jpg,0.24,True
804_right.jpg,slit_lamp,dataset_02\normal\804_right.jpg,0.44,True
808_right.jpg,slit_lamp,dataset_02\normal\808_right.jpg,0.0,True
80_left.jpg,slit_lamp,dataset_02\normal\80_left.jpg,0.0,True
810_left.jpg,slit_lamp,dataset_02\normal\810_left.jpg,0.02,True
811_left.jpg,slit_lamp,dataset_02\normal\811_left.jpg,0.0,True
813_right.jpg,slit_lamp,dataset_02\normal\813_right.jpg,0.0,True
817_right.jpg,slit_lamp,dataset_02\normal\817_right.jpg,0.0,True
828_right.jpg,slit_lamp,dataset_02\normal\828_right.jpg,0.0,True
830_left.jpg,slit_lamp,dataset_02\normal\830_left.jpg,0.08,True
831_left.jpg,slit_lamp,dataset_02\normal\831_left.jpg,0.02,True
837_left.jpg,slit_lamp,dataset_02\normal\837_left.jpg,0.09,True
840_right.jpg,slit_lamp,dataset_02\normal\840_right.jpg,0.15,True
842_left.jpg,slit_lamp,dataset_02\normal\842_left.jpg,0.0,True
843_left.jpg,slit_lamp,dataset_02\normal\843_left.jpg,0.07,True
855_right.jpg,slit_lamp,dataset_02\normal\855_right.jpg,0.01,True
856_left.jpg,slit_lamp,dataset_02\normal\856_left.jpg,0.24,True
858_left.jpg,slit_lamp,dataset_02\normal\858_left.jpg,0.14,True
859_right.jpg,slit_lamp,dataset_02\normal\859_right.jpg,0.0,True
863_right.jpg,slit_lamp,dataset_02\normal\863_right.jpg,0.28,True
869_right.jpg,slit_lamp,dataset_02\normal\869_right.jpg,0.0,True
874_left.jpg,slit_lamp,dataset_02\normal\874_left.jpg,0.09,True
878_left.jpg,slit_lamp,dataset_02\normal\878_left.jpg,0.22,True
881_left.jpg,slit_lamp,dataset_02\normal\881_left.jpg,0.19,True
887_left.jpg,slit_lamp,dataset_02\normal\887_left.jpg,0.03,True
887_right.jpg,slit_lamp,dataset_02\normal\887_right.jpg,0.02,True
889_left.jpg,slit_lamp,dataset_02\normal\889_left.jpg,0.03,True
88_right.jpg,slit_lamp,dataset_02\normal\88_right.jpg,0.0,True
892_right.jpg,slit_lamp,dataset_02\normal\892_right.jpg,0.1,True
896_right.jpg,slit_lamp,dataset_02\normal\896_right.jpg,0.0,True
89_right.jpg,slit_lamp,dataset_02\normal\89_right.jpg,0.0,True
902_left.jpg,slit_lamp,dataset_02\normal\902_left.jpg,0.09,True
903_left.jpg,slit_lamp,dataset_02\normal\903_left.jpg,0.55,True
907_left.jpg,slit_lamp,dataset_02\normal\907_left.jpg,0.05,True
912_left.jpg,slit_lamp,dataset_02\normal\912_left.jpg,0.0,True
918_left.jpg,slit_lamp,dataset_02\normal\918_left.jpg,0.03,True
923_left.jpg,slit_lamp,dataset_02\normal\923_left.jpg,0.0,True
924_right.jpg,slit_lamp,dataset_02\normal\924_right.jpg,8.08,True
92_left.jpg,slit_lamp,dataset_02\normal\92_left.jpg,0.42,True
931_left.jpg,slit_lamp,dataset_02\normal\931_left.jpg,0.0,True
933_right.jpg,slit_lamp,dataset_02\normal\933_right.jpg,0.0,True
934_left.jpg,slit_lamp,dataset_02\normal\934_left.jpg,0.21,True
93_right.jpg,slit_lamp,dataset_02\normal\93_right.jpg,0.0,True
940_right.jpg,slit_lamp,dataset_02\normal\940_right.jpg,0.03,True
949_left.jpg,slit_lamp,dataset_02\normal\949_left.jpg,0.6,True
949_right.jpg,slit_lamp,dataset_02\normal\949_right.jpg,0.09,True
951_right.jpg,slit_lamp,dataset_02\normal\951_right.jpg,0.04,True
954_right.jpg,slit_lamp,dataset_02\normal\954_right.jpg,0.1,True
957_left.jpg,slit_lamp,dataset_02\normal\957_left.jpg,0.0,True
970_left.jpg,slit_lamp,dataset_02\normal\970_left.jpg,0.02,True
972_left.jpg,slit_lamp,dataset_02\normal\972_left.jpg,0.0,True
975_right.jpg,slit_lamp,dataset_02\normal\975_right.jpg,0.04,True
978_left.jpg,slit_lamp,dataset_02\normal\978_left.jpg,0.15,True
987_left.jpg,slit_lamp,dataset_02\normal\987_left.jpg,1.64,True
989_right.jpg,slit_lamp,dataset_02\normal\989_right.jpg,0.0,True
98_left.jpg,slit_lamp,dataset_02\normal\98_left.jpg,0.04,True
990_right.jpg,slit_lamp,dataset_02\normal\990_right.jpg,0.0,True
994_left.jpg,slit_lamp,dataset_02\normal\994_left.jpg,0.0,True
9_right.jpg,slit_lamp,dataset_02\normal\9_right.jpg,0.1,True
10003_right.jpeg,slit_lamp,dataset_03\train\cataract\10003_right.jpeg,0.01,True
10007_right.jpeg,slit_lamp,dataset_03\train\cataract\10007_right.jpeg,0.08,True
10009_left.jpeg,slit_lamp,dataset_03\train\cataract\10009_left.jpeg,0.0,True
10009_right.jpeg,slit_lamp,dataset_03\train\cataract\10009_right.jpeg,0.0,True
1000_left.jpeg,slit_lamp,dataset_03\train\cataract\1000_left.jpeg,0.0,True
10010_left.jpeg,slit_lamp,dataset_03\train\cataract\10010_left.jpeg,1.91,True
10010_right.jpeg,slit_lamp,dataset_03\train\cataract\10010_right.jpeg,0.56,True
10013_left.jpeg,slit_lamp,dataset_03\train\cataract\10013_left.jpeg,0.0,True
10013_right.jpeg,slit_lamp,dataset_03\train\cataract\10013_right.jpeg,0.0,True
10014_left.jpeg,slit_lamp,dataset_03\train\cataract\10014_left.jpeg,0.0,True
10015_left.jpeg,slit_lamp,dataset_03\train\cataract\10015_left.jpeg,0.0,True
10017_right.jpeg,slit_lamp,dataset_03\train\cataract\10017_right.jpeg,0.17,True
10029_left.jpeg,slit_lamp,dataset_03\train\cataract\10029_left.jpeg,0.02,True
10029_right.jpeg,slit_lamp,dataset_03\train\cataract\10029_right.jpeg,0.03,True
1002_left.jpeg,slit_lamp,dataset_03\train\cataract\1002_left.jpeg,0.0,True
10030_left.jpeg,slit_lamp,dataset_03\train\cataract\10030_left.jpeg,0.18,True
10030_right.jpeg,slit_lamp,dataset_03\train\cataract\10030_right.jpeg,0.16,True
10031_left.jpeg,slit_lamp,dataset_03\train\cataract\10031_left.jpeg,0.0,True
10032_left.jpeg,slit_lamp,dataset_03\train\cataract\10032_left.jpeg,0.68,True
10032_right.jpeg,slit_lamp,dataset_03\train\cataract\10032_right.jpeg,0.43,True
10035_right.jpeg,slit_lamp,dataset_03\train\cataract\10035_right.jpeg,0.0,True
10042_right.jpeg,slit_lamp,dataset_03\train\cataract\10042_right.jpeg,0.12,True
10046_left.jpeg,slit_lamp,dataset_03\train\cataract\10046_left.jpeg,0.0,True
10046_right.jpeg,slit_lamp,dataset_03\train\cataract\10046_right.jpeg,0.0,True
10047_left.jpeg,slit_lamp,dataset_03\train\cataract\10047_left.jpeg,0.0,True
10050_right.jpeg,slit_lamp,dataset_03\train\cataract\10050_right.jpeg,0.23,True
10058_right.jpeg,slit_lamp,dataset_03\train\cataract\10058_right.jpeg,0.0,True
10059_left.jpeg,slit_lamp,dataset_03\train\cataract\10059_left.jpeg,0.0,True
10061_right.jpeg,slit_lamp,dataset_03\train\cataract\10061_right.jpeg,0.0,True
10069_left.jpeg,slit_lamp,dataset_03\train\cataract\10069_left.jpeg,0.0,True
10069_right.jpeg,slit_lamp,dataset_03\train\cataract\10069_right.jpeg,0.0,True
10078_left.jpeg,slit_lamp,dataset_03\train\cataract\10078_left.jpeg,0.0,True
10078_right.jpeg,slit_lamp,dataset_03\train\cataract\10078_right.jpeg,0.0,True
10081_right.jpeg,slit_lamp,dataset_03\train\cataract\10081_right.jpeg,0.0,True
10085_left.jpeg,slit_lamp,dataset_03\train\cataract\10085_left.jpeg,0.01,True
1008_right.jpeg,slit_lamp,dataset_03\train\cataract\1008_right.jpeg,0.0,True
10095_left.jpeg,slit_lamp,dataset_03\train\cataract\10095_left.jpeg,0.0,True
10099_left.jpeg,slit_lamp,dataset_03\train\cataract\10099_left.jpeg,0.0,True
10099_right.jpeg,slit_lamp,dataset_03\train\cataract\10099_right.jpeg,0.0,True
100_right.jpeg,slit_lamp,dataset_03\train\cataract\100_right.jpeg,0.21,True
10100_left.jpeg,slit_lamp,dataset_03\train\cataract\10100_left.jpeg,0.04,True
10100_right.jpeg,slit_lamp,dataset_03\train\cataract\10100_right.jpeg,0.0,True
10104_left.jpeg,slit_lamp,dataset_03\train\cataract\10104_left.jpeg,0.0,True
10104_right.jpeg,slit_lamp,dataset_03\train\cataract\10104_right.jpeg,0.0,True
10109_left.jpeg,slit_lamp,dataset_03\train\cataract\10109_left.jpeg,0.0,True
10109_right.jpeg,slit_lamp,dataset_03\train\cataract\10109_right.jpeg,0.0,True
10115_left.jpeg,slit_lamp,dataset_03\train\cataract\10115_left.jpeg,0.0,True
10116_right.jpeg,slit_lamp,dataset_03\train\cataract\10116_right.jpeg,0.0,True
1011_left.jpeg,slit_lamp,dataset_03\train\cataract\1011_left.jpeg,0.0,True
1011_right.jpeg,slit_lamp,dataset_03\train\cataract\1011_right.jpeg,0.0,True
10120_left.jpeg,slit_lamp,dataset_03\train\cataract\10120_left.jpeg,0.0,True
10124_left.jpeg,slit_lamp,dataset_03\train\cataract\10124_left.jpeg,0.0,True
10124_right.jpeg,slit_lamp,dataset_03\train\cataract\10124_right.jpeg,0.0,True
10126_left.jpeg,slit_lamp,dataset_03\train\cataract\10126_left.jpeg,1.1,True
10126_right.jpeg,slit_lamp,dataset_03\train\cataract\10126_right.jpeg,0.18,True
10129_right.jpeg,slit_lamp,dataset_03\train\cataract\10129_right.jpeg,0.02,True
10130_left.jpeg,slit_lamp,dataset_03\train\cataract\10130_left.jpeg,0.0,True
10130_right.jpeg,slit_lamp,dataset_03\train\cataract\10130_right.jpeg,0.0,True
10135_left.jpeg,slit_lamp,dataset_03\train\cataract\10135_left.jpeg,0.04,True
10137_left.jpeg,slit_lamp,dataset_03\train\cataract\10137_left.jpeg,0.0,True
10141_left.jpeg,slit_lamp,dataset_03\train\cataract\10141_left.jpeg,0.0,True
10147_left.jpeg,slit_lamp,dataset_03\train\cataract\10147_left.jpeg,0.0,True
10149_left.jpeg,slit_lamp,dataset_03\train\cataract\10149_left.jpeg,0.06,True
10149_right.jpeg,slit_lamp,dataset_03\train\cataract\10149_right.jpeg,0.0,True
10150_left.jpeg,slit_lamp,dataset_03\train\cataract\10150_left.jpeg,0.02,True
10150_right.jpeg,slit_lamp,dataset_03\train\cataract\10150_right.jpeg,0.0,True
10153_left.jpeg,slit_lamp,dataset_03\train\cataract\10153_left.jpeg,0.0,True
10153_right.jpeg,slit_lamp,dataset_03\train\cataract\10153_right.jpeg,0.0,True
10154_left.jpeg,slit_lamp,dataset_03\train\cataract\10154_left.jpeg,0.0,True
10154_right.jpeg,slit_lamp,dataset_03\train\cataract\10154_right.jpeg,2.06,True
10156_left.jpeg,slit_lamp,dataset_03\train\cataract\10156_left.jpeg,0.2,True
10163_left.jpeg,slit_lamp,dataset_03\train\cataract\10163_left.jpeg,0.0,True
10163_right.jpeg,slit_lamp,dataset_03\train\cataract\10163_right.jpeg,0.0,True
10166_left.jpeg,slit_lamp,dataset_03\train\cataract\10166_left.jpeg,0.11,True
10169_right.jpeg,slit_lamp,dataset_03\train\cataract\10169_right.jpeg,1.2,True
10170_left.jpeg,slit_lamp,dataset_03\train\cataract\10170_left.jpeg,0.0,True
10170_right.jpeg,slit_lamp,dataset_03\train\cataract\10170_right.jpeg,0.0,True
10175_left.jpeg,slit_lamp,dataset_03\train\cataract\10175_left.jpeg,0.01,True
10175_right.jpeg,slit_lamp,dataset_03\train\cataract\10175_right.jpeg,0.0,True
1017_left.jpeg,slit_lamp,dataset_03\train\cataract\1017_left.jpeg,0.0,True
1017_right.jpeg,slit_lamp,dataset_03\train\cataract\1017_right.jpeg,0.0,True
10182_right.jpeg,slit_lamp,dataset_03\train\cataract\10182_right.jpeg,0.0,True
10183_left.jpeg,slit_lamp,dataset_03\train\cataract\10183_left.jpeg,0.0,True
10183_right.jpeg,slit_lamp,dataset_03\train\cataract\10183_right.jpeg,0.0,True
10184_left.jpeg,slit_lamp,dataset_03\train\cataract\10184_left.jpeg,0.0,True
10184_right.jpeg,slit_lamp,dataset_03\train\cataract\10184_right.jpeg,0.0,True
10194_left.jpeg,slit_lamp,dataset_03\train\cataract\10194_left.jpeg,0.0,True
10194_right.jpeg,slit_lamp,dataset_03\train\cataract\10194_right.jpeg,0.0,True
10206_left.jpeg,slit_lamp,dataset_03\train\cataract\10206_left.jpeg,0.0,True
10206_right.jpeg,slit_lamp,dataset_03\train\cataract\10206_right.jpeg,0.0,True
10207_left.jpeg,slit_lamp,dataset_03\train\cataract\10207_left.jpeg,0.0,True
10207_right.jpeg,slit_lamp,dataset_03\train\cataract\10207_right.jpeg,0.0,True
1020_left.jpeg,slit_lamp,dataset_03\train\cataract\1020_left.jpeg,0.0,True
10210_left.jpeg,slit_lamp,dataset_03\train\cataract\10210_left.jpeg,0.0,True
10210_right.jpeg,slit_lamp,dataset_03\train\cataract\10210_right.jpeg,0.0,True
10218_left.jpeg,slit_lamp,dataset_03\train\cataract\10218_left.jpeg,0.0,True
1021_left.jpeg,slit_lamp,dataset_03\train\cataract\1021_left.jpeg,0.0,True
1021_right.jpeg,slit_lamp,dataset_03\train\cataract\1021_right.jpeg,0.0,True
10221_right.jpeg,slit_lamp,dataset_03\train\cataract\10221_right.jpeg,0.29,True
10226_left.jpeg,slit_lamp,dataset_03\train\cataract\10226_left.jpeg,0.0,True
10226_right.jpeg,slit_lamp,dataset_03\train\cataract\10226_right.jpeg,0.0,True
10230_left.jpeg,slit_lamp,dataset_03\train\cataract\10230_left.jpeg,0.0,True
10232_left.jpeg,slit_lamp,dataset_03\train\cataract\10232_left.jpeg,0.0,True
10232_right.jpeg,slit_lamp,dataset_03\train\cataract\10232_right.jpeg,0.0,True
10233_left.jpeg,slit_lamp,dataset_03\train\cataract\10233_left.jpeg,0.84,True
10234_right.jpeg,slit_lamp,dataset_03\train\cataract\10234_right.jpeg,0.0,True
10241_left.jpeg,slit_lamp,dataset_03\train\cataract\10241_left.jpeg,0.0,True
10241_right.jpeg,slit_lamp,dataset_03\train\cataract\10241_right.jpeg,0.0,True
10242_right.jpeg,slit_lamp,dataset_03\train\cataract\10242_right.jpeg,0.0,True
10243_left.jpeg,slit_lamp,dataset_03\train\cataract\10243_left.jpeg,0.0,True
10244_right.jpeg,slit_lamp,dataset_03\train\cataract\10244_right.jpeg,0.62,True
10250_left.jpeg,slit_lamp,dataset_03\train\cataract\10250_left.jpeg,0.0,True
10250_right.jpeg,slit_lamp,dataset_03\train\cataract\10250_right.jpeg,0.0,True
10251_right.jpeg,slit_lamp,dataset_03\train\cataract\10251_right.jpeg,0.21,True
10252_left.jpeg,slit_lamp,dataset_03\train\cataract\10252_left.jpeg,0.0,True
10252_right.jpeg,slit_lamp,dataset_03\train\cataract\10252_right.jpeg,0.0,True
10255_left.jpeg,slit_lamp,dataset_03\train\cataract\10255_left.jpeg,0.64,True
10255_right.jpeg,slit_lamp,dataset_03\train\cataract\10255_right.jpeg,0.0,True
10257_left.jpeg,slit_lamp,dataset_03\train\cataract\10257_left.jpeg,0.0,True
10260_left.jpeg,slit_lamp,dataset_03\train\cataract\10260_left.jpeg,0.0,True
10260_right.jpeg,slit_lamp,dataset_03\train\cataract\10260_right.jpeg,0.0,True
10262_left.jpeg,slit_lamp,dataset_03\train\cataract\10262_left.jpeg,0.0,True
10262_right.jpeg,slit_lamp,dataset_03\train\cataract\10262_right.jpeg,0.0,True
10263_left.jpeg,slit_lamp,dataset_03\train\cataract\10263_left.jpeg,0.0,True
10265_left.jpeg,slit_lamp,dataset_03\train\cataract\10265_left.jpeg,0.0,True
10265_right.jpeg,slit_lamp,dataset_03\train\cataract\10265_right.jpeg,0.0,True
10266_left.jpeg,slit_lamp,dataset_03\train\cataract\10266_left.jpeg,0.0,True
10266_right.jpeg,slit_lamp,dataset_03\train\cataract\10266_right.jpeg,0.0,True
10272_left.jpeg,slit_lamp,dataset_03\train\cataract\10272_left.jpeg,0.0,True
10272_right.jpeg,slit_lamp,dataset_03\train\cataract\10272_right.jpeg,0.0,True
10276_left.jpeg,slit_lamp,dataset_03\train\cataract\10276_left.jpeg,0.0,True
10276_right.jpeg,slit_lamp,dataset_03\train\cataract\10276_right.jpeg,0.0,True
10278_left.jpeg,slit_lamp,dataset_03\train\cataract\10278_left.jpeg,0.0,True
10278_right.jpeg,slit_lamp,dataset_03\train\cataract\10278_right.jpeg,0.15,True
10279_left.jpeg,slit_lamp,dataset_03\train\cataract\10279_left.jpeg,0.0,True
10279_right.jpeg,slit_lamp,dataset_03\train\cataract\10279_right.jpeg,3.21,True
1027_left.jpeg,slit_lamp,dataset_03\train\cataract\1027_left.jpeg,0.0,True
1027_right.jpeg,slit_lamp,dataset_03\train\cataract\1027_right.jpeg,0.0,True
10284_left.jpeg,slit_lamp,dataset_03\train\cataract\10284_left.jpeg,0.0,True
10284_right.jpeg,slit_lamp,dataset_03\train\cataract\10284_right.jpeg,0.0,True
10297_left.jpeg,slit_lamp,dataset_03\train\cataract\10297_left.jpeg,0.0,True
10297_right.jpeg,slit_lamp,dataset_03\train\cataract\10297_right.jpeg,0.0,True
102_left.jpeg,slit_lamp,dataset_03\train\cataract\102_left.jpeg,0.0,True
102_right.jpeg,slit_lamp,dataset_03\train\cataract\102_right.jpeg,0.04,True
10303_left.jpeg,slit_lamp,dataset_03\train\cataract\10303_left.jpeg,0.0,True
10303_right.jpeg,slit_lamp,dataset_03\train\cataract\10303_right.jpeg,0.0,True
10305_left.jpeg,slit_lamp,dataset_03\train\cataract\10305_left.jpeg,0.0,True
10305_right.jpeg,slit_lamp,dataset_03\train\cataract\10305_right.jpeg,0.0,True
10306_left.jpeg,slit_lamp,dataset_03\train\cataract\10306_left.jpeg,0.0,True
10306_right.jpeg,slit_lamp,dataset_03\train\cataract\10306_right.jpeg,0.0,True
1030_left.jpeg,slit_lamp,dataset_03\train\cataract\1030_left.jpeg,0.0,True
10310_right.jpeg,slit_lamp,dataset_03\train\cataract\10310_right.jpeg,0.0,True
10312_left.jpeg,slit_lamp,dataset_03\train\cataract\10312_left.jpeg,0.0,True
10317_right.jpeg,slit_lamp,dataset_03\train\cataract\10317_right.jpeg,0.0,True
10319_left.jpeg,slit_lamp,dataset_03\train\cataract\10319_left.jpeg,0.0,True
10319_right.jpeg,slit_lamp,dataset_03\train\cataract\10319_right.jpeg,0.0,True
10321_left.jpeg,slit_lamp,dataset_03\train\cataract\10321_left.jpeg,0.18,True
10325_left.jpeg,slit_lamp,dataset_03\train\cataract\10325_left.jpeg,0.0,True
10325_right.jpeg,slit_lamp,dataset_03\train\cataract\10325_right.jpeg,0.0,True
10326_right.jpeg,slit_lamp,dataset_03\train\cataract\10326_right.jpeg,0.03,True
10328_right.jpeg,slit_lamp,dataset_03\train\cataract\10328_right.jpeg,0.0,True
10333_right.jpeg,slit_lamp,dataset_03\train\cataract\10333_right.jpeg,0.0,True
10337_right.jpeg,slit_lamp,dataset_03\train\cataract\10337_right.jpeg,0.0,True
10339_left.jpeg,slit_lamp,dataset_03\train\cataract\10339_left.jpeg,0.0,True
10339_right.jpeg,slit_lamp,dataset_03\train\cataract\10339_right.jpeg,0.0,True
10340_left.jpeg,slit_lamp,dataset_03\train\cataract\10340_left.jpeg,0.08,True
10340_right.jpeg,slit_lamp,dataset_03\train\cataract\10340_right.jpeg,0.49,True
10343_left.jpeg,slit_lamp,dataset_03\train\cataract\10343_left.jpeg,0.0,True
10343_right.jpeg,slit_lamp,dataset_03\train\cataract\10343_right.jpeg,0.0,True
1034_left.jpeg,slit_lamp,dataset_03\train\cataract\1034_left.jpeg,0.03,True
1034_right.jpeg,slit_lamp,dataset_03\train\cataract\1034_right.jpeg,0.02,True
10359_right.jpeg,slit_lamp,dataset_03\train\cataract\10359_right.jpeg,0.0,True
1035_left.jpeg,slit_lamp,dataset_03\train\cataract\1035_left.jpeg,0.17,True
1035_right.jpeg,slit_lamp,dataset_03\train\cataract\1035_right.jpeg,4.57,True
10363_left.jpeg,slit_lamp,dataset_03\train\cataract\10363_left.jpeg,0.0,True
10363_right.jpeg,slit_lamp,dataset_03\train\cataract\10363_right.jpeg,0.0,True
10367_right.jpeg,slit_lamp,dataset_03\train\cataract\10367_right.jpeg,0.06,True
10369_left.jpeg,slit_lamp,dataset_03\train\cataract\10369_left.jpeg,0.0,True
10369_right.jpeg,slit_lamp,dataset_03\train\cataract\10369_right.jpeg,0.14,True
10377_left.jpeg,slit_lamp,dataset_03\train\cataract\10377_left.jpeg,0.0,True
10377_right.jpeg,slit_lamp,dataset_03\train\cataract\10377_right.jpeg,0.0,True
1037_left.jpeg,slit_lamp,dataset_03\train\cataract\1037_left.jpeg,0.0,True
1037_right.jpeg,slit_lamp,dataset_03\train\cataract\1037_right.jpeg,0.0,True
10386_right.jpeg,slit_lamp,dataset_03\train\cataract\10386_right.jpeg,0.0,True
10389_left.jpeg,slit_lamp,dataset_03\train\cataract\10389_left.jpeg,0.35,True
10389_right.jpeg,slit_lamp,dataset_03\train\cataract\10389_right.jpeg,0.65,True
10391_left.jpeg,slit_lamp,dataset_03\train\cataract\10391_left.jpeg,0.0,True
10391_right.jpeg,slit_lamp,dataset_03\train\cataract\10391_right.jpeg,0.0,True
10397_left.jpeg,slit_lamp,dataset_03\train\cataract\10397_left.jpeg,0.0,True
10397_right.jpeg,slit_lamp,dataset_03\train\cataract\10397_right.jpeg,0.0,True
10398_left.jpeg,slit_lamp,dataset_03\train\cataract\10398_left.jpeg,0.0,True
10403_left.jpeg,slit_lamp,dataset_03\train\cataract\10403_left.jpeg,0.0,True
10404_left.jpeg,slit_lamp,dataset_03\train\cataract\10404_left.jpeg,0.0,True
10404_right.jpeg,slit_lamp,dataset_03\train\cataract\10404_right.jpeg,0.0,True
10407_left.jpeg,slit_lamp,dataset_03\train\cataract\10407_left.jpeg,0.0,True
10407_right.jpeg,slit_lamp,dataset_03\train\cataract\10407_right.jpeg,0.0,True
10408_left.jpeg,slit_lamp,dataset_03\train\cataract\10408_left.jpeg,0.0,True
10408_right.jpeg,slit_lamp,dataset_03\train\cataract\10408_right.jpeg,0.0,True
10409_left.jpeg,slit_lamp,dataset_03\train\cataract\10409_left.jpeg,1.06,True
10409_right.jpeg,slit_lamp,dataset_03\train\cataract\10409_right.jpeg,0.02,True
10415_left.jpeg,slit_lamp,dataset_03\train\cataract\10415_left.jpeg,0.0,True
10416_left.jpeg,slit_lamp,dataset_03\train\cataract\10416_left.jpeg,0.0,True
10426_left.jpeg,slit_lamp,dataset_03\train\cataract\10426_left.jpeg,0.0,True
10429_left.jpeg,slit_lamp,dataset_03\train\cataract\10429_left.jpeg,1.97,True
10429_right.jpeg,slit_lamp,dataset_03\train\cataract\10429_right.jpeg,0.29,True
1042_left.jpeg,slit_lamp,dataset_03\train\cataract\1042_left.jpeg,0.0,True
1042_right.jpeg,slit_lamp,dataset_03\train\cataract\1042_right.jpeg,2.28,True
10431_left.jpeg,slit_lamp,dataset_03\train\cataract\10431_left.jpeg,0.3,True
10431_right.jpeg,slit_lamp,dataset_03\train\cataract\10431_right.jpeg,0.01,True
10438_left.jpeg,slit_lamp,dataset_03\train\cataract\10438_left.jpeg,0.0,True
10439_right.jpeg,slit_lamp,dataset_03\train\cataract\10439_right.jpeg,0.0,True
10444_left.jpeg,slit_lamp,dataset_03\train\cataract\10444_left.jpeg,0.0,True
10444_right.jpeg,slit_lamp,dataset_03\train\cataract\10444_right.jpeg,0.0,True
10448_left.jpeg,slit_lamp,dataset_03\train\cataract\10448_left.jpeg,0.0,True
10448_right.jpeg,slit_lamp,dataset_03\train\cataract\10448_right.jpeg,0.0,True
10452_left.jpeg,slit_lamp,dataset_03\train\cataract\10452_left.jpeg,0.0,True
10452_right.jpeg,slit_lamp,dataset_03\train\cataract\10452_right.jpeg,0.0,True
10457_left.jpeg,slit_lamp,dataset_03\train\cataract\10457_left.jpeg,0.09,True
10458_left.jpeg,slit_lamp,dataset_03\train\cataract\10458_left.jpeg,0.0,True
10458_right.jpeg,slit_lamp,dataset_03\train\cataract\10458_right.jpeg,0.0,True
10475_right.jpeg,slit_lamp,dataset_03\train\cataract\10475_right.jpeg,0.08,True
10479_left.jpeg,slit_lamp,dataset_03\train\cataract\10479_left.jpeg,0.0,True
10479_right.jpeg,slit_lamp,dataset_03\train\cataract\10479_right.jpeg,0.0,True
10481_right.jpeg,slit_lamp,dataset_03\train\cataract\10481_right.jpeg,0.15,True
10484_right.jpeg,slit_lamp,dataset_03\train\cataract\10484_right.jpeg,0.0,True
10487_left.jpeg,slit_lamp,dataset_03\train\cataract\10487_left.jpeg,0.0,True
10487_right.jpeg,slit_lamp,dataset_03\train\cataract\10487_right.jpeg,0.0,True
10489_left.jpeg,slit_lamp,dataset_03\train\cataract\10489_left.jpeg,0.0,True
10489_right.jpeg,slit_lamp,dataset_03\train\cataract\10489_right.jpeg,0.0,True
10492_right.jpeg,slit_lamp,dataset_03\train\cataract\10492_right.jpeg,0.0,True
1049_right.jpeg,slit_lamp,dataset_03\train\cataract\1049_right.jpeg,0.0,True
10503_left.jpeg,slit_lamp,dataset_03\train\cataract\10503_left.jpeg,0.0,True
10503_right.jpeg,slit_lamp,dataset_03\train\cataract\10503_right.jpeg,0.0,True
10504_left.jpeg,slit_lamp,dataset_03\train\cataract\10504_left.jpeg,0.0,True
10504_right.jpeg,slit_lamp,dataset_03\train\cataract\10504_right.jpeg,0.03,True
10510_left.jpeg,slit_lamp,dataset_03\train\cataract\10510_left.jpeg,1.19,True
10511_right.jpeg,slit_lamp,dataset_03\train\cataract\10511_right.jpeg,0.0,True
10513_left.jpeg,slit_lamp,dataset_03\train\cataract\10513_left.jpeg,0.0,True
10513_right.jpeg,slit_lamp,dataset_03\train\cataract\10513_right.jpeg,0.0,True
10515_left.jpeg,slit_lamp,dataset_03\train\cataract\10515_left.jpeg,0.0,True
10515_right.jpeg,slit_lamp,dataset_03\train\cataract\10515_right.jpeg,0.0,True
10521_right.jpeg,slit_lamp,dataset_03\train\cataract\10521_right.jpeg,0.19,True
10523_left.jpeg,slit_lamp,dataset_03\train\cataract\10523_left.jpeg,0.02,True
1052_left.jpeg,slit_lamp,dataset_03\train\cataract\1052_left.jpeg,0.0,True
10534_left.jpeg,slit_lamp,dataset_03\train\cataract\10534_left.jpeg,0.0,True
10534_right.jpeg,slit_lamp,dataset_03\train\cataract\10534_right.jpeg,0.0,True
10542_left.jpeg,slit_lamp,dataset_03\train\cataract\10542_left.jpeg,0.0,True
10542_right.jpeg,slit_lamp,dataset_03\train\cataract\10542_right.jpeg,0.0,True
10548_left.jpeg,slit_lamp,dataset_03\train\cataract\10548_left.jpeg,0.41,True
10548_right.jpeg,slit_lamp,dataset_03\train\cataract\10548_right.jpeg,0.27,True
10550_right.jpeg,slit_lamp,dataset_03\train\cataract\10550_right.jpeg,0.0,True
10551_right.jpeg,slit_lamp,dataset_03\train\cataract\10551_right.jpeg,0.0,True
1055_left.jpeg,slit_lamp,dataset_03\train\cataract\1055_left.jpeg,0.0,True
1055_right.jpeg,slit_lamp,dataset_03\train\cataract\1055_right.jpeg,0.0,True
10562_left.jpeg,slit_lamp,dataset_03\train\cataract\10562_left.jpeg,0.0,True
10563_left.jpeg,slit_lamp,dataset_03\train\cataract\10563_left.jpeg,0.16,True
10566_left.jpeg,slit_lamp,dataset_03\train\cataract\10566_left.jpeg,0.0,True
10566_right.jpeg,slit_lamp,dataset_03\train\cataract\10566_right.jpeg,0.0,True
10569_left.jpeg,slit_lamp,dataset_03\train\cataract\10569_left.jpeg,0.0,True
10569_right.jpeg,slit_lamp,dataset_03\train\cataract\10569_right.jpeg,0.0,True
1056_right.jpeg,slit_lamp,dataset_03\train\cataract\1056_right.jpeg,0.25,True
10570_left.jpeg,slit_lamp,dataset_03\train\cataract\10570_left.jpeg,0.0,True
10579_left.jpeg,slit_lamp,dataset_03\train\cataract\10579_left.jpeg,0.0,True
1057_right.jpeg,slit_lamp,dataset_03\train\cataract\1057_right.jpeg,0.0,True
10583_left.jpeg,slit_lamp,dataset_03\train\cataract\10583_left.jpeg,0.32,True
10583_right.jpeg,slit_lamp,dataset_03\train\cataract\10583_right.jpeg,0.2,True
10585_left.jpeg,slit_lamp,dataset_03\train\cataract\10585_left.jpeg,0.08,True
10585_right.jpeg,slit_lamp,dataset_03\train\cataract\10585_right.jpeg,0.0,True
10587_left.jpeg,slit_lamp,dataset_03\train\cataract\10587_left.jpeg,0.0,True
10587_right.jpeg,slit_lamp,dataset_03\train\cataract\10587_right.jpeg,0.31,True
1058_right.jpeg,slit_lamp,dataset_03\train\cataract\1058_right.jpeg,0.0,True
10603_right.jpeg,slit_lamp,dataset_03\train\cataract\10603_right.jpeg,0.0,True
10605_right.jpeg,slit_lamp,dataset_03\train\cataract\10605_right.jpeg,0.0,True
10606_right.jpeg,slit_lamp,dataset_03\train\cataract\10606_right.jpeg,0.0,True
10608_left.jpeg,slit_lamp,dataset_03\train\cataract\10608_left.jpeg,0.0,True
10608_right.jpeg,slit_lamp,dataset_03\train\cataract\10608_right.jpeg,0.0,True
10612_right.jpeg,slit_lamp,dataset_03\train\cataract\10612_right.jpeg,0.0,True
10616_left.jpeg,slit_lamp,dataset_03\train\cataract\10616_left.jpeg,0.0,True
10619_left.jpeg,slit_lamp,dataset_03\train\cataract\10619_left.jpeg,0.0,True
10622_left.jpeg,slit_lamp,dataset_03\train\cataract\10622_left.jpeg,0.0,True
10622_right.jpeg,slit_lamp,dataset_03\train\cataract\10622_right.jpeg,0.0,True
10623_left.jpeg,slit_lamp,dataset_03\train\cataract\10623_left.jpeg,0.0,True
10624_left.jpeg,slit_lamp,dataset_03\train\cataract\10624_left.jpeg,0.24,True
10624_right.jpeg,slit_lamp,dataset_03\train\cataract\10624_right.jpeg,0.07,True
10629_right.jpeg,slit_lamp,dataset_03\train\cataract\10629_right.jpeg,0.03,True
10636_left.jpeg,slit_lamp,dataset_03\train\cataract\10636_left.jpeg,0.17,True
10636_right.jpeg,slit_lamp,dataset_03\train\cataract\10636_right.jpeg,1.19,True
10640_right.jpeg,slit_lamp,dataset_03\train\cataract\10640_right.jpeg,0.17,True
10644_left.jpeg,slit_lamp,dataset_03\train\cataract\10644_left.jpeg,0.0,True
10644_right.jpeg,slit_lamp,dataset_03\train\cataract\10644_right.jpeg,0.0,True
10646_left.jpeg,slit_lamp,dataset_03\train\cataract\10646_left.jpeg,0.0,True
10650_right.jpeg,slit_lamp,dataset_03\train\cataract\10650_right.jpeg,0.47,True
10651_left.jpeg,slit_lamp,dataset_03\train\cataract\10651_left.jpeg,0.0,True
10651_right.jpeg,slit_lamp,dataset_03\train\cataract\10651_right.jpeg,0.0,True
10653_right.jpeg,slit_lamp,dataset_03\train\cataract\10653_right.jpeg,0.0,True
10657_left.jpeg,slit_lamp,dataset_03\train\cataract\10657_left.jpeg,0.0,True
10657_right.jpeg,slit_lamp,dataset_03\train\cataract\10657_right.jpeg,0.0,True
10660_left.jpeg,slit_lamp,dataset_03\train\cataract\10660_left.jpeg,0.0,True
10672_right.jpeg,slit_lamp,dataset_03\train\cataract\10672_right.jpeg,0.06,True
10674_right.jpeg,slit_lamp,dataset_03\train\cataract\10674_right.jpeg,0.0,True
10675_left.jpeg,slit_lamp,dataset_03\train\cataract\10675_left.jpeg,0.0,True
10675_right.jpeg,slit_lamp,dataset_03\train\cataract\10675_right.jpeg,0.0,True
10680_right.jpeg,slit_lamp,dataset_03\train\cataract\10680_right.jpeg,0.0,True
10688_left.jpeg,slit_lamp,dataset_03\train\cataract\10688_left.jpeg,0.0,True
10688_right.jpeg,slit_lamp,dataset_03\train\cataract\10688_right.jpeg,0.0,True
10694_left.jpeg,slit_lamp,dataset_03\train\cataract\10694_left.jpeg,0.0,True
10695_right.jpeg,slit_lamp,dataset_03\train\cataract\10695_right.jpeg,0.0,True
10705_left.jpeg,slit_lamp,dataset_03\train\cataract\10705_left.jpeg,0.23,True
10705_right.jpeg,slit_lamp,dataset_03\train\cataract\10705_right.jpeg,0.05,True
1070_left.jpeg,slit_lamp,dataset_03\train\cataract\1070_left.jpeg,0.0,True
1070_right.jpeg,slit_lamp,dataset_03\train\cataract\1070_right.jpeg,0.0,True
10710_left.jpeg,slit_lamp,dataset_03\train\cataract\10710_left.jpeg,0.0,True
10720_right.jpeg,slit_lamp,dataset_03\train\cataract\10720_right.jpeg,1.5,True
10722_left.jpeg,slit_lamp,dataset_03\train\cataract\10722_left.jpeg,2.14,True
10723_right.jpeg,slit_lamp,dataset_03\train\cataract\10723_right.jpeg,1.04,True
10726_left.jpeg,slit_lamp,dataset_03\train\cataract\10726_left.jpeg,0.8,True
10727_left.jpeg,slit_lamp,dataset_03\train\cataract\10727_left.jpeg,0.0,True
10727_right.jpeg,slit_lamp,dataset_03\train\cataract\10727_right.jpeg,0.0,True
10729_left.jpeg,slit_lamp,dataset_03\train\cataract\10729_left.jpeg,0.0,True
10729_right.jpeg,slit_lamp,dataset_03\train\cataract\10729_right.jpeg,0.0,True
10732_left.jpeg,slit_lamp,dataset_03\train\cataract\10732_left.jpeg,0.0,True
10732_right.jpeg,slit_lamp,dataset_03\train\cataract\10732_right.jpeg,0.27,True
10734_left.jpeg,slit_lamp,dataset_03\train\cataract\10734_left.jpeg,0.0,True
10734_right.jpeg,slit_lamp,dataset_03\train\cataract\10734_right.jpeg,0.0,True
1073_left.jpeg,slit_lamp,dataset_03\train\cataract\1073_left.jpeg,0.0,True
1073_right.jpeg,slit_lamp,dataset_03\train\cataract\1073_right.jpeg,0.0,True
10743_left.jpeg,slit_lamp,dataset_03\train\cataract\10743_left.jpeg,0.0,True
10743_right.jpeg,slit_lamp,dataset_03\train\cataract\10743_right.jpeg,0.0,True
10745_left.jpeg,slit_lamp,dataset_03\train\cataract\10745_left.jpeg,0.15,True
10748_left.jpeg,slit_lamp,dataset_03\train\cataract\10748_left.jpeg,0.0,True
10748_right.jpeg,slit_lamp,dataset_03\train\cataract\10748_right.jpeg,0.0,True
10752_left.jpeg,slit_lamp,dataset_03\train\cataract\10752_left.jpeg,0.0,True
10752_right.jpeg,slit_lamp,dataset_03\train\cataract\10752_right.jpeg,0.09,True
10755_left.jpeg,slit_lamp,dataset_03\train\cataract\10755_left.jpeg,0.35,True
10755_right.jpeg,slit_lamp,dataset_03\train\cataract\10755_right.jpeg,0.0,True
10758_right.jpeg,slit_lamp,dataset_03\train\cataract\10758_right.jpeg,0.0,True
1075_left.jpeg,slit_lamp,dataset_03\train\cataract\1075_left.jpeg,0.0,True
10761_left.jpeg,slit_lamp,dataset_03\train\cataract\10761_left.jpeg,0.19,True
10761_right.jpeg,slit_lamp,dataset_03\train\cataract\10761_right.jpeg,0.37,True
10762_left.jpeg,slit_lamp,dataset_03\train\cataract\10762_left.jpeg,0.0,True
10763_left.jpeg,slit_lamp,dataset_03\train\cataract\10763_left.jpeg,0.42,True
10763_right.jpeg,slit_lamp,dataset_03\train\cataract\10763_right.jpeg,0.82,True
1076_left.jpeg,slit_lamp,dataset_03\train\cataract\1076_left.jpeg,0.0,True
1076_right.jpeg,slit_lamp,dataset_03\train\cataract\1076_right.jpeg,0.0,True
10770_left.jpeg,slit_lamp,dataset_03\train\cataract\10770_left.jpeg,0.0,True
10770_right.jpeg,slit_lamp,dataset_03\train\cataract\10770_right.jpeg,0.0,True
10772_left.jpeg,slit_lamp,dataset_03\train\cataract\10772_left.jpeg,0.0,True
10772_right.jpeg,slit_lamp,dataset_03\train\cataract\10772_right.jpeg,0.0,True
10777_left.jpeg,slit_lamp,dataset_03\train\cataract\10777_left.jpeg,0.0,True
10777_right.jpeg,slit_lamp,dataset_03\train\cataract\10777_right.jpeg,0.0,True
10779_right.jpeg,slit_lamp,dataset_03\train\cataract\10779_right.jpeg,0.37,True
1077_right.jpeg,slit_lamp,dataset_03\train\cataract\1077_right.jpeg,0.0,True
10781_left.jpeg,slit_lamp,dataset_03\train\cataract\10781_left.jpeg,0.0,True
10782_left.jpeg,slit_lamp,dataset_03\train\cataract\10782_left.jpeg,0.0,True
10782_right.jpeg,slit_lamp,dataset_03\train\cataract\10782_right.jpeg,0.0,True
10786_left.jpeg,slit_lamp,dataset_03\train\cataract\10786_left.jpeg,0.0,True
10786_right.jpeg,slit_lamp,dataset_03\train\cataract\10786_right.jpeg,0.0,True
10787_left.jpeg,slit_lamp,dataset_03\train\cataract\10787_left.jpeg,0.0,True
10790_left.jpeg,slit_lamp,dataset_03\train\cataract\10790_left.jpeg,0.0,True
10790_right.jpeg,slit_lamp,dataset_03\train\cataract\10790_right.jpeg,0.0,True
10792_left.jpeg,slit_lamp,dataset_03\train\cataract\10792_left.jpeg,0.15,True
10792_right.jpeg,slit_lamp,dataset_03\train\cataract\10792_right.jpeg,0.0,True
10794_left.jpeg,slit_lamp,dataset_03\train\cataract\10794_left.jpeg,0.0,True
10794_right.jpeg,slit_lamp,dataset_03\train\cataract\10794_right.jpeg,5.21,True
10808_left.jpeg,slit_lamp,dataset_03\train\cataract\10808_left.jpeg,0.0,True
10814_left.jpeg,slit_lamp,dataset_03\train\cataract\10814_left.jpeg,0.0,True
10814_right.jpeg,slit_lamp,dataset_03\train\cataract\10814_right.jpeg,0.02,True
10815_left.jpeg,slit_lamp,dataset_03\train\cataract\10815_left.jpeg,0.18,True
10815_right.jpeg,slit_lamp,dataset_03\train\cataract\10815_right.jpeg,0.52,True
10823_left.jpeg,slit_lamp,dataset_03\train\cataract\10823_left.jpeg,0.0,True
10823_right.jpeg,slit_lamp,dataset_03\train\cataract\10823_right.jpeg,0.0,True
10827_left.jpeg,slit_lamp,dataset_03\train\cataract\10827_left.jpeg,0.0,True
10832_left.jpeg,slit_lamp,dataset_03\train\cataract\10832_left.jpeg,0.04,True
10832_right.jpeg,slit_lamp,dataset_03\train\cataract\10832_right.jpeg,0.11,True
10833_left.jpeg,slit_lamp,dataset_03\train\cataract\10833_left.jpeg,0.0,True
10833_right.jpeg,slit_lamp,dataset_03\train\cataract\10833_right.jpeg,0.0,True
10838_left.jpeg,slit_lamp,dataset_03\train\cataract\10838_left.jpeg,0.0,True
10838_right.jpeg,slit_lamp,dataset_03\train\cataract\10838_right.jpeg,0.0,True
10839_left.jpeg,slit_lamp,dataset_03\train\cataract\10839_left.jpeg,0.02,True
10842_left.jpeg,slit_lamp,dataset_03\train\cataract\10842_left.jpeg,0.0,True
10844_left.jpeg,slit_lamp,dataset_03\train\cataract\10844_left.jpeg,0.0,True
10844_right.jpeg,slit_lamp,dataset_03\train\cataract\10844_right.jpeg,0.0,True
1084_right.jpeg,slit_lamp,dataset_03\train\cataract\1084_right.jpeg,1.38,True
10851_left.jpeg,slit_lamp,dataset_03\train\cataract\10851_left.jpeg,0.0,True
10853_left.jpeg,slit_lamp,dataset_03\train\cataract\10853_left.jpeg,0.0,True
10853_right.jpeg,slit_lamp,dataset_03\train\cataract\10853_right.jpeg,0.0,True
10854_left.jpeg,slit_lamp,dataset_03\train\cataract\10854_left.jpeg,0.0,True
10854_right.jpeg,slit_lamp,dataset_03\train\cataract\10854_right.jpeg,0.0,True
10861_right.jpeg,slit_lamp,dataset_03\train\cataract\10861_right.jpeg,0.0,True
10864_left.jpeg,slit_lamp,dataset_03\train\cataract\10864_left.jpeg,0.0,True
10864_right.jpeg,slit_lamp,dataset_03\train\cataract\10864_right.jpeg,0.0,True
10865_left.jpeg,slit_lamp,dataset_03\train\cataract\10865_left.jpeg,0.06,True
10873_left.jpeg,slit_lamp,dataset_03\train\cataract\10873_left.jpeg,0.84,True
10873_right.jpeg,slit_lamp,dataset_03\train\cataract\10873_right.jpeg,0.4,True
10874_left.jpeg,slit_lamp,dataset_03\train\cataract\10874_left.jpeg,0.0,True
10874_right.jpeg,slit_lamp,dataset_03\train\cataract\10874_right.jpeg,0.0,True
10879_left.jpeg,slit_lamp,dataset_03\train\cataract\10879_left.jpeg,0.74,True
10879_right.jpeg,slit_lamp,dataset_03\train\cataract\10879_right.jpeg,0.11,True
10883_right.jpeg,slit_lamp,dataset_03\train\cataract\10883_right.jpeg,0.01,True
10884_left.jpeg,slit_lamp,dataset_03\train\cataract\10884_left.jpeg,0.0,True
10884_right.jpeg,slit_lamp,dataset_03\train\cataract\10884_right.jpeg,0.0,True
10891_left.jpeg,slit_lamp,dataset_03\train\cataract\10891_left.jpeg,0.0,True
10897_left.jpeg,slit_lamp,dataset_03\train\cataract\10897_left.jpeg,0.0,True
10897_right.jpeg,slit_lamp,dataset_03\train\cataract\10897_right.jpeg,0.0,True
108_left.jpeg,slit_lamp,dataset_03\train\cataract\108_left.jpeg,1.14,True
108_right.jpeg,slit_lamp,dataset_03\train\cataract\108_right.jpeg,0.31,True
10903_left.jpeg,slit_lamp,dataset_03\train\cataract\10903_left.jpeg,0.0,True
10903_right.jpeg,slit_lamp,dataset_03\train\cataract\10903_right.jpeg,0.0,True
10907_right.jpeg,slit_lamp,dataset_03\train\cataract\10907_right.jpeg,0.03,True
10908_right.jpeg,slit_lamp,dataset_03\train\cataract\10908_right.jpeg,0.0,True
10913_left.jpeg,slit_lamp,dataset_03\train\cataract\10913_left.jpeg,0.0,True
10913_right.jpeg,slit_lamp,dataset_03\train\cataract\10913_right.jpeg,0.0,True
10915_left.jpeg,slit_lamp,dataset_03\train\cataract\10915_left.jpeg,0.0,True
10915_right.jpeg,slit_lamp,dataset_03\train\cataract\10915_right.jpeg,0.0,True
10916_left.jpeg,slit_lamp,dataset_03\train\cataract\10916_left.jpeg,0.0,True
10916_right.jpeg,slit_lamp,dataset_03\train\cataract\10916_right.jpeg,0.17,True
10919_right.jpeg,slit_lamp,dataset_03\train\cataract\10919_right.jpeg,0.0,True
10920_left.jpeg,slit_lamp,dataset_03\train\cataract\10920_left.jpeg,0.0,True
10920_right.jpeg,slit_lamp,dataset_03\train\cataract\10920_right.jpeg,0.0,True
10924_left.jpeg,slit_lamp,dataset_03\train\cataract\10924_left.jpeg,0.04,True
10924_right.jpeg,slit_lamp,dataset_03\train\cataract\10924_right.jpeg,0.0,True
1092_left.jpeg,slit_lamp,dataset_03\train\cataract\1092_left.jpeg,0.0,True
1092_right.jpeg,slit_lamp,dataset_03\train\cataract\1092_right.jpeg,0.0,True
10930_right.jpeg,slit_lamp,dataset_03\train\cataract\10930_right.jpeg,0.01,True
10936_right.jpeg,slit_lamp,dataset_03\train\cataract\10936_right.jpeg,0.0,True
1093_left.jpeg,slit_lamp,dataset_03\train\cataract\1093_left.jpeg,0.0,True
1093_right.jpeg,slit_lamp,dataset_03\train\cataract\1093_right.jpeg,0.02,True
10940_left.jpeg,slit_lamp,dataset_03\train\cataract\10940_left.jpeg,0.0,True
10940_right.jpeg,slit_lamp,dataset_03\train\cataract\10940_right.jpeg,0.07,True
10941_left.jpeg,slit_lamp,dataset_03\train\cataract\10941_left.jpeg,0.0,True
10941_right.jpeg,slit_lamp,dataset_03\train\cataract\10941_right.jpeg,0.0,True
10942_left.jpeg,slit_lamp,dataset_03\train\cataract\10942_left.jpeg,0.03,True
10942_right.jpeg,slit_lamp,dataset_03\train\cataract\10942_right.jpeg,0.0,True
10943_right.jpeg,slit_lamp,dataset_03\train\cataract\10943_right.jpeg,0.0,True
10945_left.jpeg,slit_lamp,dataset_03\train\cataract\10945_left.jpeg,1.76,True
10947_right.jpeg,slit_lamp,dataset_03\train\cataract\10947_right.jpeg,0.03,True
10952_left.jpeg,slit_lamp,dataset_03\train\cataract\10952_left.jpeg,0.0,True
10952_right.jpeg,slit_lamp,dataset_03\train\cataract\10952_right.jpeg,0.0,True
10954_left.jpeg,slit_lamp,dataset_03\train\cataract\10954_left.jpeg,0.0,True
10960_right.jpeg,slit_lamp,dataset_03\train\cataract\10960_right.jpeg,0.0,True
10961_right.jpeg,slit_lamp,dataset_03\train\cataract\10961_right.jpeg,0.0,True
10962_left.jpeg,slit_lamp,dataset_03\train\cataract\10962_left.jpeg,0.0,True
10966_left.jpeg,slit_lamp,dataset_03\train\cataract\10966_left.jpeg,0.0,True
10966_right.jpeg,slit_lamp,dataset_03\train\cataract\10966_right.jpeg,0.0,True
10969_left.jpeg,slit_lamp,dataset_03\train\cataract\10969_left.jpeg,0.0,True
10969_right.jpeg,slit_lamp,dataset_03\train\cataract\10969_right.jpeg,0.0,True
1096_left.jpeg,slit_lamp,dataset_03\train\cataract\1096_left.jpeg,0.0,True
1096_right.jpeg,slit_lamp,dataset_03\train\cataract\1096_right.jpeg,0.0,True
10970_right.jpeg,slit_lamp,dataset_03\train\cataract\10970_right.jpeg,0.0,True
10975_left.jpeg,slit_lamp,dataset_03\train\cataract\10975_left.jpeg,0.13,True
10975_right.jpeg,slit_lamp,dataset_03\train\cataract\10975_right.jpeg,0.19,True
10976_left.jpeg,slit_lamp,dataset_03\train\cataract\10976_left.jpeg,0.0,True
10976_right.jpeg,slit_lamp,dataset_03\train\cataract\10976_right.jpeg,0.0,True
10977_left.jpeg,slit_lamp,dataset_03\train\cataract\10977_left.jpeg,0.07,True
10983_left.jpeg,slit_lamp,dataset_03\train\cataract\10983_left.jpeg,0.06,True
10987_right.jpeg,slit_lamp,dataset_03\train\cataract\10987_right.jpeg,0.0,True
10988_left.jpeg,slit_lamp,dataset_03\train\cataract\10988_left.jpeg,0.11,True
1098_right.jpeg,slit_lamp,dataset_03\train\cataract\1098_right.jpeg,0.35,True
10994_right.jpeg,slit_lamp,dataset_03\train\cataract\10994_right.jpeg,0.0,True
11003_right.jpeg,slit_lamp,dataset_03\train\cataract\11003_right.jpeg,0.0,True
11005_right.jpeg,slit_lamp,dataset_03\train\cataract\11005_right.jpeg,0.0,True
11007_left.jpeg,slit_lamp,dataset_03\train\cataract\11007_left.jpeg,0.0,True
11008_left.jpeg,slit_lamp,dataset_03\train\cataract\11008_left.jpeg,0.0,True
1100_right.jpeg,slit_lamp,dataset_03\train\cataract\1100_right.jpeg,0.0,True
11013_right.jpeg,slit_lamp,dataset_03\train\cataract\11013_right.jpeg,0.93,True
11023_left.jpeg,slit_lamp,dataset_03\train\cataract\11023_left.jpeg,3.58,True
11023_right.jpeg,slit_lamp,dataset_03\train\cataract\11023_right.jpeg,0.0,True
1102_right.jpeg,slit_lamp,dataset_03\train\cataract\1102_right.jpeg,0.0,True
11032_right.jpeg,slit_lamp,dataset_03\train\cataract\11032_right.jpeg,0.0,True
11037_left.jpeg,slit_lamp,dataset_03\train\cataract\11037_left.jpeg,0.0,True
11037_right.jpeg,slit_lamp,dataset_03\train\cataract\11037_right.jpeg,0.0,True
11040_left.jpeg,slit_lamp,dataset_03\train\cataract\11040_left.jpeg,0.56,True
11049_left.jpeg,slit_lamp,dataset_03\train\cataract\11049_left.jpeg,0.0,True
11049_right.jpeg,slit_lamp,dataset_03\train\cataract\11049_right.jpeg,0.0,True
11050_right.jpeg,slit_lamp,dataset_03\train\cataract\11050_right.jpeg,0.0,True
11053_right.jpeg,slit_lamp,dataset_03\train\cataract\11053_right.jpeg,0.0,True
11057_left.jpeg,slit_lamp,dataset_03\train\cataract\11057_left.jpeg,0.0,True
11058_right.jpeg,slit_lamp,dataset_03\train\cataract\11058_right.jpeg,0.0,True
11067_right.jpeg,slit_lamp,dataset_03\train\cataract\11067_right.jpeg,0.05,True
11080_left.jpeg,slit_lamp,dataset_03\train\cataract\11080_left.jpeg,0.0,True
11080_right.jpeg,slit_lamp,dataset_03\train\cataract\11080_right.jpeg,0.0,True
11087_right.jpeg,slit_lamp,dataset_03\train\cataract\11087_right.jpeg,0.23,True
11091_right.jpeg,slit_lamp,dataset_03\train\cataract\11091_right.jpeg,0.46,True
11098_left.jpeg,slit_lamp,dataset_03\train\cataract\11098_left.jpeg,0.14,True
11098_right.jpeg,slit_lamp,dataset_03\train\cataract\11098_right.jpeg,0.0,True
11113_right.jpeg,slit_lamp,dataset_03\train\cataract\11113_right.jpeg,0.0,True
11115_right.jpeg,slit_lamp,dataset_03\train\cataract\11115_right.jpeg,0.0,True
11117_left.jpeg,slit_lamp,dataset_03\train\cataract\11117_left.jpeg,0.0,True
11119_left.jpeg,slit_lamp,dataset_03\train\cataract\11119_left.jpeg,0.0,True
11119_right.jpeg,slit_lamp,dataset_03\train\cataract\11119_right.jpeg,0.0,True
1111_left.jpeg,slit_lamp,dataset_03\train\cataract\1111_left.jpeg,0.0,True
1111_right.jpeg,slit_lamp,dataset_03\train\cataract\1111_right.jpeg,0.0,True
11120_left.jpeg,slit_lamp,dataset_03\train\cataract\11120_left.jpeg,0.86,True
11121_right.jpeg,slit_lamp,dataset_03\train\cataract\11121_right.jpeg,1.09,True
11122_left.jpeg,slit_lamp,dataset_03\train\cataract\11122_left.jpeg,0.0,True
11123_left.jpeg,slit_lamp,dataset_03\train\cataract\11123_left.jpeg,0.05,True
11124_left.jpeg,slit_lamp,dataset_03\train\cataract\11124_left.jpeg,0.16,True
11127_left.jpeg,slit_lamp,dataset_03\train\cataract\11127_left.jpeg,0.0,True
11127_right.jpeg,slit_lamp,dataset_03\train\cataract\11127_right.jpeg,0.0,True
11130_left.jpeg,slit_lamp,dataset_03\train\cataract\11130_left.jpeg,0.0,True
11130_right.jpeg,slit_lamp,dataset_03\train\cataract\11130_right.jpeg,1.12,True
11136_left.jpeg,slit_lamp,dataset_03\train\cataract\11136_left.jpeg,0.0,True
11136_right.jpeg,slit_lamp,dataset_03\train\cataract\11136_right.jpeg,0.0,True
1113_left.jpeg,slit_lamp,dataset_03\train\cataract\1113_left.jpeg,0.0,True
11142_right.jpeg,slit_lamp,dataset_03\train\cataract\11142_right.jpeg,0.06,True
11147_right.jpeg,slit_lamp,dataset_03\train\cataract\11147_right.jpeg,0.0,True
11153_right.jpeg,slit_lamp,dataset_03\train\cataract\11153_right.jpeg,0.0,True
11155_left.jpeg,slit_lamp,dataset_03\train\cataract\11155_left.jpeg,0.46,True
11155_right.jpeg,slit_lamp,dataset_03\train\cataract\11155_right.jpeg,0.27,True
11156_left.jpeg,slit_lamp,dataset_03\train\cataract\11156_left.jpeg,0.0,True
11159_left.jpeg,slit_lamp,dataset_03\train\cataract\11159_left.jpeg,0.0,True
11159_right.jpeg,slit_lamp,dataset_03\train\cataract\11159_right.jpeg,0.0,True
11161_right.jpeg,slit_lamp,dataset_03\train\cataract\11161_right.jpeg,0.0,True
11164_left.jpeg,slit_lamp,dataset_03\train\cataract\11164_left.jpeg,0.22,True
11164_right.jpeg,slit_lamp,dataset_03\train\cataract\11164_right.jpeg,0.61,True
11165_left.jpeg,slit_lamp,dataset_03\train\cataract\11165_left.jpeg,0.11,True
11165_right.jpeg,slit_lamp,dataset_03\train\cataract\11165_right.jpeg,0.16,True
11169_left.jpeg,slit_lamp,dataset_03\train\cataract\11169_left.jpeg,0.0,True
11169_right.jpeg,slit_lamp,dataset_03\train\cataract\11169_right.jpeg,0.0,True
11176_right.jpeg,slit_lamp,dataset_03\train\cataract\11176_right.jpeg,0.0,True
11182_left.jpeg,slit_lamp,dataset_03\train\cataract\11182_left.jpeg,0.0,True
11183_left.jpeg,slit_lamp,dataset_03\train\cataract\11183_left.jpeg,0.0,True
11183_right.jpeg,slit_lamp,dataset_03\train\cataract\11183_right.jpeg,0.0,True
11187_left.jpeg,slit_lamp,dataset_03\train\cataract\11187_left.jpeg,0.37,True
11187_right.jpeg,slit_lamp,dataset_03\train\cataract\11187_right.jpeg,0.0,True
11196_left.jpeg,slit_lamp,dataset_03\train\cataract\11196_left.jpeg,0.0,True
11197_left.jpeg,slit_lamp,dataset_03\train\cataract\11197_left.jpeg,0.0,True
11197_right.jpeg,slit_lamp,dataset_03\train\cataract\11197_right.jpeg,0.0,True
11198_left.jpeg,slit_lamp,dataset_03\train\cataract\11198_left.jpeg,0.0,True
111_left.jpeg,slit_lamp,dataset_03\train\cataract\111_left.jpeg,0.0,True
11203_left.jpeg,slit_lamp,dataset_03\train\cataract\11203_left.jpeg,0.0,True
11203_right.jpeg,slit_lamp,dataset_03\train\cataract\11203_right.jpeg,0.0,True
11206_left.jpeg,slit_lamp,dataset_03\train\cataract\11206_left.jpeg,0.16,True
11206_right.jpeg,slit_lamp,dataset_03\train\cataract\11206_right.jpeg,0.05,True
11219_left.jpeg,slit_lamp,dataset_03\train\cataract\11219_left.jpeg,0.07,True
11219_right.jpeg,slit_lamp,dataset_03\train\cataract\11219_right.jpeg,0.27,True
11221_left.jpeg,slit_lamp,dataset_03\train\cataract\11221_left.jpeg,0.0,True
11221_right.jpeg,slit_lamp,dataset_03\train\cataract\11221_right.jpeg,0.0,True
11222_left.jpeg,slit_lamp,dataset_03\train\cataract\11222_left.jpeg,0.46,True
11222_right.jpeg,slit_lamp,dataset_03\train\cataract\11222_right.jpeg,0.0,True
11228_left.jpeg,slit_lamp,dataset_03\train\cataract\11228_left.jpeg,0.0,True
11228_right.jpeg,slit_lamp,dataset_03\train\cataract\11228_right.jpeg,0.24,True
11229_left.jpeg,slit_lamp,dataset_03\train\cataract\11229_left.jpeg,0.36,True
11231_right.jpeg,slit_lamp,dataset_03\train\cataract\11231_right.jpeg,0.01,True
11232_left.jpeg,slit_lamp,dataset_03\train\cataract\11232_left.jpeg,0.52,True
11232_right.jpeg,slit_lamp,dataset_03\train\cataract\11232_right.jpeg,0.02,True
11234_right.jpeg,slit_lamp,dataset_03\train\cataract\11234_right.jpeg,0.0,True
1123_left.jpeg,slit_lamp,dataset_03\train\cataract\1123_left.jpeg,0.0,True
11241_left.jpeg,slit_lamp,dataset_03\train\cataract\11241_left.jpeg,0.0,True
11241_right.jpeg,slit_lamp,dataset_03\train\cataract\11241_right.jpeg,0.0,True
11243_left.jpeg,slit_lamp,dataset_03\train\cataract\11243_left.jpeg,0.01,True
11243_right.jpeg,slit_lamp,dataset_03\train\cataract\11243_right.jpeg,0.0,True
11244_left.jpeg,slit_lamp,dataset_03\train\cataract\11244_left.jpeg,0.39,True
11244_right.jpeg,slit_lamp,dataset_03\train\cataract\11244_right.jpeg,0.88,True
11246_left.jpeg,slit_lamp,dataset_03\train\cataract\11246_left.jpeg,1.17,True
11246_right.jpeg,slit_lamp,dataset_03\train\cataract\11246_right.jpeg,0.69,True
11247_left.jpeg,slit_lamp,dataset_03\train\cataract\11247_left.jpeg,0.0,True
11247_right.jpeg,slit_lamp,dataset_03\train\cataract\11247_right.jpeg,0.0,True
11249_right.jpeg,slit_lamp,dataset_03\train\cataract\11249_right.jpeg,0.0,True
11261_right.jpeg,slit_lamp,dataset_03\train\cataract\11261_right.jpeg,0.08,True
11265_right.jpeg,slit_lamp,dataset_03\train\cataract\11265_right.jpeg,0.0,True
11267_left.jpeg,slit_lamp,dataset_03\train\cataract\11267_left.jpeg,0.0,True
11267_right.jpeg,slit_lamp,dataset_03\train\cataract\11267_right.jpeg,0.0,True
11270_right.jpeg,slit_lamp,dataset_03\train\cataract\11270_right.jpeg,0.0,True
11271_right.jpeg,slit_lamp,dataset_03\train\cataract\11271_right.jpeg,0.04,True
11273_right.jpeg,slit_lamp,dataset_03\train\cataract\11273_right.jpeg,0.06,True
11283_left.jpeg,slit_lamp,dataset_03\train\cataract\11283_left.jpeg,0.65,True
11283_right.jpeg,slit_lamp,dataset_03\train\cataract\11283_right.jpeg,0.21,True
11289_left.jpeg,slit_lamp,dataset_03\train\cataract\11289_left.jpeg,0.0,True
11291_right.jpeg,slit_lamp,dataset_03\train\cataract\11291_right.jpeg,0.01,True
11292_right.jpeg,slit_lamp,dataset_03\train\cataract\11292_right.jpeg,0.0,True
11293_left.jpeg,slit_lamp,dataset_03\train\cataract\11293_left.jpeg,0.0,True
11299_left.jpeg,slit_lamp,dataset_03\train\cataract\11299_left.jpeg,0.21,True
11299_right.jpeg,slit_lamp,dataset_03\train\cataract\11299_right.jpeg,0.0,True
11301_left.jpeg,slit_lamp,dataset_03\train\cataract\11301_left.jpeg,0.0,True
11301_right.jpeg,slit_lamp,dataset_03\train\cataract\11301_right.jpeg,0.0,True
11304_left.jpeg,slit_lamp,dataset_03\train\cataract\11304_left.jpeg,0.0,True
11305_left.jpeg,slit_lamp,dataset_03\train\cataract\11305_left.jpeg,0.04,True
11310_right.jpeg,slit_lamp,dataset_03\train\cataract\11310_right.jpeg,0.0,True
11313_left.jpeg,slit_lamp,dataset_03\train\cataract\11313_left.jpeg,0.02,True
11313_right.jpeg,slit_lamp,dataset_03\train\cataract\11313_right.jpeg,0.2,True
11315_left.jpeg,slit_lamp,dataset_03\train\cataract\11315_left.jpeg,0.05,True
11316_left.jpeg,slit_lamp,dataset_03\train\cataract\11316_left.jpeg,0.0,True
11316_right.jpeg,slit_lamp,dataset_03\train\cataract\11316_right.jpeg,0.0,True
11317_left.jpeg,slit_lamp,dataset_03\train\cataract\11317_left.jpeg,0.0,True
11317_right.jpeg,slit_lamp,dataset_03\train\cataract\11317_right.jpeg,0.0,True
11319_left.jpeg,slit_lamp,dataset_03\train\cataract\11319_left.jpeg,0.0,True
11319_right.jpeg,slit_lamp,dataset_03\train\cataract\11319_right.jpeg,0.0,True
1131_left.jpeg,slit_lamp,dataset_03\train\cataract\1131_left.jpeg,0.0,True
1131_right.jpeg,slit_lamp,dataset_03\train\cataract\1131_right.jpeg,0.0,True
11321_left.jpeg,slit_lamp,dataset_03\train\cataract\11321_left.jpeg,0.31,True
11321_right.jpeg,slit_lamp,dataset_03\train\cataract\11321_right.jpeg,0.08,True
11326_left.jpeg,slit_lamp,dataset_03\train\cataract\11326_left.jpeg,0.11,True
11326_right.jpeg,slit_lamp,dataset_03\train\cataract\11326_right.jpeg,0.0,True
11335_right.jpeg,slit_lamp,dataset_03\train\cataract\11335_right.jpeg,0.0,True
1133_left.jpeg,slit_lamp,dataset_03\train\cataract\1133_left.jpeg,0.0,True
1133_right.jpeg,slit_lamp,dataset_03\train\cataract\1133_right.jpeg,0.0,True
11340_left.jpeg,slit_lamp,dataset_03\train\cataract\11340_left.jpeg,0.0,True
11340_right.jpeg,slit_lamp,dataset_03\train\cataract\11340_right.jpeg,0.0,True
11345_left.jpeg,slit_lamp,dataset_03\train\cataract\11345_left.jpeg,0.0,True
11345_right.jpeg,slit_lamp,dataset_03\train\cataract\11345_right.jpeg,0.0,True
11349_left.jpeg,slit_lamp,dataset_03\train\cataract\11349_left.jpeg,0.0,True
11349_right.jpeg,slit_lamp,dataset_03\train\cataract\11349_right.jpeg,0.0,True
11364_left.jpeg,slit_lamp,dataset_03\train\cataract\11364_left.jpeg,0.57,True
11364_right.jpeg,slit_lamp,dataset_03\train\cataract\11364_right.jpeg,0.0,True
11365_left.jpeg,slit_lamp,dataset_03\train\cataract\11365_left.jpeg,0.12,True
11365_right.jpeg,slit_lamp,dataset_03\train\cataract\11365_right.jpeg,0.46,True
1136_right.jpeg,slit_lamp,dataset_03\train\cataract\1136_right.jpeg,0.01,True
11370_left.jpeg,slit_lamp,dataset_03\train\cataract\11370_left.jpeg,0.0,True
11371_left.jpeg,slit_lamp,dataset_03\train\cataract\11371_left.jpeg,0.01,True
11378_left.jpeg,slit_lamp,dataset_03\train\cataract\11378_left.jpeg,0.0,True
11378_right.jpeg,slit_lamp,dataset_03\train\cataract\11378_right.jpeg,0.0,True
11382_right.jpeg,slit_lamp,dataset_03\train\cataract\11382_right.jpeg,0.16,True
11385_left.jpeg,slit_lamp,dataset_03\train\cataract\11385_left.jpeg,0.0,True
11385_right.jpeg,slit_lamp,dataset_03\train\cataract\11385_right.jpeg,0.0,True
11387_left.jpeg,slit_lamp,dataset_03\train\cataract\11387_left.jpeg,0.0,True
11387_right.jpeg,slit_lamp,dataset_03\train\cataract\11387_right.jpeg,0.0,True
11388_right.jpeg,slit_lamp,dataset_03\train\cataract\11388_right.jpeg,0.0,True
1138_left.jpeg,slit_lamp,dataset_03\train\cataract\1138_left.jpeg,0.0,True
1138_right.jpeg,slit_lamp,dataset_03\train\cataract\1138_right.jpeg,0.0,True
11391_left.jpeg,slit_lamp,dataset_03\train\cataract\11391_left.jpeg,1.09,True
11391_right.jpeg,slit_lamp,dataset_03\train\cataract\11391_right.jpeg,0.58,True
11392_left.jpeg,slit_lamp,dataset_03\train\cataract\11392_left.jpeg,0.08,True
11392_right.jpeg,slit_lamp,dataset_03\train\cataract\11392_right.jpeg,0.0,True
11394_left.jpeg,slit_lamp,dataset_03\train\cataract\11394_left.jpeg,0.0,True
11394_right.jpeg,slit_lamp,dataset_03\train\cataract\11394_right.jpeg,0.0,True
11397_left.jpeg,slit_lamp,dataset_03\train\cataract\11397_left.jpeg,0.0,True
11397_right.jpeg,slit_lamp,dataset_03\train\cataract\11397_right.jpeg,0.0,True
11407_left.jpeg,slit_lamp,dataset_03\train\cataract\11407_left.jpeg,0.0,True
11409_left.jpeg,slit_lamp,dataset_03\train\cataract\11409_left.jpeg,0.0,True
11409_right.jpeg,slit_lamp,dataset_03\train\cataract\11409_right.jpeg,0.0,True
11417_left.jpeg,slit_lamp,dataset_03\train\cataract\11417_left.jpeg,0.0,True
11417_right.jpeg,slit_lamp,dataset_03\train\cataract\11417_right.jpeg,0.0,True
11420_left.jpeg,slit_lamp,dataset_03\train\cataract\11420_left.jpeg,0.36,True
11420_right.jpeg,slit_lamp,dataset_03\train\cataract\11420_right.jpeg,0.56,True
11421_left.jpeg,slit_lamp,dataset_03\train\cataract\11421_left.jpeg,0.18,True
11421_right.jpeg,slit_lamp,dataset_03\train\cataract\11421_right.jpeg,4.55,True
11428_left.jpeg,slit_lamp,dataset_03\train\cataract\11428_left.jpeg,0.23,True
11428_right.jpeg,slit_lamp,dataset_03\train\cataract\11428_right.jpeg,0.0,True
11432_left.jpeg,slit_lamp,dataset_03\train\cataract\11432_left.jpeg,0.03,True
11432_right.jpeg,slit_lamp,dataset_03\train\cataract\11432_right.jpeg,0.0,True
11435_left.jpeg,slit_lamp,dataset_03\train\cataract\11435_left.jpeg,0.0,True
11435_right.jpeg,slit_lamp,dataset_03\train\cataract\11435_right.jpeg,0.0,True
11437_left.jpeg,slit_lamp,dataset_03\train\cataract\11437_left.jpeg,0.0,True
11437_right.jpeg,slit_lamp,dataset_03\train\cataract\11437_right.jpeg,0.0,True
11438_left.jpeg,slit_lamp,dataset_03\train\cataract\11438_left.jpeg,0.0,True
11439_left.jpeg,slit_lamp,dataset_03\train\cataract\11439_left.jpeg,0.0,True
11443_left.jpeg,slit_lamp,dataset_03\train\cataract\11443_left.jpeg,0.0,True
11444_left.jpeg,slit_lamp,dataset_03\train\cataract\11444_left.jpeg,0.0,True
11444_right.jpeg,slit_lamp,dataset_03\train\cataract\11444_right.jpeg,0.0,True
11445_left.jpeg,slit_lamp,dataset_03\train\cataract\11445_left.jpeg,0.0,True
11446_left.jpeg,slit_lamp,dataset_03\train\cataract\11446_left.jpeg,0.0,True
11448_left.jpeg,slit_lamp,dataset_03\train\cataract\11448_left.jpeg,0.15,True
11455_left.jpeg,slit_lamp,dataset_03\train\cataract\11455_left.jpeg,0.42,True
11455_right.jpeg,slit_lamp,dataset_03\train\cataract\11455_right.jpeg,0.02,True
1145_right.jpeg,slit_lamp,dataset_03\train\cataract\1145_right.jpeg,0.0,True
11464_right.jpeg,slit_lamp,dataset_03\train\cataract\11464_right.jpeg,0.0,True
1146_right.jpeg,slit_lamp,dataset_03\train\cataract\1146_right.jpeg,0.0,True
11471_left.jpeg,slit_lamp,dataset_03\train\cataract\11471_left.jpeg,0.0,True
11474_left.jpeg,slit_lamp,dataset_03\train\cataract\11474_left.jpeg,0.0,True
11474_right.jpeg,slit_lamp,dataset_03\train\cataract\11474_right.jpeg,0.0,True
11476_left.jpeg,slit_lamp,dataset_03\train\cataract\11476_left.jpeg,0.0,True
11476_right.jpeg,slit_lamp,dataset_03\train\cataract\11476_right.jpeg,0.0,True
1147_right.jpeg,slit_lamp,dataset_03\train\cataract\1147_right.jpeg,0.0,True
11482_right.jpeg,slit_lamp,dataset_03\train\cataract\11482_right.jpeg,0.05,True
11487_left.jpeg,slit_lamp,dataset_03\train\cataract\11487_left.jpeg,0.0,True
11490_left.jpeg,slit_lamp,dataset_03\train\cataract\11490_left.jpeg,0.02,True
11490_right.jpeg,slit_lamp,dataset_03\train\cataract\11490_right.jpeg,0.07,True
11495_right.jpeg,slit_lamp,dataset_03\train\cataract\11495_right.jpeg,0.01,True
11496_right.jpeg,slit_lamp,dataset_03\train\cataract\11496_right.jpeg,0.0,True
11500_left.jpeg,slit_lamp,dataset_03\train\cataract\11500_left.jpeg,0.0,True
11504_left.jpeg,slit_lamp,dataset_03\train\cataract\11504_left.jpeg,0.0,True
11504_right.jpeg,slit_lamp,dataset_03\train\cataract\11504_right.jpeg,0.0,True
11516_left.jpeg,slit_lamp,dataset_03\train\cataract\11516_left.jpeg,0.0,True
11516_right.jpeg,slit_lamp,dataset_03\train\cataract\11516_right.jpeg,0.0,True
11519_left.jpeg,slit_lamp,dataset_03\train\cataract\11519_left.jpeg,0.0,True
11519_right.jpeg,slit_lamp,dataset_03\train\cataract\11519_right.jpeg,0.0,True
11520_left.jpeg,slit_lamp,dataset_03\train\cataract\11520_left.jpeg,0.0,True
11520_right.jpeg,slit_lamp,dataset_03\train\cataract\11520_right.jpeg,0.0,True
11527_left.jpeg,slit_lamp,dataset_03\train\cataract\11527_left.jpeg,0.0,True
11527_right.jpeg,slit_lamp,dataset_03\train\cataract\11527_right.jpeg,0.0,True
11529_left.jpeg,slit_lamp,dataset_03\train\cataract\11529_left.jpeg,0.66,True
11529_right.jpeg,slit_lamp,dataset_03\train\cataract\11529_right.jpeg,0.0,True
11534_left.jpeg,slit_lamp,dataset_03\train\cataract\11534_left.jpeg,0.0,True
11541_left.jpeg,slit_lamp,dataset_03\train\cataract\11541_left.jpeg,0.0,True
11541_right.jpeg,slit_lamp,dataset_03\train\cataract\11541_right.jpeg,0.0,True
11542_right.jpeg,slit_lamp,dataset_03\train\cataract\11542_right.jpeg,0.0,True
11545_left.jpeg,slit_lamp,dataset_03\train\cataract\11545_left.jpeg,0.0,True
11545_right.jpeg,slit_lamp,dataset_03\train\cataract\11545_right.jpeg,0.0,True
11546_left.jpeg,slit_lamp,dataset_03\train\cataract\11546_left.jpeg,0.0,True
11546_right.jpeg,slit_lamp,dataset_03\train\cataract\11546_right.jpeg,0.04,True
11550_right.jpeg,slit_lamp,dataset_03\train\cataract\11550_right.jpeg,0.1,True
11551_left.jpeg,slit_lamp,dataset_03\train\cataract\11551_left.jpeg,0.05,True
11551_right.jpeg,slit_lamp,dataset_03\train\cataract\11551_right.jpeg,1.82,True
11553_left.jpeg,slit_lamp,dataset_03\train\cataract\11553_left.jpeg,0.0,True
11553_right.jpeg,slit_lamp,dataset_03\train\cataract\11553_right.jpeg,0.0,True
11573_left.jpeg,slit_lamp,dataset_03\train\cataract\11573_left.jpeg,0.0,True
11574_right.jpeg,slit_lamp,dataset_03\train\cataract\11574_right.jpeg,0.15,True
11579_left.jpeg,slit_lamp,dataset_03\train\cataract\11579_left.jpeg,0.0,True
11581_left.jpeg,slit_lamp,dataset_03\train\cataract\11581_left.jpeg,0.0,True
11581_right.jpeg,slit_lamp,dataset_03\train\cataract\11581_right.jpeg,0.0,True
11584_left.jpeg,slit_lamp,dataset_03\train\cataract\11584_left.jpeg,0.03,True
11584_right.jpeg,slit_lamp,dataset_03\train\cataract\11584_right.jpeg,0.0,True
11590_left.jpeg,slit_lamp,dataset_03\train\cataract\11590_left.jpeg,0.0,True
11593_left.jpeg,slit_lamp,dataset_03\train\cataract\11593_left.jpeg,0.1,True
11594_left.jpeg,slit_lamp,dataset_03\train\cataract\11594_left.jpeg,0.97,True
1161_right.jpeg,slit_lamp,dataset_03\train\cataract\1161_right.jpeg,0.0,True
1167_left.jpeg,slit_lamp,dataset_03\train\cataract\1167_left.jpeg,0.21,True
1167_right.jpeg,slit_lamp,dataset_03\train\cataract\1167_right.jpeg,0.0,True
1170_left.jpeg,slit_lamp,dataset_03\train\cataract\1170_left.jpeg,0.29,True
1172_left.jpeg,slit_lamp,dataset_03\train\cataract\1172_left.jpeg,0.26,True
1172_right.jpeg,slit_lamp,dataset_03\train\cataract\1172_right.jpeg,0.1,True
1178_left.jpeg,slit_lamp,dataset_03\train\cataract\1178_left.jpeg,0.0,True
1178_right.jpeg,slit_lamp,dataset_03\train\cataract\1178_right.jpeg,0.0,True
1179_right.jpeg,slit_lamp,dataset_03\train\cataract\1179_right.jpeg,0.0,True
117_left.jpeg,slit_lamp,dataset_03\train\cataract\117_left.jpeg,0.0,True
117_right.jpeg,slit_lamp,dataset_03\train\cataract\117_right.jpeg,0.0,True
1182_left.jpeg,slit_lamp,dataset_03\train\cataract\1182_left.jpeg,0.37,True
1182_right.jpeg,slit_lamp,dataset_03\train\cataract\1182_right.jpeg,0.28,True
1188_left.jpeg,slit_lamp,dataset_03\train\cataract\1188_left.jpeg,0.01,True
1188_right.jpeg,slit_lamp,dataset_03\train\cataract\1188_right.jpeg,0.01,True
1192_right.jpeg,slit_lamp,dataset_03\train\cataract\1192_right.jpeg,0.0,True
1196_left.jpeg,slit_lamp,dataset_03\train\cataract\1196_left.jpeg,0.0,True
1196_right.jpeg,slit_lamp,dataset_03\train\cataract\1196_right.jpeg,0.0,True
1197_left.jpeg,slit_lamp,dataset_03\train\cataract\1197_left.jpeg,0.0,True
1199_left.jpeg,slit_lamp,dataset_03\train\cataract\1199_left.jpeg,0.0,True
1199_right.jpeg,slit_lamp,dataset_03\train\cataract\1199_right.jpeg,0.08,True
119_left.jpeg,slit_lamp,dataset_03\train\cataract\119_left.jpeg,0.36,True
119_right.jpeg,slit_lamp,dataset_03\train\cataract\119_right.jpeg,0.08,True
1204_left.jpeg,slit_lamp,dataset_03\train\cataract\1204_left.jpeg,0.84,True
1204_right.jpeg,slit_lamp,dataset_03\train\cataract\1204_right.jpeg,0.0,True
1206_left.jpeg,slit_lamp,dataset_03\train\cataract\1206_left.jpeg,0.0,True
1211_left.jpeg,slit_lamp,dataset_03\train\cataract\1211_left.jpeg,1.02,True
122_right.jpeg,slit_lamp,dataset_03\train\cataract\122_right.jpeg,0.0,True
1240_left.jpeg,slit_lamp,dataset_03\train\cataract\1240_left.jpeg,0.0,True
1242_left.jpeg,slit_lamp,dataset_03\train\cataract\1242_left.jpeg,0.18,True
1242_right.jpeg,slit_lamp,dataset_03\train\cataract\1242_right.jpeg,0.2,True
1259_left.jpeg,slit_lamp,dataset_03\train\cataract\1259_left.jpeg,0.0,True
125_left.jpeg,slit_lamp,dataset_03\train\cataract\125_left.jpeg,0.69,True
125_right.jpeg,slit_lamp,dataset_03\train\cataract\125_right.jpeg,0.95,True
1260_left.jpeg,slit_lamp,dataset_03\train\cataract\1260_left.jpeg,0.27,True
1266_left.jpeg,slit_lamp,dataset_03\train\cataract\1266_left.jpeg,0.0,True
1266_right.jpeg,slit_lamp,dataset_03\train\cataract\1266_right.jpeg,0.0,True
1267_left.jpeg,slit_lamp,dataset_03\train\cataract\1267_left.jpeg,0.0,True
1267_right.jpeg,slit_lamp,dataset_03\train\cataract\1267_right.jpeg,0.0,True
1269_right.jpeg,slit_lamp,dataset_03\train\cataract\1269_right.jpeg,0.0,True
1272_right.jpeg,slit_lamp,dataset_03\train\cataract\1272_right.jpeg,0.0,True
1275_left.jpeg,slit_lamp,dataset_03\train\cataract\1275_left.jpeg,0.47,True
1277_left.jpeg,slit_lamp,dataset_03\train\cataract\1277_left.jpeg,0.0,True
1277_right.jpeg,slit_lamp,dataset_03\train\cataract\1277_right.jpeg,0.0,True
1285_right.jpeg,slit_lamp,dataset_03\train\cataract\1285_right.jpeg,0.0,True
1289_right.jpeg,slit_lamp,dataset_03\train\cataract\1289_right.jpeg,0.04,True
1292_left.jpeg,slit_lamp,dataset_03\train\cataract\1292_left.jpeg,0.0,True
1292_right.jpeg,slit_lamp,dataset_03\train\cataract\1292_right.jpeg,0.0,True
1294_left.jpeg,slit_lamp,dataset_03\train\cataract\1294_left.jpeg,0.0,True
1294_right.jpeg,slit_lamp,dataset_03\train\cataract\1294_right.jpeg,0.0,True
1296_left.jpeg,slit_lamp,dataset_03\train\cataract\1296_left.jpeg,0.0,True
1296_right.jpeg,slit_lamp,dataset_03\train\cataract\1296_right.jpeg,0.0,True
1297_left.jpeg,slit_lamp,dataset_03\train\cataract\1297_left.jpeg,0.17,True
1297_right.jpeg,slit_lamp,dataset_03\train\cataract\1297_right.jpeg,0.15,True
129_right.jpeg,slit_lamp,dataset_03\train\cataract\129_right.jpeg,0.02,True
1302_left.jpeg,slit_lamp,dataset_03\train\cataract\1302_left.jpeg,0.0,True
1302_right.jpeg,slit_lamp,dataset_03\train\cataract\1302_right.jpeg,0.0,True
1305_left.jpeg,slit_lamp,dataset_03\train\cataract\1305_left.jpeg,0.0,True
1020_left.jpg,slit_lamp,dataset_03\train\mild\1020_left.jpg,0.0,True
1209_left.jpg,slit_lamp,dataset_03\train\mild\1209_left.jpg,0.0,True
1210_left.jpg,slit_lamp,dataset_03\train\mild\1210_left.jpg,0.0,True
1210_right.jpg,slit_lamp,dataset_03\train\mild\1210_right.jpg,0.0,True
1211_right.jpg,slit_lamp,dataset_03\train\mild\1211_right.jpg,0.0,True
1212_left.jpg,slit_lamp,dataset_03\train\mild\1212_left.jpg,0.05,True
1212_right.jpg,slit_lamp,dataset_03\train\mild\1212_right.jpg,0.0,True
1213_left.jpg,slit_lamp,dataset_03\train\mild\1213_left.jpg,0.0,True
1213_right.jpg,slit_lamp,dataset_03\train\mild\1213_right.jpg,0.0,True
1214_right.jpg,slit_lamp,dataset_03\train\mild\1214_right.jpg,0.0,True
1215_left.jpg,slit_lamp,dataset_03\train\mild\1215_left.jpg,1.32,True
1216_left.jpg,slit_lamp,dataset_03\train\mild\1216_left.jpg,0.0,True
1216_right.jpg,slit_lamp,dataset_03\train\mild\1216_right.jpg,0.0,True
1217_left.jpg,slit_lamp,dataset_03\train\mild\1217_left.jpg,0.0,True
1220_left.jpg,slit_lamp,dataset_03\train\mild\1220_left.jpg,0.16,True
1220_right.jpg,slit_lamp,dataset_03\train\mild\1220_right.jpg,0.32,True
1221_right.jpg,slit_lamp,dataset_03\train\mild\1221_right.jpg,0.0,True
1222_left.jpg,slit_lamp,dataset_03\train\mild\1222_left.jpg,0.0,True
1222_right.jpg,slit_lamp,dataset_03\train\mild\1222_right.jpg,0.0,True
1225_right.jpg,slit_lamp,dataset_03\train\mild\1225_right.jpg,0.0,True
1226_left.jpg,slit_lamp,dataset_03\train\mild\1226_left.jpg,0.0,True
1226_right.jpg,slit_lamp,dataset_03\train\mild\1226_right.jpg,0.0,True
1227_left.jpg,slit_lamp,dataset_03\train\mild\1227_left.jpg,0.0,True
1228_left.jpg,slit_lamp,dataset_03\train\mild\1228_left.jpg,1.94,True
1229_left.jpg,slit_lamp,dataset_03\train\mild\1229_left.jpg,0.0,True
1229_right.jpg,slit_lamp,dataset_03\train\mild\1229_right.jpg,0.0,True
1230_left.jpg,slit_lamp,dataset_03\train\mild\1230_left.jpg,0.0,True
1230_right.jpg,slit_lamp,dataset_03\train\mild\1230_right.jpg,0.0,True
1231_left.jpg,slit_lamp,dataset_03\train\mild\1231_left.jpg,0.0,True
1231_right.jpg,slit_lamp,dataset_03\train\mild\1231_right.jpg,0.0,True
1232_right.jpg,slit_lamp,dataset_03\train\mild\1232_right.jpg,0.0,True
1234_right.jpg,slit_lamp,dataset_03\train\mild\1234_right.jpg,0.0,True
1237_left.jpg,slit_lamp,dataset_03\train\mild\1237_left.jpg,0.0,True
1239_left.jpg,slit_lamp,dataset_03\train\mild\1239_left.jpg,0.0,True
1241_left.jpg,slit_lamp,dataset_03\train\mild\1241_left.jpg,0.0,True
1241_right.jpg,slit_lamp,dataset_03\train\mild\1241_right.jpg,0.0,True
1243_right.jpg,slit_lamp,dataset_03\train\mild\1243_right.jpg,0.0,True
1246_left.jpg,slit_lamp,dataset_03\train\mild\1246_left.jpg,0.0,True
1247_left.jpg,slit_lamp,dataset_03\train\mild\1247_left.jpg,0.0,True
1251_left.jpg,slit_lamp,dataset_03\train\mild\1251_left.jpg,0.02,True
1255_left.jpg,slit_lamp,dataset_03\train\mild\1255_left.jpg,0.89,True
1255_right.jpg,slit_lamp,dataset_03\train\mild\1255_right.jpg,0.53,True
1256_right.jpg,slit_lamp,dataset_03\train\mild\1256_right.jpg,0.02,True
1258_left.jpg,slit_lamp,dataset_03\train\mild\1258_left.jpg,0.06,True
1258_right.jpg,slit_lamp,dataset_03\train\mild\1258_right.jpg,0.08,True
1259_left.jpg,slit_lamp,dataset_03\train\mild\1259_left.jpg,0.0,True
1259_right.jpg,slit_lamp,dataset_03\train\mild\1259_right.jpg,0.0,True
1260_right.jpg,slit_lamp,dataset_03\train\mild\1260_right.jpg,0.0,True
1261_right.jpg,slit_lamp,dataset_03\train\mild\1261_right.jpg,0.0,True
1265_left.jpg,slit_lamp,dataset_03\train\mild\1265_left.jpg,0.0,True
1265_right.jpg,slit_lamp,dataset_03\train\mild\1265_right.jpg,0.0,True
1266_right.jpg,slit_lamp,dataset_03\train\mild\1266_right.jpg,0.0,True
1267_left.jpg,slit_lamp,dataset_03\train\mild\1267_left.jpg,0.41,True
1267_right.jpg,slit_lamp,dataset_03\train\mild\1267_right.jpg,5.41,True
1268_left.jpg,slit_lamp,dataset_03\train\mild\1268_left.jpg,0.0,True
1268_right.jpg,slit_lamp,dataset_03\train\mild\1268_right.jpg,0.0,True
1269_left.jpg,slit_lamp,dataset_03\train\mild\1269_left.jpg,0.26,True
1270_left.jpg,slit_lamp,dataset_03\train\mild\1270_left.jpg,0.0,True
1271_left.jpg,slit_lamp,dataset_03\train\mild\1271_left.jpg,0.0,True
1271_right.jpg,slit_lamp,dataset_03\train\mild\1271_right.jpg,0.39,True
1272_left.jpg,slit_lamp,dataset_03\train\mild\1272_left.jpg,0.0,True
1272_right.jpg,slit_lamp,dataset_03\train\mild\1272_right.jpg,0.13,True
1276_left.jpg,slit_lamp,dataset_03\train\mild\1276_left.jpg,0.0,True
1276_right.jpg,slit_lamp,dataset_03\train\mild\1276_right.jpg,0.0,True
1277_left.jpg,slit_lamp,dataset_03\train\mild\1277_left.jpg,0.0,True
1277_right.jpg,slit_lamp,dataset_03\train\mild\1277_right.jpg,0.0,True
1279_left.jpg,slit_lamp,dataset_03\train\mild\1279_left.jpg,0.0,True
1279_right.jpg,slit_lamp,dataset_03\train\mild\1279_right.jpg,0.0,True
1280_left.jpg,slit_lamp,dataset_03\train\mild\1280_left.jpg,0.0,True
1281_left.jpg,slit_lamp,dataset_03\train\mild\1281_left.jpg,0.0,True
1281_right.jpg,slit_lamp,dataset_03\train\mild\1281_right.jpg,0.0,True
1282_left.jpg,slit_lamp,dataset_03\train\mild\1282_left.jpg,0.0,True
1282_right.jpg,slit_lamp,dataset_03\train\mild\1282_right.jpg,0.0,True
1284_left.jpg,slit_lamp,dataset_03\train\mild\1284_left.jpg,0.0,True
1284_right.jpg,slit_lamp,dataset_03\train\mild\1284_right.jpg,0.0,True
1286_left.jpg,slit_lamp,dataset_03\train\mild\1286_left.jpg,0.0,True
1286_right.jpg,slit_lamp,dataset_03\train\mild\1286_right.jpg,0.0,True
1287_left.jpg,slit_lamp,dataset_03\train\mild\1287_left.jpg,0.0,True
1287_right.jpg,slit_lamp,dataset_03\train\mild\1287_right.jpg,0.0,True
1288_right.jpg,slit_lamp,dataset_03\train\mild\1288_right.jpg,0.0,True
1289_right.jpg,slit_lamp,dataset_03\train\mild\1289_right.jpg,0.0,True
1290_left.jpg,slit_lamp,dataset_03\train\mild\1290_left.jpg,0.86,True
1290_right.jpg,slit_lamp,dataset_03\train\mild\1290_right.jpg,0.72,True
1291_right.jpg,slit_lamp,dataset_03\train\mild\1291_right.jpg,0.0,True
1294_left.jpg,slit_lamp,dataset_03\train\mild\1294_left.jpg,0.0,True
1294_right.jpg,slit_lamp,dataset_03\train\mild\1294_right.jpg,0.0,True
1297_left.jpg,slit_lamp,dataset_03\train\mild\1297_left.jpg,0.0,True
1301_left.jpg,slit_lamp,dataset_03\train\mild\1301_left.jpg,0.0,True
1301_right.jpg,slit_lamp,dataset_03\train\mild\1301_right.jpg,0.0,True
1302_left.jpg,slit_lamp,dataset_03\train\mild\1302_left.jpg,0.0,True
1302_right.jpg,slit_lamp,dataset_03\train\mild\1302_right.jpg,0.0,True
1306_left.jpg,slit_lamp,dataset_03\train\mild\1306_left.jpg,0.11,True
1306_right.jpg,slit_lamp,dataset_03\train\mild\1306_right.jpg,0.0,True
1307_left.jpg,slit_lamp,dataset_03\train\mild\1307_left.jpg,0.0,True
1307_right.jpg,slit_lamp,dataset_03\train\mild\1307_right.jpg,0.0,True
1309_left.jpg,slit_lamp,dataset_03\train\mild\1309_left.jpg,1.2,True
1309_right.jpg,slit_lamp,dataset_03\train\mild\1309_right.jpg,2.17,True
1314_left.jpg,slit_lamp,dataset_03\train\mild\1314_left.jpg,0.0,True
1314_right.jpg,slit_lamp,dataset_03\train\mild\1314_right.jpg,0.11,True
1318_left.jpg,slit_lamp,dataset_03\train\mild\1318_left.jpg,0.0,True
1318_right.jpg,slit_lamp,dataset_03\train\mild\1318_right.jpg,0.0,True
1319_right.jpg,slit_lamp,dataset_03\train\mild\1319_right.jpg,0.0,True
1325_right.jpg,slit_lamp,dataset_03\train\mild\1325_right.jpg,0.0,True
1327_left.jpg,slit_lamp,dataset_03\train\mild\1327_left.jpg,0.0,True
1327_right.jpg,slit_lamp,dataset_03\train\mild\1327_right.jpg,0.0,True
1330_left.jpg,slit_lamp,dataset_03\train\mild\1330_left.jpg,0.0,True
1330_right.jpg,slit_lamp,dataset_03\train\mild\1330_right.jpg,0.0,True
1334_right.jpg,slit_lamp,dataset_03\train\mild\1334_right.jpg,0.0,True
1344_left.jpg,slit_lamp,dataset_03\train\mild\1344_left.jpg,0.0,True
1345_left.jpg,slit_lamp,dataset_03\train\mild\1345_left.jpg,0.0,True
1345_right.jpg,slit_lamp,dataset_03\train\mild\1345_right.jpg,0.0,True
1351_left.jpg,slit_lamp,dataset_03\train\mild\1351_left.jpg,0.0,True
1351_right.jpg,slit_lamp,dataset_03\train\mild\1351_right.jpg,0.0,True
1352_right.jpg,slit_lamp,dataset_03\train\mild\1352_right.jpg,0.0,True
1353_left.jpg,slit_lamp,dataset_03\train\mild\1353_left.jpg,0.0,True
1353_right.jpg,slit_lamp,dataset_03\train\mild\1353_right.jpg,0.0,True
1365_right.jpg,slit_lamp,dataset_03\train\mild\1365_right.jpg,0.0,True
1369_left.jpg,slit_lamp,dataset_03\train\mild\1369_left.jpg,0.0,True
1371_right.jpg,slit_lamp,dataset_03\train\mild\1371_right.jpg,0.0,True
1374_left.jpg,slit_lamp,dataset_03\train\mild\1374_left.jpg,0.0,True
1377_right.jpg,slit_lamp,dataset_03\train\mild\1377_right.jpg,0.0,True
1378_right.jpg,slit_lamp,dataset_03\train\mild\1378_right.jpg,0.0,True
1386_right.jpg,slit_lamp,dataset_03\train\mild\1386_right.jpg,0.0,True
1388_right.jpg,slit_lamp,dataset_03\train\mild\1388_right.jpg,0.4,True
1389_right.jpg,slit_lamp,dataset_03\train\mild\1389_right.jpg,0.0,True
1392_left.jpg,slit_lamp,dataset_03\train\mild\1392_left.jpg,0.0,True
1393_right.jpg,slit_lamp,dataset_03\train\mild\1393_right.jpg,1.36,True
1396_left.jpg,slit_lamp,dataset_03\train\mild\1396_left.jpg,0.0,True
1397_left.jpg,slit_lamp,dataset_03\train\mild\1397_left.jpg,0.0,True
1402_left.jpg,slit_lamp,dataset_03\train\mild\1402_left.jpg,0.0,True
1406_left.jpg,slit_lamp,dataset_03\train\mild\1406_left.jpg,0.0,True
1408_right.jpg,slit_lamp,dataset_03\train\mild\1408_right.jpg,0.0,True
1409_right.jpg,slit_lamp,dataset_03\train\mild\1409_right.jpg,0.01,True
1411_left.jpg,slit_lamp,dataset_03\train\mild\1411_left.jpg,0.0,True
1411_right.jpg,slit_lamp,dataset_03\train\mild\1411_right.jpg,0.0,True
1412_right.jpg,slit_lamp,dataset_03\train\mild\1412_right.jpg,0.0,True
1413_right.jpg,slit_lamp,dataset_03\train\mild\1413_right.jpg,0.0,True
1414_left.jpg,slit_lamp,dataset_03\train\mild\1414_left.jpg,0.0,True
1416_right.jpg,slit_lamp,dataset_03\train\mild\1416_right.jpg,0.52,True
1417_right.jpg,slit_lamp,dataset_03\train\mild\1417_right.jpg,0.0,True
1418_left.jpg,slit_lamp,dataset_03\train\mild\1418_left.jpg,0.0,True
1420_right.jpg,slit_lamp,dataset_03\train\mild\1420_right.jpg,0.0,True
1421_left.jpg,slit_lamp,dataset_03\train\mild\1421_left.jpg,0.0,True
1423_left.jpg,slit_lamp,dataset_03\train\mild\1423_left.jpg,0.0,True
1424_left.jpg,slit_lamp,dataset_03\train\mild\1424_left.jpg,0.0,True
1425_right.jpg,slit_lamp,dataset_03\train\mild\1425_right.jpg,0.0,True
1426_left.jpg,slit_lamp,dataset_03\train\mild\1426_left.jpg,0.0,True
1429_left.jpg,slit_lamp,dataset_03\train\mild\1429_left.jpg,0.0,True
1433_right.jpg,slit_lamp,dataset_03\train\mild\1433_right.jpg,0.0,True
1434_left.jpg,slit_lamp,dataset_03\train\mild\1434_left.jpg,0.0,True
1434_right.jpg,slit_lamp,dataset_03\train\mild\1434_right.jpg,0.0,True
1436_right.jpg,slit_lamp,dataset_03\train\mild\1436_right.jpg,0.0,True
1439_left.jpg,slit_lamp,dataset_03\train\mild\1439_left.jpg,0.0,True
1440_left.jpg,slit_lamp,dataset_03\train\mild\1440_left.jpg,0.0,True
1441_left.jpg,slit_lamp,dataset_03\train\mild\1441_left.jpg,0.0,True
1442_left.jpg,slit_lamp,dataset_03\train\mild\1442_left.jpg,0.0,True
1443_left.jpg,slit_lamp,dataset_03\train\mild\1443_left.jpg,0.45,True
1447_left.jpg,slit_lamp,dataset_03\train\mild\1447_left.jpg,0.0,True
1450_left.jpg,slit_lamp,dataset_03\train\mild\1450_left.jpg,0.0,True
1453_right.jpg,slit_lamp,dataset_03\train\mild\1453_right.jpg,0.0,True
1462_left.jpg,slit_lamp,dataset_03\train\mild\1462_left.jpg,0.0,True
1465_right.jpg,slit_lamp,dataset_03\train\mild\1465_right.jpg,0.0,True
1469_left.jpg,slit_lamp,dataset_03\train\mild\1469_left.jpg,0.0,True
1469_right.jpg,slit_lamp,dataset_03\train\mild\1469_right.jpg,0.0,True
1470_left.jpg,slit_lamp,dataset_03\train\mild\1470_left.jpg,0.0,True
1470_right.jpg,slit_lamp,dataset_03\train\mild\1470_right.jpg,0.0,True
1471_left.jpg,slit_lamp,dataset_03\train\mild\1471_left.jpg,0.0,True
1473_right.jpg,slit_lamp,dataset_03\train\mild\1473_right.jpg,0.02,True
1476_right.jpg,slit_lamp,dataset_03\train\mild\1476_right.jpg,0.0,True
1477_right.jpg,slit_lamp,dataset_03\train\mild\1477_right.jpg,0.0,True
1478_left.jpg,slit_lamp,dataset_03\train\mild\1478_left.jpg,0.0,True
1479_left.jpg,slit_lamp,dataset_03\train\mild\1479_left.jpg,0.0,True
1482_left.jpg,slit_lamp,dataset_03\train\mild\1482_left.jpg,0.0,True
1485_right.jpg,slit_lamp,dataset_03\train\mild\1485_right.jpg,0.0,True
1486_left.jpg,slit_lamp,dataset_03\train\mild\1486_left.jpg,0.01,True
1487_left.jpg,slit_lamp,dataset_03\train\mild\1487_left.jpg,0.0,True
1487_right.jpg,slit_lamp,dataset_03\train\mild\1487_right.jpg,0.0,True
1488_left.jpg,slit_lamp,dataset_03\train\mild\1488_left.jpg,0.38,True
1488_right.jpg,slit_lamp,dataset_03\train\mild\1488_right.jpg,0.26,True
1491_left.jpg,slit_lamp,dataset_03\train\mild\1491_left.jpg,0.0,True
1492_left.jpg,slit_lamp,dataset_03\train\mild\1492_left.jpg,0.0,True
1492_right.jpg,slit_lamp,dataset_03\train\mild\1492_right.jpg,0.0,True
1493_left.jpg,slit_lamp,dataset_03\train\mild\1493_left.jpg,0.0,True
1494_left.jpg,slit_lamp,dataset_03\train\mild\1494_left.jpg,0.0,True
1495_right.jpg,slit_lamp,dataset_03\train\mild\1495_right.jpg,0.02,True
1496_right.jpg,slit_lamp,dataset_03\train\mild\1496_right.jpg,0.0,True
1497_left.jpg,slit_lamp,dataset_03\train\mild\1497_left.jpg,0.0,True
1498_left.jpg,slit_lamp,dataset_03\train\mild\1498_left.jpg,0.0,True
1503_right.jpg,slit_lamp,dataset_03\train\mild\1503_right.jpg,0.01,True
1507_right.jpg,slit_lamp,dataset_03\train\mild\1507_right.jpg,0.0,True
1510_right.jpg,slit_lamp,dataset_03\train\mild\1510_right.jpg,0.0,True
1514_left.jpg,slit_lamp,dataset_03\train\mild\1514_left.jpg,0.0,True
167_left.jpg,slit_lamp,dataset_03\train\mild\167_left.jpg,0.0,True
167_right.jpg,slit_lamp,dataset_03\train\mild\167_right.jpg,1.77,True
178_left.jpg,slit_lamp,dataset_03\train\mild\178_left.jpg,0.0,True
1881_right.jpg,slit_lamp,dataset_03\train\mild\1881_right.jpg,0.0,True
1959_left.jpg,slit_lamp,dataset_03\train\mild\1959_left.jpg,0.0,True
1959_right.jpg,slit_lamp,dataset_03\train\mild\1959_right.jpg,0.0,True
1963_right.jpg,slit_lamp,dataset_03\train\mild\1963_right.jpg,0.0,True
1967_left.jpg,slit_lamp,dataset_03\train\mild\1967_left.jpg,0.0,True
1970_left.jpg,slit_lamp,dataset_03\train\mild\1970_left.jpg,0.0,True
1971_left.jpg,slit_lamp,dataset_03\train\mild\1971_left.jpg,0.12,True
1975_left.jpg,slit_lamp,dataset_03\train\mild\1975_left.jpg,0.0,True
1977_left.jpg,slit_lamp,dataset_03\train\mild\1977_left.jpg,0.0,True
1977_right.jpg,slit_lamp,dataset_03\train\mild\1977_right.jpg,0.0,True
1985_left.jpg,slit_lamp,dataset_03\train\mild\1985_left.jpg,0.25,True
1986_left.jpg,slit_lamp,dataset_03\train\mild\1986_left.jpg,0.0,True
1990_right.jpg,slit_lamp,dataset_03\train\mild\1990_right.jpg,0.0,True
1999_right.jpg,slit_lamp,dataset_03\train\mild\1999_right.jpg,0.0,True
2030_left.jpg,slit_lamp,dataset_03\train\mild\2030_left.jpg,0.02,True
2030_right.jpg,slit_lamp,dataset_03\train\mild\2030_right.jpg,0.0,True
2032_right.jpg,slit_lamp,dataset_03\train\mild\2032_right.jpg,0.0,True
2041_left.jpg,slit_lamp,dataset_03\train\mild\2041_left.jpg,0.0,True
2048_right.jpg,slit_lamp,dataset_03\train\mild\2048_right.jpg,0.0,True
2063_left.jpg,slit_lamp,dataset_03\train\mild\2063_left.jpg,0.0,True
2063_right.jpg,slit_lamp,dataset_03\train\mild\2063_right.jpg,0.0,True
238_right.jpg,slit_lamp,dataset_03\train\mild\238_right.jpg,0.0,True
247_left.jpg,slit_lamp,dataset_03\train\mild\247_left.jpg,0.0,True
365_left.jpg,slit_lamp,dataset_03\train\mild\365_left.jpg,0.03,True
365_right.jpg,slit_lamp,dataset_03\train\mild\365_right.jpg,0.03,True
43_right.jpg,slit_lamp,dataset_03\train\mild\43_right.jpg,0.0,True
583_left.jpg,slit_lamp,dataset_03\train\mild\583_left.jpg,0.0,True
583_right.jpg,slit_lamp,dataset_03\train\mild\583_right.jpg,0.0,True
625_left.jpg,slit_lamp,dataset_03\train\mild\625_left.jpg,0.0,True
746_left.jpg,slit_lamp,dataset_03\train\mild\746_left.jpg,1.91,True
746_right.jpg,slit_lamp,dataset_03\train\mild\746_right.jpg,1.68,True
931_right.jpg,slit_lamp,dataset_03\train\mild\931_right.jpg,0.0,True
95_left.jpg,slit_lamp,dataset_03\train\mild\95_left.jpg,0.02,True
Glaucoma_001.png,slit_lamp,dataset_03\train\mild\Glaucoma_001.png,0.0,True
Glaucoma_002.png,slit_lamp,dataset_03\train\mild\Glaucoma_002.png,0.0,True
Glaucoma_004.png,slit_lamp,dataset_03\train\mild\Glaucoma_004.png,0.0,True
Glaucoma_005.png,slit_lamp,dataset_03\train\mild\Glaucoma_005.png,0.02,True
Glaucoma_006.png,slit_lamp,dataset_03\train\mild\Glaucoma_006.png,0.25,True
Glaucoma_008.png,slit_lamp,dataset_03\train\mild\Glaucoma_008.png,0.0,True
Glaucoma_011.png,slit_lamp,dataset_03\train\mild\Glaucoma_011.png,0.0,True
Glaucoma_012.png,slit_lamp,dataset_03\train\mild\Glaucoma_012.png,0.0,True
Glaucoma_014.png,slit_lamp,dataset_03\train\mild\Glaucoma_014.png,0.0,True
Glaucoma_019.png,slit_lamp,dataset_03\train\mild\Glaucoma_019.png,0.0,True
Glaucoma_020.png,slit_lamp,dataset_03\train\mild\Glaucoma_020.png,0.09,True
Glaucoma_021.png,slit_lamp,dataset_03\train\mild\Glaucoma_021.png,0.0,True
Glaucoma_022.png,slit_lamp,dataset_03\train\mild\Glaucoma_022.png,0.01,True
Glaucoma_023.png,slit_lamp,dataset_03\train\mild\Glaucoma_023.png,0.25,True
Glaucoma_025.png,slit_lamp,dataset_03\train\mild\Glaucoma_025.png,0.02,True
Glaucoma_026.png,slit_lamp,dataset_03\train\mild\Glaucoma_026.png,0.0,True
Glaucoma_027.png,slit_lamp,dataset_03\train\mild\Glaucoma_027.png,0.0,True
Glaucoma_028.png,slit_lamp,dataset_03\train\mild\Glaucoma_028.png,0.0,True
Glaucoma_029.png,slit_lamp,dataset_03\train\mild\Glaucoma_029.png,0.05,True
Glaucoma_030.png,slit_lamp,dataset_03\train\mild\Glaucoma_030.png,0.0,True
Glaucoma_032.png,slit_lamp,dataset_03\train\mild\Glaucoma_032.png,0.21,True
Glaucoma_033.png,slit_lamp,dataset_03\train\mild\Glaucoma_033.png,0.12,True
Glaucoma_034.png,slit_lamp,dataset_03\train\mild\Glaucoma_034.png,0.0,True
Glaucoma_037.png,slit_lamp,dataset_03\train\mild\Glaucoma_037.png,0.08,True
Glaucoma_038.png,slit_lamp,dataset_03\train\mild\Glaucoma_038.png,0.16,True
Glaucoma_039.png,slit_lamp,dataset_03\train\mild\Glaucoma_039.png,0.02,True
Glaucoma_040.png,slit_lamp,dataset_03\train\mild\Glaucoma_040.png,0.0,True
Glaucoma_041.png,slit_lamp,dataset_03\train\mild\Glaucoma_041.png,0.0,True
Glaucoma_042.png,slit_lamp,dataset_03\train\mild\Glaucoma_042.png,0.0,True
Glaucoma_043.png,slit_lamp,dataset_03\train\mild\Glaucoma_043.png,0.0,True
Glaucoma_044.png,slit_lamp,dataset_03\train\mild\Glaucoma_044.png,0.0,True
Glaucoma_046.png,slit_lamp,dataset_03\train\mild\Glaucoma_046.png,0.12,True
Glaucoma_047.png,slit_lamp,dataset_03\train\mild\Glaucoma_047.png,0.07,True
Glaucoma_048.png,slit_lamp,dataset_03\train\mild\Glaucoma_048.png,0.0,True
Glaucoma_049.png,slit_lamp,dataset_03\train\mild\Glaucoma_049.png,0.13,True
Glaucoma_053.png,slit_lamp,dataset_03\train\mild\Glaucoma_053.png,0.0,True
Glaucoma_054.png,slit_lamp,dataset_03\train\mild\Glaucoma_054.png,0.0,True
Glaucoma_057.png,slit_lamp,dataset_03\train\mild\Glaucoma_057.png,0.0,True
Glaucoma_058.png,slit_lamp,dataset_03\train\mild\Glaucoma_058.png,0.0,True
Glaucoma_060.png,slit_lamp,dataset_03\train\mild\Glaucoma_060.png,0.03,True
Glaucoma_061.png,slit_lamp,dataset_03\train\mild\Glaucoma_061.png,0.0,True
Glaucoma_064.png,slit_lamp,dataset_03\train\mild\Glaucoma_064.png,0.0,True
Glaucoma_065.png,slit_lamp,dataset_03\train\mild\Glaucoma_065.png,0.0,True
Glaucoma_066.png,slit_lamp,dataset_03\train\mild\Glaucoma_066.png,0.0,True
Glaucoma_067.png,slit_lamp,dataset_03\train\mild\Glaucoma_067.png,0.0,True
Glaucoma_070.png,slit_lamp,dataset_03\train\mild\Glaucoma_070.png,0.0,True
Glaucoma_071.png,slit_lamp,dataset_03\train\mild\Glaucoma_071.png,0.0,True
Glaucoma_072.png,slit_lamp,dataset_03\train\mild\Glaucoma_072.png,0.0,True
Glaucoma_073.png,slit_lamp,dataset_03\train\mild\Glaucoma_073.png,0.07,True
Glaucoma_074.png,slit_lamp,dataset_03\train\mild\Glaucoma_074.png,0.13,True
Glaucoma_075.png,slit_lamp,dataset_03\train\mild\Glaucoma_075.png,0.0,True
Glaucoma_076.png,slit_lamp,dataset_03\train\mild\Glaucoma_076.png,0.33,True
Glaucoma_077.png,slit_lamp,dataset_03\train\mild\Glaucoma_077.png,0.41,True
Glaucoma_078.png,slit_lamp,dataset_03\train\mild\Glaucoma_078.png,0.0,True
Glaucoma_079.png,slit_lamp,dataset_03\train\mild\Glaucoma_079.png,0.0,True
Glaucoma_080.png,slit_lamp,dataset_03\train\mild\Glaucoma_080.png,0.0,True
Glaucoma_081.png,slit_lamp,dataset_03\train\mild\Glaucoma_081.png,0.0,True
Glaucoma_085.png,slit_lamp,dataset_03\train\mild\Glaucoma_085.png,0.0,True
Glaucoma_086.png,slit_lamp,dataset_03\train\mild\Glaucoma_086.png,0.02,True
Glaucoma_088.png,slit_lamp,dataset_03\train\mild\Glaucoma_088.png,0.45,True
Glaucoma_090.png,slit_lamp,dataset_03\train\mild\Glaucoma_090.png,0.0,True
Glaucoma_091.png,slit_lamp,dataset_03\train\mild\Glaucoma_091.png,0.2,True
Glaucoma_092.png,slit_lamp,dataset_03\train\mild\Glaucoma_092.png,0.13,True
Glaucoma_094.png,slit_lamp,dataset_03\train\mild\Glaucoma_094.png,0.0,True
Glaucoma_098.png,slit_lamp,dataset_03\train\mild\Glaucoma_098.png,0.0,True
Glaucoma_099.png,slit_lamp,dataset_03\train\mild\Glaucoma_099.png,0.0,True
Glaucoma_100.png,slit_lamp,dataset_03\train\mild\Glaucoma_100.png,0.0,True
Glaucoma_101.png,slit_lamp,dataset_03\train\mild\Glaucoma_101.png,0.0,True
_100_3108233.jpg,slit_lamp,dataset_03\train\mild\_100_3108233.jpg,0.0,True
_100_965860.jpg,slit_lamp,dataset_03\train\mild\_100_965860.jpg,0.0,True
_101_9321817.jpg,slit_lamp,dataset_03\train\mild\_101_9321817.jpg,0.0,True
_104_4154423.jpg,slit_lamp,dataset_03\train\mild\_104_4154423.jpg,0.0,True
_105_3766522.jpg,slit_lamp,dataset_03\train\mild\_105_3766522.jpg,0.0,True
_106_1940079.jpg,slit_lamp,dataset_03\train\mild\_106_1940079.jpg,0.0,True
_106_4788402.jpg,slit_lamp,dataset_03\train\mild\_106_4788402.jpg,0.0,True
_107_1720806.jpg,slit_lamp,dataset_03\train\mild\_107_1720806.jpg,0.0,True
_107_7535300.jpg,slit_lamp,dataset_03\train\mild\_107_7535300.jpg,0.0,True
_108_4678854.jpg,slit_lamp,dataset_03\train\mild\_108_4678854.jpg,0.0,True
_108_9870998.jpg,slit_lamp,dataset_03\train\mild\_108_9870998.jpg,0.0,True
_109_6854077.jpg,slit_lamp,dataset_03\train\mild\_109_6854077.jpg,0.74,True
_109_7080739.jpg,slit_lamp,dataset_03\train\mild\_109_7080739.jpg,0.73,True
_10_1472170.jpg,slit_lamp,dataset_03\train\mild\_10_1472170.jpg,0.0,True
_110_299285.jpg,slit_lamp,dataset_03\train\mild\_110_299285.jpg,0.57,True
_110_8391204.jpg,slit_lamp,dataset_03\train\mild\_110_8391204.jpg,0.56,True
_111_1685203.jpg,slit_lamp,dataset_03\train\mild\_111_1685203.jpg,0.0,True
_112_6810179.jpg,slit_lamp,dataset_03\train\mild\_112_6810179.jpg,0.0,True
_113_3440509.jpg,slit_lamp,dataset_03\train\mild\_113_3440509.jpg,0.0,True
_113_8738972.jpg,slit_lamp,dataset_03\train\mild\_113_8738972.jpg,0.0,True
_114_4182799.jpg,slit_lamp,dataset_03\train\mild\_114_4182799.jpg,0.0,True
_115_501708.jpg,slit_lamp,dataset_03\train\mild\_115_501708.jpg,0.0,True
_116_5760701.jpg,slit_lamp,dataset_03\train\mild\_116_5760701.jpg,0.0,True
_119_16937.jpg,slit_lamp,dataset_03\train\mild\_119_16937.jpg,0.0,True
_11_7116915.jpg,slit_lamp,dataset_03\train\mild\_11_7116915.jpg,0.97,True
_120_7137220.jpg,slit_lamp,dataset_03\train\mild\_120_7137220.jpg,0.0,True
_120_7704110.jpg,slit_lamp,dataset_03\train\mild\_120_7704110.jpg,0.0,True
_121_1901719.jpg,slit_lamp,dataset_03\train\mild\_121_1901719.jpg,0.0,True
_122_7081164.jpg,slit_lamp,dataset_03\train\mild\_122_7081164.jpg,0.05,True
_123_2897373.jpg,slit_lamp,dataset_03\train\mild\_123_2897373.jpg,0.0,True
_124_7084348.jpg,slit_lamp,dataset_03\train\mild\_124_7084348.jpg,0.0,True
_125_8676573.jpg,slit_lamp,dataset_03\train\mild\_125_8676573.jpg,0.0,True
_127_5473291.jpg,slit_lamp,dataset_03\train\mild\_127_5473291.jpg,1.66,True
_128_2241332.jpg,slit_lamp,dataset_03\train\mild\_128_2241332.jpg,0.0,True
_129_2098170.jpg,slit_lamp,dataset_03\train\mild\_129_2098170.jpg,0.01,True
_12_3840622.jpg,slit_lamp,dataset_03\train\mild\_12_3840622.jpg,0.04,True
_12_5295071.jpg,slit_lamp,dataset_03\train\mild\_12_5295071.jpg,0.08,True
_130_3806382.jpg,slit_lamp,dataset_03\train\mild\_130_3806382.jpg,0.0,True
_130_4811607.jpg,slit_lamp,dataset_03\train\mild\_130_4811607.jpg,0.0,True
_131_7117664.jpg,slit_lamp,dataset_03\train\mild\_131_7117664.jpg,0.0,True
_133_3238309.jpg,slit_lamp,dataset_03\train\mild\_133_3238309.jpg,0.0,True
_133_9343456.jpg,slit_lamp,dataset_03\train\mild\_133_9343456.jpg,0.0,True
_134_8496063.jpg,slit_lamp,dataset_03\train\mild\_134_8496063.jpg,0.0,True
_136_9296374.jpg,slit_lamp,dataset_03\train\mild\_136_9296374.jpg,0.0,True
_137_1824460.jpg,slit_lamp,dataset_03\train\mild\_137_1824460.jpg,0.0,True
_13_697490.jpg,slit_lamp,dataset_03\train\mild\_13_697490.jpg,0.0,True
_13_8126689.jpg,slit_lamp,dataset_03\train\mild\_13_8126689.jpg,0.0,True
_140_1036922.jpg,slit_lamp,dataset_03\train\mild\_140_1036922.jpg,0.0,True
_141_1074732.jpg,slit_lamp,dataset_03\train\mild\_141_1074732.jpg,0.0,True
_143_7392909.jpg,slit_lamp,dataset_03\train\mild\_143_7392909.jpg,0.0,True
_143_7549980.jpg,slit_lamp,dataset_03\train\mild\_143_7549980.jpg,0.0,True
_145_2135273.jpg,slit_lamp,dataset_03\train\mild\_145_2135273.jpg,0.0,True
_145_9843041.jpg,slit_lamp,dataset_03\train\mild\_145_9843041.jpg,0.0,True
_146_6435949.jpg,slit_lamp,dataset_03\train\mild\_146_6435949.jpg,0.0,True
_146_8129711.jpg,slit_lamp,dataset_03\train\mild\_146_8129711.jpg,0.0,True
_147_9123662.jpg,slit_lamp,dataset_03\train\mild\_147_9123662.jpg,0.0,True
_147_9725919.jpg,slit_lamp,dataset_03\train\mild\_147_9725919.jpg,0.0,True
_148_3847249.jpg,slit_lamp,dataset_03\train\mild\_148_3847249.jpg,0.0,True
_148_9432356.jpg,slit_lamp,dataset_03\train\mild\_148_9432356.jpg,0.0,True
_149_7432879.jpg,slit_lamp,dataset_03\train\mild\_149_7432879.jpg,0.0,True
_14_3746939.jpg,slit_lamp,dataset_03\train\mild\_14_3746939.jpg,0.0,True
_150_5894989.jpg,slit_lamp,dataset_03\train\mild\_150_5894989.jpg,0.0,True
_151_3685359.jpg,slit_lamp,dataset_03\train\mild\_151_3685359.jpg,0.0,True
_152_3014051.jpg,slit_lamp,dataset_03\train\mild\_152_3014051.jpg,0.0,True
_153_9723315.jpg,slit_lamp,dataset_03\train\mild\_153_9723315.jpg,0.0,True
_155_1218981.jpg,slit_lamp,dataset_03\train\mild\_155_1218981.jpg,0.0,True
_155_4972319.jpg,slit_lamp,dataset_03\train\mild\_155_4972319.jpg,0.0,True
_156_1243799.jpg,slit_lamp,dataset_03\train\mild\_156_1243799.jpg,0.0,True
_158_2390292.jpg,slit_lamp,dataset_03\train\mild\_158_2390292.jpg,0.0,True
_158_8802624.jpg,slit_lamp,dataset_03\train\mild\_158_8802624.jpg,0.0,True
_15_1523968.jpg,slit_lamp,dataset_03\train\mild\_15_1523968.jpg,0.0,True
_15_5946153.jpg,slit_lamp,dataset_03\train\mild\_15_5946153.jpg,0.0,True
_160_6175019.jpg,slit_lamp,dataset_03\train\mild\_160_6175019.jpg,0.0,True
_161_5855059.jpg,slit_lamp,dataset_03\train\mild\_161_5855059.jpg,0.0,True
_162_6327245.jpg,slit_lamp,dataset_03\train\mild\_162_6327245.jpg,0.0,True
_163_4618487.jpg,slit_lamp,dataset_03\train\mild\_163_4618487.jpg,0.0,True
_163_6292807.jpg,slit_lamp,dataset_03\train\mild\_163_6292807.jpg,0.0,True
_164_2916527.jpg,slit_lamp,dataset_03\train\mild\_164_2916527.jpg,0.0,True
_164_5685997.jpg,slit_lamp,dataset_03\train\mild\_164_5685997.jpg,0.0,True
_165_3717126.jpg,slit_lamp,dataset_03\train\mild\_165_3717126.jpg,0.31,True
_166_613935.jpg,slit_lamp,dataset_03\train\mild\_166_613935.jpg,0.0,True
_167_1325871.jpg,slit_lamp,dataset_03\train\mild\_167_1325871.jpg,0.0,True
_168_211365.jpg,slit_lamp,dataset_03\train\mild\_168_211365.jpg,0.0,True
_169_5017005.jpg,slit_lamp,dataset_03\train\mild\_169_5017005.jpg,0.0,True
_16_2996330.jpg,slit_lamp,dataset_03\train\mild\_16_2996330.jpg,0.0,True
_16_8305794.jpg,slit_lamp,dataset_03\train\mild\_16_8305794.jpg,0.0,True
_170_2345909.jpg,slit_lamp,dataset_03\train\mild\_170_2345909.jpg,1.09,True
_171_4736817.jpg,slit_lamp,dataset_03\train\mild\_171_4736817.jpg,0.0,True
_171_8366749.jpg,slit_lamp,dataset_03\train\mild\_171_8366749.jpg,0.0,True
_172_2814012.jpg,slit_lamp,dataset_03\train\mild\_172_2814012.jpg,0.0,True
_172_4383599.jpg,slit_lamp,dataset_03\train\mild\_172_4383599.jpg,0.0,True
_173_7165688.jpg,slit_lamp,dataset_03\train\mild\_173_7165688.jpg,0.0,True
_174_2440424.jpg,slit_lamp,dataset_03\train\mild\_174_2440424.jpg,0.0,True
_175_9511671.jpg,slit_lamp,dataset_03\train\mild\_175_9511671.jpg,0.0,True
_176_88942.jpg,slit_lamp,dataset_03\train\mild\_176_88942.jpg,0.0,True
_177_4666662.jpg,slit_lamp,dataset_03\train\mild\_177_4666662.jpg,0.0,True
_178_2720223.jpg,slit_lamp,dataset_03\train\mild\_178_2720223.jpg,0.0,True
_179_3204648.jpg,slit_lamp,dataset_03\train\mild\_179_3204648.jpg,0.0,True
_179_5369827.jpg,slit_lamp,dataset_03\train\mild\_179_5369827.jpg,0.0,True
_181_552191.jpg,slit_lamp,dataset_03\train\mild\_181_552191.jpg,0.0,True
_182_8751077.jpg,slit_lamp,dataset_03\train\mild\_182_8751077.jpg,0.0,True
_183_3784240.jpg,slit_lamp,dataset_03\train\mild\_183_3784240.jpg,0.0,True
_184_4892495.jpg,slit_lamp,dataset_03\train\mild\_184_4892495.jpg,0.0,True
_184_7806010.jpg,slit_lamp,dataset_03\train\mild\_184_7806010.jpg,0.0,True
_186_2505679.jpg,slit_lamp,dataset_03\train\mild\_186_2505679.jpg,0.42,True
_186_3309365.jpg,slit_lamp,dataset_03\train\mild\_186_3309365.jpg,0.42,True
_187_6167645.jpg,slit_lamp,dataset_03\train\mild\_187_6167645.jpg,0.54,True
_187_9314717.jpg,slit_lamp,dataset_03\train\mild\_187_9314717.jpg,0.33,True
_189_1240865.jpg,slit_lamp,dataset_03\train\mild\_189_1240865.jpg,0.0,True
_18_2435759.jpg,slit_lamp,dataset_03\train\mild\_18_2435759.jpg,0.0,True
_190_7463607.jpg,slit_lamp,dataset_03\train\mild\_190_7463607.jpg,0.0,True
_191_4454313.jpg,slit_lamp,dataset_03\train\mild\_191_4454313.jpg,0.0,True
_192_8262976.jpg,slit_lamp,dataset_03\train\mild\_192_8262976.jpg,0.0,True
_193_8669043.jpg,slit_lamp,dataset_03\train\mild\_193_8669043.jpg,0.0,True
_194_8950727.jpg,slit_lamp,dataset_03\train\mild\_194_8950727.jpg,0.0,True
_195_1040294.jpg,slit_lamp,dataset_03\train\mild\_195_1040294.jpg,0.0,True
_197_5727246.jpg,slit_lamp,dataset_03\train\mild\_197_5727246.jpg,0.0,True
_197_9225516.jpg,slit_lamp,dataset_03\train\mild\_197_9225516.jpg,0.0,True
_198_8291898.jpg,slit_lamp,dataset_03\train\mild\_198_8291898.jpg,0.0,True
_199_7083786.jpg,slit_lamp,dataset_03\train\mild\_199_7083786.jpg,0.0,True
_19_6182574.jpg,slit_lamp,dataset_03\train\mild\_19_6182574.jpg,0.08,True
_19_7932720.jpg,slit_lamp,dataset_03\train\mild\_19_7932720.jpg,0.09,True
_1_4540560.jpg,slit_lamp,dataset_03\train\mild\_1_4540560.jpg,0.0,True
_200_8005975.jpg,slit_lamp,dataset_03\train\mild\_200_8005975.jpg,0.0,True
_201_387458.jpg,slit_lamp,dataset_03\train\mild\_201_387458.jpg,0.0,True
_201_9193232.jpg,slit_lamp,dataset_03\train\mild\_201_9193232.jpg,0.0,True
_202_7508135.jpg,slit_lamp,dataset_03\train\mild\_202_7508135.jpg,0.0,True
_203_5167688.jpg,slit_lamp,dataset_03\train\mild\_203_5167688.jpg,0.0,True
_205_310538.jpg,slit_lamp,dataset_03\train\mild\_205_310538.jpg,0.0,True
_205_8557164.jpg,slit_lamp,dataset_03\train\mild\_205_8557164.jpg,0.0,True
_206_1459040.jpg,slit_lamp,dataset_03\train\mild\_206_1459040.jpg,0.0,True
_206_5637335.jpg,slit_lamp,dataset_03\train\mild\_206_5637335.jpg,0.0,True
_207_6246518.jpg,slit_lamp,dataset_03\train\mild\_207_6246518.jpg,0.0,True
_208_7827214.jpg,slit_lamp,dataset_03\train\mild\_208_7827214.jpg,0.0,True
_210_840898.jpg,slit_lamp,dataset_03\train\mild\_210_840898.jpg,0.0,True
_211_3554467.jpg,slit_lamp,dataset_03\train\mild\_211_3554467.jpg,0.0,True
_213_2572866.jpg,slit_lamp,dataset_03\train\mild\_213_2572866.jpg,0.0,True
_213_4395697.jpg,slit_lamp,dataset_03\train\mild\_213_4395697.jpg,0.0,True
_214_6540926.jpg,slit_lamp,dataset_03\train\mild\_214_6540926.jpg,0.0,True
_215_6808791.jpg,slit_lamp,dataset_03\train\mild\_215_6808791.jpg,0.0,True
_216_1547406.jpg,slit_lamp,dataset_03\train\mild\_216_1547406.jpg,0.0,True
_218_8917311.jpg,slit_lamp,dataset_03\train\mild\_218_8917311.jpg,0.0,True
_219_4035148.jpg,slit_lamp,dataset_03\train\mild\_219_4035148.jpg,0.0,True
_21_1293428.jpg,slit_lamp,dataset_03\train\mild\_21_1293428.jpg,0.0,True
_220_1375140.jpg,slit_lamp,dataset_03\train\mild\_220_1375140.jpg,0.0,True
_220_7711405.jpg,slit_lamp,dataset_03\train\mild\_220_7711405.jpg,0.0,True
_221_3079640.jpg,slit_lamp,dataset_03\train\mild\_221_3079640.jpg,0.0,True
_221_5014924.jpg,slit_lamp,dataset_03\train\mild\_221_5014924.jpg,0.0,True
_223_380742.jpg,slit_lamp,dataset_03\train\mild\_223_380742.jpg,0.0,True
_225_247208.jpg,slit_lamp,dataset_03\train\mild\_225_247208.jpg,0.0,True
_227_2716085.jpg,slit_lamp,dataset_03\train\mild\_227_2716085.jpg,0.03,True
_228_775182.jpg,slit_lamp,dataset_03\train\mild\_228_775182.jpg,0.0,True
_229_5944044.jpg,slit_lamp,dataset_03\train\mild\_229_5944044.jpg,0.0,True
_22_1469685.jpg,slit_lamp,dataset_03\train\mild\_22_1469685.jpg,0.0,True
_231_7452050.jpg,slit_lamp,dataset_03\train\mild\_231_7452050.jpg,0.0,True
_232_7378783.jpg,slit_lamp,dataset_03\train\mild\_232_7378783.jpg,0.0,True
_233_3404764.jpg,slit_lamp,dataset_03\train\mild\_233_3404764.jpg,0.0,True
_236_6447023.jpg,slit_lamp,dataset_03\train\mild\_236_6447023.jpg,0.0,True
_237_8364169.jpg,slit_lamp,dataset_03\train\mild\_237_8364169.jpg,0.01,True
_23_8081299.jpg,slit_lamp,dataset_03\train\mild\_23_8081299.jpg,0.0,True
_240_968094.jpg,slit_lamp,dataset_03\train\mild\_240_968094.jpg,0.35,True
_241_1530591.jpg,slit_lamp,dataset_03\train\mild\_241_1530591.jpg,0.24,True
_241_994470.jpg,slit_lamp,dataset_03\train\mild\_241_994470.jpg,0.23,True
_242_9104523.jpg,slit_lamp,dataset_03\train\mild\_242_9104523.jpg,0.0,True
_243_5417546.jpg,slit_lamp,dataset_03\train\mild\_243_5417546.jpg,0.0,True
_244_2165755.jpg,slit_lamp,dataset_03\train\mild\_244_2165755.jpg,0.0,True
_247_651494.jpg,slit_lamp,dataset_03\train\mild\_247_651494.jpg,0.0,True
_249_6890690.jpg,slit_lamp,dataset_03\train\mild\_249_6890690.jpg,0.0,True
_24_5854972.jpg,slit_lamp,dataset_03\train\mild\_24_5854972.jpg,0.0,True
_250_1327645.jpg,slit_lamp,dataset_03\train\mild\_250_1327645.jpg,0.0,True
_253_8425650.jpg,slit_lamp,dataset_03\train\mild\_253_8425650.jpg,0.0,True
_255_4450651.jpg,slit_lamp,dataset_03\train\mild\_255_4450651.jpg,0.0,True
_255_7511159.jpg,slit_lamp,dataset_03\train\mild\_255_7511159.jpg,0.0,True
_256_1230567.jpg,slit_lamp,dataset_03\train\mild\_256_1230567.jpg,0.0,True
_258_6391320.jpg,slit_lamp,dataset_03\train\mild\_258_6391320.jpg,6.37,True
_259_7069358.jpg,slit_lamp,dataset_03\train\mild\_259_7069358.jpg,0.0,True
_25_9900235.jpg,slit_lamp,dataset_03\train\mild\_25_9900235.jpg,0.0,True
_260_4814230.jpg,slit_lamp,dataset_03\train\mild\_260_4814230.jpg,0.0,True
_261_1504984.jpg,slit_lamp,dataset_03\train\mild\_261_1504984.jpg,1.54,True
_261_6037248.jpg,slit_lamp,dataset_03\train\mild\_261_6037248.jpg,1.5,True
_262_3994169.jpg,slit_lamp,dataset_03\train\mild\_262_3994169.jpg,0.0,True
_264_1649776.jpg,slit_lamp,dataset_03\train\mild\_264_1649776.jpg,0.0,True
_264_8423794.jpg,slit_lamp,dataset_03\train\mild\_264_8423794.jpg,0.0,True
_265_1562215.jpg,slit_lamp,dataset_03\train\mild\_265_1562215.jpg,0.0,True
_267_8024092.jpg,slit_lamp,dataset_03\train\mild\_267_8024092.jpg,0.0,True
_268_5781265.jpg,slit_lamp,dataset_03\train\mild\_268_5781265.jpg,0.0,True
_26_8418608.jpg,slit_lamp,dataset_03\train\mild\_26_8418608.jpg,0.0,True
_271_3328342.jpg,slit_lamp,dataset_03\train\mild\_271_3328342.jpg,0.02,True
_272_1072395.jpg,slit_lamp,dataset_03\train\mild\_272_1072395.jpg,0.0,True
_273_4238500.jpg,slit_lamp,dataset_03\train\mild\_273_4238500.jpg,0.1,True
_275_5075268.jpg,slit_lamp,dataset_03\train\mild\_275_5075268.jpg,0.0,True
_276_4038569.jpg,slit_lamp,dataset_03\train\mild\_276_4038569.jpg,0.0,True
_277_4980424.jpg,slit_lamp,dataset_03\train\mild\_277_4980424.jpg,0.2,True
_277_6049716.jpg,slit_lamp,dataset_03\train\mild\_277_6049716.jpg,0.21,True
_278_2942123.jpg,slit_lamp,dataset_03\train\mild\_278_2942123.jpg,0.0,True
_278_5245975.jpg,slit_lamp,dataset_03\train\mild\_278_5245975.jpg,0.0,True
_279_2768381.jpg,slit_lamp,dataset_03\train\mild\_279_2768381.jpg,0.0,True
_27_4220822.jpg,slit_lamp,dataset_03\train\mild\_27_4220822.jpg,0.0,True
_27_8607848.jpg,slit_lamp,dataset_03\train\mild\_27_8607848.jpg,0.0,True
_280_1941804.jpg,slit_lamp,dataset_03\train\mild\_280_1941804.jpg,0.0,True
_281_5653321.jpg,slit_lamp,dataset_03\train\mild\_281_5653321.jpg,0.48,True
_282_487789.jpg,slit_lamp,dataset_03\train\mild\_282_487789.jpg,0.0,True
_283_6275047.jpg,slit_lamp,dataset_03\train\mild\_283_6275047.jpg,0.15,True
_283_8286295.jpg,slit_lamp,dataset_03\train\mild\_283_8286295.jpg,0.15,True
_286_2346496.jpg,slit_lamp,dataset_03\train\mild\_286_2346496.jpg,0.0,True
_286_579920.jpg,slit_lamp,dataset_03\train\mild\_286_579920.jpg,0.0,True
_287_8369950.jpg,slit_lamp,dataset_03\train\mild\_287_8369950.jpg,0.0,True
_288_1071282.jpg,slit_lamp,dataset_03\train\mild\_288_1071282.jpg,0.0,True
_289_8793154.jpg,slit_lamp,dataset_03\train\mild\_289_8793154.jpg,0.0,True
_289_9163087.jpg,slit_lamp,dataset_03\train\mild\_289_9163087.jpg,0.0,True
_28_7296137.jpg,slit_lamp,dataset_03\train\mild\_28_7296137.jpg,0.0,True
_28_7928893.jpg,slit_lamp,dataset_03\train\mild\_28_7928893.jpg,0.0,True
_291_1967456.jpg,slit_lamp,dataset_03\train\mild\_291_1967456.jpg,0.0,True
_292_3819069.jpg,slit_lamp,dataset_03\train\mild\_292_3819069.jpg,0.0,True
_293_1537842.jpg,slit_lamp,dataset_03\train\mild\_293_1537842.jpg,0.0,True
_293_8683971.jpg,slit_lamp,dataset_03\train\mild\_293_8683971.jpg,0.0,True
_294_5527908.jpg,slit_lamp,dataset_03\train\mild\_294_5527908.jpg,0.0,True
_295_3084570.jpg,slit_lamp,dataset_03\train\mild\_295_3084570.jpg,0.02,True
_297_2792482.jpg,slit_lamp,dataset_03\train\mild\_297_2792482.jpg,0.0,True
_298_2374039.jpg,slit_lamp,dataset_03\train\mild\_298_2374039.jpg,0.0,True
_298_4611384.jpg,slit_lamp,dataset_03\train\mild\_298_4611384.jpg,0.0,True
_299_8359089.jpg,slit_lamp,dataset_03\train\mild\_299_8359089.jpg,0.0,True
_2_5194189.jpg,slit_lamp,dataset_03\train\mild\_2_5194189.jpg,0.0,True
_2_8820241.jpg,slit_lamp,dataset_03\train\mild\_2_8820241.jpg,0.0,True
_300_7639707.jpg,slit_lamp,dataset_03\train\mild\_300_7639707.jpg,0.0,True
_301_6075675.jpg,slit_lamp,dataset_03\train\mild\_301_6075675.jpg,1.64,True
_302_4887010.jpg,slit_lamp,dataset_03\train\mild\_302_4887010.jpg,1.5,True
_303_8778566.jpg,slit_lamp,dataset_03\train\mild\_303_8778566.jpg,0.0,True
_304_434670.jpg,slit_lamp,dataset_03\train\mild\_304_434670.jpg,0.0,True
_305_3318957.jpg,slit_lamp,dataset_03\train\mild\_305_3318957.jpg,0.01,True
_306_2695664.jpg,slit_lamp,dataset_03\train\mild\_306_2695664.jpg,0.0,True
_308_7087674.jpg,slit_lamp,dataset_03\train\mild\_308_7087674.jpg,0.0,True
_309_4110303.jpg,slit_lamp,dataset_03\train\mild\_309_4110303.jpg,0.0,True
_30_6734224.jpg,slit_lamp,dataset_03\train\mild\_30_6734224.jpg,0.0,True
_310_4668441.jpg,slit_lamp,dataset_03\train\mild\_310_4668441.jpg,0.0,True
_310_6988275.jpg,slit_lamp,dataset_03\train\mild\_310_6988275.jpg,0.0,True
_311_6101039.jpg,slit_lamp,dataset_03\train\mild\_311_6101039.jpg,0.49,True
_311_7054330.jpg,slit_lamp,dataset_03\train\mild\_311_7054330.jpg,0.36,True
_313_8583918.jpg,slit_lamp,dataset_03\train\mild\_313_8583918.jpg,0.0,True
_314_8127541.jpg,slit_lamp,dataset_03\train\mild\_314_8127541.jpg,0.0,True
_315_4482636.jpg,slit_lamp,dataset_03\train\mild\_315_4482636.jpg,0.0,True
_316_4359949.jpg,slit_lamp,dataset_03\train\mild\_316_4359949.jpg,0.0,True
_317_2537690.jpg,slit_lamp,dataset_03\train\mild\_317_2537690.jpg,0.0,True
_317_5485211.jpg,slit_lamp,dataset_03\train\mild\_317_5485211.jpg,0.0,True
_318_5873639.jpg,slit_lamp,dataset_03\train\mild\_318_5873639.jpg,0.0,True
_319_532632.jpg,slit_lamp,dataset_03\train\mild\_319_532632.jpg,0.0,True
_31_1950556.jpg,slit_lamp,dataset_03\train\mild\_31_1950556.jpg,1.75,True
_320_5280427.jpg,slit_lamp,dataset_03\train\mild\_320_5280427.jpg,0.03,True
_322_2070844.jpg,slit_lamp,dataset_03\train\mild\_322_2070844.jpg,0.0,True
_323_8497084.jpg,slit_lamp,dataset_03\train\mild\_323_8497084.jpg,0.0,True
_324_1040139.jpg,slit_lamp,dataset_03\train\mild\_324_1040139.jpg,0.0,True
_324_9547288.jpg,slit_lamp,dataset_03\train\mild\_324_9547288.jpg,0.0,True
_325_4867292.jpg,slit_lamp,dataset_03\train\mild\_325_4867292.jpg,0.11,True
_325_5401809.jpg,slit_lamp,dataset_03\train\mild\_325_5401809.jpg,0.03,True
_326_7155812.jpg,slit_lamp,dataset_03\train\mild\_326_7155812.jpg,0.0,True
_327_1055218.jpg,slit_lamp,dataset_03\train\mild\_327_1055218.jpg,0.0,True
_328_7261567.jpg,slit_lamp,dataset_03\train\mild\_328_7261567.jpg,0.45,True
_329_1138512.jpg,slit_lamp,dataset_03\train\mild\_329_1138512.jpg,0.0,True
_329_3845498.jpg,slit_lamp,dataset_03\train\mild\_329_3845498.jpg,0.0,True
_331_8594715.jpg,slit_lamp,dataset_03\train\mild\_331_8594715.jpg,0.0,True
_332_7068969.jpg,slit_lamp,dataset_03\train\mild\_332_7068969.jpg,0.0,True
_333_5771277.jpg,slit_lamp,dataset_03\train\mild\_333_5771277.jpg,0.0,True
_333_8764431.jpg,slit_lamp,dataset_03\train\mild\_333_8764431.jpg,0.0,True
_334_2912159.jpg,slit_lamp,dataset_03\train\mild\_334_2912159.jpg,0.02,True
_334_7538158.jpg,slit_lamp,dataset_03\train\mild\_334_7538158.jpg,0.01,True
_335_5326545.jpg,slit_lamp,dataset_03\train\mild\_335_5326545.jpg,0.0,True
_336_4442986.jpg,slit_lamp,dataset_03\train\mild\_336_4442986.jpg,0.27,True
_336_783196.jpg,slit_lamp,dataset_03\train\mild\_336_783196.jpg,0.48,True
_337_28720.jpg,slit_lamp,dataset_03\train\mild\_337_28720.jpg,0.02,True
_338_7660594.jpg,slit_lamp,dataset_03\train\mild\_338_7660594.jpg,0.24,True
_339_938566.jpg,slit_lamp,dataset_03\train\mild\_339_938566.jpg,0.0,True
_340_6897424.jpg,slit_lamp,dataset_03\train\mild\_340_6897424.jpg,0.0,True
_341_3343251.jpg,slit_lamp,dataset_03\train\mild\_341_3343251.jpg,0.06,True
_344_6025727.jpg,slit_lamp,dataset_03\train\mild\_344_6025727.jpg,0.02,True
_345_7680672.jpg,slit_lamp,dataset_03\train\mild\_345_7680672.jpg,0.0,True
_347_1718283.jpg,slit_lamp,dataset_03\train\mild\_347_1718283.jpg,0.0,True
_34_2817660.jpg,slit_lamp,dataset_03\train\mild\_34_2817660.jpg,0.0,True
_34_836194.jpg,slit_lamp,dataset_03\train\mild\_34_836194.jpg,0.0,True
_352_8525027.jpg,slit_lamp,dataset_03\train\mild\_352_8525027.jpg,0.11,True
_353_9347543.jpg,slit_lamp,dataset_03\train\mild\_353_9347543.jpg,0.0,True
_354_7736360.jpg,slit_lamp,dataset_03\train\mild\_354_7736360.jpg,0.32,True
_355_9019995.jpg,slit_lamp,dataset_03\train\mild\_355_9019995.jpg,0.03,True
_356_7024951.jpg,slit_lamp,dataset_03\train\mild\_356_7024951.jpg,0.0,True
_357_2893291.jpg,slit_lamp,dataset_03\train\mild\_357_2893291.jpg,0.0,True
_357_7848484.jpg,slit_lamp,dataset_03\train\mild\_357_7848484.jpg,0.0,True
_358_2954052.jpg,slit_lamp,dataset_03\train\mild\_358_2954052.jpg,0.0,True
_358_8144492.jpg,slit_lamp,dataset_03\train\mild\_358_8144492.jpg,0.0,True
_359_8939038.jpg,slit_lamp,dataset_03\train\mild\_359_8939038.jpg,0.0,True
_360_4768102.jpg,slit_lamp,dataset_03\train\mild\_360_4768102.jpg,0.08,True
_361_5450086.jpg,slit_lamp,dataset_03\train\mild\_361_5450086.jpg,0.12,True
_361_9282542.jpg,slit_lamp,dataset_03\train\mild\_361_9282542.jpg,0.13,True
_363_2466087.jpg,slit_lamp,dataset_03\train\mild\_363_2466087.jpg,0.0,True
_366_3572426.jpg,slit_lamp,dataset_03\train\mild\_366_3572426.jpg,0.0,True
_366_5412727.jpg,slit_lamp,dataset_03\train\mild\_366_5412727.jpg,0.0,True
_367_403099.jpg,slit_lamp,dataset_03\train\mild\_367_403099.jpg,0.0,True
_367_7784563.jpg,slit_lamp,dataset_03\train\mild\_367_7784563.jpg,0.0,True
_369_874276.jpg,slit_lamp,dataset_03\train\mild\_369_874276.jpg,0.0,True
_36_9662569.jpg,slit_lamp,dataset_03\train\mild\_36_9662569.jpg,0.0,True
_370_7370377.jpg,slit_lamp,dataset_03\train\mild\_370_7370377.jpg,0.0,True
_372_153571.jpg,slit_lamp,dataset_03\train\mild\_372_153571.jpg,0.0,True
_374_8172135.jpg,slit_lamp,dataset_03\train\mild\_374_8172135.jpg,0.0,True
_375_1575212.jpg,slit_lamp,dataset_03\train\mild\_375_1575212.jpg,0.0,True
_375_3812551.jpg,slit_lamp,dataset_03\train\mild\_375_3812551.jpg,0.0,True
_376_7730949.jpg,slit_lamp,dataset_03\train\mild\_376_7730949.jpg,0.0,True
_377_2444638.jpg,slit_lamp,dataset_03\train\mild\_377_2444638.jpg,0.0,True
_377_8059232.jpg,slit_lamp,dataset_03\train\mild\_377_8059232.jpg,0.0,True
_379_852244.jpg,slit_lamp,dataset_03\train\mild\_379_852244.jpg,0.0,True
_37_8813329.jpg,slit_lamp,dataset_03\train\mild\_37_8813329.jpg,0.0,True
_380_3524868.jpg,slit_lamp,dataset_03\train\mild\_380_3524868.jpg,0.0,True
_381_6602928.jpg,slit_lamp,dataset_03\train\mild\_381_6602928.jpg,0.22,True
_382_9740496.jpg,slit_lamp,dataset_03\train\mild\_382_9740496.jpg,0.67,True
_383_1676788.jpg,slit_lamp,dataset_03\train\mild\_383_1676788.jpg,0.0,True
_383_5927182.jpg,slit_lamp,dataset_03\train\mild\_383_5927182.jpg,0.0,True
_384_1145376.jpg,slit_lamp,dataset_03\train\mild\_384_1145376.jpg,0.0,True
_385_2935625.jpg,slit_lamp,dataset_03\train\mild\_385_2935625.jpg,0.0,True
_386_7977995.jpg,slit_lamp,dataset_03\train\mild\_386_7977995.jpg,0.0,True
_386_8829500.jpg,slit_lamp,dataset_03\train\mild\_386_8829500.jpg,0.0,True
_387_7675254.jpg,slit_lamp,dataset_03\train\mild\_387_7675254.jpg,0.0,True
_388_7162342.jpg,slit_lamp,dataset_03\train\mild\_388_7162342.jpg,0.0,True
_389_1548771.jpg,slit_lamp,dataset_03\train\mild\_389_1548771.jpg,0.02,True
_389_5976725.jpg,slit_lamp,dataset_03\train\mild\_389_5976725.jpg,0.01,True
_38_3483571.jpg,slit_lamp,dataset_03\train\mild\_38_3483571.jpg,0.0,True
_390_5579051.jpg,slit_lamp,dataset_03\train\mild\_390_5579051.jpg,0.0,True
_391_1332495.jpg,slit_lamp,dataset_03\train\mild\_391_1332495.jpg,0.01,True
_392_9636183.jpg,slit_lamp,dataset_03\train\mild\_392_9636183.jpg,0.2,True
_393_2129148.jpg,slit_lamp,dataset_03\train\mild\_393_2129148.jpg,0.65,True
_393_7224423.jpg,slit_lamp,dataset_03\train\mild\_393_7224423.jpg,0.58,True
_395_9075896.jpg,slit_lamp,dataset_03\train\mild\_395_9075896.jpg,0.0,True
_396_2615481.jpg,slit_lamp,dataset_03\train\mild\_396_2615481.jpg,0.11,True
_398_8823411.jpg,slit_lamp,dataset_03\train\mild\_398_8823411.jpg,0.35,True
_399_8219023.jpg,slit_lamp,dataset_03\train\mild\_399_8219023.jpg,0.0,True
_39_2691222.jpg,slit_lamp,dataset_03\train\mild\_39_2691222.jpg,0.0,True
_39_2936171.jpg,slit_lamp,dataset_03\train\mild\_39_2936171.jpg,0.0,True
_400_1780834.jpg,slit_lamp,dataset_03\train\mild\_400_1780834.jpg,0.0,True
_401_4906161.jpg,slit_lamp,dataset_03\train\mild\_401_4906161.jpg,0.0,True
_401_6044320.jpg,slit_lamp,dataset_03\train\mild\_401_6044320.jpg,0.0,True
_402_3641116.jpg,slit_lamp,dataset_03\train\mild\_402_3641116.jpg,0.0,True
_403_4411201.jpg,slit_lamp,dataset_03\train\mild\_403_4411201.jpg,0.0,True
_405_2674974.jpg,slit_lamp,dataset_03\train\mild\_405_2674974.jpg,0.0,True
_406_3482388.jpg,slit_lamp,dataset_03\train\mild\_406_3482388.jpg,0.0,True
_40_4972458.jpg,slit_lamp,dataset_03\train\mild\_40_4972458.jpg,0.0,True
_41_2520996.jpg,slit_lamp,dataset_03\train\mild\_41_2520996.jpg,0.0,True
_43_5688154.jpg,slit_lamp,dataset_03\train\mild\_43_5688154.jpg,0.04,True
_44_8455804.jpg,slit_lamp,dataset_03\train\mild\_44_8455804.jpg,0.0,True
_45_7744209.jpg,slit_lamp,dataset_03\train\mild\_45_7744209.jpg,0.0,True
_47_6549840.jpg,slit_lamp,dataset_03\train\mild\_47_6549840.jpg,0.0,True
_47_787901.jpg,slit_lamp,dataset_03\train\mild\_47_787901.jpg,0.0,True
_48_3684538.jpg,slit_lamp,dataset_03\train\mild\_48_3684538.jpg,0.0,True
_48_5270520.jpg,slit_lamp,dataset_03\train\mild\_48_5270520.jpg,0.0,True
_49_249201.jpg,slit_lamp,dataset_03\train\mild\_49_249201.jpg,0.0,True
_4_5317326.jpg,slit_lamp,dataset_03\train\mild\_4_5317326.jpg,0.0,True
_50_8908104.jpg,slit_lamp,dataset_03\train\mild\_50_8908104.jpg,0.0,True
_51_5395739.jpg,slit_lamp,dataset_03\train\mild\_51_5395739.jpg,0.0,True
_52_3659415.jpg,slit_lamp,dataset_03\train\mild\_52_3659415.jpg,0.0,True
_53_1457470.jpg,slit_lamp,dataset_03\train\mild\_53_1457470.jpg,0.0,True
_54_4840369.jpg,slit_lamp,dataset_03\train\mild\_54_4840369.jpg,0.0,True
_55_1027321.jpg,slit_lamp,dataset_03\train\mild\_55_1027321.jpg,0.0,True
_57_1814825.jpg,slit_lamp,dataset_03\train\mild\_57_1814825.jpg,0.0,True
_58_180622.jpg,slit_lamp,dataset_03\train\mild\_58_180622.jpg,1.15,True
_59_1911492.jpg,slit_lamp,dataset_03\train\mild\_59_1911492.jpg,0.5,True
_59_9153525.jpg,slit_lamp,dataset_03\train\mild\_59_9153525.jpg,0.47,True
_60_6481590.jpg,slit_lamp,dataset_03\train\mild\_60_6481590.jpg,0.03,True
_61_1340813.jpg,slit_lamp,dataset_03\train\mild\_61_1340813.jpg,0.12,True
_62_3878139.jpg,slit_lamp,dataset_03\train\mild\_62_3878139.jpg,0.04,True
_62_731940.jpg,slit_lamp,dataset_03\train\mild\_62_731940.jpg,0.04,True
_64_3530889.jpg,slit_lamp,dataset_03\train\mild\_64_3530889.jpg,0.05,True
_65_9130585.jpg,slit_lamp,dataset_03\train\mild\_65_9130585.jpg,0.0,True
_66_8732996.jpg,slit_lamp,dataset_03\train\mild\_66_8732996.jpg,0.02,True
_67_5997765.jpg,slit_lamp,dataset_03\train\mild\_67_5997765.jpg,0.0,True
_6_2143075.jpg,slit_lamp,dataset_03\train\mild\_6_2143075.jpg,0.04,True
_70_4843073.jpg,slit_lamp,dataset_03\train\mild\_70_4843073.jpg,4.93,True
_71_5256438.jpg,slit_lamp,dataset_03\train\mild\_71_5256438.jpg,0.0,True
_71_9012457.jpg,slit_lamp,dataset_03\train\mild\_71_9012457.jpg,0.0,True
_72_3474284.jpg,slit_lamp,dataset_03\train\mild\_72_3474284.jpg,0.0,True
_73_1527609.jpg,slit_lamp,dataset_03\train\mild\_73_1527609.jpg,0.0,True
_73_2704407.jpg,slit_lamp,dataset_03\train\mild\_73_2704407.jpg,0.0,True
_74_2774709.jpg,slit_lamp,dataset_03\train\mild\_74_2774709.jpg,0.0,True
_75_820784.jpg,slit_lamp,dataset_03\train\mild\_75_820784.jpg,0.69,True
_76_8587652.jpg,slit_lamp,dataset_03\train\mild\_76_8587652.jpg,1.2,True
_77_3641818.jpg,slit_lamp,dataset_03\train\mild\_77_3641818.jpg,0.0,True
_77_7357873.jpg,slit_lamp,dataset_03\train\mild\_77_7357873.jpg,0.0,True
_79_266127.jpg,slit_lamp,dataset_03\train\mild\_79_266127.jpg,0.22,True
_79_7226209.jpg,slit_lamp,dataset_03\train\mild\_79_7226209.jpg,0.21,True
_7_5314686.jpg,slit_lamp,dataset_03\train\mild\_7_5314686.jpg,0.0,True
_81_2700389.jpg,slit_lamp,dataset_03\train\mild\_81_2700389.jpg,0.0,True
_82_3719382.jpg,slit_lamp,dataset_03\train\mild\_82_3719382.jpg,0.0,True
_83_9155730.jpg,slit_lamp,dataset_03\train\mild\_83_9155730.jpg,0.0,True
_84_2885250.jpg,slit_lamp,dataset_03\train\mild\_84_2885250.jpg,0.0,True
_86_1386374.jpg,slit_lamp,dataset_03\train\mild\_86_1386374.jpg,0.11,True
_88_3424776.jpg,slit_lamp,dataset_03\train\mild\_88_3424776.jpg,0.0,True
_88_3707930.jpg,slit_lamp,dataset_03\train\mild\_88_3707930.jpg,0.0,True
_89_751322.jpg,slit_lamp,dataset_03\train\mild\_89_751322.jpg,0.0,True
_8_4875579.jpg,slit_lamp,dataset_03\train\mild\_8_4875579.jpg,0.0,True
_8_5210275.jpg,slit_lamp,dataset_03\train\mild\_8_5210275.jpg,0.0,True
_90_7427306.jpg,slit_lamp,dataset_03\train\mild\_90_7427306.jpg,0.0,True
_91_4030510.jpg,slit_lamp,dataset_03\train\mild\_91_4030510.jpg,0.0,True
_92_2709771.jpg,slit_lamp,dataset_03\train\mild\_92_2709771.jpg,0.0,True
_93_8742749.jpg,slit_lamp,dataset_03\train\mild\_93_8742749.jpg,0.0,True
_94_8906983.jpg,slit_lamp,dataset_03\train\mild\_94_8906983.jpg,0.0,True
_95_6242980.jpg,slit_lamp,dataset_03\train\mild\_95_6242980.jpg,0.0,True
_96_982046.jpg,slit_lamp,dataset_03\train\mild\_96_982046.jpg,0.01,True
_97_139770.jpg,slit_lamp,dataset_03\train\mild\_97_139770.jpg,0.0,True
_97_3920460.jpg,slit_lamp,dataset_03\train\mild\_97_3920460.jpg,0.0,True
_98_4213035.jpg,slit_lamp,dataset_03\train\mild\_98_4213035.jpg,0.0,True
_98_763638.jpg,slit_lamp,dataset_03\train\mild\_98_763638.jpg,0.0,True
_99_5348098.jpg,slit_lamp,dataset_03\train\mild\_99_5348098.jpg,0.0,True
_99_9780664.jpg,slit_lamp,dataset_03\train\mild\_99_9780664.jpg,0.0,True
_9_9966988.jpg,slit_lamp,dataset_03\train\mild\_9_9966988.jpg,0.0,True
0_left.jpg,slit_lamp,dataset_03\train\moderate\0_left.jpg,0.0,True
103_left.jpg,slit_lamp,dataset_03\train\moderate\103_left.jpg,0.0,True
1083_left.jpg,slit_lamp,dataset_03\train\moderate\1083_left.jpg,0.0,True
1084_right.jpg,slit_lamp,dataset_03\train\moderate\1084_right.jpg,0.0,True
1102_left.jpg,slit_lamp,dataset_03\train\moderate\1102_left.jpg,0.0,True
1102_right.jpg,slit_lamp,dataset_03\train\moderate\1102_right.jpg,0.0,True
1115_left.jpg,slit_lamp,dataset_03\train\moderate\1115_left.jpg,14.53,True
1126_right.jpg,slit_lamp,dataset_03\train\moderate\1126_right.jpg,0.02,True
112_right.jpg,slit_lamp,dataset_03\train\moderate\112_right.jpg,0.0,True
1144_left.jpg,slit_lamp,dataset_03\train\moderate\1144_left.jpg,0.11,True
1144_right.jpg,slit_lamp,dataset_03\train\moderate\1144_right.jpg,0.02,True
1167_right.jpg,slit_lamp,dataset_03\train\moderate\1167_right.jpg,0.0,True
119_left.jpg,slit_lamp,dataset_03\train\moderate\119_left.jpg,0.65,True
1444_left.jpg,slit_lamp,dataset_03\train\moderate\1444_left.jpg,0.0,True
1452_left.jpg,slit_lamp,dataset_03\train\moderate\1452_left.jpg,0.0,True
1456_left.jpg,slit_lamp,dataset_03\train\moderate\1456_left.jpg,0.0,True
1460_right.jpg,slit_lamp,dataset_03\train\moderate\1460_right.jpg,0.0,True
1468_left.jpg,slit_lamp,dataset_03\train\moderate\1468_left.jpg,0.0,True
1484_left.jpg,slit_lamp,dataset_03\train\moderate\1484_left.jpg,0.0,True
1484_right.jpg,slit_lamp,dataset_03\train\moderate\1484_right.jpg,0.0,True
1490_right.jpg,slit_lamp,dataset_03\train\moderate\1490_right.jpg,0.0,True
188_right.jpg,slit_lamp,dataset_03\train\moderate\188_right.jpg,0.0,True
1987_left.jpg,slit_lamp,dataset_03\train\moderate\1987_left.jpg,0.0,True
1994_left.jpg,slit_lamp,dataset_03\train\moderate\1994_left.jpg,0.0,True
2052_left.jpg,slit_lamp,dataset_03\train\moderate\2052_left.jpg,0.0,True
2052_right.jpg,slit_lamp,dataset_03\train\moderate\2052_right.jpg,0.0,True
2074_right.jpg,slit_lamp,dataset_03\train\moderate\2074_right.jpg,0.0,True
2095_right.jpg,slit_lamp,dataset_03\train\moderate\2095_right.jpg,0.0,True
2096_right.jpg,slit_lamp,dataset_03\train\moderate\2096_right.jpg,0.0,True
2098_left.jpg,slit_lamp,dataset_03\train\moderate\2098_left.jpg,7.63,True
2099_left.jpg,slit_lamp,dataset_03\train\moderate\2099_left.jpg,0.03,True
2100_right.jpg,slit_lamp,dataset_03\train\moderate\2100_right.jpg,0.0,True
2103_left.jpg,slit_lamp,dataset_03\train\moderate\2103_left.jpg,0.0,True
2104_left.jpg,slit_lamp,dataset_03\train\moderate\2104_left.jpg,0.0,True
2104_right.jpg,slit_lamp,dataset_03\train\moderate\2104_right.jpg,0.0,True
2105_left.jpg,slit_lamp,dataset_03\train\moderate\2105_left.jpg,0.0,True
2105_right.jpg,slit_lamp,dataset_03\train\moderate\2105_right.jpg,0.0,True
2107_left.jpg,slit_lamp,dataset_03\train\moderate\2107_left.jpg,0.0,True
2109_right.jpg,slit_lamp,dataset_03\train\moderate\2109_right.jpg,0.0,True
2110_right.jpg,slit_lamp,dataset_03\train\moderate\2110_right.jpg,0.0,True
2111_left.jpg,slit_lamp,dataset_03\train\moderate\2111_left.jpg,0.0,True
2113_right.jpg,slit_lamp,dataset_03\train\moderate\2113_right.jpg,0.0,True
2114_left.jpg,slit_lamp,dataset_03\train\moderate\2114_left.jpg,0.0,True
2114_right.jpg,slit_lamp,dataset_03\train\moderate\2114_right.jpg,0.02,True
2115_right.jpg,slit_lamp,dataset_03\train\moderate\2115_right.jpg,0.0,True
2116_left.jpg,slit_lamp,dataset_03\train\moderate\2116_left.jpg,0.0,True
2116_right.jpg,slit_lamp,dataset_03\train\moderate\2116_right.jpg,0.0,True
2117_left.jpg,slit_lamp,dataset_03\train\moderate\2117_left.jpg,0.0,True
2119_right.jpg,slit_lamp,dataset_03\train\moderate\2119_right.jpg,0.0,True
2120_right.jpg,slit_lamp,dataset_03\train\moderate\2120_right.jpg,0.0,True
2121_left.jpg,slit_lamp,dataset_03\train\moderate\2121_left.jpg,0.0,True
2122_right.jpg,slit_lamp,dataset_03\train\moderate\2122_right.jpg,0.0,True
2123_left.jpg,slit_lamp,dataset_03\train\moderate\2123_left.jpg,0.04,True
2124_left.jpg,slit_lamp,dataset_03\train\moderate\2124_left.jpg,0.0,True
2125_left.jpg,slit_lamp,dataset_03\train\moderate\2125_left.jpg,0.0,True
2126_left.jpg,slit_lamp,dataset_03\train\moderate\2126_left.jpg,0.0,True
2126_right.jpg,slit_lamp,dataset_03\train\moderate\2126_right.jpg,0.0,True
2127_right.jpg,slit_lamp,dataset_03\train\moderate\2127_right.jpg,0.0,True
2129_left.jpg,slit_lamp,dataset_03\train\moderate\2129_left.jpg,0.0,True
2129_right.jpg,slit_lamp,dataset_03\train\moderate\2129_right.jpg,0.0,True
2130_left.jpg,slit_lamp,dataset_03\train\moderate\2130_left.jpg,0.02,True
2132_left.jpg,slit_lamp,dataset_03\train\moderate\2132_left.jpg,32.06,True
2133_left.jpg,slit_lamp,dataset_03\train\moderate\2133_left.jpg,0.95,True
2133_right.jpg,slit_lamp,dataset_03\train\moderate\2133_right.jpg,0.0,True
2134_left.jpg,slit_lamp,dataset_03\train\moderate\2134_left.jpg,0.0,True
2134_right.jpg,slit_lamp,dataset_03\train\moderate\2134_right.jpg,3.98,True
2135_left.jpg,slit_lamp,dataset_03\train\moderate\2135_left.jpg,4.2,True
2135_right.jpg,slit_lamp,dataset_03\train\moderate\2135_right.jpg,0.0,True
2136_left.jpg,slit_lamp,dataset_03\train\moderate\2136_left.jpg,0.0,True
2137_left.jpg,slit_lamp,dataset_03\train\moderate\2137_left.jpg,0.0,True
2137_right.jpg,slit_lamp,dataset_03\train\moderate\2137_right.jpg,0.0,True
2138_left.jpg,slit_lamp,dataset_03\train\moderate\2138_left.jpg,0.0,True
2138_right.jpg,slit_lamp,dataset_03\train\moderate\2138_right.jpg,0.0,True
2139_right.jpg,slit_lamp,dataset_03\train\moderate\2139_right.jpg,0.0,True
2140_left.jpg,slit_lamp,dataset_03\train\moderate\2140_left.jpg,0.0,True
2140_right.jpg,slit_lamp,dataset_03\train\moderate\2140_right.jpg,0.0,True
2141_right.jpg,slit_lamp,dataset_03\train\moderate\2141_right.jpg,0.0,True
2143_right.jpg,slit_lamp,dataset_03\train\moderate\2143_right.jpg,0.0,True
2144_right.jpg,slit_lamp,dataset_03\train\moderate\2144_right.jpg,0.0,True
2146_left.jpg,slit_lamp,dataset_03\train\moderate\2146_left.jpg,0.0,True
2146_right.jpg,slit_lamp,dataset_03\train\moderate\2146_right.jpg,1.33,True
2147_left.jpg,slit_lamp,dataset_03\train\moderate\2147_left.jpg,0.0,True
2149_right.jpg,slit_lamp,dataset_03\train\moderate\2149_right.jpg,0.0,True
2150_left.jpg,slit_lamp,dataset_03\train\moderate\2150_left.jpg,0.0,True
2150_right.jpg,slit_lamp,dataset_03\train\moderate\2150_right.jpg,0.0,True
2151_right.jpg,slit_lamp,dataset_03\train\moderate\2151_right.jpg,0.84,True
2152_left.jpg,slit_lamp,dataset_03\train\moderate\2152_left.jpg,0.0,True
2153_left.jpg,slit_lamp,dataset_03\train\moderate\2153_left.jpg,0.0,True
2153_right.jpg,slit_lamp,dataset_03\train\moderate\2153_right.jpg,0.0,True
2155_left.jpg,slit_lamp,dataset_03\train\moderate\2155_left.jpg,0.0,True
2155_right.jpg,slit_lamp,dataset_03\train\moderate\2155_right.jpg,0.0,True
2156_left.jpg,slit_lamp,dataset_03\train\moderate\2156_left.jpg,0.0,True
2157_left.jpg,slit_lamp,dataset_03\train\moderate\2157_left.jpg,0.0,True
2157_right.jpg,slit_lamp,dataset_03\train\moderate\2157_right.jpg,0.0,True
2158_left.jpg,slit_lamp,dataset_03\train\moderate\2158_left.jpg,0.45,True
2158_right.jpg,slit_lamp,dataset_03\train\moderate\2158_right.jpg,0.0,True
2159_left.jpg,slit_lamp,dataset_03\train\moderate\2159_left.jpg,0.0,True
2160_right.jpg,slit_lamp,dataset_03\train\moderate\2160_right.jpg,0.0,True
2161_right.jpg,slit_lamp,dataset_03\train\moderate\2161_right.jpg,0.0,True
2162_right.jpg,slit_lamp,dataset_03\train\moderate\2162_right.jpg,0.0,True
2163_right.jpg,slit_lamp,dataset_03\train\moderate\2163_right.jpg,0.01,True
2164_left.jpg,slit_lamp,dataset_03\train\moderate\2164_left.jpg,0.0,True
2164_right.jpg,slit_lamp,dataset_03\train\moderate\2164_right.jpg,0.0,True
2165_right.jpg,slit_lamp,dataset_03\train\moderate\2165_right.jpg,0.0,True
2166_left.jpg,slit_lamp,dataset_03\train\moderate\2166_left.jpg,59.02,True
2167_right.jpg,slit_lamp,dataset_03\train\moderate\2167_right.jpg,0.0,True
2168_left.jpg,slit_lamp,dataset_03\train\moderate\2168_left.jpg,56.17,True
2169_left.jpg,slit_lamp,dataset_03\train\moderate\2169_left.jpg,0.0,True
2169_right.jpg,slit_lamp,dataset_03\train\moderate\2169_right.jpg,0.0,True
2170_left.jpg,slit_lamp,dataset_03\train\moderate\2170_left.jpg,0.0,True
2170_right.jpg,slit_lamp,dataset_03\train\moderate\2170_right.jpg,0.0,True
2172_left.jpg,slit_lamp,dataset_03\train\moderate\2172_left.jpg,0.0,True
2173_right.jpg,slit_lamp,dataset_03\train\moderate\2173_right.jpg,0.0,True
2174_right.jpg,slit_lamp,dataset_03\train\moderate\2174_right.jpg,19.51,True
2177_right.jpg,slit_lamp,dataset_03\train\moderate\2177_right.jpg,2.79,True
2178_left.jpg,slit_lamp,dataset_03\train\moderate\2178_left.jpg,0.0,True
2179_left.jpg,slit_lamp,dataset_03\train\moderate\2179_left.jpg,0.87,True
2179_right.jpg,slit_lamp,dataset_03\train\moderate\2179_right.jpg,0.0,True
2181_left.jpg,slit_lamp,dataset_03\train\moderate\2181_left.jpg,15.62,True
2182_right.jpg,slit_lamp,dataset_03\train\moderate\2182_right.jpg,0.0,True
2183_left.jpg,slit_lamp,dataset_03\train\moderate\2183_left.jpg,0.0,True
2184_left.jpg,slit_lamp,dataset_03\train\moderate\2184_left.jpg,0.0,True
2184_right.jpg,slit_lamp,dataset_03\train\moderate\2184_right.jpg,0.0,True
2185_left.jpg,slit_lamp,dataset_03\train\moderate\2185_left.jpg,0.0,True
2187_right.jpg,slit_lamp,dataset_03\train\moderate\2187_right.jpg,0.0,True
2189_left.jpg,slit_lamp,dataset_03\train\moderate\2189_left.jpg,0.0,True
2189_right.jpg,slit_lamp,dataset_03\train\moderate\2189_right.jpg,0.0,True
2192_left.jpg,slit_lamp,dataset_03\train\moderate\2192_left.jpg,0.0,True
2192_right.jpg,slit_lamp,dataset_03\train\moderate\2192_right.jpg,0.0,True
2193_right.jpg,slit_lamp,dataset_03\train\moderate\2193_right.jpg,0.0,True
2194_right.jpg,slit_lamp,dataset_03\train\moderate\2194_right.jpg,5.95,True
2195_left.jpg,slit_lamp,dataset_03\train\moderate\2195_left.jpg,0.0,True
2195_right.jpg,slit_lamp,dataset_03\train\moderate\2195_right.jpg,0.0,True
2196_right.jpg,slit_lamp,dataset_03\train\moderate\2196_right.jpg,0.0,True
2197_right.jpg,slit_lamp,dataset_03\train\moderate\2197_right.jpg,0.03,True
2198_right.jpg,slit_lamp,dataset_03\train\moderate\2198_right.jpg,0.0,True
2199_left.jpg,slit_lamp,dataset_03\train\moderate\2199_left.jpg,0.0,True
2200_left.jpg,slit_lamp,dataset_03\train\moderate\2200_left.jpg,0.0,True
2203_left.jpg,slit_lamp,dataset_03\train\moderate\2203_left.jpg,0.0,True
2203_right.jpg,slit_lamp,dataset_03\train\moderate\2203_right.jpg,0.0,True
2204_left.jpg,slit_lamp,dataset_03\train\moderate\2204_left.jpg,0.0,True
2205_right.jpg,slit_lamp,dataset_03\train\moderate\2205_right.jpg,0.0,True
2206_left.jpg,slit_lamp,dataset_03\train\moderate\2206_left.jpg,0.0,True
2206_right.jpg,slit_lamp,dataset_03\train\moderate\2206_right.jpg,0.38,True
2210_right.jpg,slit_lamp,dataset_03\train\moderate\2210_right.jpg,0.0,True
2211_left.jpg,slit_lamp,dataset_03\train\moderate\2211_left.jpg,0.0,True
2211_right.jpg,slit_lamp,dataset_03\train\moderate\2211_right.jpg,0.0,True
2212_right.jpg,slit_lamp,dataset_03\train\moderate\2212_right.jpg,0.0,True
2213_left.jpg,slit_lamp,dataset_03\train\moderate\2213_left.jpg,0.0,True
2213_right.jpg,slit_lamp,dataset_03\train\moderate\2213_right.jpg,0.0,True
2215_left.jpg,slit_lamp,dataset_03\train\moderate\2215_left.jpg,0.0,True
2216_left.jpg,slit_lamp,dataset_03\train\moderate\2216_left.jpg,0.0,True
2216_right.jpg,slit_lamp,dataset_03\train\moderate\2216_right.jpg,0.0,True
2217_left.jpg,slit_lamp,dataset_03\train\moderate\2217_left.jpg,0.0,True
2218_right.jpg,slit_lamp,dataset_03\train\moderate\2218_right.jpg,0.0,True
2219_left.jpg,slit_lamp,dataset_03\train\moderate\2219_left.jpg,0.0,True
2219_right.jpg,slit_lamp,dataset_03\train\moderate\2219_right.jpg,0.0,True
2221_right.jpg,slit_lamp,dataset_03\train\moderate\2221_right.jpg,0.0,True
2222_left.jpg,slit_lamp,dataset_03\train\moderate\2222_left.jpg,0.0,True
2223_left.jpg,slit_lamp,dataset_03\train\moderate\2223_left.jpg,0.0,True
2223_right.jpg,slit_lamp,dataset_03\train\moderate\2223_right.jpg,0.0,True
2225_right.jpg,slit_lamp,dataset_03\train\moderate\2225_right.jpg,0.0,True
2226_left.jpg,slit_lamp,dataset_03\train\moderate\2226_left.jpg,0.0,True
2227_left.jpg,slit_lamp,dataset_03\train\moderate\2227_left.jpg,0.0,True
2228_right.jpg,slit_lamp,dataset_03\train\moderate\2228_right.jpg,0.0,True
2231_right.jpg,slit_lamp,dataset_03\train\moderate\2231_right.jpg,0.0,True
2232_left.jpg,slit_lamp,dataset_03\train\moderate\2232_left.jpg,0.0,True
2232_right.jpg,slit_lamp,dataset_03\train\moderate\2232_right.jpg,0.0,True
2233_right.jpg,slit_lamp,dataset_03\train\moderate\2233_right.jpg,0.0,True
2234_left.jpg,slit_lamp,dataset_03\train\moderate\2234_left.jpg,0.0,True
2234_right.jpg,slit_lamp,dataset_03\train\moderate\2234_right.jpg,0.0,True
2235_left.jpg,slit_lamp,dataset_03\train\moderate\2235_left.jpg,0.0,True
2236_left.jpg,slit_lamp,dataset_03\train\moderate\2236_left.jpg,0.0,True
2236_right.jpg,slit_lamp,dataset_03\train\moderate\2236_right.jpg,0.0,True
2237_right.jpg,slit_lamp,dataset_03\train\moderate\2237_right.jpg,0.0,True
2239_right.jpg,slit_lamp,dataset_03\train\moderate\2239_right.jpg,0.0,True
2240_left.jpg,slit_lamp,dataset_03\train\moderate\2240_left.jpg,0.0,True
2240_right.jpg,slit_lamp,dataset_03\train\moderate\2240_right.jpg,0.0,True
2241_left.jpg,slit_lamp,dataset_03\train\moderate\2241_left.jpg,0.0,True
2242_left.jpg,slit_lamp,dataset_03\train\moderate\2242_left.jpg,0.0,True
2243_left.jpg,slit_lamp,dataset_03\train\moderate\2243_left.jpg,0.0,True
2243_right.jpg,slit_lamp,dataset_03\train\moderate\2243_right.jpg,0.0,True
2244_right.jpg,slit_lamp,dataset_03\train\moderate\2244_right.jpg,0.05,True
2246_right.jpg,slit_lamp,dataset_03\train\moderate\2246_right.jpg,0.0,True
2247_left.jpg,slit_lamp,dataset_03\train\moderate\2247_left.jpg,0.0,True
2247_right.jpg,slit_lamp,dataset_03\train\moderate\2247_right.jpg,0.0,True
2248_left.jpg,slit_lamp,dataset_03\train\moderate\2248_left.jpg,0.0,True
2248_right.jpg,slit_lamp,dataset_03\train\moderate\2248_right.jpg,0.0,True
2282_right.jpg,slit_lamp,dataset_03\train\moderate\2282_right.jpg,0.0,True
24_right.jpg,slit_lamp,dataset_03\train\moderate\24_right.jpg,0.0,True
254_left.jpg,slit_lamp,dataset_03\train\moderate\254_left.jpg,0.45,True
330_left.jpg,slit_lamp,dataset_03\train\moderate\330_left.jpg,7.53,True
345_right.jpg,slit_lamp,dataset_03\train\moderate\345_right.jpg,0.0,True
354_right.jpg,slit_lamp,dataset_03\train\moderate\354_right.jpg,0.69,True
448_left.jpg,slit_lamp,dataset_03\train\moderate\448_left.jpg,0.0,True
477_right.jpg,slit_lamp,dataset_03\train\moderate\477_right.jpg,0.0,True
553_right.jpg,slit_lamp,dataset_03\train\moderate\553_right.jpg,0.0,True
560_left.jpg,slit_lamp,dataset_03\train\moderate\560_left.jpg,0.0,True
560_right.jpg,slit_lamp,dataset_03\train\moderate\560_right.jpg,0.0,True
594_left.jpg,slit_lamp,dataset_03\train\moderate\594_left.jpg,0.0,True
611_left.jpg,slit_lamp,dataset_03\train\moderate\611_left.jpg,0.0,True
625_left.jpg,slit_lamp,dataset_03\train\moderate\625_left.jpg,0.0,True
625_right.jpg,slit_lamp,dataset_03\train\moderate\625_right.jpg,0.0,True
629_left.jpg,slit_lamp,dataset_03\train\moderate\629_left.jpg,0.0,True
691_left.jpg,slit_lamp,dataset_03\train\moderate\691_left.jpg,4.78,True
769_right.jpg,slit_lamp,dataset_03\train\moderate\769_right.jpg,0.0,True
809_left.jpg,slit_lamp,dataset_03\train\moderate\809_left.jpg,0.0,True
81_left.jpg,slit_lamp,dataset_03\train\moderate\81_left.jpg,0.02,True
81_right.jpg,slit_lamp,dataset_03\train\moderate\81_right.jpg,4.61,True
820_left.jpg,slit_lamp,dataset_03\train\moderate\820_left.jpg,0.0,True
824_left.jpg,slit_lamp,dataset_03\train\moderate\824_left.jpg,27.98,True
874_left.jpg,slit_lamp,dataset_03\train\moderate\874_left.jpg,0.0,True
949_right.jpg,slit_lamp,dataset_03\train\moderate\949_right.jpg,0.0,True
955_right.jpg,slit_lamp,dataset_03\train\moderate\955_right.jpg,0.0,True
970_right.jpg,slit_lamp,dataset_03\train\moderate\970_right.jpg,0.0,True
999_left.jpg,slit_lamp,dataset_03\train\moderate\999_left.jpg,0.0,True
999_right.jpg,slit_lamp,dataset_03\train\moderate\999_right.jpg,0.0,True
cataract_001.png,slit_lamp,dataset_03\train\moderate\cataract_001.png,0.0,True
cataract_002.png,slit_lamp,dataset_03\train\moderate\cataract_002.png,0.0,True
cataract_004.png,slit_lamp,dataset_03\train\moderate\cataract_004.png,0.0,True
cataract_008.png,slit_lamp,dataset_03\train\moderate\cataract_008.png,0.0,True
cataract_009.png,slit_lamp,dataset_03\train\moderate\cataract_009.png,0.0,True
cataract_011.png,slit_lamp,dataset_03\train\moderate\cataract_011.png,0.0,True
cataract_012.png,slit_lamp,dataset_03\train\moderate\cataract_012.png,0.0,True
cataract_014.png,slit_lamp,dataset_03\train\moderate\cataract_014.png,0.0,True
cataract_015.png,slit_lamp,dataset_03\train\moderate\cataract_015.png,0.0,True
cataract_016.png,slit_lamp,dataset_03\train\moderate\cataract_016.png,0.0,True
cataract_017.png,slit_lamp,dataset_03\train\moderate\cataract_017.png,0.0,True
cataract_018.png,slit_lamp,dataset_03\train\moderate\cataract_018.png,0.0,True
cataract_019.png,slit_lamp,dataset_03\train\moderate\cataract_019.png,0.0,True
cataract_020.png,slit_lamp,dataset_03\train\moderate\cataract_020.png,0.0,True
cataract_022.png,slit_lamp,dataset_03\train\moderate\cataract_022.png,0.0,True
cataract_023.png,slit_lamp,dataset_03\train\moderate\cataract_023.png,0.0,True
cataract_025.png,slit_lamp,dataset_03\train\moderate\cataract_025.png,0.0,True
cataract_026.png,slit_lamp,dataset_03\train\moderate\cataract_026.png,0.0,True
cataract_027.png,slit_lamp,dataset_03\train\moderate\cataract_027.png,0.0,True
cataract_028.png,slit_lamp,dataset_03\train\moderate\cataract_028.png,0.0,True
cataract_029.png,slit_lamp,dataset_03\train\moderate\cataract_029.png,0.0,True
cataract_033.png,slit_lamp,dataset_03\train\moderate\cataract_033.png,0.0,True
cataract_034.png,slit_lamp,dataset_03\train\moderate\cataract_034.png,0.0,True
cataract_036.png,slit_lamp,dataset_03\train\moderate\cataract_036.png,0.0,True
cataract_037.png,slit_lamp,dataset_03\train\moderate\cataract_037.png,0.0,True
cataract_040.png,slit_lamp,dataset_03\train\moderate\cataract_040.png,0.0,True
cataract_041.png,slit_lamp,dataset_03\train\moderate\cataract_041.png,0.0,True
cataract_043.png,slit_lamp,dataset_03\train\moderate\cataract_043.png,0.0,True
cataract_044.png,slit_lamp,dataset_03\train\moderate\cataract_044.png,0.0,True
cataract_046.png,slit_lamp,dataset_03\train\moderate\cataract_046.png,0.0,True
cataract_048.png,slit_lamp,dataset_03\train\moderate\cataract_048.png,0.0,True
cataract_049.png,slit_lamp,dataset_03\train\moderate\cataract_049.png,0.0,True
cataract_051.png,slit_lamp,dataset_03\train\moderate\cataract_051.png,0.0,True
cataract_052.png,slit_lamp,dataset_03\train\moderate\cataract_052.png,0.0,True
cataract_053.png,slit_lamp,dataset_03\train\moderate\cataract_053.png,0.0,True
cataract_054.png,slit_lamp,dataset_03\train\moderate\cataract_054.png,0.0,True
cataract_055.png,slit_lamp,dataset_03\train\moderate\cataract_055.png,0.0,True
cataract_057.png,slit_lamp,dataset_03\train\moderate\cataract_057.png,0.0,True
cataract_058.png,slit_lamp,dataset_03\train\moderate\cataract_058.png,0.0,True
cataract_059.png,slit_lamp,dataset_03\train\moderate\cataract_059.png,0.0,True
cataract_060.png,slit_lamp,dataset_03\train\moderate\cataract_060.png,0.0,True
cataract_061.png,slit_lamp,dataset_03\train\moderate\cataract_061.png,0.0,True
cataract_063.png,slit_lamp,dataset_03\train\moderate\cataract_063.png,0.0,True
cataract_064.png,slit_lamp,dataset_03\train\moderate\cataract_064.png,0.0,True
cataract_065.png,slit_lamp,dataset_03\train\moderate\cataract_065.png,0.0,True
cataract_067.png,slit_lamp,dataset_03\train\moderate\cataract_067.png,0.0,True
cataract_069.png,slit_lamp,dataset_03\train\moderate\cataract_069.png,0.0,True
cataract_071.png,slit_lamp,dataset_03\train\moderate\cataract_071.png,0.0,True
cataract_072.png,slit_lamp,dataset_03\train\moderate\cataract_072.png,0.0,True
cataract_073.png,slit_lamp,dataset_03\train\moderate\cataract_073.png,0.0,True
cataract_075.png,slit_lamp,dataset_03\train\moderate\cataract_075.png,0.0,True
cataract_078.png,slit_lamp,dataset_03\train\moderate\cataract_078.png,0.0,True
cataract_079.png,slit_lamp,dataset_03\train\moderate\cataract_079.png,0.0,True
cataract_080.png,slit_lamp,dataset_03\train\moderate\cataract_080.png,0.0,True
cataract_081.png,slit_lamp,dataset_03\train\moderate\cataract_081.png,0.0,True
cataract_082.png,slit_lamp,dataset_03\train\moderate\cataract_082.png,0.0,True
cataract_083.png,slit_lamp,dataset_03\train\moderate\cataract_083.png,0.0,True
cataract_084.png,slit_lamp,dataset_03\train\moderate\cataract_084.png,0.0,True
cataract_085.png,slit_lamp,dataset_03\train\moderate\cataract_085.png,0.0,True
cataract_087.png,slit_lamp,dataset_03\train\moderate\cataract_087.png,0.0,True
cataract_089.png,slit_lamp,dataset_03\train\moderate\cataract_089.png,0.0,True
cataract_090.png,slit_lamp,dataset_03\train\moderate\cataract_090.png,0.0,True
cataract_091.png,slit_lamp,dataset_03\train\moderate\cataract_091.png,0.0,True
cataract_092.png,slit_lamp,dataset_03\train\moderate\cataract_092.png,0.0,True
cataract_093.png,slit_lamp,dataset_03\train\moderate\cataract_093.png,0.0,True
cataract_094.png,slit_lamp,dataset_03\train\moderate\cataract_094.png,0.0,True
cataract_096.png,slit_lamp,dataset_03\train\moderate\cataract_096.png,0.0,True
cataract_097.png,slit_lamp,dataset_03\train\moderate\cataract_097.png,0.0,True
cataract_098.png,slit_lamp,dataset_03\train\moderate\cataract_098.png,0.0,True
cataract_099.png,slit_lamp,dataset_03\train\moderate\cataract_099.png,0.0,True
cataract_100.png,slit_lamp,dataset_03\train\moderate\cataract_100.png,0.0,True
_0_4015166.jpg,slit_lamp,dataset_03\train\moderate\_0_4015166.jpg,0.02,True
_100_334408.jpg,slit_lamp,dataset_03\train\moderate\_100_334408.jpg,3.16,True
_101_5139882.jpg,slit_lamp,dataset_03\train\moderate\_101_5139882.jpg,0.0,True
_101_709333.jpg,slit_lamp,dataset_03\train\moderate\_101_709333.jpg,0.0,True
_102_3990401.jpg,slit_lamp,dataset_03\train\moderate\_102_3990401.jpg,0.0,True
_103_5897328.jpg,slit_lamp,dataset_03\train\moderate\_103_5897328.jpg,0.0,True
_105_5646774.jpg,slit_lamp,dataset_03\train\moderate\_105_5646774.jpg,0.0,True
_106_5284713.jpg,slit_lamp,dataset_03\train\moderate\_106_5284713.jpg,0.0,True
_107_5060742.jpg,slit_lamp,dataset_03\train\moderate\_107_5060742.jpg,0.0,True
_108_750835.jpg,slit_lamp,dataset_03\train\moderate\_108_750835.jpg,0.31,True
_109_2006348.jpg,slit_lamp,dataset_03\train\moderate\_109_2006348.jpg,0.0,True
_10_3215668.jpg,slit_lamp,dataset_03\train\moderate\_10_3215668.jpg,0.0,True
_110_5076150.jpg,slit_lamp,dataset_03\train\moderate\_110_5076150.jpg,0.0,True
_111_9826667.jpg,slit_lamp,dataset_03\train\moderate\_111_9826667.jpg,0.0,True
_112_9621689.jpg,slit_lamp,dataset_03\train\moderate\_112_9621689.jpg,0.0,True
_114_9773152.jpg,slit_lamp,dataset_03\train\moderate\_114_9773152.jpg,0.0,True
_115_1763401.jpg,slit_lamp,dataset_03\train\moderate\_115_1763401.jpg,0.0,True
_115_6901151.jpg,slit_lamp,dataset_03\train\moderate\_115_6901151.jpg,0.0,True
_116_4683353.jpg,slit_lamp,dataset_03\train\moderate\_116_4683353.jpg,0.0,True
_117_6521529.jpg,slit_lamp,dataset_03\train\moderate\_117_6521529.jpg,0.0,True
_119_6929742.jpg,slit_lamp,dataset_03\train\moderate\_119_6929742.jpg,0.4,True
_119_9887385.jpg,slit_lamp,dataset_03\train\moderate\_119_9887385.jpg,0.47,True
_11_7158929.jpg,slit_lamp,dataset_03\train\moderate\_11_7158929.jpg,0.0,True
_120_2375814.jpg,slit_lamp,dataset_03\train\moderate\_120_2375814.jpg,0.0,True
_120_3067914.jpg,slit_lamp,dataset_03\train\moderate\_120_3067914.jpg,0.0,True
_121_3847336.jpg,slit_lamp,dataset_03\train\moderate\_121_3847336.jpg,54.92,True
_122_7237312.jpg,slit_lamp,dataset_03\train\moderate\_122_7237312.jpg,0.0,True
_123_8135331.jpg,slit_lamp,dataset_03\train\moderate\_123_8135331.jpg,0.0,True
_125_6571967.jpg,slit_lamp,dataset_03\train\moderate\_125_6571967.jpg,0.0,True
_126_4964568.jpg,slit_lamp,dataset_03\train\moderate\_126_4964568.jpg,0.0,True
_127_2102071.jpg,slit_lamp,dataset_03\train\moderate\_127_2102071.jpg,23.26,True
_128_4502689.jpg,slit_lamp,dataset_03\train\moderate\_128_4502689.jpg,0.0,True
_129_3024383.jpg,slit_lamp,dataset_03\train\moderate\_129_3024383.jpg,0.0,True
_129_5296959.jpg,slit_lamp,dataset_03\train\moderate\_129_5296959.jpg,0.0,True
_12_5233869.jpg,slit_lamp,dataset_03\train\moderate\_12_5233869.jpg,0.0,True
_130_3561448.jpg,slit_lamp,dataset_03\train\moderate\_130_3561448.jpg,1.72,True
_130_7837321.jpg,slit_lamp,dataset_03\train\moderate\_130_7837321.jpg,3.47,True
_131_863673.jpg,slit_lamp,dataset_03\train\moderate\_131_863673.jpg,21.16,True
_132_7102134.jpg,slit_lamp,dataset_03\train\moderate\_132_7102134.jpg,0.0,True
_133_1300923.jpg,slit_lamp,dataset_03\train\moderate\_133_1300923.jpg,3.62,True
_134_4903477.jpg,slit_lamp,dataset_03\train\moderate\_134_4903477.jpg,0.0,True
_135_7789155.jpg,slit_lamp,dataset_03\train\moderate\_135_7789155.jpg,0.0,True
_137_7856304.jpg,slit_lamp,dataset_03\train\moderate\_137_7856304.jpg,0.0,True
_138_1949117.jpg,slit_lamp,dataset_03\train\moderate\_138_1949117.jpg,1.42,True
_140_1534199.jpg,slit_lamp,dataset_03\train\moderate\_140_1534199.jpg,1.29,True
_141_3457945.jpg,slit_lamp,dataset_03\train\moderate\_141_3457945.jpg,3.05,True
_142_7918627.jpg,slit_lamp,dataset_03\train\moderate\_142_7918627.jpg,0.18,True
_143_1247400.jpg,slit_lamp,dataset_03\train\moderate\_143_1247400.jpg,0.0,True
_144_4907178.jpg,slit_lamp,dataset_03\train\moderate\_144_4907178.jpg,0.0,True
_144_6424765.jpg,slit_lamp,dataset_03\train\moderate\_144_6424765.jpg,0.0,True
_144_7061237.jpg,slit_lamp,dataset_03\train\moderate\_144_7061237.jpg,0.0,True
_145_6931784.jpg,slit_lamp,dataset_03\train\moderate\_145_6931784.jpg,0.0,True
_146_4268935.jpg,slit_lamp,dataset_03\train\moderate\_146_4268935.jpg,0.0,True
_146_5945090.jpg,slit_lamp,dataset_03\train\moderate\_146_5945090.jpg,0.0,True
_147_3710804.jpg,slit_lamp,dataset_03\train\moderate\_147_3710804.jpg,0.0,True
_147_3796034.jpg,slit_lamp,dataset_03\train\moderate\_147_3796034.jpg,0.0,True
_148_6795884.jpg,slit_lamp,dataset_03\train\moderate\_148_6795884.jpg,0.0,True
_149_3115900.jpg,slit_lamp,dataset_03\train\moderate\_149_3115900.jpg,0.0,True
_149_9419457.jpg,slit_lamp,dataset_03\train\moderate\_149_9419457.jpg,0.0,True
_14_7805520.jpg,slit_lamp,dataset_03\train\moderate\_14_7805520.jpg,0.32,True
_150_2517277.jpg,slit_lamp,dataset_03\train\moderate\_150_2517277.jpg,0.0,True
_150_8876899.jpg,slit_lamp,dataset_03\train\moderate\_150_8876899.jpg,0.0,True
_151_4262050.jpg,slit_lamp,dataset_03\train\moderate\_151_4262050.jpg,0.0,True
_151_5293593.jpg,slit_lamp,dataset_03\train\moderate\_151_5293593.jpg,0.0,True
_152_8894820.jpg,slit_lamp,dataset_03\train\moderate\_152_8894820.jpg,0.0,True
_152_9176638.jpg,slit_lamp,dataset_03\train\moderate\_152_9176638.jpg,0.0,True
_153_5085382.jpg,slit_lamp,dataset_03\train\moderate\_153_5085382.jpg,0.0,True
_156_6418009.jpg,slit_lamp,dataset_03\train\moderate\_156_6418009.jpg,0.0,True
_157_2679833.jpg,slit_lamp,dataset_03\train\moderate\_157_2679833.jpg,0.0,True
_157_8093661.jpg,slit_lamp,dataset_03\train\moderate\_157_8093661.jpg,0.0,True
_158_2964657.jpg,slit_lamp,dataset_03\train\moderate\_158_2964657.jpg,0.12,True
_159_1399279.jpg,slit_lamp,dataset_03\train\moderate\_159_1399279.jpg,4.68,True
_159_5245707.jpg,slit_lamp,dataset_03\train\moderate\_159_5245707.jpg,4.59,True
_159_8564797.jpg,slit_lamp,dataset_03\train\moderate\_159_8564797.jpg,4.68,True
_160_9941636.jpg,slit_lamp,dataset_03\train\moderate\_160_9941636.jpg,0.0,True
_160_9986895.jpg,slit_lamp,dataset_03\train\moderate\_160_9986895.jpg,0.0,True
_162_3770706.jpg,slit_lamp,dataset_03\train\moderate\_162_3770706.jpg,0.0,True
_163_2414975.jpg,slit_lamp,dataset_03\train\moderate\_163_2414975.jpg,0.05,True
_163_6585488.jpg,slit_lamp,dataset_03\train\moderate\_163_6585488.jpg,0.05,True
_163_6979961.jpg,slit_lamp,dataset_03\train\moderate\_163_6979961.jpg,0.08,True
_164_4857097.jpg,slit_lamp,dataset_03\train\moderate\_164_4857097.jpg,0.0,True
_165_8028203.jpg,slit_lamp,dataset_03\train\moderate\_165_8028203.jpg,0.0,True
_166_6232447.jpg,slit_lamp,dataset_03\train\moderate\_166_6232447.jpg,0.0,True
_166_7102152.jpg,slit_lamp,dataset_03\train\moderate\_166_7102152.jpg,0.0,True
_167_2873590.jpg,slit_lamp,dataset_03\train\moderate\_167_2873590.jpg,0.0,True
_168_4661031.jpg,slit_lamp,dataset_03\train\moderate\_168_4661031.jpg,0.0,True
_169_5886938.jpg,slit_lamp,dataset_03\train\moderate\_169_5886938.jpg,0.0,True
_16_8423210.jpg,slit_lamp,dataset_03\train\moderate\_16_8423210.jpg,0.15,True
_170_4585047.jpg,slit_lamp,dataset_03\train\moderate\_170_4585047.jpg,0.0,True
_171_4298450.jpg,slit_lamp,dataset_03\train\moderate\_171_4298450.jpg,0.0,True
_171_5903297.jpg,slit_lamp,dataset_03\train\moderate\_171_5903297.jpg,0.0,True
_172_1350351.jpg,slit_lamp,dataset_03\train\moderate\_172_1350351.jpg,0.0,True
_172_4553386.jpg,slit_lamp,dataset_03\train\moderate\_172_4553386.jpg,0.0,True
_172_5595526.jpg,slit_lamp,dataset_03\train\moderate\_172_5595526.jpg,0.0,True
_173_6477739.jpg,slit_lamp,dataset_03\train\moderate\_173_6477739.jpg,0.0,True
_173_9178799.jpg,slit_lamp,dataset_03\train\moderate\_173_9178799.jpg,0.0,True
_174_2373322.jpg,slit_lamp,dataset_03\train\moderate\_174_2373322.jpg,0.37,True
_175_2515467.jpg,slit_lamp,dataset_03\train\moderate\_175_2515467.jpg,0.0,True
_175_4238344.jpg,slit_lamp,dataset_03\train\moderate\_175_4238344.jpg,0.0,True
_176_2398738.jpg,slit_lamp,dataset_03\train\moderate\_176_2398738.jpg,0.0,True
_176_4641501.jpg,slit_lamp,dataset_03\train\moderate\_176_4641501.jpg,0.0,True
_176_7840976.jpg,slit_lamp,dataset_03\train\moderate\_176_7840976.jpg,0.0,True
_177_2299576.jpg,slit_lamp,dataset_03\train\moderate\_177_2299576.jpg,0.0,True
_178_8645920.jpg,slit_lamp,dataset_03\train\moderate\_178_8645920.jpg,0.0,True
_17_6538881.jpg,slit_lamp,dataset_03\train\moderate\_17_6538881.jpg,0.0,True
_181_2009794.jpg,slit_lamp,dataset_03\train\moderate\_181_2009794.jpg,0.0,True
_182_8895927.jpg,slit_lamp,dataset_03\train\moderate\_182_8895927.jpg,0.0,True
_182_9646286.jpg,slit_lamp,dataset_03\train\moderate\_182_9646286.jpg,0.0,True
_183_2695432.jpg,slit_lamp,dataset_03\train\moderate\_183_2695432.jpg,0.0,True
_183_2869065.jpg,slit_lamp,dataset_03\train\moderate\_183_2869065.jpg,0.0,True
_184_5953446.jpg,slit_lamp,dataset_03\train\moderate\_184_5953446.jpg,0.0,True
_185_1841552.jpg,slit_lamp,dataset_03\train\moderate\_185_1841552.jpg,0.0,True
_187_1814280.jpg,slit_lamp,dataset_03\train\moderate\_187_1814280.jpg,0.0,True
_187_5549549.jpg,slit_lamp,dataset_03\train\moderate\_187_5549549.jpg,0.0,True
_189_1773149.jpg,slit_lamp,dataset_03\train\moderate\_189_1773149.jpg,0.0,True
_189_5910645.jpg,slit_lamp,dataset_03\train\moderate\_189_5910645.jpg,0.0,True
_18_3816222.jpg,slit_lamp,dataset_03\train\moderate\_18_3816222.jpg,0.0,True
_18_952924.jpg,slit_lamp,dataset_03\train\moderate\_18_952924.jpg,0.0,True
_190_3033991.jpg,slit_lamp,dataset_03\train\moderate\_190_3033991.jpg,0.0,True
_190_7244239.jpg,slit_lamp,dataset_03\train\moderate\_190_7244239.jpg,0.0,True
_191_9356535.jpg,slit_lamp,dataset_03\train\moderate\_191_9356535.jpg,0.0,True
_192_7851600.jpg,slit_lamp,dataset_03\train\moderate\_192_7851600.jpg,0.0,True
_193_6483689.jpg,slit_lamp,dataset_03\train\moderate\_193_6483689.jpg,0.0,True
_194_6438145.jpg,slit_lamp,dataset_03\train\moderate\_194_6438145.jpg,0.1,True
_195_3247880.jpg,slit_lamp,dataset_03\train\moderate\_195_3247880.jpg,0.0,True
_196_6946219.jpg,slit_lamp,dataset_03\train\moderate\_196_6946219.jpg,0.0,True
_197_2029104.jpg,slit_lamp,dataset_03\train\moderate\_197_2029104.jpg,0.0,True
_198_3804403.jpg,slit_lamp,dataset_03\train\moderate\_198_3804403.jpg,0.0,True
_198_6027510.jpg,slit_lamp,dataset_03\train\moderate\_198_6027510.jpg,0.0,True
_199_2279189.jpg,slit_lamp,dataset_03\train\moderate\_199_2279189.jpg,0.0,True
_19_9976222.jpg,slit_lamp,dataset_03\train\moderate\_19_9976222.jpg,0.0,True
_1_7703314.jpg,slit_lamp,dataset_03\train\moderate\_1_7703314.jpg,0.0,True
_200_9649683.jpg,slit_lamp,dataset_03\train\moderate\_200_9649683.jpg,0.0,True
_201_841062.jpg,slit_lamp,dataset_03\train\moderate\_201_841062.jpg,0.0,True
_202_4720633.jpg,slit_lamp,dataset_03\train\moderate\_202_4720633.jpg,0.0,True
_203_3825515.jpg,slit_lamp,dataset_03\train\moderate\_203_3825515.jpg,0.0,True
_203_6969732.jpg,slit_lamp,dataset_03\train\moderate\_203_6969732.jpg,0.0,True
_204_5979635.jpg,slit_lamp,dataset_03\train\moderate\_204_5979635.jpg,0.0,True
_204_6939524.jpg,slit_lamp,dataset_03\train\moderate\_204_6939524.jpg,0.0,True
_205_1775772.jpg,slit_lamp,dataset_03\train\moderate\_205_1775772.jpg,0.0,True
_206_4468888.jpg,slit_lamp,dataset_03\train\moderate\_206_4468888.jpg,0.0,True
_206_6210252.jpg,slit_lamp,dataset_03\train\moderate\_206_6210252.jpg,0.0,True
_207_6945490.jpg,slit_lamp,dataset_03\train\moderate\_207_6945490.jpg,0.0,True
_207_8213037.jpg,slit_lamp,dataset_03\train\moderate\_207_8213037.jpg,0.0,True
_208_168871.jpg,slit_lamp,dataset_03\train\moderate\_208_168871.jpg,0.0,True
_208_2337200.jpg,slit_lamp,dataset_03\train\moderate\_208_2337200.jpg,0.0,True
_209_2468249.jpg,slit_lamp,dataset_03\train\moderate\_209_2468249.jpg,0.0,True
_20_6629557.jpg,slit_lamp,dataset_03\train\moderate\_20_6629557.jpg,0.0,True
_210_8722439.jpg,slit_lamp,dataset_03\train\moderate\_210_8722439.jpg,0.0,True
_211_3296609.jpg,slit_lamp,dataset_03\train\moderate\_211_3296609.jpg,0.0,True
_212_8423506.jpg,slit_lamp,dataset_03\train\moderate\_212_8423506.jpg,0.0,True
_213_1709362.jpg,slit_lamp,dataset_03\train\moderate\_213_1709362.jpg,0.0,True
_214_5569507.jpg,slit_lamp,dataset_03\train\moderate\_214_5569507.jpg,0.0,True
_215_3764172.jpg,slit_lamp,dataset_03\train\moderate\_215_3764172.jpg,0.0,True
_217_6662129.jpg,slit_lamp,dataset_03\train\moderate\_217_6662129.jpg,0.0,True
_218_2512305.jpg,slit_lamp,dataset_03\train\moderate\_218_2512305.jpg,0.0,True
_218_687151.jpg,slit_lamp,dataset_03\train\moderate\_218_687151.jpg,0.01,True
_219_4968838.jpg,slit_lamp,dataset_03\train\moderate\_219_4968838.jpg,0.0,True
_21_4533748.jpg,slit_lamp,dataset_03\train\moderate\_21_4533748.jpg,0.0,True
_21_8755311.jpg,slit_lamp,dataset_03\train\moderate\_21_8755311.jpg,0.0,True
_220_2113285.jpg,slit_lamp,dataset_03\train\moderate\_220_2113285.jpg,0.0,True
_221_6907746.jpg,slit_lamp,dataset_03\train\moderate\_221_6907746.jpg,0.0,True
_223_4290439.jpg,slit_lamp,dataset_03\train\moderate\_223_4290439.jpg,0.0,True
_224_4070697.jpg,slit_lamp,dataset_03\train\moderate\_224_4070697.jpg,0.03,True
_224_4837152.jpg,slit_lamp,dataset_03\train\moderate\_224_4837152.jpg,0.02,True
_225_8520.jpg,slit_lamp,dataset_03\train\moderate\_225_8520.jpg,0.0,True
_226_4234312.jpg,slit_lamp,dataset_03\train\moderate\_226_4234312.jpg,0.0,True
_227_1163752.jpg,slit_lamp,dataset_03\train\moderate\_227_1163752.jpg,0.13,True
_227_498752.jpg,slit_lamp,dataset_03\train\moderate\_227_498752.jpg,0.14,True
_227_9889754.jpg,slit_lamp,dataset_03\train\moderate\_227_9889754.jpg,0.14,True
_228_2229739.jpg,slit_lamp,dataset_03\train\moderate\_228_2229739.jpg,0.01,True
_228_4231065.jpg,slit_lamp,dataset_03\train\moderate\_228_4231065.jpg,0.02,True
_229_5185520.jpg,slit_lamp,dataset_03\train\moderate\_229_5185520.jpg,0.01,True
_22_2368616.jpg,slit_lamp,dataset_03\train\moderate\_22_2368616.jpg,0.0,True
_22_9724179.jpg,slit_lamp,dataset_03\train\moderate\_22_9724179.jpg,0.0,True
_230_7976367.jpg,slit_lamp,dataset_03\train\moderate\_230_7976367.jpg,0.0,True
_230_9762004.jpg,slit_lamp,dataset_03\train\moderate\_230_9762004.jpg,0.0,True
_231_3245768.jpg,slit_lamp,dataset_03\train\moderate\_231_3245768.jpg,0.42,True
_233_8101340.jpg,slit_lamp,dataset_03\train\moderate\_233_8101340.jpg,0.0,True
_233_9763374.jpg,slit_lamp,dataset_03\train\moderate\_233_9763374.jpg,0.0,True
_234_579953.jpg,slit_lamp,dataset_03\train\moderate\_234_579953.jpg,0.4,True
_237_8444315.jpg,slit_lamp,dataset_03\train\moderate\_237_8444315.jpg,0.44,True
_238_358899.jpg,slit_lamp,dataset_03\train\moderate\_238_358899.jpg,0.0,True
_238_5389628.jpg,slit_lamp,dataset_03\train\moderate\_238_5389628.jpg,0.0,True
_238_9445598.jpg,slit_lamp,dataset_03\train\moderate\_238_9445598.jpg,0.0,True
_239_3022913.jpg,slit_lamp,dataset_03\train\moderate\_239_3022913.jpg,0.0,True
_23_4636959.jpg,slit_lamp,dataset_03\train\moderate\_23_4636959.jpg,0.0,True
_23_9533792.jpg,slit_lamp,dataset_03\train\moderate\_23_9533792.jpg,0.0,True
_240_4981563.jpg,slit_lamp,dataset_03\train\moderate\_240_4981563.jpg,0.0,True
_241_6604562.jpg,slit_lamp,dataset_03\train\moderate\_241_6604562.jpg,0.0,True
_241_7236668.jpg,slit_lamp,dataset_03\train\moderate\_241_7236668.jpg,0.0,True
_243_1070648.jpg,slit_lamp,dataset_03\train\moderate\_243_1070648.jpg,0.0,True
_244_3481752.jpg,slit_lamp,dataset_03\train\moderate\_244_3481752.jpg,0.01,True
_244_5451565.jpg,slit_lamp,dataset_03\train\moderate\_244_5451565.jpg,0.0,True
_245_498355.jpg,slit_lamp,dataset_03\train\moderate\_245_498355.jpg,4.35,True
_246_8777337.jpg,slit_lamp,dataset_03\train\moderate\_246_8777337.jpg,0.0,True
_247_9509040.jpg,slit_lamp,dataset_03\train\moderate\_247_9509040.jpg,0.0,True
_248_3607543.jpg,slit_lamp,dataset_03\train\moderate\_248_3607543.jpg,0.4,True
_248_8765348.jpg,slit_lamp,dataset_03\train\moderate\_248_8765348.jpg,0.43,True
_250_4727436.jpg,slit_lamp,dataset_03\train\moderate\_250_4727436.jpg,0.04,True
_251_1089143.jpg,slit_lamp,dataset_03\train\moderate\_251_1089143.jpg,2.76,True
_252_4692803.jpg,slit_lamp,dataset_03\train\moderate\_252_4692803.jpg,0.0,True
_253_1359558.jpg,slit_lamp,dataset_03\train\moderate\_253_1359558.jpg,26.92,True
_253_643151.jpg,slit_lamp,dataset_03\train\moderate\_253_643151.jpg,27.23,True
_254_1206508.jpg,slit_lamp,dataset_03\train\moderate\_254_1206508.jpg,0.01,True
_254_9630074.jpg,slit_lamp,dataset_03\train\moderate\_254_9630074.jpg,0.01,True
_255_7810419.jpg,slit_lamp,dataset_03\train\moderate\_255_7810419.jpg,0.0,True
_256_5928804.jpg,slit_lamp,dataset_03\train\moderate\_256_5928804.jpg,0.01,True
_257_8575584.jpg,slit_lamp,dataset_03\train\moderate\_257_8575584.jpg,0.0,True
_257_9976187.jpg,slit_lamp,dataset_03\train\moderate\_257_9976187.jpg,0.0,True
_258_9144081.jpg,slit_lamp,dataset_03\train\moderate\_258_9144081.jpg,0.0,True
_259_2170334.jpg,slit_lamp,dataset_03\train\moderate\_259_2170334.jpg,0.0,True
_25_4707227.jpg,slit_lamp,dataset_03\train\moderate\_25_4707227.jpg,0.0,True
_260_4628277.jpg,slit_lamp,dataset_03\train\moderate\_260_4628277.jpg,0.0,True
_261_1001819.jpg,slit_lamp,dataset_03\train\moderate\_261_1001819.jpg,0.0,True
_262_2214906.jpg,slit_lamp,dataset_03\train\moderate\_262_2214906.jpg,0.0,True
_262_7895370.jpg,slit_lamp,dataset_03\train\moderate\_262_7895370.jpg,0.0,True
_263_9418780.jpg,slit_lamp,dataset_03\train\moderate\_263_9418780.jpg,0.0,True
_266_5676850.jpg,slit_lamp,dataset_03\train\moderate\_266_5676850.jpg,0.0,True
_267_7559168.jpg,slit_lamp,dataset_03\train\moderate\_267_7559168.jpg,0.0,True
_268_113112.jpg,slit_lamp,dataset_03\train\moderate\_268_113112.jpg,0.0,True
_268_8496846.jpg,slit_lamp,dataset_03\train\moderate\_268_8496846.jpg,0.0,True
_269_2821321.jpg,slit_lamp,dataset_03\train\moderate\_269_2821321.jpg,0.0,True
_269_5232883.jpg,slit_lamp,dataset_03\train\moderate\_269_5232883.jpg,0.0,True
_26_1879474.jpg,slit_lamp,dataset_03\train\moderate\_26_1879474.jpg,0.0,True
_26_2782553.jpg,slit_lamp,dataset_03\train\moderate\_26_2782553.jpg,0.0,True
_270_651748.jpg,slit_lamp,dataset_03\train\moderate\_270_651748.jpg,0.0,True
_270_9344899.jpg,slit_lamp,dataset_03\train\moderate\_270_9344899.jpg,0.0,True
_272_4578328.jpg,slit_lamp,dataset_03\train\moderate\_272_4578328.jpg,0.0,True
_272_7270483.jpg,slit_lamp,dataset_03\train\moderate\_272_7270483.jpg,0.0,True
_273_7267841.jpg,slit_lamp,dataset_03\train\moderate\_273_7267841.jpg,0.0,True
_273_9043733.jpg,slit_lamp,dataset_03\train\moderate\_273_9043733.jpg,0.0,True
_274_6913203.jpg,slit_lamp,dataset_03\train\moderate\_274_6913203.jpg,0.0,True
_276_1796806.jpg,slit_lamp,dataset_03\train\moderate\_276_1796806.jpg,0.0,True
_277_9501088.jpg,slit_lamp,dataset_03\train\moderate\_277_9501088.jpg,0.0,True
_279_2310498.jpg,slit_lamp,dataset_03\train\moderate\_279_2310498.jpg,0.0,True
_279_4656331.jpg,slit_lamp,dataset_03\train\moderate\_279_4656331.jpg,0.0,True
_27_6695157.jpg,slit_lamp,dataset_03\train\moderate\_27_6695157.jpg,0.0,True
_280_4533213.jpg,slit_lamp,dataset_03\train\moderate\_280_4533213.jpg,0.08,True
_282_3503490.jpg,slit_lamp,dataset_03\train\moderate\_282_3503490.jpg,0.0,True
_283_4908640.jpg,slit_lamp,dataset_03\train\moderate\_283_4908640.jpg,0.0,True
_284_7380745.jpg,slit_lamp,dataset_03\train\moderate\_284_7380745.jpg,0.0,True
_285_4325184.jpg,slit_lamp,dataset_03\train\moderate\_285_4325184.jpg,0.0,True
_287_8846352.jpg,slit_lamp,dataset_03\train\moderate\_287_8846352.jpg,0.0,True
_288_9182789.jpg,slit_lamp,dataset_03\train\moderate\_288_9182789.jpg,0.0,True
_28_8675632.jpg,slit_lamp,dataset_03\train\moderate\_28_8675632.jpg,0.0,True
_290_9207731.jpg,slit_lamp,dataset_03\train\moderate\_290_9207731.jpg,0.0,True
_291_9986876.jpg,slit_lamp,dataset_03\train\moderate\_291_9986876.jpg,0.0,True
_292_2084855.jpg,slit_lamp,dataset_03\train\moderate\_292_2084855.jpg,0.0,True
_293_1732996.jpg,slit_lamp,dataset_03\train\moderate\_293_1732996.jpg,0.0,True
_294_4497450.jpg,slit_lamp,dataset_03\train\moderate\_294_4497450.jpg,0.0,True
_296_3277370.jpg,slit_lamp,dataset_03\train\moderate\_296_3277370.jpg,0.0,True
_298_9693365.jpg,slit_lamp,dataset_03\train\moderate\_298_9693365.jpg,0.0,True
_29_5190417.jpg,slit_lamp,dataset_03\train\moderate\_29_5190417.jpg,0.0,True
_2_1600849.jpg,slit_lamp,dataset_03\train\moderate\_2_1600849.jpg,0.0,True
_301_5387162.jpg,slit_lamp,dataset_03\train\moderate\_301_5387162.jpg,0.0,True
_303_1474676.jpg,slit_lamp,dataset_03\train\moderate\_303_1474676.jpg,0.0,True
_304_4376168.jpg,slit_lamp,dataset_03\train\moderate\_304_4376168.jpg,0.0,True
_305_58584.jpg,slit_lamp,dataset_03\train\moderate\_305_58584.jpg,0.0,True
_307_2047689.jpg,slit_lamp,dataset_03\train\moderate\_307_2047689.jpg,0.0,True
_307_7425412.jpg,slit_lamp,dataset_03\train\moderate\_307_7425412.jpg,0.0,True
_309_9754398.jpg,slit_lamp,dataset_03\train\moderate\_309_9754398.jpg,0.0,True
_30_4231084.jpg,slit_lamp,dataset_03\train\moderate\_30_4231084.jpg,0.0,True
_310_7977481.jpg,slit_lamp,dataset_03\train\moderate\_310_7977481.jpg,0.0,True
_311_3993772.jpg,slit_lamp,dataset_03\train\moderate\_311_3993772.jpg,0.0,True
_312_2776118.jpg,slit_lamp,dataset_03\train\moderate\_312_2776118.jpg,0.0,True
_314_3594023.jpg,slit_lamp,dataset_03\train\moderate\_314_3594023.jpg,0.0,True
_314_8935717.jpg,slit_lamp,dataset_03\train\moderate\_314_8935717.jpg,0.0,True
_315_1312896.jpg,slit_lamp,dataset_03\train\moderate\_315_1312896.jpg,0.0,True
_315_3140714.jpg,slit_lamp,dataset_03\train\moderate\_315_3140714.jpg,0.0,True
_317_4205093.jpg,slit_lamp,dataset_03\train\moderate\_317_4205093.jpg,0.0,True
_319_3184825.jpg,slit_lamp,dataset_03\train\moderate\_319_3184825.jpg,0.0,True
_31_5635423.jpg,slit_lamp,dataset_03\train\moderate\_31_5635423.jpg,0.0,True
_320_6448598.jpg,slit_lamp,dataset_03\train\moderate\_320_6448598.jpg,0.0,True
_321_6270889.jpg,slit_lamp,dataset_03\train\moderate\_321_6270889.jpg,0.0,True
_323_1448180.jpg,slit_lamp,dataset_03\train\moderate\_323_1448180.jpg,0.0,True
_323_2492245.jpg,slit_lamp,dataset_03\train\moderate\_323_2492245.jpg,0.0,True
_325_168910.jpg,slit_lamp,dataset_03\train\moderate\_325_168910.jpg,0.0,True
_326_1274700.jpg,slit_lamp,dataset_03\train\moderate\_326_1274700.jpg,0.0,True
_326_3620282.jpg,slit_lamp,dataset_03\train\moderate\_326_3620282.jpg,0.0,True
_326_3940502.jpg,slit_lamp,dataset_03\train\moderate\_326_3940502.jpg,0.0,True
_327_3715152.jpg,slit_lamp,dataset_03\train\moderate\_327_3715152.jpg,0.0,True
_328_3269333.jpg,slit_lamp,dataset_03\train\moderate\_328_3269333.jpg,0.0,True
_329_5467190.jpg,slit_lamp,dataset_03\train\moderate\_329_5467190.jpg,0.0,True
_32_9062172.jpg,slit_lamp,dataset_03\train\moderate\_32_9062172.jpg,0.0,True
_330_5478095.jpg,slit_lamp,dataset_03\train\moderate\_330_5478095.jpg,0.0,True
_331_2978484.jpg,slit_lamp,dataset_03\train\moderate\_331_2978484.jpg,0.0,True
_332_7698256.jpg,slit_lamp,dataset_03\train\moderate\_332_7698256.jpg,0.0,True
_332_9730811.jpg,slit_lamp,dataset_03\train\moderate\_332_9730811.jpg,0.0,True
_333_2805221.jpg,slit_lamp,dataset_03\train\moderate\_333_2805221.jpg,0.0,True
_333_4052700.jpg,slit_lamp,dataset_03\train\moderate\_333_4052700.jpg,0.0,True
_334_1360238.jpg,slit_lamp,dataset_03\train\moderate\_334_1360238.jpg,0.0,True
_335_2109396.jpg,slit_lamp,dataset_03\train\moderate\_335_2109396.jpg,0.0,True
_335_9176239.jpg,slit_lamp,dataset_03\train\moderate\_335_9176239.jpg,0.0,True
_336_8535989.jpg,slit_lamp,dataset_03\train\moderate\_336_8535989.jpg,0.0,True
_337_6800255.jpg,slit_lamp,dataset_03\train\moderate\_337_6800255.jpg,0.0,True
_339_9106724.jpg,slit_lamp,dataset_03\train\moderate\_339_9106724.jpg,0.0,True
_342_2775386.jpg,slit_lamp,dataset_03\train\moderate\_342_2775386.jpg,0.0,True
_343_2631213.jpg,slit_lamp,dataset_03\train\moderate\_343_2631213.jpg,0.0,True
_344_5181730.jpg,slit_lamp,dataset_03\train\moderate\_344_5181730.jpg,0.0,True
_345_2495680.jpg,slit_lamp,dataset_03\train\moderate\_345_2495680.jpg,0.0,True
_347_7413999.jpg,slit_lamp,dataset_03\train\moderate\_347_7413999.jpg,0.0,True
_348_8120738.jpg,slit_lamp,dataset_03\train\moderate\_348_8120738.jpg,0.0,True
_34_2026427.jpg,slit_lamp,dataset_03\train\moderate\_34_2026427.jpg,1.35,True
_34_2290989.jpg,slit_lamp,dataset_03\train\moderate\_34_2290989.jpg,1.35,True
_350_7541734.jpg,slit_lamp,dataset_03\train\moderate\_350_7541734.jpg,0.0,True
_351_5778657.jpg,slit_lamp,dataset_03\train\moderate\_351_5778657.jpg,0.0,True
_352_5217565.jpg,slit_lamp,dataset_03\train\moderate\_352_5217565.jpg,0.0,True
_354_5293531.jpg,slit_lamp,dataset_03\train\moderate\_354_5293531.jpg,0.0,True
_356_7744260.jpg,slit_lamp,dataset_03\train\moderate\_356_7744260.jpg,0.0,True
_358_1004212.jpg,slit_lamp,dataset_03\train\moderate\_358_1004212.jpg,0.0,True
_358_2608507.jpg,slit_lamp,dataset_03\train\moderate\_358_2608507.jpg,0.0,True
_359_6265965.jpg,slit_lamp,dataset_03\train\moderate\_359_6265965.jpg,0.0,True
_35_3480407.jpg,slit_lamp,dataset_03\train\moderate\_35_3480407.jpg,0.0,True
_360_3983039.jpg,slit_lamp,dataset_03\train\moderate\_360_3983039.jpg,0.0,True
_361_2261122.jpg,slit_lamp,dataset_03\train\moderate\_361_2261122.jpg,0.0,True
_361_423366.jpg,slit_lamp,dataset_03\train\moderate\_361_423366.jpg,0.0,True
_362_9739218.jpg,slit_lamp,dataset_03\train\moderate\_362_9739218.jpg,0.0,True
_363_2736933.jpg,slit_lamp,dataset_03\train\moderate\_363_2736933.jpg,0.0,True
_364_9397731.jpg,slit_lamp,dataset_03\train\moderate\_364_9397731.jpg,0.0,True
_365_6266228.jpg,slit_lamp,dataset_03\train\moderate\_365_6266228.jpg,0.0,True
_366_1717014.jpg,slit_lamp,dataset_03\train\moderate\_366_1717014.jpg,0.06,True
_366_983964.jpg,slit_lamp,dataset_03\train\moderate\_366_983964.jpg,0.07,True
_367_2864412.jpg,slit_lamp,dataset_03\train\moderate\_367_2864412.jpg,3.81,True
_367_9940827.jpg,slit_lamp,dataset_03\train\moderate\_367_9940827.jpg,3.74,True
_368_3722136.jpg,slit_lamp,dataset_03\train\moderate\_368_3722136.jpg,0.03,True
_368_8153741.jpg,slit_lamp,dataset_03\train\moderate\_368_8153741.jpg,0.03,True
_369_7001529.jpg,slit_lamp,dataset_03\train\moderate\_369_7001529.jpg,0.0,True
_36_1799809.jpg,slit_lamp,dataset_03\train\moderate\_36_1799809.jpg,20.87,True
_36_5599796.jpg,slit_lamp,dataset_03\train\moderate\_36_5599796.jpg,21.08,True
_371_8717830.jpg,slit_lamp,dataset_03\train\moderate\_371_8717830.jpg,0.0,True
_372_5630593.jpg,slit_lamp,dataset_03\train\moderate\_372_5630593.jpg,0.0,True
_374_8613138.jpg,slit_lamp,dataset_03\train\moderate\_374_8613138.jpg,0.0,True
_375_8898265.jpg,slit_lamp,dataset_03\train\moderate\_375_8898265.jpg,0.0,True
_375_9227285.jpg,slit_lamp,dataset_03\train\moderate\_375_9227285.jpg,0.0,True
_376_9321900.jpg,slit_lamp,dataset_03\train\moderate\_376_9321900.jpg,0.0,True
_377_1993330.jpg,slit_lamp,dataset_03\train\moderate\_377_1993330.jpg,0.02,True
_378_2183024.jpg,slit_lamp,dataset_03\train\moderate\_378_2183024.jpg,0.11,True
_37_7526265.jpg,slit_lamp,dataset_03\train\moderate\_37_7526265.jpg,7.46,True
_37_8896673.jpg,slit_lamp,dataset_03\train\moderate\_37_8896673.jpg,7.67,True
_380_7004130.jpg,slit_lamp,dataset_03\train\moderate\_380_7004130.jpg,0.0,True
_380_8765246.jpg,slit_lamp,dataset_03\train\moderate\_380_8765246.jpg,0.0,True
_381_6039460.jpg,slit_lamp,dataset_03\train\moderate\_381_6039460.jpg,0.0,True
_383_4165819.jpg,slit_lamp,dataset_03\train\moderate\_383_4165819.jpg,0.0,True
_384_4668888.jpg,slit_lamp,dataset_03\train\moderate\_384_4668888.jpg,0.0,True
_385_4113427.jpg,slit_lamp,dataset_03\train\moderate\_385_4113427.jpg,0.0,True
_386_4269538.jpg,slit_lamp,dataset_03\train\moderate\_386_4269538.jpg,0.0,True
_387_449073.jpg,slit_lamp,dataset_03\train\moderate\_387_449073.jpg,0.0,True
_388_2242538.jpg,slit_lamp,dataset_03\train\moderate\_388_2242538.jpg,0.0,True
_389_2605189.jpg,slit_lamp,dataset_03\train\moderate\_389_2605189.jpg,0.0,True
_390_1354382.jpg,slit_lamp,dataset_03\train\moderate\_390_1354382.jpg,0.0,True
_391_2115124.jpg,slit_lamp,dataset_03\train\moderate\_391_2115124.jpg,0.0,True
_391_3026815.jpg,slit_lamp,dataset_03\train\moderate\_391_3026815.jpg,0.0,True
_392_7918570.jpg,slit_lamp,dataset_03\train\moderate\_392_7918570.jpg,0.0,True
_397_8948757.jpg,slit_lamp,dataset_03\train\moderate\_397_8948757.jpg,0.0,True
_399_6667595.jpg,slit_lamp,dataset_03\train\moderate\_399_6667595.jpg,0.0,True
_39_9936846.jpg,slit_lamp,dataset_03\train\moderate\_39_9936846.jpg,0.05,True
_3_4674992.jpg,slit_lamp,dataset_03\train\moderate\_3_4674992.jpg,0.0,True
_400_7591244.jpg,slit_lamp,dataset_03\train\moderate\_400_7591244.jpg,0.0,True
_400_7969437.jpg,slit_lamp,dataset_03\train\moderate\_400_7969437.jpg,0.0,True
_40_3866061.jpg,slit_lamp,dataset_03\train\moderate\_40_3866061.jpg,0.0,True
_40_4103987.jpg,slit_lamp,dataset_03\train\moderate\_40_4103987.jpg,0.0,True
_41_6704276.jpg,slit_lamp,dataset_03\train\moderate\_41_6704276.jpg,0.0,True
_41_7645755.jpg,slit_lamp,dataset_03\train\moderate\_41_7645755.jpg,0.0,True
_42_7486921.jpg,slit_lamp,dataset_03\train\moderate\_42_7486921.jpg,0.0,True
_42_9949990.jpg,slit_lamp,dataset_03\train\moderate\_42_9949990.jpg,0.0,True
_43_5838123.jpg,slit_lamp,dataset_03\train\moderate\_43_5838123.jpg,0.0,True
_44_6970984.jpg,slit_lamp,dataset_03\train\moderate\_44_6970984.jpg,0.0,True
_46_4314985.jpg,slit_lamp,dataset_03\train\moderate\_46_4314985.jpg,0.0,True
_47_4608506.jpg,slit_lamp,dataset_03\train\moderate\_47_4608506.jpg,0.0,True
_48_1110786.jpg,slit_lamp,dataset_03\train\moderate\_48_1110786.jpg,0.0,True
_48_7953833.jpg,slit_lamp,dataset_03\train\moderate\_48_7953833.jpg,0.0,True
_49_1539697.jpg,slit_lamp,dataset_03\train\moderate\_49_1539697.jpg,0.01,True
_49_2405371.jpg,slit_lamp,dataset_03\train\moderate\_49_2405371.jpg,0.01,True
_49_7277741.jpg,slit_lamp,dataset_03\train\moderate\_49_7277741.jpg,0.0,True
_4_1244424.jpg,slit_lamp,dataset_03\train\moderate\_4_1244424.jpg,0.0,True
_4_7491150.jpg,slit_lamp,dataset_03\train\moderate\_4_7491150.jpg,0.0,True
_50_1920746.jpg,slit_lamp,dataset_03\train\moderate\_50_1920746.jpg,0.04,True
_52_3704655.jpg,slit_lamp,dataset_03\train\moderate\_52_3704655.jpg,0.0,True
_52_7569766.jpg,slit_lamp,dataset_03\train\moderate\_52_7569766.jpg,0.0,True
_53_8912600.jpg,slit_lamp,dataset_03\train\moderate\_53_8912600.jpg,0.0,True
_55_8463221.jpg,slit_lamp,dataset_03\train\moderate\_55_8463221.jpg,0.0,True
_57_3959793.jpg,slit_lamp,dataset_03\train\moderate\_57_3959793.jpg,0.0,True
_58_7683562.jpg,slit_lamp,dataset_03\train\moderate\_58_7683562.jpg,0.02,True
_59_2574195.jpg,slit_lamp,dataset_03\train\moderate\_59_2574195.jpg,0.0,True
_59_8958387.jpg,slit_lamp,dataset_03\train\moderate\_59_8958387.jpg,0.0,True
_5_9005506.jpg,slit_lamp,dataset_03\train\moderate\_5_9005506.jpg,0.0,True
_60_2561089.jpg,slit_lamp,dataset_03\train\moderate\_60_2561089.jpg,0.0,True
_61_2475173.jpg,slit_lamp,dataset_03\train\moderate\_61_2475173.jpg,0.0,True
_61_3633947.jpg,slit_lamp,dataset_03\train\moderate\_61_3633947.jpg,0.0,True
_62_9491665.jpg,slit_lamp,dataset_03\train\moderate\_62_9491665.jpg,0.0,True
_63_7923836.jpg,slit_lamp,dataset_03\train\moderate\_63_7923836.jpg,0.0,True
_64_5229674.jpg,slit_lamp,dataset_03\train\moderate\_64_5229674.jpg,0.0,True
_65_5167591.jpg,slit_lamp,dataset_03\train\moderate\_65_5167591.jpg,0.0,True
_66_9729796.jpg,slit_lamp,dataset_03\train\moderate\_66_9729796.jpg,0.0,True
_67_2701502.jpg,slit_lamp,dataset_03\train\moderate\_67_2701502.jpg,0.0,True
_67_7544085.jpg,slit_lamp,dataset_03\train\moderate\_67_7544085.jpg,0.0,True
_68_132563.jpg,slit_lamp,dataset_03\train\moderate\_68_132563.jpg,0.0,True
_68_6182618.jpg,slit_lamp,dataset_03\train\moderate\_68_6182618.jpg,0.0,True
_69_4758198.jpg,slit_lamp,dataset_03\train\moderate\_69_4758198.jpg,0.0,True
_6_6261868.jpg,slit_lamp,dataset_03\train\moderate\_6_6261868.jpg,14.0,True
_70_3464173.jpg,slit_lamp,dataset_03\train\moderate\_70_3464173.jpg,0.0,True
_70_6811978.jpg,slit_lamp,dataset_03\train\moderate\_70_6811978.jpg,0.0,True
_71_5079718.jpg,slit_lamp,dataset_03\train\moderate\_71_5079718.jpg,0.0,True
_71_7808711.jpg,slit_lamp,dataset_03\train\moderate\_71_7808711.jpg,0.0,True
_72_6009084.jpg,slit_lamp,dataset_03\train\moderate\_72_6009084.jpg,0.0,True
_74_5402652.jpg,slit_lamp,dataset_03\train\moderate\_74_5402652.jpg,0.0,True
_75_6801378.jpg,slit_lamp,dataset_03\train\moderate\_75_6801378.jpg,26.91,True
_77_2197698.jpg,slit_lamp,dataset_03\train\moderate\_77_2197698.jpg,0.0,True
_77_938150.jpg,slit_lamp,dataset_03\train\moderate\_77_938150.jpg,0.0,True
_78_267330.jpg,slit_lamp,dataset_03\train\moderate\_78_267330.jpg,3.57,True
_78_8248707.jpg,slit_lamp,dataset_03\train\moderate\_78_8248707.jpg,3.58,True
_79_1123955.jpg,slit_lamp,dataset_03\train\moderate\_79_1123955.jpg,0.0,True
_7_1388234.jpg,slit_lamp,dataset_03\train\moderate\_7_1388234.jpg,0.0,True
_7_2330751.jpg,slit_lamp,dataset_03\train\moderate\_7_2330751.jpg,0.0,True
_81_5591649.jpg,slit_lamp,dataset_03\train\moderate\_81_5591649.jpg,0.0,True
_81_6384668.jpg,slit_lamp,dataset_03\train\moderate\_81_6384668.jpg,0.0,True
_82_1805923.jpg,slit_lamp,dataset_03\train\moderate\_82_1805923.jpg,0.0,True
_83_8570399.jpg,slit_lamp,dataset_03\train\moderate\_83_8570399.jpg,0.0,True
_85_2405112.jpg,slit_lamp,dataset_03\train\moderate\_85_2405112.jpg,0.0,True
_86_4443360.jpg,slit_lamp,dataset_03\train\moderate\_86_4443360.jpg,0.0,True
_86_8666413.jpg,slit_lamp,dataset_03\train\moderate\_86_8666413.jpg,0.0,True
_87_635890.jpg,slit_lamp,dataset_03\train\moderate\_87_635890.jpg,0.0,True
_88_1858467.jpg,slit_lamp,dataset_03\train\moderate\_88_1858467.jpg,0.0,True
_88_7869628.jpg,slit_lamp,dataset_03\train\moderate\_88_7869628.jpg,0.0,True
_89_450120.jpg,slit_lamp,dataset_03\train\moderate\_89_450120.jpg,0.0,True
_90_3742626.jpg,slit_lamp,dataset_03\train\moderate\_90_3742626.jpg,0.0,True
_90_4479779.jpg,slit_lamp,dataset_03\train\moderate\_90_4479779.jpg,0.0,True
_90_4763455.jpg,slit_lamp,dataset_03\train\moderate\_90_4763455.jpg,0.0,True
_91_7118539.jpg,slit_lamp,dataset_03\train\moderate\_91_7118539.jpg,0.0,True
_92_5284437.jpg,slit_lamp,dataset_03\train\moderate\_92_5284437.jpg,0.0,True
_93_7584804.jpg,slit_lamp,dataset_03\train\moderate\_93_7584804.jpg,0.0,True
_94_5517058.jpg,slit_lamp,dataset_03\train\moderate\_94_5517058.jpg,1.2,True
_96_5515894.jpg,slit_lamp,dataset_03\train\moderate\_96_5515894.jpg,0.0,True
_96_6290965.jpg,slit_lamp,dataset_03\train\moderate\_96_6290965.jpg,0.0,True
_97_6398110.jpg,slit_lamp,dataset_03\train\moderate\_97_6398110.jpg,0.0,True
_97_761368.jpg,slit_lamp,dataset_03\train\moderate\_97_761368.jpg,0.0,True
_98_9687825.jpg,slit_lamp,dataset_03\train\moderate\_98_9687825.jpg,0.0,True
1034_right.jpg,slit_lamp,dataset_03\train\normal\1034_right.jpg,0.0,True
1060_right.jpg,slit_lamp,dataset_03\train\normal\1060_right.jpg,0.13,True
1253_left.jpg,slit_lamp,dataset_03\train\normal\1253_left.jpg,1.26,True
1253_right.jpg,slit_lamp,dataset_03\train\normal\1253_right.jpg,0.6,True
2329_left.jpg,slit_lamp,dataset_03\train\normal\2329_left.jpg,0.0,True
2329_right.jpg,slit_lamp,dataset_03\train\normal\2329_right.jpg,0.0,True
2331_left.jpg,slit_lamp,dataset_03\train\normal\2331_left.jpg,0.0,True
2331_right.jpg,slit_lamp,dataset_03\train\normal\2331_right.jpg,0.0,True
2332_left.jpg,slit_lamp,dataset_03\train\normal\2332_left.jpg,0.0,True
2332_right.jpg,slit_lamp,dataset_03\train\normal\2332_right.jpg,0.0,True
2334_left.jpg,slit_lamp,dataset_03\train\normal\2334_left.jpg,0.0,True
2334_right.jpg,slit_lamp,dataset_03\train\normal\2334_right.jpg,0.0,True
2335_left.jpg,slit_lamp,dataset_03\train\normal\2335_left.jpg,0.49,True
2341_right.jpg,slit_lamp,dataset_03\train\normal\2341_right.jpg,0.0,True
2345_left.jpg,slit_lamp,dataset_03\train\normal\2345_left.jpg,0.0,True
2345_right.jpg,slit_lamp,dataset_03\train\normal\2345_right.jpg,0.0,True
2346_left.jpg,slit_lamp,dataset_03\train\normal\2346_left.jpg,1.49,True
2349_left.jpg,slit_lamp,dataset_03\train\normal\2349_left.jpg,0.0,True
2349_right.jpg,slit_lamp,dataset_03\train\normal\2349_right.jpg,0.0,True
2351_left.jpg,slit_lamp,dataset_03\train\normal\2351_left.jpg,0.0,True
2353_left.jpg,slit_lamp,dataset_03\train\normal\2353_left.jpg,0.0,True
2353_right.jpg,slit_lamp,dataset_03\train\normal\2353_right.jpg,0.0,True
2354_right.jpg,slit_lamp,dataset_03\train\normal\2354_right.jpg,0.01,True
2355_right.jpg,slit_lamp,dataset_03\train\normal\2355_right.jpg,0.0,True
2356_left.jpg,slit_lamp,dataset_03\train\normal\2356_left.jpg,0.67,True
2356_right.jpg,slit_lamp,dataset_03\train\normal\2356_right.jpg,0.97,True
2359_left.jpg,slit_lamp,dataset_03\train\normal\2359_left.jpg,0.0,True
2362_right.jpg,slit_lamp,dataset_03\train\normal\2362_right.jpg,0.0,True
2363_right.jpg,slit_lamp,dataset_03\train\normal\2363_right.jpg,0.0,True
2365_right.jpg,slit_lamp,dataset_03\train\normal\2365_right.jpg,0.0,True
2366_left.jpg,slit_lamp,dataset_03\train\normal\2366_left.jpg,0.0,True
2367_right.jpg,slit_lamp,dataset_03\train\normal\2367_right.jpg,0.0,True
2368_left.jpg,slit_lamp,dataset_03\train\normal\2368_left.jpg,0.0,True
2368_right.jpg,slit_lamp,dataset_03\train\normal\2368_right.jpg,0.0,True
2369_left.jpg,slit_lamp,dataset_03\train\normal\2369_left.jpg,0.0,True
2369_right.jpg,slit_lamp,dataset_03\train\normal\2369_right.jpg,0.0,True
2371_left.jpg,slit_lamp,dataset_03\train\normal\2371_left.jpg,0.0,True
2371_right.jpg,slit_lamp,dataset_03\train\normal\2371_right.jpg,0.0,True
2372_left.jpg,slit_lamp,dataset_03\train\normal\2372_left.jpg,0.0,True
2378_left.jpg,slit_lamp,dataset_03\train\normal\2378_left.jpg,0.0,True
2378_right.jpg,slit_lamp,dataset_03\train\normal\2378_right.jpg,0.0,True
2380_right.jpg,slit_lamp,dataset_03\train\normal\2380_right.jpg,0.0,True
2382_left.jpg,slit_lamp,dataset_03\train\normal\2382_left.jpg,0.0,True
2383_left.jpg,slit_lamp,dataset_03\train\normal\2383_left.jpg,0.0,True
2383_right.jpg,slit_lamp,dataset_03\train\normal\2383_right.jpg,0.0,True
2384_left.jpg,slit_lamp,dataset_03\train\normal\2384_left.jpg,0.0,True
2384_right.jpg,slit_lamp,dataset_03\train\normal\2384_right.jpg,0.0,True
2386_left.jpg,slit_lamp,dataset_03\train\normal\2386_left.jpg,0.0,True
2386_right.jpg,slit_lamp,dataset_03\train\normal\2386_right.jpg,0.0,True
2388_left.jpg,slit_lamp,dataset_03\train\normal\2388_left.jpg,0.0,True
2393_left.jpg,slit_lamp,dataset_03\train\normal\2393_left.jpg,0.0,True
2393_right.jpg,slit_lamp,dataset_03\train\normal\2393_right.jpg,0.0,True
2394_left.jpg,slit_lamp,dataset_03\train\normal\2394_left.jpg,0.0,True
2394_right.jpg,slit_lamp,dataset_03\train\normal\2394_right.jpg,0.15,True
2395_right.jpg,slit_lamp,dataset_03\train\normal\2395_right.jpg,0.0,True
2396_left.jpg,slit_lamp,dataset_03\train\normal\2396_left.jpg,0.0,True
2396_right.jpg,slit_lamp,dataset_03\train\normal\2396_right.jpg,0.0,True
2397_left.jpg,slit_lamp,dataset_03\train\normal\2397_left.jpg,0.0,True
2399_left.jpg,slit_lamp,dataset_03\train\normal\2399_left.jpg,0.0,True
2403_left.jpg,slit_lamp,dataset_03\train\normal\2403_left.jpg,0.04,True
2403_right.jpg,slit_lamp,dataset_03\train\normal\2403_right.jpg,0.0,True
2408_left.jpg,slit_lamp,dataset_03\train\normal\2408_left.jpg,0.0,True
2410_left.jpg,slit_lamp,dataset_03\train\normal\2410_left.jpg,0.0,True
2415_left.jpg,slit_lamp,dataset_03\train\normal\2415_left.jpg,0.0,True
2415_right.jpg,slit_lamp,dataset_03\train\normal\2415_right.jpg,0.0,True
2418_left.jpg,slit_lamp,dataset_03\train\normal\2418_left.jpg,0.0,True
2419_left.jpg,slit_lamp,dataset_03\train\normal\2419_left.jpg,0.0,True
2419_right.jpg,slit_lamp,dataset_03\train\normal\2419_right.jpg,0.0,True
2421_left.jpg,slit_lamp,dataset_03\train\normal\2421_left.jpg,0.25,True
2421_right.jpg,slit_lamp,dataset_03\train\normal\2421_right.jpg,0.35,True
2422_left.jpg,slit_lamp,dataset_03\train\normal\2422_left.jpg,0.0,True
2422_right.jpg,slit_lamp,dataset_03\train\normal\2422_right.jpg,0.0,True
2423_left.jpg,slit_lamp,dataset_03\train\normal\2423_left.jpg,0.0,True
2423_right.jpg,slit_lamp,dataset_03\train\normal\2423_right.jpg,0.0,True
2426_left.jpg,slit_lamp,dataset_03\train\normal\2426_left.jpg,0.0,True
2428_left.jpg,slit_lamp,dataset_03\train\normal\2428_left.jpg,0.0,True
2432_left.jpg,slit_lamp,dataset_03\train\normal\2432_left.jpg,0.0,True
2432_right.jpg,slit_lamp,dataset_03\train\normal\2432_right.jpg,0.0,True
2437_left.jpg,slit_lamp,dataset_03\train\normal\2437_left.jpg,0.0,True
2437_right.jpg,slit_lamp,dataset_03\train\normal\2437_right.jpg,0.0,True
2438_left.jpg,slit_lamp,dataset_03\train\normal\2438_left.jpg,0.0,True
2438_right.jpg,slit_lamp,dataset_03\train\normal\2438_right.jpg,0.0,True
2441_left.jpg,slit_lamp,dataset_03\train\normal\2441_left.jpg,0.4,True
2443_right.jpg,slit_lamp,dataset_03\train\normal\2443_right.jpg,0.0,True
2444_left.jpg,slit_lamp,dataset_03\train\normal\2444_left.jpg,0.0,True
2444_right.jpg,slit_lamp,dataset_03\train\normal\2444_right.jpg,0.0,True
2446_left.jpg,slit_lamp,dataset_03\train\normal\2446_left.jpg,0.0,True
2446_right.jpg,slit_lamp,dataset_03\train\normal\2446_right.jpg,0.01,True
2448_left.jpg,slit_lamp,dataset_03\train\normal\2448_left.jpg,0.0,True
2456_left.jpg,slit_lamp,dataset_03\train\normal\2456_left.jpg,0.0,True
2456_right.jpg,slit_lamp,dataset_03\train\normal\2456_right.jpg,0.0,True
2463_left.jpg,slit_lamp,dataset_03\train\normal\2463_left.jpg,0.0,True
2463_right.jpg,slit_lamp,dataset_03\train\normal\2463_right.jpg,0.0,True
2465_left.jpg,slit_lamp,dataset_03\train\normal\2465_left.jpg,0.0,True
2465_right.jpg,slit_lamp,dataset_03\train\normal\2465_right.jpg,0.08,True
2466_left.jpg,slit_lamp,dataset_03\train\normal\2466_left.jpg,0.0,True
2466_right.jpg,slit_lamp,dataset_03\train\normal\2466_right.jpg,0.0,True
2469_left.jpg,slit_lamp,dataset_03\train\normal\2469_left.jpg,0.0,True
2470_left.jpg,slit_lamp,dataset_03\train\normal\2470_left.jpg,0.13,True
2470_right.jpg,slit_lamp,dataset_03\train\normal\2470_right.jpg,0.2,True
2475_left.jpg,slit_lamp,dataset_03\train\normal\2475_left.jpg,0.0,True
2477_left.jpg,slit_lamp,dataset_03\train\normal\2477_left.jpg,0.0,True
2481_left.jpg,slit_lamp,dataset_03\train\normal\2481_left.jpg,0.03,True
2481_right.jpg,slit_lamp,dataset_03\train\normal\2481_right.jpg,0.0,True
2482_right.jpg,slit_lamp,dataset_03\train\normal\2482_right.jpg,0.99,True
2483_left.jpg,slit_lamp,dataset_03\train\normal\2483_left.jpg,0.03,True
2483_right.jpg,slit_lamp,dataset_03\train\normal\2483_right.jpg,0.04,True
2484_left.jpg,slit_lamp,dataset_03\train\normal\2484_left.jpg,0.0,True
2485_left.jpg,slit_lamp,dataset_03\train\normal\2485_left.jpg,0.0,True
2485_right.jpg,slit_lamp,dataset_03\train\normal\2485_right.jpg,0.0,True
2486_left.jpg,slit_lamp,dataset_03\train\normal\2486_left.jpg,0.0,True
2489_left.jpg,slit_lamp,dataset_03\train\normal\2489_left.jpg,0.0,True
2489_right.jpg,slit_lamp,dataset_03\train\normal\2489_right.jpg,0.0,True
2493_right.jpg,slit_lamp,dataset_03\train\normal\2493_right.jpg,0.0,True
2496_right.jpg,slit_lamp,dataset_03\train\normal\2496_right.jpg,0.0,True
2500_left.jpg,slit_lamp,dataset_03\train\normal\2500_left.jpg,0.0,True
2501_right.jpg,slit_lamp,dataset_03\train\normal\2501_right.jpg,0.0,True
2504_left.jpg,slit_lamp,dataset_03\train\normal\2504_left.jpg,0.0,True
2506_left.jpg,slit_lamp,dataset_03\train\normal\2506_left.jpg,0.0,True
2506_right.jpg,slit_lamp,dataset_03\train\normal\2506_right.jpg,0.04,True
2507_left.jpg,slit_lamp,dataset_03\train\normal\2507_left.jpg,0.0,True
2507_right.jpg,slit_lamp,dataset_03\train\normal\2507_right.jpg,0.0,True
2508_left.jpg,slit_lamp,dataset_03\train\normal\2508_left.jpg,0.0,True
2508_right.jpg,slit_lamp,dataset_03\train\normal\2508_right.jpg,0.0,True
2512_left.jpg,slit_lamp,dataset_03\train\normal\2512_left.jpg,0.0,True
2512_right.jpg,slit_lamp,dataset_03\train\normal\2512_right.jpg,0.0,True
2515_left.jpg,slit_lamp,dataset_03\train\normal\2515_left.jpg,0.0,True
2517_left.jpg,slit_lamp,dataset_03\train\normal\2517_left.jpg,0.0,True
2518_left.jpg,slit_lamp,dataset_03\train\normal\2518_left.jpg,0.04,True
2518_right.jpg,slit_lamp,dataset_03\train\normal\2518_right.jpg,0.0,True
2519_left.jpg,slit_lamp,dataset_03\train\normal\2519_left.jpg,0.18,True
2519_right.jpg,slit_lamp,dataset_03\train\normal\2519_right.jpg,0.0,True
2521_left.jpg,slit_lamp,dataset_03\train\normal\2521_left.jpg,0.0,True
2521_right.jpg,slit_lamp,dataset_03\train\normal\2521_right.jpg,0.0,True
2523_left.jpg,slit_lamp,dataset_03\train\normal\2523_left.jpg,0.23,True
2523_right.jpg,slit_lamp,dataset_03\train\normal\2523_right.jpg,0.0,True
2524_left.jpg,slit_lamp,dataset_03\train\normal\2524_left.jpg,0.0,True
2524_right.jpg,slit_lamp,dataset_03\train\normal\2524_right.jpg,0.0,True
2525_left.jpg,slit_lamp,dataset_03\train\normal\2525_left.jpg,0.0,True
2525_right.jpg,slit_lamp,dataset_03\train\normal\2525_right.jpg,0.0,True
2527_left.jpg,slit_lamp,dataset_03\train\normal\2527_left.jpg,0.0,True
2527_right.jpg,slit_lamp,dataset_03\train\normal\2527_right.jpg,0.0,True
2529_left.jpg,slit_lamp,dataset_03\train\normal\2529_left.jpg,0.0,True
2529_right.jpg,slit_lamp,dataset_03\train\normal\2529_right.jpg,0.0,True
2538_left.jpg,slit_lamp,dataset_03\train\normal\2538_left.jpg,0.0,True
2538_right.jpg,slit_lamp,dataset_03\train\normal\2538_right.jpg,0.0,True
2540_left.jpg,slit_lamp,dataset_03\train\normal\2540_left.jpg,0.33,True
2540_right.jpg,slit_lamp,dataset_03\train\normal\2540_right.jpg,0.09,True
2542_left.jpg,slit_lamp,dataset_03\train\normal\2542_left.jpg,0.0,True
2542_right.jpg,slit_lamp,dataset_03\train\normal\2542_right.jpg,0.0,True
2543_left.jpg,slit_lamp,dataset_03\train\normal\2543_left.jpg,0.0,True
2543_right.jpg,slit_lamp,dataset_03\train\normal\2543_right.jpg,0.0,True
2547_left.jpg,slit_lamp,dataset_03\train\normal\2547_left.jpg,0.0,True
2547_right.jpg,slit_lamp,dataset_03\train\normal\2547_right.jpg,0.0,True
2548_left.jpg,slit_lamp,dataset_03\train\normal\2548_left.jpg,0.0,True
2554_right.jpg,slit_lamp,dataset_03\train\normal\2554_right.jpg,0.16,True
2556_left.jpg,slit_lamp,dataset_03\train\normal\2556_left.jpg,0.0,True
2558_right.jpg,slit_lamp,dataset_03\train\normal\2558_right.jpg,0.0,True
2563_left.jpg,slit_lamp,dataset_03\train\normal\2563_left.jpg,0.0,True
2563_right.jpg,slit_lamp,dataset_03\train\normal\2563_right.jpg,0.0,True
2564_left.jpg,slit_lamp,dataset_03\train\normal\2564_left.jpg,0.37,True
2565_left.jpg,slit_lamp,dataset_03\train\normal\2565_left.jpg,0.0,True
2565_right.jpg,slit_lamp,dataset_03\train\normal\2565_right.jpg,0.0,True
2567_right.jpg,slit_lamp,dataset_03\train\normal\2567_right.jpg,0.03,True
2569_right.jpg,slit_lamp,dataset_03\train\normal\2569_right.jpg,0.0,True
2570_right.jpg,slit_lamp,dataset_03\train\normal\2570_right.jpg,0.0,True
2572_right.jpg,slit_lamp,dataset_03\train\normal\2572_right.jpg,0.0,True
2573_left.jpg,slit_lamp,dataset_03\train\normal\2573_left.jpg,0.0,True
2573_right.jpg,slit_lamp,dataset_03\train\normal\2573_right.jpg,0.0,True
2574_left.jpg,slit_lamp,dataset_03\train\normal\2574_left.jpg,0.0,True
2574_right.jpg,slit_lamp,dataset_03\train\normal\2574_right.jpg,0.0,True
2575_left.jpg,slit_lamp,dataset_03\train\normal\2575_left.jpg,0.02,True
2575_right.jpg,slit_lamp,dataset_03\train\normal\2575_right.jpg,0.0,True
2576_left.jpg,slit_lamp,dataset_03\train\normal\2576_left.jpg,0.0,True
2576_right.jpg,slit_lamp,dataset_03\train\normal\2576_right.jpg,0.0,True
2577_right.jpg,slit_lamp,dataset_03\train\normal\2577_right.jpg,0.0,True
2580_right.jpg,slit_lamp,dataset_03\train\normal\2580_right.jpg,0.0,True
2583_left.jpg,slit_lamp,dataset_03\train\normal\2583_left.jpg,0.0,True
2583_right.jpg,slit_lamp,dataset_03\train\normal\2583_right.jpg,0.0,True
2585_left.jpg,slit_lamp,dataset_03\train\normal\2585_left.jpg,0.01,True
2586_left.jpg,slit_lamp,dataset_03\train\normal\2586_left.jpg,0.0,True
2587_right.jpg,slit_lamp,dataset_03\train\normal\2587_right.jpg,0.0,True
2588_left.jpg,slit_lamp,dataset_03\train\normal\2588_left.jpg,0.0,True
2588_right.jpg,slit_lamp,dataset_03\train\normal\2588_right.jpg,0.01,True
2589_right.jpg,slit_lamp,dataset_03\train\normal\2589_right.jpg,0.07,True
2591_left.jpg,slit_lamp,dataset_03\train\normal\2591_left.jpg,0.16,True
2591_right.jpg,slit_lamp,dataset_03\train\normal\2591_right.jpg,0.34,True
2597_left.jpg,slit_lamp,dataset_03\train\normal\2597_left.jpg,0.0,True
2597_right.jpg,slit_lamp,dataset_03\train\normal\2597_right.jpg,0.0,True
2598_left.jpg,slit_lamp,dataset_03\train\normal\2598_left.jpg,0.0,True
2599_left.jpg,slit_lamp,dataset_03\train\normal\2599_left.jpg,0.08,True
2599_right.jpg,slit_lamp,dataset_03\train\normal\2599_right.jpg,0.0,True
2600_left.jpg,slit_lamp,dataset_03\train\normal\2600_left.jpg,0.0,True
2600_right.jpg,slit_lamp,dataset_03\train\normal\2600_right.jpg,0.05,True
2603_left.jpg,slit_lamp,dataset_03\train\normal\2603_left.jpg,0.11,True
2603_right.jpg,slit_lamp,dataset_03\train\normal\2603_right.jpg,0.0,True
2604_left.jpg,slit_lamp,dataset_03\train\normal\2604_left.jpg,0.0,True
2604_right.jpg,slit_lamp,dataset_03\train\normal\2604_right.jpg,0.0,True
2608_left.jpg,slit_lamp,dataset_03\train\normal\2608_left.jpg,0.0,True
2608_right.jpg,slit_lamp,dataset_03\train\normal\2608_right.jpg,0.0,True
2609_left.jpg,slit_lamp,dataset_03\train\normal\2609_left.jpg,0.0,True
2609_right.jpg,slit_lamp,dataset_03\train\normal\2609_right.jpg,0.0,True
2610_left.jpg,slit_lamp,dataset_03\train\normal\2610_left.jpg,0.0,True
2616_left.jpg,slit_lamp,dataset_03\train\normal\2616_left.jpg,0.0,True
2622_left.jpg,slit_lamp,dataset_03\train\normal\2622_left.jpg,0.0,True
2624_left.jpg,slit_lamp,dataset_03\train\normal\2624_left.jpg,0.0,True
2624_right.jpg,slit_lamp,dataset_03\train\normal\2624_right.jpg,0.09,True
2627_left.jpg,slit_lamp,dataset_03\train\normal\2627_left.jpg,0.16,True
2627_right.jpg,slit_lamp,dataset_03\train\normal\2627_right.jpg,0.0,True
2632_left.jpg,slit_lamp,dataset_03\train\normal\2632_left.jpg,0.0,True
2632_right.jpg,slit_lamp,dataset_03\train\normal\2632_right.jpg,0.0,True
2633_left.jpg,slit_lamp,dataset_03\train\normal\2633_left.jpg,0.0,True
2633_right.jpg,slit_lamp,dataset_03\train\normal\2633_right.jpg,0.0,True
2634_right.jpg,slit_lamp,dataset_03\train\normal\2634_right.jpg,0.0,True
2637_left.jpg,slit_lamp,dataset_03\train\normal\2637_left.jpg,0.0,True
2637_right.jpg,slit_lamp,dataset_03\train\normal\2637_right.jpg,0.0,True
2638_left.jpg,slit_lamp,dataset_03\train\normal\2638_left.jpg,0.11,True
2638_right.jpg,slit_lamp,dataset_03\train\normal\2638_right.jpg,0.0,True
2640_left.jpg,slit_lamp,dataset_03\train\normal\2640_left.jpg,0.08,True
2640_right.jpg,slit_lamp,dataset_03\train\normal\2640_right.jpg,0.48,True
2641_left.jpg,slit_lamp,dataset_03\train\normal\2641_left.jpg,0.0,True
2642_left.jpg,slit_lamp,dataset_03\train\normal\2642_left.jpg,0.0,True
2642_right.jpg,slit_lamp,dataset_03\train\normal\2642_right.jpg,0.0,True
2643_right.jpg,slit_lamp,dataset_03\train\normal\2643_right.jpg,0.0,True
2645_right.jpg,slit_lamp,dataset_03\train\normal\2645_right.jpg,0.7,True
2647_left.jpg,slit_lamp,dataset_03\train\normal\2647_left.jpg,0.0,True
2647_right.jpg,slit_lamp,dataset_03\train\normal\2647_right.jpg,0.0,True
2649_right.jpg,slit_lamp,dataset_03\train\normal\2649_right.jpg,0.82,True
2650_right.jpg,slit_lamp,dataset_03\train\normal\2650_right.jpg,0.0,True
2651_left.jpg,slit_lamp,dataset_03\train\normal\2651_left.jpg,0.0,True
2651_right.jpg,slit_lamp,dataset_03\train\normal\2651_right.jpg,0.0,True
2652_left.jpg,slit_lamp,dataset_03\train\normal\2652_left.jpg,1.33,True
2652_right.jpg,slit_lamp,dataset_03\train\normal\2652_right.jpg,0.04,True
2653_right.jpg,slit_lamp,dataset_03\train\normal\2653_right.jpg,1.83,True
2657_left.jpg,slit_lamp,dataset_03\train\normal\2657_left.jpg,0.0,True
2657_right.jpg,slit_lamp,dataset_03\train\normal\2657_right.jpg,0.0,True
2658_left.jpg,slit_lamp,dataset_03\train\normal\2658_left.jpg,0.0,True
2658_right.jpg,slit_lamp,dataset_03\train\normal\2658_right.jpg,0.0,True
2659_left.jpg,slit_lamp,dataset_03\train\normal\2659_left.jpg,0.0,True
2660_left.jpg,slit_lamp,dataset_03\train\normal\2660_left.jpg,0.0,True
2660_right.jpg,slit_lamp,dataset_03\train\normal\2660_right.jpg,0.0,True
2661_left.jpg,slit_lamp,dataset_03\train\normal\2661_left.jpg,0.0,True
2661_right.jpg,slit_lamp,dataset_03\train\normal\2661_right.jpg,0.0,True
2662_left.jpg,slit_lamp,dataset_03\train\normal\2662_left.jpg,0.0,True
2662_right.jpg,slit_lamp,dataset_03\train\normal\2662_right.jpg,0.0,True
2667_right.jpg,slit_lamp,dataset_03\train\normal\2667_right.jpg,0.0,True
2672_left.jpg,slit_lamp,dataset_03\train\normal\2672_left.jpg,0.01,True
2673_left.jpg,slit_lamp,dataset_03\train\normal\2673_left.jpg,0.0,True
2675_left.jpg,slit_lamp,dataset_03\train\normal\2675_left.jpg,0.0,True
2675_right.jpg,slit_lamp,dataset_03\train\normal\2675_right.jpg,0.0,True
2676_right.jpg,slit_lamp,dataset_03\train\normal\2676_right.jpg,0.0,True
2677_left.jpg,slit_lamp,dataset_03\train\normal\2677_left.jpg,0.0,True
2677_right.jpg,slit_lamp,dataset_03\train\normal\2677_right.jpg,0.02,True
2680_left.jpg,slit_lamp,dataset_03\train\normal\2680_left.jpg,0.17,True
2680_right.jpg,slit_lamp,dataset_03\train\normal\2680_right.jpg,0.0,True
2681_left.jpg,slit_lamp,dataset_03\train\normal\2681_left.jpg,0.0,True
2685_left.jpg,slit_lamp,dataset_03\train\normal\2685_left.jpg,0.0,True
2685_right.jpg,slit_lamp,dataset_03\train\normal\2685_right.jpg,0.0,True
2688_left.jpg,slit_lamp,dataset_03\train\normal\2688_left.jpg,0.0,True
2688_right.jpg,slit_lamp,dataset_03\train\normal\2688_right.jpg,0.0,True
2689_right.jpg,slit_lamp,dataset_03\train\normal\2689_right.jpg,0.09,True
2690_right.jpg,slit_lamp,dataset_03\train\normal\2690_right.jpg,0.88,True
2695_left.jpg,slit_lamp,dataset_03\train\normal\2695_left.jpg,0.0,True
2696_right.jpg,slit_lamp,dataset_03\train\normal\2696_right.jpg,0.27,True
2697_left.jpg,slit_lamp,dataset_03\train\normal\2697_left.jpg,0.0,True
2699_left.jpg,slit_lamp,dataset_03\train\normal\2699_left.jpg,0.0,True
2699_right.jpg,slit_lamp,dataset_03\train\normal\2699_right.jpg,0.0,True
2702_right.jpg,slit_lamp,dataset_03\train\normal\2702_right.jpg,0.0,True
2705_left.jpg,slit_lamp,dataset_03\train\normal\2705_left.jpg,0.0,True
2705_right.jpg,slit_lamp,dataset_03\train\normal\2705_right.jpg,0.0,True
2707_left.jpg,slit_lamp,dataset_03\train\normal\2707_left.jpg,0.8,True
2707_right.jpg,slit_lamp,dataset_03\train\normal\2707_right.jpg,0.43,True
2708_left.jpg,slit_lamp,dataset_03\train\normal\2708_left.jpg,0.0,True
2708_right.jpg,slit_lamp,dataset_03\train\normal\2708_right.jpg,0.0,True
2709_left.jpg,slit_lamp,dataset_03\train\normal\2709_left.jpg,0.0,True
2710_left.jpg,slit_lamp,dataset_03\train\normal\2710_left.jpg,0.0,True
2710_right.jpg,slit_lamp,dataset_03\train\normal\2710_right.jpg,0.0,True
2712_left.jpg,slit_lamp,dataset_03\train\normal\2712_left.jpg,0.0,True
2712_right.jpg,slit_lamp,dataset_03\train\normal\2712_right.jpg,0.04,True
2713_left.jpg,slit_lamp,dataset_03\train\normal\2713_left.jpg,0.0,True
2713_right.jpg,slit_lamp,dataset_03\train\normal\2713_right.jpg,0.0,True
2718_left.jpg,slit_lamp,dataset_03\train\normal\2718_left.jpg,0.0,True
2718_right.jpg,slit_lamp,dataset_03\train\normal\2718_right.jpg,0.0,True
2728_right.jpg,slit_lamp,dataset_03\train\normal\2728_right.jpg,0.01,True
2729_left.jpg,slit_lamp,dataset_03\train\normal\2729_left.jpg,0.0,True
2730_left.jpg,slit_lamp,dataset_03\train\normal\2730_left.jpg,0.0,True
2730_right.jpg,slit_lamp,dataset_03\train\normal\2730_right.jpg,0.04,True
2732_right.jpg,slit_lamp,dataset_03\train\normal\2732_right.jpg,0.0,True
2735_left.jpg,slit_lamp,dataset_03\train\normal\2735_left.jpg,8.57,True
2735_right.jpg,slit_lamp,dataset_03\train\normal\2735_right.jpg,0.01,True
2736_right.jpg,slit_lamp,dataset_03\train\normal\2736_right.jpg,0.0,True
2737_right.jpg,slit_lamp,dataset_03\train\normal\2737_right.jpg,0.0,True
2742_right.jpg,slit_lamp,dataset_03\train\normal\2742_right.jpg,0.0,True
2743_left.jpg,slit_lamp,dataset_03\train\normal\2743_left.jpg,0.0,True
2743_right.jpg,slit_lamp,dataset_03\train\normal\2743_right.jpg,14.54,True
2748_right.jpg,slit_lamp,dataset_03\train\normal\2748_right.jpg,0.0,True
2749_left.jpg,slit_lamp,dataset_03\train\normal\2749_left.jpg,0.0,True
2749_right.jpg,slit_lamp,dataset_03\train\normal\2749_right.jpg,0.0,True
2752_right.jpg,slit_lamp,dataset_03\train\normal\2752_right.jpg,0.0,True
2756_right.jpg,slit_lamp,dataset_03\train\normal\2756_right.jpg,0.0,True
2761_left.jpg,slit_lamp,dataset_03\train\normal\2761_left.jpg,0.0,True
2761_right.jpg,slit_lamp,dataset_03\train\normal\2761_right.jpg,0.0,True
2763_right.jpg,slit_lamp,dataset_03\train\normal\2763_right.jpg,0.0,True
2764_left.jpg,slit_lamp,dataset_03\train\normal\2764_left.jpg,0.0,True
2764_right.jpg,slit_lamp,dataset_03\train\normal\2764_right.jpg,0.0,True
2767_left.jpg,slit_lamp,dataset_03\train\normal\2767_left.jpg,0.0,True
2767_right.jpg,slit_lamp,dataset_03\train\normal\2767_right.jpg,0.0,True
2768_right.jpg,slit_lamp,dataset_03\train\normal\2768_right.jpg,0.0,True
2770_right.jpg,slit_lamp,dataset_03\train\normal\2770_right.jpg,0.0,True
2771_left.jpg,slit_lamp,dataset_03\train\normal\2771_left.jpg,0.0,True
2771_right.jpg,slit_lamp,dataset_03\train\normal\2771_right.jpg,0.02,True
2773_left.jpg,slit_lamp,dataset_03\train\normal\2773_left.jpg,0.0,True
2773_right.jpg,slit_lamp,dataset_03\train\normal\2773_right.jpg,0.0,True
2775_left.jpg,slit_lamp,dataset_03\train\normal\2775_left.jpg,0.0,True
2775_right.jpg,slit_lamp,dataset_03\train\normal\2775_right.jpg,0.19,True
2777_left.jpg,slit_lamp,dataset_03\train\normal\2777_left.jpg,0.01,True
2779_right.jpg,slit_lamp,dataset_03\train\normal\2779_right.jpg,0.0,True
2782_left.jpg,slit_lamp,dataset_03\train\normal\2782_left.jpg,0.0,True
2782_right.jpg,slit_lamp,dataset_03\train\normal\2782_right.jpg,0.0,True
2786_left.jpg,slit_lamp,dataset_03\train\normal\2786_left.jpg,0.0,True
2786_right.jpg,slit_lamp,dataset_03\train\normal\2786_right.jpg,0.0,True
2787_left.jpg,slit_lamp,dataset_03\train\normal\2787_left.jpg,0.17,True
2787_right.jpg,slit_lamp,dataset_03\train\normal\2787_right.jpg,1.44,True
2789_right.jpg,slit_lamp,dataset_03\train\normal\2789_right.jpg,0.03,True
2790_left.jpg,slit_lamp,dataset_03\train\normal\2790_left.jpg,0.02,True
2791_right.jpg,slit_lamp,dataset_03\train\normal\2791_right.jpg,0.0,True
2794_left.jpg,slit_lamp,dataset_03\train\normal\2794_left.jpg,0.0,True
2795_left.jpg,slit_lamp,dataset_03\train\normal\2795_left.jpg,0.0,True
2795_right.jpg,slit_lamp,dataset_03\train\normal\2795_right.jpg,0.0,True
2797_left.jpg,slit_lamp,dataset_03\train\normal\2797_left.jpg,0.96,True
2797_right.jpg,slit_lamp,dataset_03\train\normal\2797_right.jpg,0.72,True
2798_left.jpg,slit_lamp,dataset_03\train\normal\2798_left.jpg,0.05,True
2798_right.jpg,slit_lamp,dataset_03\train\normal\2798_right.jpg,0.0,True
2802_left.jpg,slit_lamp,dataset_03\train\normal\2802_left.jpg,0.4,True
2802_right.jpg,slit_lamp,dataset_03\train\normal\2802_right.jpg,0.31,True
2806_left.jpg,slit_lamp,dataset_03\train\normal\2806_left.jpg,0.0,True
2806_right.jpg,slit_lamp,dataset_03\train\normal\2806_right.jpg,0.0,True
2807_left.jpg,slit_lamp,dataset_03\train\normal\2807_left.jpg,0.51,True
2808_left.jpg,slit_lamp,dataset_03\train\normal\2808_left.jpg,0.3,True
2811_left.jpg,slit_lamp,dataset_03\train\normal\2811_left.jpg,0.0,True
2811_right.jpg,slit_lamp,dataset_03\train\normal\2811_right.jpg,0.0,True
2813_left.jpg,slit_lamp,dataset_03\train\normal\2813_left.jpg,0.0,True
2813_right.jpg,slit_lamp,dataset_03\train\normal\2813_right.jpg,0.0,True
2815_left.jpg,slit_lamp,dataset_03\train\normal\2815_left.jpg,0.09,True
2815_right.jpg,slit_lamp,dataset_03\train\normal\2815_right.jpg,0.0,True
2817_right.jpg,slit_lamp,dataset_03\train\normal\2817_right.jpg,0.0,True
2820_left.jpg,slit_lamp,dataset_03\train\normal\2820_left.jpg,0.0,True
2821_left.jpg,slit_lamp,dataset_03\train\normal\2821_left.jpg,0.11,True
2821_right.jpg,slit_lamp,dataset_03\train\normal\2821_right.jpg,0.0,True
2822_left.jpg,slit_lamp,dataset_03\train\normal\2822_left.jpg,0.0,True
2826_left.jpg,slit_lamp,dataset_03\train\normal\2826_left.jpg,0.0,True
2826_right.jpg,slit_lamp,dataset_03\train\normal\2826_right.jpg,0.0,True
2827_left.jpg,slit_lamp,dataset_03\train\normal\2827_left.jpg,0.07,True
2827_right.jpg,slit_lamp,dataset_03\train\normal\2827_right.jpg,0.0,True
2829_left.jpg,slit_lamp,dataset_03\train\normal\2829_left.jpg,0.0,True
2829_right.jpg,slit_lamp,dataset_03\train\normal\2829_right.jpg,0.0,True
2833_left.jpg,slit_lamp,dataset_03\train\normal\2833_left.jpg,0.0,True
2833_right.jpg,slit_lamp,dataset_03\train\normal\2833_right.jpg,0.0,True
2834_left.jpg,slit_lamp,dataset_03\train\normal\2834_left.jpg,0.0,True
2834_right.jpg,slit_lamp,dataset_03\train\normal\2834_right.jpg,0.0,True
2835_right.jpg,slit_lamp,dataset_03\train\normal\2835_right.jpg,0.02,True
2837_left.jpg,slit_lamp,dataset_03\train\normal\2837_left.jpg,0.0,True
2837_right.jpg,slit_lamp,dataset_03\train\normal\2837_right.jpg,0.0,True
2839_left.jpg,slit_lamp,dataset_03\train\normal\2839_left.jpg,0.0,True
2839_right.jpg,slit_lamp,dataset_03\train\normal\2839_right.jpg,0.0,True
2842_left.jpg,slit_lamp,dataset_03\train\normal\2842_left.jpg,0.0,True
2842_right.jpg,slit_lamp,dataset_03\train\normal\2842_right.jpg,0.0,True
2843_left.jpg,slit_lamp,dataset_03\train\normal\2843_left.jpg,1.71,True
2844_left.jpg,slit_lamp,dataset_03\train\normal\2844_left.jpg,0.0,True
2844_right.jpg,slit_lamp,dataset_03\train\normal\2844_right.jpg,0.0,True
2846_left.jpg,slit_lamp,dataset_03\train\normal\2846_left.jpg,0.0,True
2846_right.jpg,slit_lamp,dataset_03\train\normal\2846_right.jpg,0.0,True
2848_left.jpg,slit_lamp,dataset_03\train\normal\2848_left.jpg,0.0,True
2848_right.jpg,slit_lamp,dataset_03\train\normal\2848_right.jpg,0.0,True
2849_left.jpg,slit_lamp,dataset_03\train\normal\2849_left.jpg,0.0,True
2850_right.jpg,slit_lamp,dataset_03\train\normal\2850_right.jpg,0.0,True
2851_right.jpg,slit_lamp,dataset_03\train\normal\2851_right.jpg,0.0,True
2852_left.jpg,slit_lamp,dataset_03\train\normal\2852_left.jpg,0.0,True
2852_right.jpg,slit_lamp,dataset_03\train\normal\2852_right.jpg,0.0,True
2853_left.jpg,slit_lamp,dataset_03\train\normal\2853_left.jpg,0.0,True
2853_right.jpg,slit_lamp,dataset_03\train\normal\2853_right.jpg,0.0,True
2857_left.jpg,slit_lamp,dataset_03\train\normal\2857_left.jpg,0.0,True
2857_right.jpg,slit_lamp,dataset_03\train\normal\2857_right.jpg,0.0,True
2858_left.jpg,slit_lamp,dataset_03\train\normal\2858_left.jpg,0.0,True
2858_right.jpg,slit_lamp,dataset_03\train\normal\2858_right.jpg,0.0,True
2860_left.jpg,slit_lamp,dataset_03\train\normal\2860_left.jpg,0.0,True
2860_right.jpg,slit_lamp,dataset_03\train\normal\2860_right.jpg,0.0,True
2862_left.jpg,slit_lamp,dataset_03\train\normal\2862_left.jpg,0.0,True
2862_right.jpg,slit_lamp,dataset_03\train\normal\2862_right.jpg,0.0,True
2864_left.jpg,slit_lamp,dataset_03\train\normal\2864_left.jpg,0.0,True
2864_right.jpg,slit_lamp,dataset_03\train\normal\2864_right.jpg,0.0,True
2869_right.jpg,slit_lamp,dataset_03\train\normal\2869_right.jpg,0.0,True
2872_left.jpg,slit_lamp,dataset_03\train\normal\2872_left.jpg,0.0,True
2872_right.jpg,slit_lamp,dataset_03\train\normal\2872_right.jpg,0.0,True
2878_left.jpg,slit_lamp,dataset_03\train\normal\2878_left.jpg,0.0,True
2880_left.jpg,slit_lamp,dataset_03\train\normal\2880_left.jpg,0.41,True
2880_right.jpg,slit_lamp,dataset_03\train\normal\2880_right.jpg,0.3,True
2881_right.jpg,slit_lamp,dataset_03\train\normal\2881_right.jpg,0.0,True
2882_left.jpg,slit_lamp,dataset_03\train\normal\2882_left.jpg,0.23,True
2882_right.jpg,slit_lamp,dataset_03\train\normal\2882_right.jpg,0.25,True
2883_left.jpg,slit_lamp,dataset_03\train\normal\2883_left.jpg,0.0,True
2884_left.jpg,slit_lamp,dataset_03\train\normal\2884_left.jpg,0.0,True
2884_right.jpg,slit_lamp,dataset_03\train\normal\2884_right.jpg,0.0,True
2886_left.jpg,slit_lamp,dataset_03\train\normal\2886_left.jpg,0.0,True
2886_right.jpg,slit_lamp,dataset_03\train\normal\2886_right.jpg,0.0,True
2889_left.jpg,slit_lamp,dataset_03\train\normal\2889_left.jpg,0.0,True
2890_left.jpg,slit_lamp,dataset_03\train\normal\2890_left.jpg,0.0,True
2890_right.jpg,slit_lamp,dataset_03\train\normal\2890_right.jpg,0.0,True
2892_left.jpg,slit_lamp,dataset_03\train\normal\2892_left.jpg,0.0,True
2895_left.jpg,slit_lamp,dataset_03\train\normal\2895_left.jpg,0.67,True
2895_right.jpg,slit_lamp,dataset_03\train\normal\2895_right.jpg,0.0,True
2897_left.jpg,slit_lamp,dataset_03\train\normal\2897_left.jpg,0.0,True
2907_right.jpg,slit_lamp,dataset_03\train\normal\2907_right.jpg,0.0,True
2910_left.jpg,slit_lamp,dataset_03\train\normal\2910_left.jpg,0.0,True
2910_right.jpg,slit_lamp,dataset_03\train\normal\2910_right.jpg,0.0,True
2911_left.jpg,slit_lamp,dataset_03\train\normal\2911_left.jpg,0.0,True
2915_left.jpg,slit_lamp,dataset_03\train\normal\2915_left.jpg,0.0,True
2919_left.jpg,slit_lamp,dataset_03\train\normal\2919_left.jpg,0.0,True
2919_right.jpg,slit_lamp,dataset_03\train\normal\2919_right.jpg,0.1,True
2924_left.jpg,slit_lamp,dataset_03\train\normal\2924_left.jpg,0.0,True
2924_right.jpg,slit_lamp,dataset_03\train\normal\2924_right.jpg,0.0,True
2931_left.jpg,slit_lamp,dataset_03\train\normal\2931_left.jpg,0.0,True
2931_right.jpg,slit_lamp,dataset_03\train\normal\2931_right.jpg,0.0,True
2932_left.jpg,slit_lamp,dataset_03\train\normal\2932_left.jpg,0.0,True
2932_right.jpg,slit_lamp,dataset_03\train\normal\2932_right.jpg,0.0,True
2935_left.jpg,slit_lamp,dataset_03\train\normal\2935_left.jpg,0.0,True
2935_right.jpg,slit_lamp,dataset_03\train\normal\2935_right.jpg,0.0,True
2940_left.jpg,slit_lamp,dataset_03\train\normal\2940_left.jpg,0.0,True
2940_right.jpg,slit_lamp,dataset_03\train\normal\2940_right.jpg,0.0,True
2942_left.jpg,slit_lamp,dataset_03\train\normal\2942_left.jpg,0.0,True
2942_right.jpg,slit_lamp,dataset_03\train\normal\2942_right.jpg,0.0,True
2944_left.jpg,slit_lamp,dataset_03\train\normal\2944_left.jpg,0.05,True
2946_left.jpg,slit_lamp,dataset_03\train\normal\2946_left.jpg,0.0,True
2950_left.jpg,slit_lamp,dataset_03\train\normal\2950_left.jpg,0.0,True
2952_left.jpg,slit_lamp,dataset_03\train\normal\2952_left.jpg,0.0,True
2952_right.jpg,slit_lamp,dataset_03\train\normal\2952_right.jpg,0.0,True
2953_left.jpg,slit_lamp,dataset_03\train\normal\2953_left.jpg,0.0,True
2953_right.jpg,slit_lamp,dataset_03\train\normal\2953_right.jpg,0.0,True
2957_left.jpg,slit_lamp,dataset_03\train\normal\2957_left.jpg,28.0,True
2957_right.jpg,slit_lamp,dataset_03\train\normal\2957_right.jpg,22.53,True
2961_left.jpg,slit_lamp,dataset_03\train\normal\2961_left.jpg,0.0,True
2962_left.jpg,slit_lamp,dataset_03\train\normal\2962_left.jpg,0.0,True
2962_right.jpg,slit_lamp,dataset_03\train\normal\2962_right.jpg,0.0,True
2967_left.jpg,slit_lamp,dataset_03\train\normal\2967_left.jpg,0.0,True
2967_right.jpg,slit_lamp,dataset_03\train\normal\2967_right.jpg,0.97,True
2971_left.jpg,slit_lamp,dataset_03\train\normal\2971_left.jpg,0.0,True
2971_right.jpg,slit_lamp,dataset_03\train\normal\2971_right.jpg,0.0,True
2975_left.jpg,slit_lamp,dataset_03\train\normal\2975_left.jpg,0.0,True
2975_right.jpg,slit_lamp,dataset_03\train\normal\2975_right.jpg,0.04,True
2979_left.jpg,slit_lamp,dataset_03\train\normal\2979_left.jpg,0.0,True
2979_right.jpg,slit_lamp,dataset_03\train\normal\2979_right.jpg,0.0,True
2980_right.jpg,slit_lamp,dataset_03\train\normal\2980_right.jpg,0.0,True
2981_left.jpg,slit_lamp,dataset_03\train\normal\2981_left.jpg,0.0,True
2981_right.jpg,slit_lamp,dataset_03\train\normal\2981_right.jpg,0.0,True
2984_left.jpg,slit_lamp,dataset_03\train\normal\2984_left.jpg,0.0,True
2984_right.jpg,slit_lamp,dataset_03\train\normal\2984_right.jpg,0.0,True
2985_left.jpg,slit_lamp,dataset_03\train\normal\2985_left.jpg,0.0,True
2988_left.jpg,slit_lamp,dataset_03\train\normal\2988_left.jpg,0.0,True
2991_right.jpg,slit_lamp,dataset_03\train\normal\2991_right.jpg,0.0,True
2992_left.jpg,slit_lamp,dataset_03\train\normal\2992_left.jpg,0.0,True
2992_right.jpg,slit_lamp,dataset_03\train\normal\2992_right.jpg,0.0,True
2996_left.jpg,slit_lamp,dataset_03\train\normal\2996_left.jpg,0.0,True
2996_right.jpg,slit_lamp,dataset_03\train\normal\2996_right.jpg,0.0,True
3000_right.jpg,slit_lamp,dataset_03\train\normal\3000_right.jpg,0.03,True
3004_left.jpg,slit_lamp,dataset_03\train\normal\3004_left.jpg,0.0,True
3004_right.jpg,slit_lamp,dataset_03\train\normal\3004_right.jpg,0.0,True
3009_left.jpg,slit_lamp,dataset_03\train\normal\3009_left.jpg,1.4,True
3010_left.jpg,slit_lamp,dataset_03\train\normal\3010_left.jpg,0.0,True
3011_left.jpg,slit_lamp,dataset_03\train\normal\3011_left.jpg,0.45,True
3013_left.jpg,slit_lamp,dataset_03\train\normal\3013_left.jpg,0.26,True
3013_right.jpg,slit_lamp,dataset_03\train\normal\3013_right.jpg,0.0,True
3016_right.jpg,slit_lamp,dataset_03\train\normal\3016_right.jpg,0.0,True
3018_left.jpg,slit_lamp,dataset_03\train\normal\3018_left.jpg,0.0,True
3020_right.jpg,slit_lamp,dataset_03\train\normal\3020_right.jpg,0.0,True
3025_left.jpg,slit_lamp,dataset_03\train\normal\3025_left.jpg,0.37,True
3029_left.jpg,slit_lamp,dataset_03\train\normal\3029_left.jpg,0.0,True
3034_left.jpg,slit_lamp,dataset_03\train\normal\3034_left.jpg,0.0,True
3037_right.jpg,slit_lamp,dataset_03\train\normal\3037_right.jpg,0.0,True
3038_left.jpg,slit_lamp,dataset_03\train\normal\3038_left.jpg,0.0,True
3040_left.jpg,slit_lamp,dataset_03\train\normal\3040_left.jpg,0.01,True
3040_right.jpg,slit_lamp,dataset_03\train\normal\3040_right.jpg,0.0,True
3042_right.jpg,slit_lamp,dataset_03\train\normal\3042_right.jpg,0.0,True
3044_right.jpg,slit_lamp,dataset_03\train\normal\3044_right.jpg,0.31,True
3050_left.jpg,slit_lamp,dataset_03\train\normal\3050_left.jpg,0.0,True
3050_right.jpg,slit_lamp,dataset_03\train\normal\3050_right.jpg,0.0,True
3051_right.jpg,slit_lamp,dataset_03\train\normal\3051_right.jpg,0.0,True
3052_right.jpg,slit_lamp,dataset_03\train\normal\3052_right.jpg,0.0,True
3054_left.jpg,slit_lamp,dataset_03\train\normal\3054_left.jpg,0.03,True
3054_right.jpg,slit_lamp,dataset_03\train\normal\3054_right.jpg,0.0,True
3056_right.jpg,slit_lamp,dataset_03\train\normal\3056_right.jpg,0.0,True
3057_right.jpg,slit_lamp,dataset_03\train\normal\3057_right.jpg,0.0,True
3058_left.jpg,slit_lamp,dataset_03\train\normal\3058_left.jpg,0.0,True
3058_right.jpg,slit_lamp,dataset_03\train\normal\3058_right.jpg,0.0,True
3059_right.jpg,slit_lamp,dataset_03\train\normal\3059_right.jpg,0.0,True
3063_right.jpg,slit_lamp,dataset_03\train\normal\3063_right.jpg,0.0,True
3064_left.jpg,slit_lamp,dataset_03\train\normal\3064_left.jpg,0.34,True
3066_left.jpg,slit_lamp,dataset_03\train\normal\3066_left.jpg,0.03,True
3066_right.jpg,slit_lamp,dataset_03\train\normal\3066_right.jpg,0.0,True
3068_left.jpg,slit_lamp,dataset_03\train\normal\3068_left.jpg,0.0,True
3068_right.jpg,slit_lamp,dataset_03\train\normal\3068_right.jpg,0.0,True
3069_left.jpg,slit_lamp,dataset_03\train\normal\3069_left.jpg,0.0,True
3069_right.jpg,slit_lamp,dataset_03\train\normal\3069_right.jpg,0.0,True
3070_right.jpg,slit_lamp,dataset_03\train\normal\3070_right.jpg,0.0,True
3072_left.jpg,slit_lamp,dataset_03\train\normal\3072_left.jpg,0.0,True
3075_left.jpg,slit_lamp,dataset_03\train\normal\3075_left.jpg,0.0,True
3077_left.jpg,slit_lamp,dataset_03\train\normal\3077_left.jpg,0.0,True
3079_left.jpg,slit_lamp,dataset_03\train\normal\3079_left.jpg,0.0,True
3079_right.jpg,slit_lamp,dataset_03\train\normal\3079_right.jpg,0.0,True
3080_left.jpg,slit_lamp,dataset_03\train\normal\3080_left.jpg,0.0,True
3080_right.jpg,slit_lamp,dataset_03\train\normal\3080_right.jpg,0.0,True
3083_left.jpg,slit_lamp,dataset_03\train\normal\3083_left.jpg,0.0,True
3084_left.jpg,slit_lamp,dataset_03\train\normal\3084_left.jpg,0.0,True
3084_right.jpg,slit_lamp,dataset_03\train\normal\3084_right.jpg,0.0,True
3085_right.jpg,slit_lamp,dataset_03\train\normal\3085_right.jpg,0.61,True
3090_right.jpg,slit_lamp,dataset_03\train\normal\3090_right.jpg,0.06,True
3095_right.jpg,slit_lamp,dataset_03\train\normal\3095_right.jpg,0.0,True
3097_left.jpg,slit_lamp,dataset_03\train\normal\3097_left.jpg,0.0,True
3097_right.jpg,slit_lamp,dataset_03\train\normal\3097_right.jpg,0.0,True
3098_left.jpg,slit_lamp,dataset_03\train\normal\3098_left.jpg,0.31,True
3102_left.jpg,slit_lamp,dataset_03\train\normal\3102_left.jpg,0.0,True
3102_right.jpg,slit_lamp,dataset_03\train\normal\3102_right.jpg,0.0,True
3108_right.jpg,slit_lamp,dataset_03\train\normal\3108_right.jpg,0.0,True
3109_left.jpg,slit_lamp,dataset_03\train\normal\3109_left.jpg,0.0,True
3109_right.jpg,slit_lamp,dataset_03\train\normal\3109_right.jpg,0.0,True
3110_left.jpg,slit_lamp,dataset_03\train\normal\3110_left.jpg,0.0,True
3110_right.jpg,slit_lamp,dataset_03\train\normal\3110_right.jpg,0.0,True
3113_left.jpg,slit_lamp,dataset_03\train\normal\3113_left.jpg,0.0,True
3114_right.jpg,slit_lamp,dataset_03\train\normal\3114_right.jpg,0.17,True
3119_left.jpg,slit_lamp,dataset_03\train\normal\3119_left.jpg,0.0,True
3122_right.jpg,slit_lamp,dataset_03\train\normal\3122_right.jpg,0.0,True
3123_right.jpg,slit_lamp,dataset_03\train\normal\3123_right.jpg,0.38,True
3124_left.jpg,slit_lamp,dataset_03\train\normal\3124_left.jpg,0.0,True
3124_right.jpg,slit_lamp,dataset_03\train\normal\3124_right.jpg,0.0,True
3127_right.jpg,slit_lamp,dataset_03\train\normal\3127_right.jpg,0.14,True
3131_left.jpg,slit_lamp,dataset_03\train\normal\3131_left.jpg,0.19,True
3131_right.jpg,slit_lamp,dataset_03\train\normal\3131_right.jpg,0.28,True
3138_right.jpg,slit_lamp,dataset_03\train\normal\3138_right.jpg,0.0,True
3139_right.jpg,slit_lamp,dataset_03\train\normal\3139_right.jpg,0.0,True
3141_left.jpg,slit_lamp,dataset_03\train\normal\3141_left.jpg,0.0,True
3141_right.jpg,slit_lamp,dataset_03\train\normal\3141_right.jpg,0.52,True
3142_left.jpg,slit_lamp,dataset_03\train\normal\3142_left.jpg,0.0,True
3144_right.jpg,slit_lamp,dataset_03\train\normal\3144_right.jpg,0.0,True
3145_left.jpg,slit_lamp,dataset_03\train\normal\3145_left.jpg,0.07,True
3150_left.jpg,slit_lamp,dataset_03\train\normal\3150_left.jpg,0.0,True
3150_right.jpg,slit_lamp,dataset_03\train\normal\3150_right.jpg,0.0,True
3153_left.jpg,slit_lamp,dataset_03\train\normal\3153_left.jpg,0.0,True
3153_right.jpg,slit_lamp,dataset_03\train\normal\3153_right.jpg,0.0,True
3154_left.jpg,slit_lamp,dataset_03\train\normal\3154_left.jpg,0.0,True
3155_left.jpg,slit_lamp,dataset_03\train\normal\3155_left.jpg,0.0,True
3157_right.jpg,slit_lamp,dataset_03\train\normal\3157_right.jpg,0.0,True
3159_right.jpg,slit_lamp,dataset_03\train\normal\3159_right.jpg,0.0,True
3166_right.jpg,slit_lamp,dataset_03\train\normal\3166_right.jpg,0.0,True
3168_left.jpg,slit_lamp,dataset_03\train\normal\3168_left.jpg,0.0,True
3169_right.jpg,slit_lamp,dataset_03\train\normal\3169_right.jpg,0.39,True
3171_left.jpg,slit_lamp,dataset_03\train\normal\3171_left.jpg,0.0,True
3172_left.jpg,slit_lamp,dataset_03\train\normal\3172_left.jpg,0.0,True
3172_right.jpg,slit_lamp,dataset_03\train\normal\3172_right.jpg,0.0,True
3173_right.jpg,slit_lamp,dataset_03\train\normal\3173_right.jpg,0.0,True
3175_left.jpg,slit_lamp,dataset_03\train\normal\3175_left.jpg,0.0,True
3175_right.jpg,slit_lamp,dataset_03\train\normal\3175_right.jpg,0.0,True
3176_right.jpg,slit_lamp,dataset_03\train\normal\3176_right.jpg,0.0,True
3179_left.jpg,slit_lamp,dataset_03\train\normal\3179_left.jpg,0.0,True
3183_left.jpg,slit_lamp,dataset_03\train\normal\3183_left.jpg,0.0,True
3184_right.jpg,slit_lamp,dataset_03\train\normal\3184_right.jpg,0.0,True
3186_left.jpg,slit_lamp,dataset_03\train\normal\3186_left.jpg,0.0,True
3186_right.jpg,slit_lamp,dataset_03\train\normal\3186_right.jpg,0.0,True
3187_right.jpg,slit_lamp,dataset_03\train\normal\3187_right.jpg,0.13,True
3188_right.jpg,slit_lamp,dataset_03\train\normal\3188_right.jpg,0.0,True
3191_right.jpg,slit_lamp,dataset_03\train\normal\3191_right.jpg,0.0,True
3192_left.jpg,slit_lamp,dataset_03\train\normal\3192_left.jpg,0.0,True
3193_left.jpg,slit_lamp,dataset_03\train\normal\3193_left.jpg,0.02,True
3193_right.jpg,slit_lamp,dataset_03\train\normal\3193_right.jpg,0.01,True
3194_left.jpg,slit_lamp,dataset_03\train\normal\3194_left.jpg,0.0,True
3198_left.jpg,slit_lamp,dataset_03\train\normal\3198_left.jpg,0.0,True
3201_left.jpg,slit_lamp,dataset_03\train\normal\3201_left.jpg,0.0,True
3202_left.jpg,slit_lamp,dataset_03\train\normal\3202_left.jpg,0.0,True
3203_left.jpg,slit_lamp,dataset_03\train\normal\3203_left.jpg,0.0,True
3204_left.jpg,slit_lamp,dataset_03\train\normal\3204_left.jpg,0.0,True
3206_left.jpg,slit_lamp,dataset_03\train\normal\3206_left.jpg,13.2,True
3207_left.jpg,slit_lamp,dataset_03\train\normal\3207_left.jpg,0.0,True
3207_right.jpg,slit_lamp,dataset_03\train\normal\3207_right.jpg,0.0,True
3208_left.jpg,slit_lamp,dataset_03\train\normal\3208_left.jpg,0.31,True
3209_right.jpg,slit_lamp,dataset_03\train\normal\3209_right.jpg,0.0,True
3214_left.jpg,slit_lamp,dataset_03\train\normal\3214_left.jpg,0.0,True
3214_right.jpg,slit_lamp,dataset_03\train\normal\3214_right.jpg,0.0,True
3215_right.jpg,slit_lamp,dataset_03\train\normal\3215_right.jpg,0.0,True
3216_left.jpg,slit_lamp,dataset_03\train\normal\3216_left.jpg,0.0,True
3218_right.jpg,slit_lamp,dataset_03\train\normal\3218_right.jpg,0.0,True
3221_left.jpg,slit_lamp,dataset_03\train\normal\3221_left.jpg,0.0,True
3221_right.jpg,slit_lamp,dataset_03\train\normal\3221_right.jpg,0.02,True
3222_left.jpg,slit_lamp,dataset_03\train\normal\3222_left.jpg,0.0,True
3222_right.jpg,slit_lamp,dataset_03\train\normal\3222_right.jpg,0.08,True
3223_left.jpg,slit_lamp,dataset_03\train\normal\3223_left.jpg,0.0,True
3223_right.jpg,slit_lamp,dataset_03\train\normal\3223_right.jpg,0.0,True
3226_left.jpg,slit_lamp,dataset_03\train\normal\3226_left.jpg,0.0,True
3226_right.jpg,slit_lamp,dataset_03\train\normal\3226_right.jpg,0.18,True
3227_left.jpg,slit_lamp,dataset_03\train\normal\3227_left.jpg,0.01,True
3227_right.jpg,slit_lamp,dataset_03\train\normal\3227_right.jpg,0.0,True
3232_left.jpg,slit_lamp,dataset_03\train\normal\3232_left.jpg,0.0,True
3234_left.jpg,slit_lamp,dataset_03\train\normal\3234_left.jpg,0.92,True
3234_right.jpg,slit_lamp,dataset_03\train\normal\3234_right.jpg,0.24,True
3237_right.jpg,slit_lamp,dataset_03\train\normal\3237_right.jpg,0.0,True
3238_right.jpg,slit_lamp,dataset_03\train\normal\3238_right.jpg,0.0,True
3240_right.jpg,slit_lamp,dataset_03\train\normal\3240_right.jpg,0.0,True
3241_left.jpg,slit_lamp,dataset_03\train\normal\3241_left.jpg,0.0,True
3243_left.jpg,slit_lamp,dataset_03\train\normal\3243_left.jpg,0.02,True
3243_right.jpg,slit_lamp,dataset_03\train\normal\3243_right.jpg,0.0,True
3245_right.jpg,slit_lamp,dataset_03\train\normal\3245_right.jpg,0.0,True
3246_left.jpg,slit_lamp,dataset_03\train\normal\3246_left.jpg,0.15,True
3248_left.jpg,slit_lamp,dataset_03\train\normal\3248_left.jpg,0.0,True
3248_right.jpg,slit_lamp,dataset_03\train\normal\3248_right.jpg,0.32,True
3251_left.jpg,slit_lamp,dataset_03\train\normal\3251_left.jpg,0.0,True
3252_left.jpg,slit_lamp,dataset_03\train\normal\3252_left.jpg,0.0,True
3252_right.jpg,slit_lamp,dataset_03\train\normal\3252_right.jpg,0.0,True
3253_right.jpg,slit_lamp,dataset_03\train\normal\3253_right.jpg,0.0,True
3255_right.jpg,slit_lamp,dataset_03\train\normal\3255_right.jpg,0.0,True
3256_right.jpg,slit_lamp,dataset_03\train\normal\3256_right.jpg,0.0,True
3257_right.jpg,slit_lamp,dataset_03\train\normal\3257_right.jpg,0.0,True
3259_left.jpg,slit_lamp,dataset_03\train\normal\3259_left.jpg,0.2,True
3259_right.jpg,slit_lamp,dataset_03\train\normal\3259_right.jpg,0.07,True
3260_left.jpg,slit_lamp,dataset_03\train\normal\3260_left.jpg,0.0,True
3260_right.jpg,slit_lamp,dataset_03\train\normal\3260_right.jpg,0.0,True
3262_right.jpg,slit_lamp,dataset_03\train\normal\3262_right.jpg,0.0,True
3264_left.jpg,slit_lamp,dataset_03\train\normal\3264_left.jpg,0.0,True
3267_left.jpg,slit_lamp,dataset_03\train\normal\3267_left.jpg,0.0,True
3271_right.jpg,slit_lamp,dataset_03\train\normal\3271_right.jpg,0.0,True
3272_left.jpg,slit_lamp,dataset_03\train\normal\3272_left.jpg,0.0,True
3273_left.jpg,slit_lamp,dataset_03\train\normal\3273_left.jpg,0.0,True
3273_right.jpg,slit_lamp,dataset_03\train\normal\3273_right.jpg,0.0,True
3275_right.jpg,slit_lamp,dataset_03\train\normal\3275_right.jpg,0.0,True
3282_right.jpg,slit_lamp,dataset_03\train\normal\3282_right.jpg,0.0,True
3287_right.jpg,slit_lamp,dataset_03\train\normal\3287_right.jpg,0.04,True
3289_left.jpg,slit_lamp,dataset_03\train\normal\3289_left.jpg,0.0,True
3289_right.jpg,slit_lamp,dataset_03\train\normal\3289_right.jpg,0.0,True
3291_left.jpg,slit_lamp,dataset_03\train\normal\3291_left.jpg,0.11,True
3291_right.jpg,slit_lamp,dataset_03\train\normal\3291_right.jpg,0.0,True
3293_left.jpg,slit_lamp,dataset_03\train\normal\3293_left.jpg,0.0,True
3294_right.jpg,slit_lamp,dataset_03\train\normal\3294_right.jpg,0.01,True
3295_right.jpg,slit_lamp,dataset_03\train\normal\3295_right.jpg,0.0,True
3296_left.jpg,slit_lamp,dataset_03\train\normal\3296_left.jpg,0.0,True
3297_right.jpg,slit_lamp,dataset_03\train\normal\3297_right.jpg,0.0,True
3298_left.jpg,slit_lamp,dataset_03\train\normal\3298_left.jpg,0.0,True
3298_right.jpg,slit_lamp,dataset_03\train\normal\3298_right.jpg,0.0,True
3300_left.jpg,slit_lamp,dataset_03\train\normal\3300_left.jpg,0.0,True
3300_right.jpg,slit_lamp,dataset_03\train\normal\3300_right.jpg,0.0,True
3304_left.jpg,slit_lamp,dataset_03\train\normal\3304_left.jpg,0.0,True
3304_right.jpg,slit_lamp,dataset_03\train\normal\3304_right.jpg,0.01,True
3305_left.jpg,slit_lamp,dataset_03\train\normal\3305_left.jpg,0.0,True
3306_left.jpg,slit_lamp,dataset_03\train\normal\3306_left.jpg,0.0,True
3307_right.jpg,slit_lamp,dataset_03\train\normal\3307_right.jpg,0.0,True
3308_left.jpg,slit_lamp,dataset_03\train\normal\3308_left.jpg,0.0,True
3309_left.jpg,slit_lamp,dataset_03\train\normal\3309_left.jpg,0.0,True
3312_left.jpg,slit_lamp,dataset_03\train\normal\3312_left.jpg,0.0,True
3317_left.jpg,slit_lamp,dataset_03\train\normal\3317_left.jpg,0.0,True
3318_left.jpg,slit_lamp,dataset_03\train\normal\3318_left.jpg,0.05,True
3319_right.jpg,slit_lamp,dataset_03\train\normal\3319_right.jpg,0.0,True
3320_right.jpg,slit_lamp,dataset_03\train\normal\3320_right.jpg,0.0,True
3321_left.jpg,slit_lamp,dataset_03\train\normal\3321_left.jpg,0.15,True
3324_left.jpg,slit_lamp,dataset_03\train\normal\3324_left.jpg,0.0,True
3329_right.jpg,slit_lamp,dataset_03\train\normal\3329_right.jpg,0.0,True
3330_right.jpg,slit_lamp,dataset_03\train\normal\3330_right.jpg,0.03,True
3332_right.jpg,slit_lamp,dataset_03\train\normal\3332_right.jpg,0.04,True
3340_right.jpg,slit_lamp,dataset_03\train\normal\3340_right.jpg,0.01,True
3341_left.jpg,slit_lamp,dataset_03\train\normal\3341_left.jpg,0.0,True
3343_right.jpg,slit_lamp,dataset_03\train\normal\3343_right.jpg,0.2,True
3344_right.jpg,slit_lamp,dataset_03\train\normal\3344_right.jpg,0.0,True
3348_right.jpg,slit_lamp,dataset_03\train\normal\3348_right.jpg,10.83,True
3350_left.jpg,slit_lamp,dataset_03\train\normal\3350_left.jpg,0.0,True
3352_left.jpg,slit_lamp,dataset_03\train\normal\3352_left.jpg,0.0,True
3352_right.jpg,slit_lamp,dataset_03\train\normal\3352_right.jpg,0.0,True
3356_left.jpg,slit_lamp,dataset_03\train\normal\3356_left.jpg,0.0,True
3357_left.jpg,slit_lamp,dataset_03\train\normal\3357_left.jpg,0.0,True
3357_right.jpg,slit_lamp,dataset_03\train\normal\3357_right.jpg,0.0,True
3358_left.jpg,slit_lamp,dataset_03\train\normal\3358_left.jpg,0.0,True
3358_right.jpg,slit_lamp,dataset_03\train\normal\3358_right.jpg,0.0,True
3359_left.jpg,slit_lamp,dataset_03\train\normal\3359_left.jpg,0.0,True
3360_right.jpg,slit_lamp,dataset_03\train\normal\3360_right.jpg,0.0,True
3363_left.jpg,slit_lamp,dataset_03\train\normal\3363_left.jpg,0.0,True
3363_right.jpg,slit_lamp,dataset_03\train\normal\3363_right.jpg,0.0,True
3364_right.jpg,slit_lamp,dataset_03\train\normal\3364_right.jpg,0.0,True
3365_left.jpg,slit_lamp,dataset_03\train\normal\3365_left.jpg,0.0,True
3373_right.jpg,slit_lamp,dataset_03\train\normal\3373_right.jpg,9.48,True
3375_left.jpg,slit_lamp,dataset_03\train\normal\3375_left.jpg,0.0,True
3377_right.jpg,slit_lamp,dataset_03\train\normal\3377_right.jpg,0.0,True
3378_right.jpg,slit_lamp,dataset_03\train\normal\3378_right.jpg,0.0,True
3379_right.jpg,slit_lamp,dataset_03\train\normal\3379_right.jpg,0.49,True
3380_right.jpg,slit_lamp,dataset_03\train\normal\3380_right.jpg,0.0,True
3381_left.jpg,slit_lamp,dataset_03\train\normal\3381_left.jpg,0.02,True
3382_left.jpg,slit_lamp,dataset_03\train\normal\3382_left.jpg,0.59,True
3383_right.jpg,slit_lamp,dataset_03\train\normal\3383_right.jpg,0.0,True
3386_left.jpg,slit_lamp,dataset_03\train\normal\3386_left.jpg,0.1,True
3387_left.jpg,slit_lamp,dataset_03\train\normal\3387_left.jpg,0.0,True
3388_left.jpg,slit_lamp,dataset_03\train\normal\3388_left.jpg,0.0,True
3388_right.jpg,slit_lamp,dataset_03\train\normal\3388_right.jpg,0.0,True
3391_right.jpg,slit_lamp,dataset_03\train\normal\3391_right.jpg,0.14,True
3392_left.jpg,slit_lamp,dataset_03\train\normal\3392_left.jpg,0.12,True
3392_right.jpg,slit_lamp,dataset_03\train\normal\3392_right.jpg,0.01,True
3395_left.jpg,slit_lamp,dataset_03\train\normal\3395_left.jpg,0.0,True
3398_left.jpg,slit_lamp,dataset_03\train\normal\3398_left.jpg,0.0,True
3399_left.jpg,slit_lamp,dataset_03\train\normal\3399_left.jpg,1.09,True
3399_right.jpg,slit_lamp,dataset_03\train\normal\3399_right.jpg,1.17,True
3403_left.jpg,slit_lamp,dataset_03\train\normal\3403_left.jpg,0.25,True
3404_left.jpg,slit_lamp,dataset_03\train\normal\3404_left.jpg,0.05,True
3405_left.jpg,slit_lamp,dataset_03\train\normal\3405_left.jpg,0.0,True
3405_right.jpg,slit_lamp,dataset_03\train\normal\3405_right.jpg,0.0,True
3408_left.jpg,slit_lamp,dataset_03\train\normal\3408_left.jpg,0.0,True
3408_right.jpg,slit_lamp,dataset_03\train\normal\3408_right.jpg,0.0,True
3410_left.jpg,slit_lamp,dataset_03\train\normal\3410_left.jpg,0.0,True
3411_right.jpg,slit_lamp,dataset_03\train\normal\3411_right.jpg,0.0,True
3414_left.jpg,slit_lamp,dataset_03\train\normal\3414_left.jpg,0.0,True
3415_right.jpg,slit_lamp,dataset_03\train\normal\3415_right.jpg,0.0,True
3416_right.jpg,slit_lamp,dataset_03\train\normal\3416_right.jpg,0.0,True
3417_left.jpg,slit_lamp,dataset_03\train\normal\3417_left.jpg,0.0,True
3417_right.jpg,slit_lamp,dataset_03\train\normal\3417_right.jpg,0.0,True
3418_left.jpg,slit_lamp,dataset_03\train\normal\3418_left.jpg,0.02,True
3419_right.jpg,slit_lamp,dataset_03\train\normal\3419_right.jpg,0.4,True
3420_left.jpg,slit_lamp,dataset_03\train\normal\3420_left.jpg,4.8,True
3420_right.jpg,slit_lamp,dataset_03\train\normal\3420_right.jpg,0.04,True
3421_left.jpg,slit_lamp,dataset_03\train\normal\3421_left.jpg,0.0,True
3422_right.jpg,slit_lamp,dataset_03\train\normal\3422_right.jpg,0.0,True
3423_left.jpg,slit_lamp,dataset_03\train\normal\3423_left.jpg,0.0,True
3426_right.jpg,slit_lamp,dataset_03\train\normal\3426_right.jpg,0.0,True
3430_left.jpg,slit_lamp,dataset_03\train\normal\3430_left.jpg,0.0,True
3431_left.jpg,slit_lamp,dataset_03\train\normal\3431_left.jpg,0.0,True
3431_right.jpg,slit_lamp,dataset_03\train\normal\3431_right.jpg,0.0,True
3432_right.jpg,slit_lamp,dataset_03\train\normal\3432_right.jpg,0.01,True
3433_left.jpg,slit_lamp,dataset_03\train\normal\3433_left.jpg,0.0,True
3433_right.jpg,slit_lamp,dataset_03\train\normal\3433_right.jpg,0.0,True
3434_right.jpg,slit_lamp,dataset_03\train\normal\3434_right.jpg,0.29,True
3436_right.jpg,slit_lamp,dataset_03\train\normal\3436_right.jpg,0.0,True
3437_left.jpg,slit_lamp,dataset_03\train\normal\3437_left.jpg,0.0,True
3438_right.jpg,slit_lamp,dataset_03\train\normal\3438_right.jpg,0.0,True
3441_left.jpg,slit_lamp,dataset_03\train\normal\3441_left.jpg,0.0,True
3442_left.jpg,slit_lamp,dataset_03\train\normal\3442_left.jpg,0.0,True
3443_left.jpg,slit_lamp,dataset_03\train\normal\3443_left.jpg,0.0,True
3444_right.jpg,slit_lamp,dataset_03\train\normal\3444_right.jpg,0.0,True
3446_left.jpg,slit_lamp,dataset_03\train\normal\3446_left.jpg,0.08,True
3446_right.jpg,slit_lamp,dataset_03\train\normal\3446_right.jpg,0.0,True
3485_left.jpg,slit_lamp,dataset_03\train\normal\3485_left.jpg,0.0,True
4637_left.jpg,slit_lamp,dataset_03\train\normal\4637_left.jpg,0.0,True
4637_right.jpg,slit_lamp,dataset_03\train\normal\4637_right.jpg,0.0,True
530_right.jpg,slit_lamp,dataset_03\train\normal\530_right.jpg,0.0,True
695_left.jpg,slit_lamp,dataset_03\train\normal\695_left.jpg,0.01,True
695_right.jpg,slit_lamp,dataset_03\train\normal\695_right.jpg,0.06,True
84_left.jpg,slit_lamp,dataset_03\train\normal\84_left.jpg,0.0,True
84_right.jpg,slit_lamp,dataset_03\train\normal\84_right.jpg,0.0,True
8_left.jpg,slit_lamp,dataset_03\train\normal\8_left.jpg,0.0,True
939_left.jpg,slit_lamp,dataset_03\train\normal\939_left.jpg,0.01,True
939_right.jpg,slit_lamp,dataset_03\train\normal\939_right.jpg,0.0,True
951_left.jpg,slit_lamp,dataset_03\train\normal\951_left.jpg,0.0,True
951_right.jpg,slit_lamp,dataset_03\train\normal\951_right.jpg,0.0,True
10003_left.jpeg,slit_lamp,dataset_03\val\cataract\10003_left.jpeg,0.03,True
10007_left.jpeg,slit_lamp,dataset_03\val\cataract\10007_left.jpeg,0.0,True
1000_right.jpeg,slit_lamp,dataset_03\val\cataract\1000_right.jpeg,0.0,True
10014_right.jpeg,slit_lamp,dataset_03\val\cataract\10014_right.jpeg,4.72,True
10015_right.jpeg,slit_lamp,dataset_03\val\cataract\10015_right.jpeg,0.0,True
10017_left.jpeg,slit_lamp,dataset_03\val\cataract\10017_left.jpeg,0.0,True
1002_right.jpeg,slit_lamp,dataset_03\val\cataract\1002_right.jpeg,0.0,True
10035_left.jpeg,slit_lamp,dataset_03\val\cataract\10035_left.jpeg,0.0,True
10042_left.jpeg,slit_lamp,dataset_03\val\cataract\10042_left.jpeg,0.0,True
10053_left.jpeg,slit_lamp,dataset_03\val\cataract\10053_left.jpeg,0.0,True
10053_right.jpeg,slit_lamp,dataset_03\val\cataract\10053_right.jpeg,0.0,True
10058_left.jpeg,slit_lamp,dataset_03\val\cataract\10058_left.jpeg,0.0,True
10061_left.jpeg,slit_lamp,dataset_03\val\cataract\10061_left.jpeg,0.0,True
10085_right.jpeg,slit_lamp,dataset_03\val\cataract\10085_right.jpeg,0.0,True
1008_left.jpeg,slit_lamp,dataset_03\val\cataract\1008_left.jpeg,0.0,True
100_left.jpeg,slit_lamp,dataset_03\val\cataract\100_left.jpeg,0.0,True
10115_right.jpeg,slit_lamp,dataset_03\val\cataract\10115_right.jpeg,0.0,True
10120_right.jpeg,slit_lamp,dataset_03\val\cataract\10120_right.jpeg,0.0,True
10129_left.jpeg,slit_lamp,dataset_03\val\cataract\10129_left.jpeg,0.66,True
1012_left.jpeg,slit_lamp,dataset_03\val\cataract\1012_left.jpeg,0.0,True
1012_right.jpeg,slit_lamp,dataset_03\val\cataract\1012_right.jpeg,0.02,True
10135_right.jpeg,slit_lamp,dataset_03\val\cataract\10135_right.jpeg,0.09,True
10141_right.jpeg,slit_lamp,dataset_03\val\cataract\10141_right.jpeg,0.0,True
10160_left.jpeg,slit_lamp,dataset_03\val\cataract\10160_left.jpeg,0.0,True
10160_right.jpeg,slit_lamp,dataset_03\val\cataract\10160_right.jpeg,0.05,True
10177_left.jpeg,slit_lamp,dataset_03\val\cataract\10177_left.jpeg,0.0,True
10177_right.jpeg,slit_lamp,dataset_03\val\cataract\10177_right.jpeg,0.0,True
10221_left.jpeg,slit_lamp,dataset_03\val\cataract\10221_left.jpeg,0.63,True
10233_right.jpeg,slit_lamp,dataset_03\val\cataract\10233_right.jpeg,0.67,True
10234_left.jpeg,slit_lamp,dataset_03\val\cataract\10234_left.jpeg,0.06,True
10242_left.jpeg,slit_lamp,dataset_03\val\cataract\10242_left.jpeg,0.15,True
1024_left.jpeg,slit_lamp,dataset_03\val\cataract\1024_left.jpeg,0.0,True
10251_left.jpeg,slit_lamp,dataset_03\val\cataract\10251_left.jpeg,0.7,True
10257_right.jpeg,slit_lamp,dataset_03\val\cataract\10257_right.jpeg,0.0,True
10263_right.jpeg,slit_lamp,dataset_03\val\cataract\10263_right.jpeg,0.0,True
10293_right.jpeg,slit_lamp,dataset_03\val\cataract\10293_right.jpeg,0.0,True
10294_left.jpeg,slit_lamp,dataset_03\val\cataract\10294_left.jpeg,0.0,True
10294_right.jpeg,slit_lamp,dataset_03\val\cataract\10294_right.jpeg,0.0,True
10295_left.jpeg,slit_lamp,dataset_03\val\cataract\10295_left.jpeg,0.0,True
10295_right.jpeg,slit_lamp,dataset_03\val\cataract\10295_right.jpeg,0.0,True
10312_right.jpeg,slit_lamp,dataset_03\val\cataract\10312_right.jpeg,0.0,True
10328_left.jpeg,slit_lamp,dataset_03\val\cataract\10328_left.jpeg,0.0,True
10333_left.jpeg,slit_lamp,dataset_03\val\cataract\10333_left.jpeg,0.0,True
10337_left.jpeg,slit_lamp,dataset_03\val\cataract\10337_left.jpeg,0.0,True
10367_left.jpeg,slit_lamp,dataset_03\val\cataract\10367_left.jpeg,0.37,True
10368_left.jpeg,slit_lamp,dataset_03\val\cataract\10368_left.jpeg,0.0,True
10368_right.jpeg,slit_lamp,dataset_03\val\cataract\10368_right.jpeg,0.0,True
10415_right.jpeg,slit_lamp,dataset_03\val\cataract\10415_right.jpeg,0.0,True
10416_right.jpeg,slit_lamp,dataset_03\val\cataract\10416_right.jpeg,0.0,True
10419_left.jpeg,slit_lamp,dataset_03\val\cataract\10419_left.jpeg,0.0,True
10419_right.jpeg,slit_lamp,dataset_03\val\cataract\10419_right.jpeg,0.0,True
10426_right.jpeg,slit_lamp,dataset_03\val\cataract\10426_right.jpeg,0.0,True
10438_right.jpeg,slit_lamp,dataset_03\val\cataract\10438_right.jpeg,0.0,True
10457_right.jpeg,slit_lamp,dataset_03\val\cataract\10457_right.jpeg,0.0,True
10464_left.jpeg,slit_lamp,dataset_03\val\cataract\10464_left.jpeg,0.0,True
10475_left.jpeg,slit_lamp,dataset_03\val\cataract\10475_left.jpeg,0.1,True
10481_left.jpeg,slit_lamp,dataset_03\val\cataract\10481_left.jpeg,0.01,True
10484_left.jpeg,slit_lamp,dataset_03\val\cataract\10484_left.jpeg,0.0,True
10492_left.jpeg,slit_lamp,dataset_03\val\cataract\10492_left.jpeg,0.0,True
1049_left.jpeg,slit_lamp,dataset_03\val\cataract\1049_left.jpeg,0.0,True
10510_right.jpeg,slit_lamp,dataset_03\val\cataract\10510_right.jpeg,0.23,True
10511_left.jpeg,slit_lamp,dataset_03\val\cataract\10511_left.jpeg,1.39,True
10521_left.jpeg,slit_lamp,dataset_03\val\cataract\10521_left.jpeg,0.34,True
10568_right.jpeg,slit_lamp,dataset_03\val\cataract\10568_right.jpeg,0.0,True
1056_left.jpeg,slit_lamp,dataset_03\val\cataract\1056_left.jpeg,0.59,True
10570_right.jpeg,slit_lamp,dataset_03\val\cataract\10570_right.jpeg,0.0,True
10579_right.jpeg,slit_lamp,dataset_03\val\cataract\10579_right.jpeg,0.0,True
10592_left.jpeg,slit_lamp,dataset_03\val\cataract\10592_left.jpeg,0.0,True
10606_left.jpeg,slit_lamp,dataset_03\val\cataract\10606_left.jpeg,0.0,True
10610_left.jpeg,slit_lamp,dataset_03\val\cataract\10610_left.jpeg,0.87,True
10610_right.jpeg,slit_lamp,dataset_03\val\cataract\10610_right.jpeg,0.03,True
10619_right.jpeg,slit_lamp,dataset_03\val\cataract\10619_right.jpeg,0.0,True
10623_right.jpeg,slit_lamp,dataset_03\val\cataract\10623_right.jpeg,0.0,True
10640_left.jpeg,slit_lamp,dataset_03\val\cataract\10640_left.jpeg,0.0,True
10645_right.jpeg,slit_lamp,dataset_03\val\cataract\10645_right.jpeg,0.0,True
10646_right.jpeg,slit_lamp,dataset_03\val\cataract\10646_right.jpeg,0.0,True
10650_left.jpeg,slit_lamp,dataset_03\val\cataract\10650_left.jpeg,0.27,True
10660_right.jpeg,slit_lamp,dataset_03\val\cataract\10660_right.jpeg,0.0,True
10672_left.jpeg,slit_lamp,dataset_03\val\cataract\10672_left.jpeg,0.32,True
10674_left.jpeg,slit_lamp,dataset_03\val\cataract\10674_left.jpeg,0.02,True
10680_left.jpeg,slit_lamp,dataset_03\val\cataract\10680_left.jpeg,0.0,True
10694_right.jpeg,slit_lamp,dataset_03\val\cataract\10694_right.jpeg,0.0,True
10710_right.jpeg,slit_lamp,dataset_03\val\cataract\10710_right.jpeg,0.0,True
10720_left.jpeg,slit_lamp,dataset_03\val\cataract\10720_left.jpeg,2.97,True
10722_right.jpeg,slit_lamp,dataset_03\val\cataract\10722_right.jpeg,1.05,True
10723_left.jpeg,slit_lamp,dataset_03\val\cataract\10723_left.jpeg,1.23,True
10726_right.jpeg,slit_lamp,dataset_03\val\cataract\10726_right.jpeg,0.0,True
10751_left.jpeg,slit_lamp,dataset_03\val\cataract\10751_left.jpeg,0.95,True
10758_left.jpeg,slit_lamp,dataset_03\val\cataract\10758_left.jpeg,0.0,True
1075_right.jpeg,slit_lamp,dataset_03\val\cataract\1075_right.jpeg,0.0,True
10762_right.jpeg,slit_lamp,dataset_03\val\cataract\10762_right.jpeg,0.0,True
1077_left.jpeg,slit_lamp,dataset_03\val\cataract\1077_left.jpeg,0.06,True
10781_right.jpeg,slit_lamp,dataset_03\val\cataract\10781_right.jpeg,0.0,True
10785_left.jpeg,slit_lamp,dataset_03\val\cataract\10785_left.jpeg,0.0,True
10787_right.jpeg,slit_lamp,dataset_03\val\cataract\10787_right.jpeg,0.0,True
10808_right.jpeg,slit_lamp,dataset_03\val\cataract\10808_right.jpeg,0.0,True
10810_left.jpeg,slit_lamp,dataset_03\val\cataract\10810_left.jpeg,0.52,True
10839_right.jpeg,slit_lamp,dataset_03\val\cataract\10839_right.jpeg,0.01,True
1084_left.jpeg,slit_lamp,dataset_03\val\cataract\1084_left.jpeg,0.74,True
10861_left.jpeg,slit_lamp,dataset_03\val\cataract\10861_left.jpeg,0.0,True
10865_right.jpeg,slit_lamp,dataset_03\val\cataract\10865_right.jpeg,0.0,True
10883_left.jpeg,slit_lamp,dataset_03\val\cataract\10883_left.jpeg,0.15,True
10886_left.jpeg,slit_lamp,dataset_03\val\cataract\10886_left.jpeg,0.0,True
10886_right.jpeg,slit_lamp,dataset_03\val\cataract\10886_right.jpeg,0.0,True
10907_left.jpeg,slit_lamp,dataset_03\val\cataract\10907_left.jpeg,0.0,True
10908_left.jpeg,slit_lamp,dataset_03\val\cataract\10908_left.jpeg,0.0,True
10930_left.jpeg,slit_lamp,dataset_03\val\cataract\10930_left.jpeg,0.0,True
10934_left.jpeg,slit_lamp,dataset_03\val\cataract\10934_left.jpeg,0.21,True
10934_right.jpeg,slit_lamp,dataset_03\val\cataract\10934_right.jpeg,0.06,True
10936_left.jpeg,slit_lamp,dataset_03\val\cataract\10936_left.jpeg,0.0,True
10943_left.jpeg,slit_lamp,dataset_03\val\cataract\10943_left.jpeg,0.0,True
10945_right.jpeg,slit_lamp,dataset_03\val\cataract\10945_right.jpeg,0.75,True
10947_left.jpeg,slit_lamp,dataset_03\val\cataract\10947_left.jpeg,0.01,True
10954_right.jpeg,slit_lamp,dataset_03\val\cataract\10954_right.jpeg,0.0,True
10961_left.jpeg,slit_lamp,dataset_03\val\cataract\10961_left.jpeg,0.0,True
10983_right.jpeg,slit_lamp,dataset_03\val\cataract\10983_right.jpeg,0.0,True
10987_left.jpeg,slit_lamp,dataset_03\val\cataract\10987_left.jpeg,0.0,True
10989_right.jpeg,slit_lamp,dataset_03\val\cataract\10989_right.jpeg,0.0,True
1098_left.jpeg,slit_lamp,dataset_03\val\cataract\1098_left.jpeg,0.06,True
11005_left.jpeg,slit_lamp,dataset_03\val\cataract\11005_left.jpeg,0.0,True
11007_right.jpeg,slit_lamp,dataset_03\val\cataract\11007_right.jpeg,0.0,True
11008_right.jpeg,slit_lamp,dataset_03\val\cataract\11008_right.jpeg,0.08,True
1100_left.jpeg,slit_lamp,dataset_03\val\cataract\1100_left.jpeg,0.0,True
11026_left.jpeg,slit_lamp,dataset_03\val\cataract\11026_left.jpeg,0.0,True
11026_right.jpeg,slit_lamp,dataset_03\val\cataract\11026_right.jpeg,0.0,True
1102_left.jpeg,slit_lamp,dataset_03\val\cataract\1102_left.jpeg,0.12,True
11032_left.jpeg,slit_lamp,dataset_03\val\cataract\11032_left.jpeg,0.27,True
11050_left.jpeg,slit_lamp,dataset_03\val\cataract\11050_left.jpeg,0.0,True
11053_left.jpeg,slit_lamp,dataset_03\val\cataract\11053_left.jpeg,0.0,True
11057_right.jpeg,slit_lamp,dataset_03\val\cataract\11057_right.jpeg,0.0,True
11087_left.jpeg,slit_lamp,dataset_03\val\cataract\11087_left.jpeg,0.08,True
11091_left.jpeg,slit_lamp,dataset_03\val\cataract\11091_left.jpeg,6.77,True
11114_left.jpeg,slit_lamp,dataset_03\val\cataract\11114_left.jpeg,0.0,True
11114_right.jpeg,slit_lamp,dataset_03\val\cataract\11114_right.jpeg,0.0,True
11115_left.jpeg,slit_lamp,dataset_03\val\cataract\11115_left.jpeg,0.0,True
11117_right.jpeg,slit_lamp,dataset_03\val\cataract\11117_right.jpeg,0.0,True
11120_right.jpeg,slit_lamp,dataset_03\val\cataract\11120_right.jpeg,0.0,True
11121_left.jpeg,slit_lamp,dataset_03\val\cataract\11121_left.jpeg,0.24,True
11122_right.jpeg,slit_lamp,dataset_03\val\cataract\11122_right.jpeg,0.22,True
11124_right.jpeg,slit_lamp,dataset_03\val\cataract\11124_right.jpeg,0.67,True
11147_left.jpeg,slit_lamp,dataset_03\val\cataract\11147_left.jpeg,0.0,True
11152_left.jpeg,slit_lamp,dataset_03\val\cataract\11152_left.jpeg,0.18,True
11153_left.jpeg,slit_lamp,dataset_03\val\cataract\11153_left.jpeg,0.0,True
11157_left.jpeg,slit_lamp,dataset_03\val\cataract\11157_left.jpeg,0.05,True
11161_left.jpeg,slit_lamp,dataset_03\val\cataract\11161_left.jpeg,0.0,True
11181_right.jpeg,slit_lamp,dataset_03\val\cataract\11181_right.jpeg,0.0,True
11182_right.jpeg,slit_lamp,dataset_03\val\cataract\11182_right.jpeg,0.0,True
11198_right.jpeg,slit_lamp,dataset_03\val\cataract\11198_right.jpeg,18.61,True
111_right.jpeg,slit_lamp,dataset_03\val\cataract\111_right.jpeg,0.0,True
11216_left.jpeg,slit_lamp,dataset_03\val\cataract\11216_left.jpeg,0.0,True
11216_right.jpeg,slit_lamp,dataset_03\val\cataract\11216_right.jpeg,0.0,True
11229_right.jpeg,slit_lamp,dataset_03\val\cataract\11229_right.jpeg,6.05,True
11231_left.jpeg,slit_lamp,dataset_03\val\cataract\11231_left.jpeg,0.0,True
1123_right.jpeg,slit_lamp,dataset_03\val\cataract\1123_right.jpeg,0.0,True
11249_left.jpeg,slit_lamp,dataset_03\val\cataract\11249_left.jpeg,0.0,True
11265_left.jpeg,slit_lamp,dataset_03\val\cataract\11265_left.jpeg,0.0,True
11270_left.jpeg,slit_lamp,dataset_03\val\cataract\11270_left.jpeg,0.0,True
11271_left.jpeg,slit_lamp,dataset_03\val\cataract\11271_left.jpeg,0.0,True
11273_left.jpeg,slit_lamp,dataset_03\val\cataract\11273_left.jpeg,0.02,True
11288_left.jpeg,slit_lamp,dataset_03\val\cataract\11288_left.jpeg,0.01,True
11289_right.jpeg,slit_lamp,dataset_03\val\cataract\11289_right.jpeg,0.0,True
11291_left.jpeg,slit_lamp,dataset_03\val\cataract\11291_left.jpeg,0.87,True
11292_left.jpeg,slit_lamp,dataset_03\val\cataract\11292_left.jpeg,0.0,True
11293_right.jpeg,slit_lamp,dataset_03\val\cataract\11293_right.jpeg,0.25,True
11298_left.jpeg,slit_lamp,dataset_03\val\cataract\11298_left.jpeg,0.0,True
11304_right.jpeg,slit_lamp,dataset_03\val\cataract\11304_right.jpeg,0.1,True
11310_left.jpeg,slit_lamp,dataset_03\val\cataract\11310_left.jpeg,0.0,True
11314_left.jpeg,slit_lamp,dataset_03\val\cataract\11314_left.jpeg,0.0,True
11314_right.jpeg,slit_lamp,dataset_03\val\cataract\11314_right.jpeg,0.0,True
11315_right.jpeg,slit_lamp,dataset_03\val\cataract\11315_right.jpeg,0.06,True
11335_left.jpeg,slit_lamp,dataset_03\val\cataract\11335_left.jpeg,0.0,True
11341_left.jpeg,slit_lamp,dataset_03\val\cataract\11341_left.jpeg,0.0,True
11371_right.jpeg,slit_lamp,dataset_03\val\cataract\11371_right.jpeg,0.01,True
11382_left.jpeg,slit_lamp,dataset_03\val\cataract\11382_left.jpeg,0.58,True
11393_left.jpeg,slit_lamp,dataset_03\val\cataract\11393_left.jpeg,0.0,True
11393_right.jpeg,slit_lamp,dataset_03\val\cataract\11393_right.jpeg,0.0,True
1139_left.jpeg,slit_lamp,dataset_03\val\cataract\1139_left.jpeg,0.0,True
11408_left.jpeg,slit_lamp,dataset_03\val\cataract\11408_left.jpeg,0.0,True
11408_right.jpeg,slit_lamp,dataset_03\val\cataract\11408_right.jpeg,3.1,True
11425_left.jpeg,slit_lamp,dataset_03\val\cataract\11425_left.jpeg,0.0,True
11425_right.jpeg,slit_lamp,dataset_03\val\cataract\11425_right.jpeg,0.0,True
11438_right.jpeg,slit_lamp,dataset_03\val\cataract\11438_right.jpeg,0.0,True
11446_right.jpeg,slit_lamp,dataset_03\val\cataract\11446_right.jpeg,0.0,True
1145_left.jpeg,slit_lamp,dataset_03\val\cataract\1145_left.jpeg,0.31,True
11464_left.jpeg,slit_lamp,dataset_03\val\cataract\11464_left.jpeg,0.0,True
11471_right.jpeg,slit_lamp,dataset_03\val\cataract\11471_right.jpeg,0.0,True
1147_left.jpeg,slit_lamp,dataset_03\val\cataract\1147_left.jpeg,0.05,True
11487_right.jpeg,slit_lamp,dataset_03\val\cataract\11487_right.jpeg,0.0,True
11495_left.jpeg,slit_lamp,dataset_03\val\cataract\11495_left.jpeg,0.52,True
11496_left.jpeg,slit_lamp,dataset_03\val\cataract\11496_left.jpeg,0.0,True
11500_right.jpeg,slit_lamp,dataset_03\val\cataract\11500_right.jpeg,0.0,True
11534_right.jpeg,slit_lamp,dataset_03\val\cataract\11534_right.jpeg,0.0,True
11542_left.jpeg,slit_lamp,dataset_03\val\cataract\11542_left.jpeg,0.0,True
11550_left.jpeg,slit_lamp,dataset_03\val\cataract\11550_left.jpeg,0.05,True
11574_left.jpeg,slit_lamp,dataset_03\val\cataract\11574_left.jpeg,0.0,True
11575_left.jpeg,slit_lamp,dataset_03\val\cataract\11575_left.jpeg,0.0,True
11579_right.jpeg,slit_lamp,dataset_03\val\cataract\11579_right.jpeg,0.19,True
11590_right.jpeg,slit_lamp,dataset_03\val\cataract\11590_right.jpeg,0.0,True
11593_right.jpeg,slit_lamp,dataset_03\val\cataract\11593_right.jpeg,0.02,True
11594_right.jpeg,slit_lamp,dataset_03\val\cataract\11594_right.jpeg,0.3,True
11598_left.jpeg,slit_lamp,dataset_03\val\cataract\11598_left.jpeg,0.09,True
11598_right.jpeg,slit_lamp,dataset_03\val\cataract\11598_right.jpeg,0.03,True
1165_left.jpeg,slit_lamp,dataset_03\val\cataract\1165_left.jpeg,0.0,True
1165_right.jpeg,slit_lamp,dataset_03\val\cataract\1165_right.jpeg,0.0,True
1179_left.jpeg,slit_lamp,dataset_03\val\cataract\1179_left.jpeg,0.0,True
1180_left.jpeg,slit_lamp,dataset_03\val\cataract\1180_left.jpeg,1.42,True
1180_right.jpeg,slit_lamp,dataset_03\val\cataract\1180_right.jpeg,0.93,True
1197_right.jpeg,slit_lamp,dataset_03\val\cataract\1197_right.jpeg,0.13,True
1206_right.jpeg,slit_lamp,dataset_03\val\cataract\1206_right.jpeg,0.0,True
1211_right.jpeg,slit_lamp,dataset_03\val\cataract\1211_right.jpeg,1.01,True
122_left.jpeg,slit_lamp,dataset_03\val\cataract\122_left.jpeg,0.0,True
1240_right.jpeg,slit_lamp,dataset_03\val\cataract\1240_right.jpeg,0.0,True
1260_right.jpeg,slit_lamp,dataset_03\val\cataract\1260_right.jpeg,0.1,True
1269_left.jpeg,slit_lamp,dataset_03\val\cataract\1269_left.jpeg,0.0,True
1272_left.jpeg,slit_lamp,dataset_03\val\cataract\1272_left.jpeg,0.0,True
1275_right.jpeg,slit_lamp,dataset_03\val\cataract\1275_right.jpeg,0.17,True
1285_left.jpeg,slit_lamp,dataset_03\val\cataract\1285_left.jpeg,0.0,True
129_left.jpeg,slit_lamp,dataset_03\val\cataract\129_left.jpeg,0.0,True
1209_right.jpg,slit_lamp,dataset_03\val\mild\1209_right.jpg,0.0,True
1217_right.jpg,slit_lamp,dataset_03\val\mild\1217_right.jpg,0.0,True
1221_left.jpg,slit_lamp,dataset_03\val\mild\1221_left.jpg,0.0,True
1225_left.jpg,slit_lamp,dataset_03\val\mild\1225_left.jpg,0.0,True
1227_right.jpg,slit_lamp,dataset_03\val\mild\1227_right.jpg,0.0,True
1232_left.jpg,slit_lamp,dataset_03\val\mild\1232_left.jpg,0.0,True
1234_left.jpg,slit_lamp,dataset_03\val\mild\1234_left.jpg,0.0,True
1237_right.jpg,slit_lamp,dataset_03\val\mild\1237_right.jpg,0.01,True
1239_right.jpg,slit_lamp,dataset_03\val\mild\1239_right.jpg,0.0,True
1246_right.jpg,slit_lamp,dataset_03\val\mild\1246_right.jpg,0.0,True
1247_right.jpg,slit_lamp,dataset_03\val\mild\1247_right.jpg,0.0,True
1248_left.jpg,slit_lamp,dataset_03\val\mild\1248_left.jpg,0.0,True
1254_right.jpg,slit_lamp,dataset_03\val\mild\1254_right.jpg,0.0,True
1256_left.jpg,slit_lamp,dataset_03\val\mild\1256_left.jpg,0.02,True
1263_right.jpg,slit_lamp,dataset_03\val\mild\1263_right.jpg,5.55,True
1269_right.jpg,slit_lamp,dataset_03\val\mild\1269_right.jpg,0.0,True
1270_right.jpg,slit_lamp,dataset_03\val\mild\1270_right.jpg,0.0,True
1273_right.jpg,slit_lamp,dataset_03\val\mild\1273_right.jpg,0.0,True
1288_left.jpg,slit_lamp,dataset_03\val\mild\1288_left.jpg,0.0,True
1297_right.jpg,slit_lamp,dataset_03\val\mild\1297_right.jpg,0.0,True
1325_left.jpg,slit_lamp,dataset_03\val\mild\1325_left.jpg,0.0,True
1334_left.jpg,slit_lamp,dataset_03\val\mild\1334_left.jpg,0.0,True
1344_right.jpg,slit_lamp,dataset_03\val\mild\1344_right.jpg,0.0,True
1352_left.jpg,slit_lamp,dataset_03\val\mild\1352_left.jpg,0.0,True
1362_left.jpg,slit_lamp,dataset_03\val\mild\1362_left.jpg,0.0,True
1362_right.jpg,slit_lamp,dataset_03\val\mild\1362_right.jpg,0.0,True
1365_left.jpg,slit_lamp,dataset_03\val\mild\1365_left.jpg,0.0,True
1371_left.jpg,slit_lamp,dataset_03\val\mild\1371_left.jpg,0.0,True
1374_right.jpg,slit_lamp,dataset_03\val\mild\1374_right.jpg,0.0,True
1383_left.jpg,slit_lamp,dataset_03\val\mild\1383_left.jpg,0.0,True
1386_left.jpg,slit_lamp,dataset_03\val\mild\1386_left.jpg,0.0,True
1389_left.jpg,slit_lamp,dataset_03\val\mild\1389_left.jpg,0.0,True
1404_left.jpg,slit_lamp,dataset_03\val\mild\1404_left.jpg,0.0,True
1410_left.jpg,slit_lamp,dataset_03\val\mild\1410_left.jpg,0.0,True
1415_right.jpg,slit_lamp,dataset_03\val\mild\1415_right.jpg,0.12,True
1419_left.jpg,slit_lamp,dataset_03\val\mild\1419_left.jpg,0.0,True
1427_right.jpg,slit_lamp,dataset_03\val\mild\1427_right.jpg,0.0,True
1428_left.jpg,slit_lamp,dataset_03\val\mild\1428_left.jpg,0.0,True
1431_left.jpg,slit_lamp,dataset_03\val\mild\1431_left.jpg,0.0,True
1431_right.jpg,slit_lamp,dataset_03\val\mild\1431_right.jpg,0.0,True
1443_right.jpg,slit_lamp,dataset_03\val\mild\1443_right.jpg,0.0,True
1458_left.jpg,slit_lamp,dataset_03\val\mild\1458_left.jpg,0.0,True
1458_right.jpg,slit_lamp,dataset_03\val\mild\1458_right.jpg,0.0,True
1473_left.jpg,slit_lamp,dataset_03\val\mild\1473_left.jpg,0.02,True
1474_left.jpg,slit_lamp,dataset_03\val\mild\1474_left.jpg,0.0,True
1477_left.jpg,slit_lamp,dataset_03\val\mild\1477_left.jpg,0.0,True
1489_left.jpg,slit_lamp,dataset_03\val\mild\1489_left.jpg,0.0,True
1495_left.jpg,slit_lamp,dataset_03\val\mild\1495_left.jpg,0.03,True
1515_left.jpg,slit_lamp,dataset_03\val\mild\1515_left.jpg,6.67,True
153_left.jpg,slit_lamp,dataset_03\val\mild\153_left.jpg,0.0,True
1881_left.jpg,slit_lamp,dataset_03\val\mild\1881_left.jpg,0.0,True
1964_left.jpg,slit_lamp,dataset_03\val\mild\1964_left.jpg,0.0,True
1965_left.jpg,slit_lamp,dataset_03\val\mild\1965_left.jpg,0.0,True
2006_left.jpg,slit_lamp,dataset_03\val\mild\2006_left.jpg,0.55,True
2010_left.jpg,slit_lamp,dataset_03\val\mild\2010_left.jpg,0.0,True
2020_left.jpg,slit_lamp,dataset_03\val\mild\2020_left.jpg,0.18,True
247_right.jpg,slit_lamp,dataset_03\val\mild\247_right.jpg,0.0,True
931_left.jpg,slit_lamp,dataset_03\val\mild\931_left.jpg,0.0,True
Glaucoma_003.png,slit_lamp,dataset_03\val\mild\Glaucoma_003.png,0.0,True
Glaucoma_007.png,slit_lamp,dataset_03\val\mild\Glaucoma_007.png,0.04,True
Glaucoma_009.png,slit_lamp,dataset_03\val\mild\Glaucoma_009.png,0.0,True
Glaucoma_015.png,slit_lamp,dataset_03\val\mild\Glaucoma_015.png,0.04,True
Glaucoma_017.png,slit_lamp,dataset_03\val\mild\Glaucoma_017.png,0.0,True
Glaucoma_018.png,slit_lamp,dataset_03\val\mild\Glaucoma_018.png,0.01,True
Glaucoma_024.png,slit_lamp,dataset_03\val\mild\Glaucoma_024.png,0.0,True
Glaucoma_031.png,slit_lamp,dataset_03\val\mild\Glaucoma_031.png,0.23,True
Glaucoma_045.png,slit_lamp,dataset_03\val\mild\Glaucoma_045.png,0.0,True
Glaucoma_050.png,slit_lamp,dataset_03\val\mild\Glaucoma_050.png,0.04,True
Glaucoma_052.png,slit_lamp,dataset_03\val\mild\Glaucoma_052.png,0.0,True
Glaucoma_055.png,slit_lamp,dataset_03\val\mild\Glaucoma_055.png,0.11,True
Glaucoma_059.png,slit_lamp,dataset_03\val\mild\Glaucoma_059.png,0.0,True
Glaucoma_062.png,slit_lamp,dataset_03\val\mild\Glaucoma_062.png,0.0,True
Glaucoma_082.png,slit_lamp,dataset_03\val\mild\Glaucoma_082.png,0.0,True
Glaucoma_083.png,slit_lamp,dataset_03\val\mild\Glaucoma_083.png,0.02,True
Glaucoma_084.png,slit_lamp,dataset_03\val\mild\Glaucoma_084.png,0.02,True
Glaucoma_089.png,slit_lamp,dataset_03\val\mild\Glaucoma_089.png,0.0,True
Glaucoma_093.png,slit_lamp,dataset_03\val\mild\Glaucoma_093.png,0.17,True
Glaucoma_096.png,slit_lamp,dataset_03\val\mild\Glaucoma_096.png,0.0,True
Glaucoma_097.png,slit_lamp,dataset_03\val\mild\Glaucoma_097.png,0.0,True
_102_5502806.jpg,slit_lamp,dataset_03\val\mild\_102_5502806.jpg,0.0,True
_104_9271975.jpg,slit_lamp,dataset_03\val\mild\_104_9271975.jpg,0.0,True
_10_2555943.jpg,slit_lamp,dataset_03\val\mild\_10_2555943.jpg,0.0,True
_116_1943666.jpg,slit_lamp,dataset_03\val\mild\_116_1943666.jpg,0.0,True
_117_8186757.jpg,slit_lamp,dataset_03\val\mild\_117_8186757.jpg,0.0,True
_118_6838709.jpg,slit_lamp,dataset_03\val\mild\_118_6838709.jpg,0.0,True
_121_2837450.jpg,slit_lamp,dataset_03\val\mild\_121_2837450.jpg,0.0,True
_123_6574789.jpg,slit_lamp,dataset_03\val\mild\_123_6574789.jpg,0.0,True
_124_11722.jpg,slit_lamp,dataset_03\val\mild\_124_11722.jpg,0.0,True
_126_6964713.jpg,slit_lamp,dataset_03\val\mild\_126_6964713.jpg,0.97,True
_134_3244278.jpg,slit_lamp,dataset_03\val\mild\_134_3244278.jpg,0.0,True
_139_2849264.jpg,slit_lamp,dataset_03\val\mild\_139_2849264.jpg,0.0,True
_142_682945.jpg,slit_lamp,dataset_03\val\mild\_142_682945.jpg,0.0,True
_144_611038.jpg,slit_lamp,dataset_03\val\mild\_144_611038.jpg,0.0,True
_154_6297009.jpg,slit_lamp,dataset_03\val\mild\_154_6297009.jpg,0.0,True
_157_6473114.jpg,slit_lamp,dataset_03\val\mild\_157_6473114.jpg,0.0,True
_157_7971265.jpg,slit_lamp,dataset_03\val\mild\_157_7971265.jpg,0.0,True
_159_52965.jpg,slit_lamp,dataset_03\val\mild\_159_52965.jpg,0.0,True
_160_3285565.jpg,slit_lamp,dataset_03\val\mild\_160_3285565.jpg,0.0,True
_161_1354200.jpg,slit_lamp,dataset_03\val\mild\_161_1354200.jpg,0.0,True
_165_6911194.jpg,slit_lamp,dataset_03\val\mild\_165_6911194.jpg,0.3,True
_177_7654905.jpg,slit_lamp,dataset_03\val\mild\_177_7654905.jpg,0.0,True
_180_6449017.jpg,slit_lamp,dataset_03\val\mild\_180_6449017.jpg,0.0,True
_182_6536787.jpg,slit_lamp,dataset_03\val\mild\_182_6536787.jpg,0.0,True
_185_7833633.jpg,slit_lamp,dataset_03\val\mild\_185_7833633.jpg,0.14,True
_188_1477185.jpg,slit_lamp,dataset_03\val\mild\_188_1477185.jpg,0.0,True
_188_6021497.jpg,slit_lamp,dataset_03\val\mild\_188_6021497.jpg,0.0,True
_189_3602727.jpg,slit_lamp,dataset_03\val\mild\_189_3602727.jpg,0.0,True
_191_6264437.jpg,slit_lamp,dataset_03\val\mild\_191_6264437.jpg,0.0,True
_195_8472436.jpg,slit_lamp,dataset_03\val\mild\_195_8472436.jpg,0.0,True
_196_3505519.jpg,slit_lamp,dataset_03\val\mild\_196_3505519.jpg,0.0,True
_196_9338682.jpg,slit_lamp,dataset_03\val\mild\_196_9338682.jpg,0.0,True
_198_4839828.jpg,slit_lamp,dataset_03\val\mild\_198_4839828.jpg,0.0,True
_199_1326301.jpg,slit_lamp,dataset_03\val\mild\_199_1326301.jpg,0.0,True
_209_6790686.jpg,slit_lamp,dataset_03\val\mild\_209_6790686.jpg,0.0,True
_20_5240419.jpg,slit_lamp,dataset_03\val\mild\_20_5240419.jpg,0.19,True
_20_7421444.jpg,slit_lamp,dataset_03\val\mild\_20_7421444.jpg,0.2,True
_211_3409683.jpg,slit_lamp,dataset_03\val\mild\_211_3409683.jpg,0.0,True
_217_6214632.jpg,slit_lamp,dataset_03\val\mild\_217_6214632.jpg,0.0,True
_222_8813596.jpg,slit_lamp,dataset_03\val\mild\_222_8813596.jpg,0.0,True
_223_2293487.jpg,slit_lamp,dataset_03\val\mild\_223_2293487.jpg,0.0,True
_227_1784248.jpg,slit_lamp,dataset_03\val\mild\_227_1784248.jpg,0.04,True
_230_7804467.jpg,slit_lamp,dataset_03\val\mild\_230_7804467.jpg,0.0,True
_231_4877279.jpg,slit_lamp,dataset_03\val\mild\_231_4877279.jpg,0.0,True
_232_9030219.jpg,slit_lamp,dataset_03\val\mild\_232_9030219.jpg,0.0,True
_236_8014695.jpg,slit_lamp,dataset_03\val\mild\_236_8014695.jpg,0.0,True
_238_9493538.jpg,slit_lamp,dataset_03\val\mild\_238_9493538.jpg,0.0,True
_239_5512637.jpg,slit_lamp,dataset_03\val\mild\_239_5512637.jpg,0.0,True
_242_5062809.jpg,slit_lamp,dataset_03\val\mild\_242_5062809.jpg,0.0,True
_243_95702.jpg,slit_lamp,dataset_03\val\mild\_243_95702.jpg,0.0,True
_244_9609209.jpg,slit_lamp,dataset_03\val\mild\_244_9609209.jpg,0.0,True
_246_1688391.jpg,slit_lamp,dataset_03\val\mild\_246_1688391.jpg,0.0,True
_249_5342875.jpg,slit_lamp,dataset_03\val\mild\_249_5342875.jpg,0.01,True
_24_3870780.jpg,slit_lamp,dataset_03\val\mild\_24_3870780.jpg,0.0,True
_251_5505179.jpg,slit_lamp,dataset_03\val\mild\_251_5505179.jpg,0.0,True
_251_8769594.jpg,slit_lamp,dataset_03\val\mild\_251_8769594.jpg,0.0,True
_252_4705064.jpg,slit_lamp,dataset_03\val\mild\_252_4705064.jpg,0.0,True
_254_5059705.jpg,slit_lamp,dataset_03\val\mild\_254_5059705.jpg,0.0,True
_254_8727190.jpg,slit_lamp,dataset_03\val\mild\_254_8727190.jpg,0.0,True
_257_3895456.jpg,slit_lamp,dataset_03\val\mild\_257_3895456.jpg,0.0,True
_263_9132183.jpg,slit_lamp,dataset_03\val\mild\_263_9132183.jpg,0.0,True
_266_8920656.jpg,slit_lamp,dataset_03\val\mild\_266_8920656.jpg,0.0,True
_269_7481383.jpg,slit_lamp,dataset_03\val\mild\_269_7481383.jpg,0.0,True
_270_6223143.jpg,slit_lamp,dataset_03\val\mild\_270_6223143.jpg,0.0,True
_272_9782017.jpg,slit_lamp,dataset_03\val\mild\_272_9782017.jpg,0.0,True
_276_1824789.jpg,slit_lamp,dataset_03\val\mild\_276_1824789.jpg,0.0,True
_282_8545700.jpg,slit_lamp,dataset_03\val\mild\_282_8545700.jpg,0.0,True
_284_1958940.jpg,slit_lamp,dataset_03\val\mild\_284_1958940.jpg,0.01,True
_288_5661981.jpg,slit_lamp,dataset_03\val\mild\_288_5661981.jpg,0.0,True
_290_306861.jpg,slit_lamp,dataset_03\val\mild\_290_306861.jpg,0.04,True
_292_3590459.jpg,slit_lamp,dataset_03\val\mild\_292_3590459.jpg,0.0,True
_296_3140840.jpg,slit_lamp,dataset_03\val\mild\_296_3140840.jpg,0.01,True
_296_6754407.jpg,slit_lamp,dataset_03\val\mild\_296_6754407.jpg,0.02,True
_29_2615629.jpg,slit_lamp,dataset_03\val\mild\_29_2615629.jpg,0.0,True
_300_7433746.jpg,slit_lamp,dataset_03\val\mild\_300_7433746.jpg,0.0,True
_301_8474971.jpg,slit_lamp,dataset_03\val\mild\_301_8474971.jpg,1.66,True
_305_769962.jpg,slit_lamp,dataset_03\val\mild\_305_769962.jpg,0.0,True
_307_4576620.jpg,slit_lamp,dataset_03\val\mild\_307_4576620.jpg,0.0,True
_30_5516177.jpg,slit_lamp,dataset_03\val\mild\_30_5516177.jpg,0.0,True
_312_2571477.jpg,slit_lamp,dataset_03\val\mild\_312_2571477.jpg,0.01,True
_316_6373643.jpg,slit_lamp,dataset_03\val\mild\_316_6373643.jpg,0.0,True
_318_9413163.jpg,slit_lamp,dataset_03\val\mild\_318_9413163.jpg,0.0,True
_320_4614619.jpg,slit_lamp,dataset_03\val\mild\_320_4614619.jpg,0.02,True
_322_4870398.jpg,slit_lamp,dataset_03\val\mild\_322_4870398.jpg,0.0,True
_330_6332138.jpg,slit_lamp,dataset_03\val\mild\_330_6332138.jpg,0.01,True
_332_3900734.jpg,slit_lamp,dataset_03\val\mild\_332_3900734.jpg,0.0,True
_341_3030606.jpg,slit_lamp,dataset_03\val\mild\_341_3030606.jpg,0.07,True
_342_3907815.jpg,slit_lamp,dataset_03\val\mild\_342_3907815.jpg,0.04,True
_351_6945231.jpg,slit_lamp,dataset_03\val\mild\_351_6945231.jpg,0.2,True
_353_6531128.jpg,slit_lamp,dataset_03\val\mild\_353_6531128.jpg,0.0,True
_354_1214126.jpg,slit_lamp,dataset_03\val\mild\_354_1214126.jpg,0.17,True
_356_2280553.jpg,slit_lamp,dataset_03\val\mild\_356_2280553.jpg,0.0,True
_359_2481818.jpg,slit_lamp,dataset_03\val\mild\_359_2481818.jpg,0.0,True
_35_2680315.jpg,slit_lamp,dataset_03\val\mild\_35_2680315.jpg,0.0,True
_364_7596223.jpg,slit_lamp,dataset_03\val\mild\_364_7596223.jpg,0.0,True
_365_7365403.jpg,slit_lamp,dataset_03\val\mild\_365_7365403.jpg,0.04,True
_369_4797724.jpg,slit_lamp,dataset_03\val\mild\_369_4797724.jpg,0.0,True
_371_5633932.jpg,slit_lamp,dataset_03\val\mild\_371_5633932.jpg,0.0,True
_371_9609603.jpg,slit_lamp,dataset_03\val\mild\_371_9609603.jpg,0.0,True
_373_2349363.jpg,slit_lamp,dataset_03\val\mild\_373_2349363.jpg,0.0,True
_376_8893491.jpg,slit_lamp,dataset_03\val\mild\_376_8893491.jpg,0.0,True
_378_1725232.jpg,slit_lamp,dataset_03\val\mild\_378_1725232.jpg,0.02,True
_387_8614768.jpg,slit_lamp,dataset_03\val\mild\_387_8614768.jpg,0.0,True
_390_458377.jpg,slit_lamp,dataset_03\val\mild\_390_458377.jpg,0.0,True
_394_81313.jpg,slit_lamp,dataset_03\val\mild\_394_81313.jpg,0.0,True
_395_3509756.jpg,slit_lamp,dataset_03\val\mild\_395_3509756.jpg,0.0,True
_397_9607497.jpg,slit_lamp,dataset_03\val\mild\_397_9607497.jpg,0.14,True
_399_7128170.jpg,slit_lamp,dataset_03\val\mild\_399_7128170.jpg,0.0,True
_3_6499308.jpg,slit_lamp,dataset_03\val\mild\_3_6499308.jpg,0.0,True
_404_5918559.jpg,slit_lamp,dataset_03\val\mild\_404_5918559.jpg,0.0,True
_41_7018471.jpg,slit_lamp,dataset_03\val\mild\_41_7018471.jpg,0.0,True
_42_6738302.jpg,slit_lamp,dataset_03\val\mild\_42_6738302.jpg,0.03,True
_43_2637980.jpg,slit_lamp,dataset_03\val\mild\_43_2637980.jpg,0.06,True
_56_7014018.jpg,slit_lamp,dataset_03\val\mild\_56_7014018.jpg,0.07,True
_5_5487582.jpg,slit_lamp,dataset_03\val\mild\_5_5487582.jpg,0.0,True
_67_4921455.jpg,slit_lamp,dataset_03\val\mild\_67_4921455.jpg,0.0,True
_68_7591745.jpg,slit_lamp,dataset_03\val\mild\_68_7591745.jpg,0.0,True
_69_5362173.jpg,slit_lamp,dataset_03\val\mild\_69_5362173.jpg,0.0,True
_78_1065003.jpg,slit_lamp,dataset_03\val\mild\_78_1065003.jpg,0.0,True
_85_9846035.jpg,slit_lamp,dataset_03\val\mild\_85_9846035.jpg,0.0,True
_87_9110812.jpg,slit_lamp,dataset_03\val\mild\_87_9110812.jpg,0.0,True
_95_5759614.jpg,slit_lamp,dataset_03\val\mild\_95_5759614.jpg,0.0,True
1062_right.jpg,slit_lamp,dataset_03\val\moderate\1062_right.jpg,0.0,True
1285_left.jpg,slit_lamp,dataset_03\val\moderate\1285_left.jpg,0.55,True
1415_left.jpg,slit_lamp,dataset_03\val\moderate\1415_left.jpg,0.25,True
1454_right.jpg,slit_lamp,dataset_03\val\moderate\1454_right.jpg,0.0,True
1483_right.jpg,slit_lamp,dataset_03\val\moderate\1483_right.jpg,0.0,True
1968_left.jpg,slit_lamp,dataset_03\val\moderate\1968_left.jpg,0.0,True
2097_right.jpg,slit_lamp,dataset_03\val\moderate\2097_right.jpg,21.27,True
2098_right.jpg,slit_lamp,dataset_03\val\moderate\2098_right.jpg,0.0,True
2101_left.jpg,slit_lamp,dataset_03\val\moderate\2101_left.jpg,0.0,True
2108_left.jpg,slit_lamp,dataset_03\val\moderate\2108_left.jpg,0.0,True
2108_right.jpg,slit_lamp,dataset_03\val\moderate\2108_right.jpg,0.0,True
2110_left.jpg,slit_lamp,dataset_03\val\moderate\2110_left.jpg,0.0,True
2113_left.jpg,slit_lamp,dataset_03\val\moderate\2113_left.jpg,1.06,True
2120_left.jpg,slit_lamp,dataset_03\val\moderate\2120_left.jpg,0.0,True
2127_left.jpg,slit_lamp,dataset_03\val\moderate\2127_left.jpg,0.0,True
2128_left.jpg,slit_lamp,dataset_03\val\moderate\2128_left.jpg,0.0,True
2128_right.jpg,slit_lamp,dataset_03\val\moderate\2128_right.jpg,0.0,True
2130_right.jpg,slit_lamp,dataset_03\val\moderate\2130_right.jpg,0.0,True
2142_left.jpg,slit_lamp,dataset_03\val\moderate\2142_left.jpg,0.0,True
2142_right.jpg,slit_lamp,dataset_03\val\moderate\2142_right.jpg,0.0,True
2145_left.jpg,slit_lamp,dataset_03\val\moderate\2145_left.jpg,0.0,True
2151_left.jpg,slit_lamp,dataset_03\val\moderate\2151_left.jpg,0.0,True
2167_left.jpg,slit_lamp,dataset_03\val\moderate\2167_left.jpg,0.7,True
2168_right.jpg,slit_lamp,dataset_03\val\moderate\2168_right.jpg,0.0,True
2171_left.jpg,slit_lamp,dataset_03\val\moderate\2171_left.jpg,24.36,True
2175_left.jpg,slit_lamp,dataset_03\val\moderate\2175_left.jpg,20.62,True
2176_left.jpg,slit_lamp,dataset_03\val\moderate\2176_left.jpg,0.0,True
2176_right.jpg,slit_lamp,dataset_03\val\moderate\2176_right.jpg,0.0,True
2178_right.jpg,slit_lamp,dataset_03\val\moderate\2178_right.jpg,0.0,True
2180_left.jpg,slit_lamp,dataset_03\val\moderate\2180_left.jpg,1.22,True
2180_right.jpg,slit_lamp,dataset_03\val\moderate\2180_right.jpg,0.13,True
2181_right.jpg,slit_lamp,dataset_03\val\moderate\2181_right.jpg,2.98,True
2182_left.jpg,slit_lamp,dataset_03\val\moderate\2182_left.jpg,11.07,True
2183_right.jpg,slit_lamp,dataset_03\val\moderate\2183_right.jpg,0.0,True
218_right.jpg,slit_lamp,dataset_03\val\moderate\218_right.jpg,0.0,True
2190_right.jpg,slit_lamp,dataset_03\val\moderate\2190_right.jpg,0.0,True
2194_left.jpg,slit_lamp,dataset_03\val\moderate\2194_left.jpg,0.07,True
2207_left.jpg,slit_lamp,dataset_03\val\moderate\2207_left.jpg,0.0,True
2207_right.jpg,slit_lamp,dataset_03\val\moderate\2207_right.jpg,0.0,True
2208_right.jpg,slit_lamp,dataset_03\val\moderate\2208_right.jpg,0.0,True
2209_left.jpg,slit_lamp,dataset_03\val\moderate\2209_left.jpg,0.0,True
2209_right.jpg,slit_lamp,dataset_03\val\moderate\2209_right.jpg,0.0,True
2217_right.jpg,slit_lamp,dataset_03\val\moderate\2217_right.jpg,0.0,True
2220_right.jpg,slit_lamp,dataset_03\val\moderate\2220_right.jpg,0.0,True
2226_right.jpg,slit_lamp,dataset_03\val\moderate\2226_right.jpg,0.0,True
2227_right.jpg,slit_lamp,dataset_03\val\moderate\2227_right.jpg,0.0,True
2229_left.jpg,slit_lamp,dataset_03\val\moderate\2229_left.jpg,0.0,True
2239_left.jpg,slit_lamp,dataset_03\val\moderate\2239_left.jpg,0.0,True
2242_right.jpg,slit_lamp,dataset_03\val\moderate\2242_right.jpg,0.0,True
2251_right.jpg,slit_lamp,dataset_03\val\moderate\2251_right.jpg,0.0,True
2262_left.jpg,slit_lamp,dataset_03\val\moderate\2262_left.jpg,0.31,True
294_left.jpg,slit_lamp,dataset_03\val\moderate\294_left.jpg,0.04,True
465_left.jpg,slit_lamp,dataset_03\val\moderate\465_left.jpg,0.0,True
477_left.jpg,slit_lamp,dataset_03\val\moderate\477_left.jpg,0.0,True
726_left.jpg,slit_lamp,dataset_03\val\moderate\726_left.jpg,0.0,True
726_right.jpg,slit_lamp,dataset_03\val\moderate\726_right.jpg,0.0,True
750_left.jpg,slit_lamp,dataset_03\val\moderate\750_left.jpg,0.08,True
970_left.jpg,slit_lamp,dataset_03\val\moderate\970_left.jpg,0.0,True
cataract_003.png,slit_lamp,dataset_03\val\moderate\cataract_003.png,0.0,True
cataract_006.png,slit_lamp,dataset_03\val\moderate\cataract_006.png,0.0,True
cataract_010.png,slit_lamp,dataset_03\val\moderate\cataract_010.png,0.0,True
cataract_013.png,slit_lamp,dataset_03\val\moderate\cataract_013.png,0.0,True
cataract_024.png,slit_lamp,dataset_03\val\moderate\cataract_024.png,0.0,True
cataract_030.png,slit_lamp,dataset_03\val\moderate\cataract_030.png,0.0,True
cataract_031.png,slit_lamp,dataset_03\val\moderate\cataract_031.png,0.0,True
cataract_032.png,slit_lamp,dataset_03\val\moderate\cataract_032.png,0.0,True
cataract_035.png,slit_lamp,dataset_03\val\moderate\cataract_035.png,0.0,True
cataract_045.png,slit_lamp,dataset_03\val\moderate\cataract_045.png,0.0,True
cataract_050.png,slit_lamp,dataset_03\val\moderate\cataract_050.png,0.0,True
cataract_056.png,slit_lamp,dataset_03\val\moderate\cataract_056.png,0.0,True
cataract_062.png,slit_lamp,dataset_03\val\moderate\cataract_062.png,0.0,True
cataract_066.png,slit_lamp,dataset_03\val\moderate\cataract_066.png,0.0,True
cataract_074.png,slit_lamp,dataset_03\val\moderate\cataract_074.png,0.0,True
cataract_076.png,slit_lamp,dataset_03\val\moderate\cataract_076.png,0.0,True
cataract_077.png,slit_lamp,dataset_03\val\moderate\cataract_077.png,0.0,True
cataract_088.png,slit_lamp,dataset_03\val\moderate\cataract_088.png,0.0,True
cataract_095.png,slit_lamp,dataset_03\val\moderate\cataract_095.png,0.0,True
_102_1024926.jpg,slit_lamp,dataset_03\val\moderate\_102_1024926.jpg,0.0,True
_104_4607170.jpg,slit_lamp,dataset_03\val\moderate\_104_4607170.jpg,0.0,True
_105_5956883.jpg,slit_lamp,dataset_03\val\moderate\_105_5956883.jpg,0.0,True
_108_8917257.jpg,slit_lamp,dataset_03\val\moderate\_108_8917257.jpg,0.32,True
_113_1734230.jpg,slit_lamp,dataset_03\val\moderate\_113_1734230.jpg,0.0,True
_114_3613830.jpg,slit_lamp,dataset_03\val\moderate\_114_3613830.jpg,0.0,True
_114_5711178.jpg,slit_lamp,dataset_03\val\moderate\_114_5711178.jpg,0.0,True
_118_6296686.jpg,slit_lamp,dataset_03\val\moderate\_118_6296686.jpg,57.16,True
_121_5210506.jpg,slit_lamp,dataset_03\val\moderate\_121_5210506.jpg,55.11,True
_131_7587386.jpg,slit_lamp,dataset_03\val\moderate\_131_7587386.jpg,19.6,True
_135_5639464.jpg,slit_lamp,dataset_03\val\moderate\_135_5639464.jpg,0.0,True
_136_4030185.jpg,slit_lamp,dataset_03\val\moderate\_136_4030185.jpg,0.0,True
_139_583821.jpg,slit_lamp,dataset_03\val\moderate\_139_583821.jpg,0.12,True
_141_9740629.jpg,slit_lamp,dataset_03\val\moderate\_141_9740629.jpg,2.36,True
_143_9392801.jpg,slit_lamp,dataset_03\val\moderate\_143_9392801.jpg,0.0,True
_154_1054490.jpg,slit_lamp,dataset_03\val\moderate\_154_1054490.jpg,0.0,True
_154_6316287.jpg,slit_lamp,dataset_03\val\moderate\_154_6316287.jpg,0.0,True
_155_2004552.jpg,slit_lamp,dataset_03\val\moderate\_155_2004552.jpg,0.0,True
_158_6990173.jpg,slit_lamp,dataset_03\val\moderate\_158_6990173.jpg,0.14,True
_15_7471583.jpg,slit_lamp,dataset_03\val\moderate\_15_7471583.jpg,0.25,True
_161_3798587.jpg,slit_lamp,dataset_03\val\moderate\_161_3798587.jpg,0.0,True
_162_3096677.jpg,slit_lamp,dataset_03\val\moderate\_162_3096677.jpg,0.0,True
_168_2726147.jpg,slit_lamp,dataset_03\val\moderate\_168_2726147.jpg,0.0,True
_16_1907643.jpg,slit_lamp,dataset_03\val\moderate\_16_1907643.jpg,0.2,True
_174_1289707.jpg,slit_lamp,dataset_03\val\moderate\_174_1289707.jpg,0.51,True
_179_3417628.jpg,slit_lamp,dataset_03\val\moderate\_179_3417628.jpg,0.0,True
_17_1497593.jpg,slit_lamp,dataset_03\val\moderate\_17_1497593.jpg,0.0,True
_180_5849178.jpg,slit_lamp,dataset_03\val\moderate\_180_5849178.jpg,0.0,True
_180_8003252.jpg,slit_lamp,dataset_03\val\moderate\_180_8003252.jpg,0.0,True
_184_5733369.jpg,slit_lamp,dataset_03\val\moderate\_184_5733369.jpg,0.0,True
_185_7271854.jpg,slit_lamp,dataset_03\val\moderate\_185_7271854.jpg,0.0,True
_186_7038738.jpg,slit_lamp,dataset_03\val\moderate\_186_7038738.jpg,0.0,True
_188_5482423.jpg,slit_lamp,dataset_03\val\moderate\_188_5482423.jpg,0.0,True
_195_1750450.jpg,slit_lamp,dataset_03\val\moderate\_195_1750450.jpg,0.0,True
_198_3243264.jpg,slit_lamp,dataset_03\val\moderate\_198_3243264.jpg,0.0,True
_1_5346540.jpg,slit_lamp,dataset_03\val\moderate\_1_5346540.jpg,0.0,True
_201_2875079.jpg,slit_lamp,dataset_03\val\moderate\_201_2875079.jpg,0.0,True
_209_4208693.jpg,slit_lamp,dataset_03\val\moderate\_209_4208693.jpg,0.0,True
_211_9288352.jpg,slit_lamp,dataset_03\val\moderate\_211_9288352.jpg,0.0,True
_212_7340392.jpg,slit_lamp,dataset_03\val\moderate\_212_7340392.jpg,0.0,True
_214_267241.jpg,slit_lamp,dataset_03\val\moderate\_214_267241.jpg,0.0,True
_217_8865645.jpg,slit_lamp,dataset_03\val\moderate\_217_8865645.jpg,0.0,True
_221_9234991.jpg,slit_lamp,dataset_03\val\moderate\_221_9234991.jpg,0.0,True
_222_7343969.jpg,slit_lamp,dataset_03\val\moderate\_222_7343969.jpg,0.0,True
_232_6943070.jpg,slit_lamp,dataset_03\val\moderate\_232_6943070.jpg,0.0,True
_23_5187079.jpg,slit_lamp,dataset_03\val\moderate\_23_5187079.jpg,0.0,True
_242_3038184.jpg,slit_lamp,dataset_03\val\moderate\_242_3038184.jpg,0.0,True
_242_7073642.jpg,slit_lamp,dataset_03\val\moderate\_242_7073642.jpg,0.0,True
_243_5311552.jpg,slit_lamp,dataset_03\val\moderate\_243_5311552.jpg,0.0,True
_245_5686342.jpg,slit_lamp,dataset_03\val\moderate\_245_5686342.jpg,4.46,True
_249_4807123.jpg,slit_lamp,dataset_03\val\moderate\_249_4807123.jpg,0.0,True
_24_6096407.jpg,slit_lamp,dataset_03\val\moderate\_24_6096407.jpg,0.0,True
_251_6299381.jpg,slit_lamp,dataset_03\val\moderate\_251_6299381.jpg,3.15,True
_252_5300307.jpg,slit_lamp,dataset_03\val\moderate\_252_5300307.jpg,0.0,True
_264_422425.jpg,slit_lamp,dataset_03\val\moderate\_264_422425.jpg,0.0,True
_264_4584815.jpg,slit_lamp,dataset_03\val\moderate\_264_4584815.jpg,0.0,True
_265_7470675.jpg,slit_lamp,dataset_03\val\moderate\_265_7470675.jpg,0.0,True
_270_58393.jpg,slit_lamp,dataset_03\val\moderate\_270_58393.jpg,0.0,True
_274_8144937.jpg,slit_lamp,dataset_03\val\moderate\_274_8144937.jpg,0.0,True
_275_3439882.jpg,slit_lamp,dataset_03\val\moderate\_275_3439882.jpg,0.0,True
_278_8657701.jpg,slit_lamp,dataset_03\val\moderate\_278_8657701.jpg,0.0,True
_282_3209093.jpg,slit_lamp,dataset_03\val\moderate\_282_3209093.jpg,0.0,True
_288_8210584.jpg,slit_lamp,dataset_03\val\moderate\_288_8210584.jpg,0.0,True
_289_683957.jpg,slit_lamp,dataset_03\val\moderate\_289_683957.jpg,0.0,True
_289_7475172.jpg,slit_lamp,dataset_03\val\moderate\_289_7475172.jpg,0.0,True
_292_4314144.jpg,slit_lamp,dataset_03\val\moderate\_292_4314144.jpg,0.0,True
_292_8455118.jpg,slit_lamp,dataset_03\val\moderate\_292_8455118.jpg,0.0,True
_294_2444042.jpg,slit_lamp,dataset_03\val\moderate\_294_2444042.jpg,0.0,True
_295_4841360.jpg,slit_lamp,dataset_03\val\moderate\_295_4841360.jpg,0.0,True
_295_8218216.jpg,slit_lamp,dataset_03\val\moderate\_295_8218216.jpg,0.0,True
_298_5577948.jpg,slit_lamp,dataset_03\val\moderate\_298_5577948.jpg,0.0,True
_299_8679417.jpg,slit_lamp,dataset_03\val\moderate\_299_8679417.jpg,0.0,True
_2_5883027.jpg,slit_lamp,dataset_03\val\moderate\_2_5883027.jpg,0.0,True
_2_8900343.jpg,slit_lamp,dataset_03\val\moderate\_2_8900343.jpg,0.0,True
_302_3915909.jpg,slit_lamp,dataset_03\val\moderate\_302_3915909.jpg,0.0,True
_302_822867.jpg,slit_lamp,dataset_03\val\moderate\_302_822867.jpg,0.0,True
_306_8888195.jpg,slit_lamp,dataset_03\val\moderate\_306_8888195.jpg,0.0,True
_308_4657236.jpg,slit_lamp,dataset_03\val\moderate\_308_4657236.jpg,0.0,True
_30_8983681.jpg,slit_lamp,dataset_03\val\moderate\_30_8983681.jpg,0.0,True
_314_8133392.jpg,slit_lamp,dataset_03\val\moderate\_314_8133392.jpg,0.0,True
_316_2112344.jpg,slit_lamp,dataset_03\val\moderate\_316_2112344.jpg,0.0,True
_318_4106741.jpg,slit_lamp,dataset_03\val\moderate\_318_4106741.jpg,0.0,True
_31_8523261.jpg,slit_lamp,dataset_03\val\moderate\_31_8523261.jpg,0.0,True
_322_2685252.jpg,slit_lamp,dataset_03\val\moderate\_322_2685252.jpg,0.0,True
_324_9920354.jpg,slit_lamp,dataset_03\val\moderate\_324_9920354.jpg,0.0,True
_32_9153320.jpg,slit_lamp,dataset_03\val\moderate\_32_9153320.jpg,0.0,True
_332_5964742.jpg,slit_lamp,dataset_03\val\moderate\_332_5964742.jpg,0.0,True
_338_6734383.jpg,slit_lamp,dataset_03\val\moderate\_338_6734383.jpg,0.0,True
_33_692344.jpg,slit_lamp,dataset_03\val\moderate\_33_692344.jpg,0.0,True
_340_3239094.jpg,slit_lamp,dataset_03\val\moderate\_340_3239094.jpg,0.0,True
_341_8692985.jpg,slit_lamp,dataset_03\val\moderate\_341_8692985.jpg,0.0,True
_345_8957256.jpg,slit_lamp,dataset_03\val\moderate\_345_8957256.jpg,0.0,True
_346_6209704.jpg,slit_lamp,dataset_03\val\moderate\_346_6209704.jpg,0.0,True
_349_2751142.jpg,slit_lamp,dataset_03\val\moderate\_349_2751142.jpg,0.0,True
_349_4292233.jpg,slit_lamp,dataset_03\val\moderate\_349_4292233.jpg,0.0,True
_351_7651498.jpg,slit_lamp,dataset_03\val\moderate\_351_7651498.jpg,0.0,True
_353_8002933.jpg,slit_lamp,dataset_03\val\moderate\_353_8002933.jpg,0.0,True
_355_6490108.jpg,slit_lamp,dataset_03\val\moderate\_355_6490108.jpg,0.0,True
_359_2555267.jpg,slit_lamp,dataset_03\val\moderate\_359_2555267.jpg,0.0,True
_365_8356754.jpg,slit_lamp,dataset_03\val\moderate\_365_8356754.jpg,0.0,True
_370_1424453.jpg,slit_lamp,dataset_03\val\moderate\_370_1424453.jpg,0.0,True
_370_5205357.jpg,slit_lamp,dataset_03\val\moderate\_370_5205357.jpg,0.0,True
_373_4029422.jpg,slit_lamp,dataset_03\val\moderate\_373_4029422.jpg,0.0,True
_381_5407671.jpg,slit_lamp,dataset_03\val\moderate\_381_5407671.jpg,0.0,True
_390_5561281.jpg,slit_lamp,dataset_03\val\moderate\_390_5561281.jpg,0.0,True
_394_4972049.jpg,slit_lamp,dataset_03\val\moderate\_394_4972049.jpg,0.0,True
_396_6097231.jpg,slit_lamp,dataset_03\val\moderate\_396_6097231.jpg,0.0,True
_398_8365643.jpg,slit_lamp,dataset_03\val\moderate\_398_8365643.jpg,0.0,True
_44_8713938.jpg,slit_lamp,dataset_03\val\moderate\_44_8713938.jpg,0.0,True
_45_6457682.jpg,slit_lamp,dataset_03\val\moderate\_45_6457682.jpg,0.0,True
_46_7308563.jpg,slit_lamp,dataset_03\val\moderate\_46_7308563.jpg,0.0,True
_51_7561724.jpg,slit_lamp,dataset_03\val\moderate\_51_7561724.jpg,0.01,True
_54_2420057.jpg,slit_lamp,dataset_03\val\moderate\_54_2420057.jpg,0.0,True
_54_6540326.jpg,slit_lamp,dataset_03\val\moderate\_54_6540326.jpg,0.0,True
_56_3359017.jpg,slit_lamp,dataset_03\val\moderate\_56_3359017.jpg,1.04,True
_57_8463167.jpg,slit_lamp,dataset_03\val\moderate\_57_8463167.jpg,0.0,True
_63_4246818.jpg,slit_lamp,dataset_03\val\moderate\_63_4246818.jpg,0.0,True
_64_2615880.jpg,slit_lamp,dataset_03\val\moderate\_64_2615880.jpg,0.0,True
_66_625523.jpg,slit_lamp,dataset_03\val\moderate\_66_625523.jpg,0.02,True
_69_3198217.jpg,slit_lamp,dataset_03\val\moderate\_69_3198217.jpg,0.0,True
_6_4834075.jpg,slit_lamp,dataset_03\val\moderate\_6_4834075.jpg,14.19,True
_72_8796984.jpg,slit_lamp,dataset_03\val\moderate\_72_8796984.jpg,0.0,True
_73_1828688.jpg,slit_lamp,dataset_03\val\moderate\_73_1828688.jpg,0.0,True
_76_3327192.jpg,slit_lamp,dataset_03\val\moderate\_76_3327192.jpg,0.66,True
_80_2744347.jpg,slit_lamp,dataset_03\val\moderate\_80_2744347.jpg,0.0,True
_80_8675414.jpg,slit_lamp,dataset_03\val\moderate\_80_8675414.jpg,0.0,True
_85_5757077.jpg,slit_lamp,dataset_03\val\moderate\_85_5757077.jpg,0.0,True
_89_2075481.jpg,slit_lamp,dataset_03\val\moderate\_89_2075481.jpg,0.0,True
_89_6878178.jpg,slit_lamp,dataset_03\val\moderate\_89_6878178.jpg,0.0,True
_95_592187.jpg,slit_lamp,dataset_03\val\moderate\_95_592187.jpg,0.0,True
1034_left.jpg,slit_lamp,dataset_03\val\normal\1034_left.jpg,0.01,True
1060_left.jpg,slit_lamp,dataset_03\val\normal\1060_left.jpg,0.0,True
2335_right.jpg,slit_lamp,dataset_03\val\normal\2335_right.jpg,0.0,True
2341_left.jpg,slit_lamp,dataset_03\val\normal\2341_left.jpg,0.0,True
2346_right.jpg,slit_lamp,dataset_03\val\normal\2346_right.jpg,0.21,True
2354_left.jpg,slit_lamp,dataset_03\val\normal\2354_left.jpg,0.0,True
2355_left.jpg,slit_lamp,dataset_03\val\normal\2355_left.jpg,0.0,True
2363_left.jpg,slit_lamp,dataset_03\val\normal\2363_left.jpg,0.0,True
2365_left.jpg,slit_lamp,dataset_03\val\normal\2365_left.jpg,0.0,True
2367_left.jpg,slit_lamp,dataset_03\val\normal\2367_left.jpg,0.01,True
2372_right.jpg,slit_lamp,dataset_03\val\normal\2372_right.jpg,0.0,True
2389_left.jpg,slit_lamp,dataset_03\val\normal\2389_left.jpg,0.49,True
2389_right.jpg,slit_lamp,dataset_03\val\normal\2389_right.jpg,0.39,True
2395_left.jpg,slit_lamp,dataset_03\val\normal\2395_left.jpg,0.0,True
2399_right.jpg,slit_lamp,dataset_03\val\normal\2399_right.jpg,0.0,True
2400_right.jpg,slit_lamp,dataset_03\val\normal\2400_right.jpg,0.0,True
2408_right.jpg,slit_lamp,dataset_03\val\normal\2408_right.jpg,0.0,True
2427_left.jpg,slit_lamp,dataset_03\val\normal\2427_left.jpg,0.0,True
2427_right.jpg,slit_lamp,dataset_03\val\normal\2427_right.jpg,0.0,True
2435_left.jpg,slit_lamp,dataset_03\val\normal\2435_left.jpg,0.06,True
2441_right.jpg,slit_lamp,dataset_03\val\normal\2441_right.jpg,4.11,True
2443_left.jpg,slit_lamp,dataset_03\val\normal\2443_left.jpg,0.0,True
2478_left.jpg,slit_lamp,dataset_03\val\normal\2478_left.jpg,0.0,True
2482_left.jpg,slit_lamp,dataset_03\val\normal\2482_left.jpg,1.1,True
2486_right.jpg,slit_lamp,dataset_03\val\normal\2486_right.jpg,0.0,True
2488_left.jpg,slit_lamp,dataset_03\val\normal\2488_left.jpg,0.0,True
2493_left.jpg,slit_lamp,dataset_03\val\normal\2493_left.jpg,0.0,True
2499_right.jpg,slit_lamp,dataset_03\val\normal\2499_right.jpg,0.01,True
2500_right.jpg,slit_lamp,dataset_03\val\normal\2500_right.jpg,0.0,True
2501_left.jpg,slit_lamp,dataset_03\val\normal\2501_left.jpg,0.0,True
2504_right.jpg,slit_lamp,dataset_03\val\normal\2504_right.jpg,0.0,True
2510_left.jpg,slit_lamp,dataset_03\val\normal\2510_left.jpg,0.0,True
2517_right.jpg,slit_lamp,dataset_03\val\normal\2517_right.jpg,0.0,True
2531_right.jpg,slit_lamp,dataset_03\val\normal\2531_right.jpg,0.0,True
2533_left.jpg,slit_lamp,dataset_03\val\normal\2533_left.jpg,0.0,True
2533_right.jpg,slit_lamp,dataset_03\val\normal\2533_right.jpg,0.0,True
2535_left.jpg,slit_lamp,dataset_03\val\normal\2535_left.jpg,0.0,True
2535_right.jpg,slit_lamp,dataset_03\val\normal\2535_right.jpg,0.0,True
2548_right.jpg,slit_lamp,dataset_03\val\normal\2548_right.jpg,0.0,True
2556_right.jpg,slit_lamp,dataset_03\val\normal\2556_right.jpg,0.0,True
2558_left.jpg,slit_lamp,dataset_03\val\normal\2558_left.jpg,0.0,True
2567_left.jpg,slit_lamp,dataset_03\val\normal\2567_left.jpg,0.0,True
2569_left.jpg,slit_lamp,dataset_03\val\normal\2569_left.jpg,0.0,True
2570_left.jpg,slit_lamp,dataset_03\val\normal\2570_left.jpg,0.0,True
2572_left.jpg,slit_lamp,dataset_03\val\normal\2572_left.jpg,0.0,True
2585_right.jpg,slit_lamp,dataset_03\val\normal\2585_right.jpg,0.0,True
2586_right.jpg,slit_lamp,dataset_03\val\normal\2586_right.jpg,0.0,True
2587_left.jpg,slit_lamp,dataset_03\val\normal\2587_left.jpg,0.0,True
2594_left.jpg,slit_lamp,dataset_03\val\normal\2594_left.jpg,0.07,True
2602_right.jpg,slit_lamp,dataset_03\val\normal\2602_right.jpg,0.0,True
2610_right.jpg,slit_lamp,dataset_03\val\normal\2610_right.jpg,0.0,True
2616_right.jpg,slit_lamp,dataset_03\val\normal\2616_right.jpg,0.0,True
2617_left.jpg,slit_lamp,dataset_03\val\normal\2617_left.jpg,1.47,True
2617_right.jpg,slit_lamp,dataset_03\val\normal\2617_right.jpg,1.16,True
2622_right.jpg,slit_lamp,dataset_03\val\normal\2622_right.jpg,0.0,True
2641_right.jpg,slit_lamp,dataset_03\val\normal\2641_right.jpg,0.0,True
2643_left.jpg,slit_lamp,dataset_03\val\normal\2643_left.jpg,0.0,True
2645_left.jpg,slit_lamp,dataset_03\val\normal\2645_left.jpg,0.0,True
2649_left.jpg,slit_lamp,dataset_03\val\normal\2649_left.jpg,0.0,True
2650_left.jpg,slit_lamp,dataset_03\val\normal\2650_left.jpg,0.0,True
2653_left.jpg,slit_lamp,dataset_03\val\normal\2653_left.jpg,0.02,True
2655_left.jpg,slit_lamp,dataset_03\val\normal\2655_left.jpg,0.0,True
2659_right.jpg,slit_lamp,dataset_03\val\normal\2659_right.jpg,0.34,True
2667_left.jpg,slit_lamp,dataset_03\val\normal\2667_left.jpg,0.0,True
2673_right.jpg,slit_lamp,dataset_03\val\normal\2673_right.jpg,0.0,True
2689_left.jpg,slit_lamp,dataset_03\val\normal\2689_left.jpg,0.0,True
2695_right.jpg,slit_lamp,dataset_03\val\normal\2695_right.jpg,0.01,True
2697_right.jpg,slit_lamp,dataset_03\val\normal\2697_right.jpg,0.0,True
2702_left.jpg,slit_lamp,dataset_03\val\normal\2702_left.jpg,0.0,True
2704_left.jpg,slit_lamp,dataset_03\val\normal\2704_left.jpg,0.0,True
2726_left.jpg,slit_lamp,dataset_03\val\normal\2726_left.jpg,0.0,True
2726_right.jpg,slit_lamp,dataset_03\val\normal\2726_right.jpg,0.0,True
2728_left.jpg,slit_lamp,dataset_03\val\normal\2728_left.jpg,0.0,True
2732_left.jpg,slit_lamp,dataset_03\val\normal\2732_left.jpg,0.0,True
2736_left.jpg,slit_lamp,dataset_03\val\normal\2736_left.jpg,0.0,True
2740_left.jpg,slit_lamp,dataset_03\val\normal\2740_left.jpg,0.0,True
2748_left.jpg,slit_lamp,dataset_03\val\normal\2748_left.jpg,0.0,True
2750_right.jpg,slit_lamp,dataset_03\val\normal\2750_right.jpg,0.01,True
2755_left.jpg,slit_lamp,dataset_03\val\normal\2755_left.jpg,0.0,True
2755_right.jpg,slit_lamp,dataset_03\val\normal\2755_right.jpg,0.04,True
2768_left.jpg,slit_lamp,dataset_03\val\normal\2768_left.jpg,0.0,True
2770_left.jpg,slit_lamp,dataset_03\val\normal\2770_left.jpg,0.0,True
2777_right.jpg,slit_lamp,dataset_03\val\normal\2777_right.jpg,0.04,True
2780_left.jpg,slit_lamp,dataset_03\val\normal\2780_left.jpg,0.0,True
2789_left.jpg,slit_lamp,dataset_03\val\normal\2789_left.jpg,0.0,True
2791_left.jpg,slit_lamp,dataset_03\val\normal\2791_left.jpg,0.0,True
2794_right.jpg,slit_lamp,dataset_03\val\normal\2794_right.jpg,0.0,True
2812_left.jpg,slit_lamp,dataset_03\val\normal\2812_left.jpg,0.0,True
2812_right.jpg,slit_lamp,dataset_03\val\normal\2812_right.jpg,0.0,True
2817_left.jpg,slit_lamp,dataset_03\val\normal\2817_left.jpg,0.0,True
2820_right.jpg,slit_lamp,dataset_03\val\normal\2820_right.jpg,0.07,True
2822_right.jpg,slit_lamp,dataset_03\val\normal\2822_right.jpg,0.0,True
2835_left.jpg,slit_lamp,dataset_03\val\normal\2835_left.jpg,0.06,True
2838_right.jpg,slit_lamp,dataset_03\val\normal\2838_right.jpg,0.0,True
2841_left.jpg,slit_lamp,dataset_03\val\normal\2841_left.jpg,0.0,True
2843_right.jpg,slit_lamp,dataset_03\val\normal\2843_right.jpg,0.55,True
2849_right.jpg,slit_lamp,dataset_03\val\normal\2849_right.jpg,0.0,True
2850_left.jpg,slit_lamp,dataset_03\val\normal\2850_left.jpg,0.0,True
2878_right.jpg,slit_lamp,dataset_03\val\normal\2878_right.jpg,0.0,True
2883_right.jpg,slit_lamp,dataset_03\val\normal\2883_right.jpg,0.02,True
2887_left.jpg,slit_lamp,dataset_03\val\normal\2887_left.jpg,0.0,True
2892_right.jpg,slit_lamp,dataset_03\val\normal\2892_right.jpg,0.0,True
2897_right.jpg,slit_lamp,dataset_03\val\normal\2897_right.jpg,0.0,True
2907_left.jpg,slit_lamp,dataset_03\val\normal\2907_left.jpg,0.0,True
2908_left.jpg,slit_lamp,dataset_03\val\normal\2908_left.jpg,0.1,True
2915_right.jpg,slit_lamp,dataset_03\val\normal\2915_right.jpg,0.0,True
2944_right.jpg,slit_lamp,dataset_03\val\normal\2944_right.jpg,0.18,True
2946_right.jpg,slit_lamp,dataset_03\val\normal\2946_right.jpg,0.0,True
2948_left.jpg,slit_lamp,dataset_03\val\normal\2948_left.jpg,0.82,True
2948_right.jpg,slit_lamp,dataset_03\val\normal\2948_right.jpg,1.21,True
2961_right.jpg,slit_lamp,dataset_03\val\normal\2961_right.jpg,0.07,True
2966_left.jpg,slit_lamp,dataset_03\val\normal\2966_left.jpg,0.12,True
2966_right.jpg,slit_lamp,dataset_03\val\normal\2966_right.jpg,0.06,True
2974_left.jpg,slit_lamp,dataset_03\val\normal\2974_left.jpg,0.0,True
2974_right.jpg,slit_lamp,dataset_03\val\normal\2974_right.jpg,0.0,True
2985_right.jpg,slit_lamp,dataset_03\val\normal\2985_right.jpg,0.0,True
3001_left.jpg,slit_lamp,dataset_03\val\normal\3001_left.jpg,0.0,True
3001_right.jpg,slit_lamp,dataset_03\val\normal\3001_right.jpg,0.0,True
3008_left.jpg,slit_lamp,dataset_03\val\normal\3008_left.jpg,0.65,True
3008_right.jpg,slit_lamp,dataset_03\val\normal\3008_right.jpg,1.41,True
3009_right.jpg,slit_lamp,dataset_03\val\normal\3009_right.jpg,5.31,True
3010_right.jpg,slit_lamp,dataset_03\val\normal\3010_right.jpg,0.0,True
3011_right.jpg,slit_lamp,dataset_03\val\normal\3011_right.jpg,0.56,True
3016_left.jpg,slit_lamp,dataset_03\val\normal\3016_left.jpg,0.0,True
3017_left.jpg,slit_lamp,dataset_03\val\normal\3017_left.jpg,0.0,True
3017_right.jpg,slit_lamp,dataset_03\val\normal\3017_right.jpg,0.0,True
3018_right.jpg,slit_lamp,dataset_03\val\normal\3018_right.jpg,0.0,True
3025_right.jpg,slit_lamp,dataset_03\val\normal\3025_right.jpg,0.55,True
3026_left.jpg,slit_lamp,dataset_03\val\normal\3026_left.jpg,0.0,True
3026_right.jpg,slit_lamp,dataset_03\val\normal\3026_right.jpg,0.0,True
3029_right.jpg,slit_lamp,dataset_03\val\normal\3029_right.jpg,0.0,True
3038_right.jpg,slit_lamp,dataset_03\val\normal\3038_right.jpg,0.0,True
3042_left.jpg,slit_lamp,dataset_03\val\normal\3042_left.jpg,0.0,True
3044_left.jpg,slit_lamp,dataset_03\val\normal\3044_left.jpg,0.26,True
3056_left.jpg,slit_lamp,dataset_03\val\normal\3056_left.jpg,0.0,True
3057_left.jpg,slit_lamp,dataset_03\val\normal\3057_left.jpg,0.15,True
3059_left.jpg,slit_lamp,dataset_03\val\normal\3059_left.jpg,0.0,True
3062_left.jpg,slit_lamp,dataset_03\val\normal\3062_left.jpg,0.0,True
3062_right.jpg,slit_lamp,dataset_03\val\normal\3062_right.jpg,0.0,True
3063_left.jpg,slit_lamp,dataset_03\val\normal\3063_left.jpg,0.0,True
3064_right.jpg,slit_lamp,dataset_03\val\normal\3064_right.jpg,0.36,True
3070_left.jpg,slit_lamp,dataset_03\val\normal\3070_left.jpg,0.0,True
3072_right.jpg,slit_lamp,dataset_03\val\normal\3072_right.jpg,0.0,True
3077_right.jpg,slit_lamp,dataset_03\val\normal\3077_right.jpg,0.0,True
3094_left.jpg,slit_lamp,dataset_03\val\normal\3094_left.jpg,0.0,True
3094_right.jpg,slit_lamp,dataset_03\val\normal\3094_right.jpg,0.05,True
3095_left.jpg,slit_lamp,dataset_03\val\normal\3095_left.jpg,0.0,True
3100_left.jpg,slit_lamp,dataset_03\val\normal\3100_left.jpg,0.01,True
3108_left.jpg,slit_lamp,dataset_03\val\normal\3108_left.jpg,0.0,True
3117_right.jpg,slit_lamp,dataset_03\val\normal\3117_right.jpg,0.0,True
3138_left.jpg,slit_lamp,dataset_03\val\normal\3138_left.jpg,0.18,True
3139_left.jpg,slit_lamp,dataset_03\val\normal\3139_left.jpg,0.09,True
3142_right.jpg,slit_lamp,dataset_03\val\normal\3142_right.jpg,0.0,True
3146_right.jpg,slit_lamp,dataset_03\val\normal\3146_right.jpg,0.0,True
3155_right.jpg,slit_lamp,dataset_03\val\normal\3155_right.jpg,0.0,True
3157_left.jpg,slit_lamp,dataset_03\val\normal\3157_left.jpg,0.0,True
3163_left.jpg,slit_lamp,dataset_03\val\normal\3163_left.jpg,0.06,True
3169_left.jpg,slit_lamp,dataset_03\val\normal\3169_left.jpg,0.42,True
3170_right.jpg,slit_lamp,dataset_03\val\normal\3170_right.jpg,0.0,True
3176_left.jpg,slit_lamp,dataset_03\val\normal\3176_left.jpg,0.0,True
3177_right.jpg,slit_lamp,dataset_03\val\normal\3177_right.jpg,0.0,True
3184_left.jpg,slit_lamp,dataset_03\val\normal\3184_left.jpg,0.0,True
3187_left.jpg,slit_lamp,dataset_03\val\normal\3187_left.jpg,0.0,True
3188_left.jpg,slit_lamp,dataset_03\val\normal\3188_left.jpg,0.0,True
3196_right.jpg,slit_lamp,dataset_03\val\normal\3196_right.jpg,0.0,True
3198_right.jpg,slit_lamp,dataset_03\val\normal\3198_right.jpg,0.0,True
3200_left.jpg,slit_lamp,dataset_03\val\normal\3200_left.jpg,0.0,True
3208_right.jpg,slit_lamp,dataset_03\val\normal\3208_right.jpg,0.0,True
3217_right.jpg,slit_lamp,dataset_03\val\normal\3217_right.jpg,0.0,True
3237_left.jpg,slit_lamp,dataset_03\val\normal\3237_left.jpg,0.0,True
3242_left.jpg,slit_lamp,dataset_03\val\normal\3242_left.jpg,0.0,True
3242_right.jpg,slit_lamp,dataset_03\val\normal\3242_right.jpg,0.02,True
3244_left.jpg,slit_lamp,dataset_03\val\normal\3244_left.jpg,0.0,True
3244_right.jpg,slit_lamp,dataset_03\val\normal\3244_right.jpg,0.0,True
3255_left.jpg,slit_lamp,dataset_03\val\normal\3255_left.jpg,0.0,True
3266_right.jpg,slit_lamp,dataset_03\val\normal\3266_right.jpg,0.58,True
3274_left.jpg,slit_lamp,dataset_03\val\normal\3274_left.jpg,0.0,True
3275_left.jpg,slit_lamp,dataset_03\val\normal\3275_left.jpg,0.14,True
3283_left.jpg,slit_lamp,dataset_03\val\normal\3283_left.jpg,0.0,True
3295_left.jpg,slit_lamp,dataset_03\val\normal\3295_left.jpg,0.05,True
3305_right.jpg,slit_lamp,dataset_03\val\normal\3305_right.jpg,0.0,True
3308_right.jpg,slit_lamp,dataset_03\val\normal\3308_right.jpg,0.0,True
3324_right.jpg,slit_lamp,dataset_03\val\normal\3324_right.jpg,0.0,True
3330_left.jpg,slit_lamp,dataset_03\val\normal\3330_left.jpg,0.0,True
3342_left.jpg,slit_lamp,dataset_03\val\normal\3342_left.jpg,0.01,True
3353_left.jpg,slit_lamp,dataset_03\val\normal\3353_left.jpg,0.0,True
3354_left.jpg,slit_lamp,dataset_03\val\normal\3354_left.jpg,0.0,True
3355_left.jpg,slit_lamp,dataset_03\val\normal\3355_left.jpg,0.0,True
3356_right.jpg,slit_lamp,dataset_03\val\normal\3356_right.jpg,0.0,True
3359_right.jpg,slit_lamp,dataset_03\val\normal\3359_right.jpg,0.0,True
3362_left.jpg,slit_lamp,dataset_03\val\normal\3362_left.jpg,0.0,True
3367_right.jpg,slit_lamp,dataset_03\val\normal\3367_right.jpg,0.02,True
3369_left.jpg,slit_lamp,dataset_03\val\normal\3369_left.jpg,0.0,True
3377_left.jpg,slit_lamp,dataset_03\val\normal\3377_left.jpg,0.0,True
3389_left.jpg,slit_lamp,dataset_03\val\normal\3389_left.jpg,0.0,True
3389_right.jpg,slit_lamp,dataset_03\val\normal\3389_right.jpg,0.0,True
3390_left.jpg,slit_lamp,dataset_03\val\normal\3390_left.jpg,0.19,True
3390_right.jpg,slit_lamp,dataset_03\val\normal\3390_right.jpg,0.0,True
3393_left.jpg,slit_lamp,dataset_03\val\normal\3393_left.jpg,0.0,True
3397_left.jpg,slit_lamp,dataset_03\val\normal\3397_left.jpg,0.02,True
3406_right.jpg,slit_lamp,dataset_03\val\normal\3406_right.jpg,0.0,True
3407_right.jpg,slit_lamp,dataset_03\val\normal\3407_right.jpg,0.0,True
3411_left.jpg,slit_lamp,dataset_03\val\normal\3411_left.jpg,0.0,True
3412_right.jpg,slit_lamp,dataset_03\val\normal\3412_right.jpg,0.0,True
3414_right.jpg,slit_lamp,dataset_03\val\normal\3414_right.jpg,0.0,True
3415_left.jpg,slit_lamp,dataset_03\val\normal\3415_left.jpg,0.0,True
3424_left.jpg,slit_lamp,dataset_03\val\normal\3424_left.jpg,0.19,True
3424_right.jpg,slit_lamp,dataset_03\val\normal\3424_right.jpg,0.21,True
3425_left.jpg,slit_lamp,dataset_03\val\normal\3425_left.jpg,0.0,True
3428_right.jpg,slit_lamp,dataset_03\val\normal\3428_right.jpg,0.0,True
3434_left.jpg,slit_lamp,dataset_03\val\normal\3434_left.jpg,0.09,True
3442_right.jpg,slit_lamp,dataset_03\val\normal\3442_right.jpg,0.0,True
3445_left.jpg,slit_lamp,dataset_03\val\normal\3445_left.jpg,0.0,True
3448_right.jpg,slit_lamp,dataset_03\val\normal\3448_right.jpg,0.85,True
8_right.jpg,slit_lamp,dataset_03\val\normal\8_right.jpg,0.0,True
