filename,rel_path,image_source,NO_raw,NO_bin,NC_raw,NC_bin,CO_raw,CO_bin,PSC_raw,PSC_bin
0_left.jpg,data\raw\slit_lamp\dataset_01\cataract\0_left.jpg,slit_lamp,2.553049273,3,2.200677863,2,2.123979265,2,2.810057275,3
103_left.jpg,data\raw\slit_lamp\dataset_01\cataract\103_left.jpg,slit_lamp,2.19821887,2,1.829150296,2,2.122300046,2,2.473144283,2
1062_right.jpg,data\raw\slit_lamp\dataset_01\cataract\1062_right.jpg,slit_lamp,1.848642788,2,1.399814631,1,2.123139612,2,2.189666399,2
1083_left.jpg,data\raw\slit_lamp\dataset_01\cataract\1083_left.jpg,slit_lamp,2.952586893,3,2.478267969,2,2.12637875,2,2.367569683,2
1084_right.jpg,data\raw\slit_lamp\dataset_01\cataract\1084_right.jpg,slit_lamp,2.071139873,2,2.144280813,2,2.087955019,2,2.820271089,3
1102_left.jpg,data\raw\slit_lamp\dataset_01\cataract\1102_left.jpg,slit_lamp,2.236760053,2,1.799902625,2,2.120980905,2,2.392258857,2
1102_right.jpg,data\raw\slit_lamp\dataset_01\cataract\1102_right.jpg,slit_lamp,2.392381851,2,1.855758697,2,2.120860994,2,2.435302958,2
1115_left.jpg,data\raw\slit_lamp\dataset_01\cataract\1115_left.jpg,slit_lamp,1.409899811,1,1.74305557,2,2.12265985,2,1.456949725,1
1126_right.jpg,data\raw\slit_lamp\dataset_01\cataract\1126_right.jpg,slit_lamp,1.205272085,1,1.285692057,1,2.119901768,2,2.079469473,2
112_right.jpg,data\raw\slit_lamp\dataset_01\cataract\112_right.jpg,slit_lamp,2.40862579,2,1.971560127,2,2.11906254,2,2.581957102,3
1144_left.jpg,data\raw\slit_lamp\dataset_01\cataract\1144_left.jpg,slit_lamp,1.766198161,2,1.65063915,2,2.121220733,2,2.230088674,2
1144_right.jpg,data\raw\slit_lamp\dataset_01\cataract\1144_right.jpg,slit_lamp,1.438679469,1,1.598647491,2,2.120021665,2,2.167521398,2
1164_left.jpg,data\raw\slit_lamp\dataset_01\cataract\1164_left.jpg,slit_lamp,2.194745726,2,2.196987476,2,2.123499453,2,2.620726609,3
1167_right.jpg,data\raw\slit_lamp\dataset_01\cataract\1167_right.jpg,slit_lamp,3.040699308,3,2.795957459,3,2.124459105,2,2.703260589,3
119_left.jpg,data\raw\slit_lamp\dataset_01\cataract\119_left.jpg,slit_lamp,2.119858276,2,1.726960133,2,2.123619403,2,2.198316044,2
1285_left.jpg,data\raw\slit_lamp\dataset_01\cataract\1285_left.jpg,slit_lamp,1.310697352,1,2.950267732,3,2.124819004,2,2.20750338,2
1415_left.jpg,data\raw\slit_lamp\dataset_01\cataract\1415_left.jpg,slit_lamp,1.516817189,2,2.00449183,2,2.123739355,2,2.104684092,2
1415_right.jpg,data\raw\slit_lamp\dataset_01\cataract\1415_right.jpg,slit_lamp,1.432331412,1,2.105534681,2,2.118103529,2,2.213520418,2
1435_left.jpg,data\raw\slit_lamp\dataset_01\cataract\1435_left.jpg,slit_lamp,2.499640552,2,2.262076791,2,2.123979265,2,2.663186133,3
1444_left.jpg,data\raw\slit_lamp\dataset_01\cataract\1444_left.jpg,slit_lamp,2.557114126,3,2.350469036,2,2.123379504,2,2.573636133,3
1452_left.jpg,data\raw\slit_lamp\dataset_01\cataract\1452_left.jpg,slit_lamp,2.606945189,3,2.610987691,3,2.124219182,2,2.703489146,3
1454_right.jpg,data\raw\slit_lamp\dataset_01\cataract\1454_right.jpg,slit_lamp,2.496124888,2,2.666129632,3,2.124339143,2,2.6551539,3
1456_left.jpg,data\raw\slit_lamp\dataset_01\cataract\1456_left.jpg,slit_lamp,3.183709458,3,4.966756993,5,2.083657908,2,2.995282915,3
1460_right.jpg,data\raw\slit_lamp\dataset_01\cataract\1460_right.jpg,slit_lamp,2.153640003,2,2.129002022,2,2.123139612,2,2.685872099,3
1468_left.jpg,data\raw\slit_lamp\dataset_01\cataract\1468_left.jpg,slit_lamp,2.624867843,3,2.716930484,3,2.116425537,2,2.881280987,3
1483_right.jpg,data\raw\slit_lamp\dataset_01\cataract\1483_right.jpg,slit_lamp,2.797298885,3,2.517801286,3,2.124459105,2,2.627896045,3
1484_left.jpg,data\raw\slit_lamp\dataset_01\cataract\1484_left.jpg,slit_lamp,2.374163674,2,2.684618169,3,2.121100818,2,2.659742184,3
1484_right.jpg,data\raw\slit_lamp\dataset_01\cataract\1484_right.jpg,slit_lamp,1.743261334,2,2.109500882,2,2.120261464,2,2.586607674,3
1490_right.jpg,data\raw\slit_lamp\dataset_01\cataract\1490_right.jpg,slit_lamp,3.122652763,3,2.78624156,3,2.100741676,2,2.722798987,3
188_right.jpg,data\raw\slit_lamp\dataset_01\cataract\188_right.jpg,slit_lamp,2.787002878,3,1.31237691,1,2.119901768,2,2.684398833,3
1968_left.jpg,data\raw\slit_lamp\dataset_01\cataract\1968_left.jpg,slit_lamp,2.661569777,3,2.538026618,3,2.122539913,2,2.494025965,2
1987_left.jpg,data\raw\slit_lamp\dataset_01\cataract\1987_left.jpg,slit_lamp,2.710137092,3,2.737188219,3,2.126978732,2,2.667348215,3
1994_left.jpg,data\raw\slit_lamp\dataset_01\cataract\1994_left.jpg,slit_lamp,3.002625455,3,2.57294998,3,2.122060186,2,2.654012037,3
2052_left.jpg,data\raw\slit_lamp\dataset_01\cataract\2052_left.jpg,slit_lamp,2.963360452,3,4.365682233,4,2.11906254,2,2.996191152,3
2052_right.jpg,data\raw\slit_lamp\dataset_01\cataract\2052_right.jpg,slit_lamp,2.914283067,3,4.397035905,4,2.124099222,2,2.907825547,3
2074_right.jpg,data\raw\slit_lamp\dataset_01\cataract\2074_right.jpg,slit_lamp,2.557593208,3,2.730510906,3,2.117264489,2,2.62285051,3
2095_right.jpg,data\raw\slit_lamp\dataset_01\cataract\2095_right.jpg,slit_lamp,2.101944714,2,1.595717686,2,2.089387947,2,2.424317633,2
2096_right.jpg,data\raw\slit_lamp\dataset_01\cataract\2096_right.jpg,slit_lamp,3.100342405,3,2.588892873,3,2.094285872,2,3.123489682,3
2097_right.jpg,data\raw\slit_lamp\dataset_01\cataract\2097_right.jpg,slit_lamp,1.673207622,2,1.320038109,1,2.090821153,2,1.888781035,2
2098_left.jpg,data\raw\slit_lamp\dataset_01\cataract\2098_left.jpg,slit_lamp,1.869559714,2,1.448259003,1,2.090343387,2,2.252047581,2
2098_right.jpg,data\raw\slit_lamp\dataset_01\cataract\2098_right.jpg,slit_lamp,2.448651641,2,2.050193607,2,2.089985083,2,2.721549268,3
2099_left.jpg,data\raw\slit_lamp\dataset_01\cataract\2099_left.jpg,slit_lamp,1.208982896,1,1.67676613,2,2.121100818,2,2.076028027,2
2100_right.jpg,data\raw\slit_lamp\dataset_01\cataract\2100_right.jpg,slit_lamp,2.607575366,3,2.040031592,2,2.12265985,2,2.503910383,3
2101_left.jpg,data\raw\slit_lamp\dataset_01\cataract\2101_left.jpg,slit_lamp,2.980907167,3,3.198936959,3,2.12170041,2,3.016269431,3
2101_right.jpg,data\raw\slit_lamp\dataset_01\cataract\2101_right.jpg,slit_lamp,3.083636866,3,2.887986496,3,2.126978732,2,3.073368672,3
2103_left.jpg,data\raw\slit_lamp\dataset_01\cataract\2103_left.jpg,slit_lamp,2.778149218,3,2.405268124,2,2.124219182,2,2.63889031,3
2103_right.jpg,data\raw\slit_lamp\dataset_01\cataract\2103_right.jpg,slit_lamp,2.801654038,3,2.628435884,3,2.123499453,2,2.670204458,3
2104_left.jpg,data\raw\slit_lamp\dataset_01\cataract\2104_left.jpg,slit_lamp,3.193273628,3,2.865479493,3,2.121940259,2,3.049381625,3
2104_right.jpg,data\raw\slit_lamp\dataset_01\cataract\2104_right.jpg,slit_lamp,2.577319345,3,2.356512225,2,2.121940259,2,2.695188695,3
2105_left.jpg,data\raw\slit_lamp\dataset_01\cataract\2105_left.jpg,slit_lamp,2.923949644,3,2.515923814,3,2.119901768,2,2.693514513,3
2105_right.jpg,data\raw\slit_lamp\dataset_01\cataract\2105_right.jpg,slit_lamp,2.522573709,3,2.235766286,2,2.123619403,2,2.405166689,2
2106_right.jpg,data\raw\slit_lamp\dataset_01\cataract\2106_right.jpg,slit_lamp,1.808126834,2,2.268945983,2,2.123259557,2,2.197230428,2
2107_left.jpg,data\raw\slit_lamp\dataset_01\cataract\2107_left.jpg,slit_lamp,2.952011957,3,2.926433248,3,2.101339713,2,2.697517684,3
2108_left.jpg,data\raw\slit_lamp\dataset_01\cataract\2108_left.jpg,slit_lamp,2.638039211,3,2.493525427,2,2.123859309,2,2.27880931,2
2108_right.jpg,data\raw\slit_lamp\dataset_01\cataract\2108_right.jpg,slit_lamp,3.082424699,3,2.675614357,3,2.12265985,2,2.764297595,3
2109_left.jpg,data\raw\slit_lamp\dataset_01\cataract\2109_left.jpg,slit_lamp,3.004773138,3,2.515043239,3,2.124339143,2,2.679115923,3
2109_right.jpg,data\raw\slit_lamp\dataset_01\cataract\2109_right.jpg,slit_lamp,2.570492459,3,2.269041651,2,2.11858302,2,2.566420811,3
2110_left.jpg,data\raw\slit_lamp\dataset_01\cataract\2110_left.jpg,slit_lamp,2.979699793,3,2.410705013,2,2.126018783,2,2.821567347,3
2110_right.jpg,data\raw\slit_lamp\dataset_01\cataract\2110_right.jpg,slit_lamp,2.696990443,3,2.173686529,2,2.125178919,2,2.594656382,3
2111_left.jpg,data\raw\slit_lamp\dataset_01\cataract\2111_left.jpg,slit_lamp,2.361777512,2,1.94613745,2,2.124099222,2,2.336380631,2
2113_left.jpg,data\raw\slit_lamp\dataset_01\cataract\2113_left.jpg,slit_lamp,1.143044205,1,1.45286262,1,2.127218737,2,1.830069225,2
2113_right.jpg,data\raw\slit_lamp\dataset_01\cataract\2113_right.jpg,slit_lamp,3.275336273,3,4.086762901,4,2.120381367,2,3.166896899,3
2114_left.jpg,data\raw\slit_lamp\dataset_01\cataract\2114_left.jpg,slit_lamp,2.587291246,3,4.673891398,5,2.12637875,2,2.865934848,3
2114_right.jpg,data\raw\slit_lamp\dataset_01\cataract\2114_right.jpg,slit_lamp,1.867404114,2,3.038469425,3,2.067209288,2,1.605906023,2
2115_right.jpg,data\raw\slit_lamp\dataset_01\cataract\2115_right.jpg,slit_lamp,2.411778385,2,2.290534284,2,2.119182424,2,2.751370484,3
2116_left.jpg,data\raw\slit_lamp\dataset_01\cataract\2116_left.jpg,slit_lamp,2.811836704,3,4.985072911,5,2.11966198,2,2.902575747,3
2116_right.jpg,data\raw\slit_lamp\dataset_01\cataract\2116_right.jpg,slit_lamp,2.743319254,3,4.13773816,4,2.120141564,2,2.842625108,3
2117_left.jpg,data\raw\slit_lamp\dataset_01\cataract\2117_left.jpg,slit_lamp,3.105889682,3,2.341168635,2,2.025076175,2,2.516371979,3
2118_right.jpg,data\raw\slit_lamp\dataset_01\cataract\2118_right.jpg,slit_lamp,3.237773247,3,2.799566617,3,2.025076175,2,3.137717821,3
2119_right.jpg,data\raw\slit_lamp\dataset_01\cataract\2119_right.jpg,slit_lamp,3.179314458,3,2.804371506,3,2.11966198,2,3.158297642,3
2120_left.jpg,data\raw\slit_lamp\dataset_01\cataract\2120_left.jpg,slit_lamp,3.126828375,3,2.618360827,3,2.124459105,2,3.006704986,3
2120_right.jpg,data\raw\slit_lamp\dataset_01\cataract\2120_right.jpg,slit_lamp,2.943667695,3,2.402642153,2,2.123979265,2,2.680598231,3
2121_left.jpg,data\raw\slit_lamp\dataset_01\cataract\2121_left.jpg,slit_lamp,2.274010533,2,1.77696809,2,2.123139612,2,2.472179116,2
2122_left.jpg,data\raw\slit_lamp\dataset_01\cataract\2122_left.jpg,slit_lamp,2.435717905,2,2.101199427,2,2.123379504,2,2.464120892,2
2122_right.jpg,data\raw\slit_lamp\dataset_01\cataract\2122_right.jpg,slit_lamp,2.827180585,3,2.190198794,2,2.123019669,2,2.613783952,3
2123_left.jpg,data\raw\slit_lamp\dataset_01\cataract\2123_left.jpg,slit_lamp,0.752752589,1,1.135257557,1,2.122779788,2,2.013921325,2
2124_left.jpg,data\raw\slit_lamp\dataset_01\cataract\2124_left.jpg,slit_lamp,1.838277561,2,1.629046095,2,2.121580488,2,2.278245324,2
2125_left.jpg,data\raw\slit_lamp\dataset_01\cataract\2125_left.jpg,slit_lamp,3.112320074,3,2.950660352,3,2.119182424,2,2.783832182,3
2126_left.jpg,data\raw\slit_lamp\dataset_01\cataract\2126_left.jpg,slit_lamp,3.231270633,3,3.258062311,3,2.060188588,2,2.967803347,3
2126_right.jpg,data\raw\slit_lamp\dataset_01\cataract\2126_right.jpg,slit_lamp,3.130223202,3,2.471200273,2,2.111393692,2,2.792187564,3
2127_left.jpg,data\raw\slit_lamp\dataset_01\cataract\2127_left.jpg,slit_lamp,2.706612167,3,2.859943439,3,2.122899727,2,2.646012513,3
2127_right.jpg,data\raw\slit_lamp\dataset_01\cataract\2127_right.jpg,slit_lamp,2.43065111,2,2.48960528,2,2.122899727,2,2.670396599,3
2128_left.jpg,data\raw\slit_lamp\dataset_01\cataract\2128_left.jpg,slit_lamp,2.846569252,3,2.331837964,2,2.123019669,2,2.61363177,3
2128_right.jpg,data\raw\slit_lamp\dataset_01\cataract\2128_right.jpg,slit_lamp,2.909052569,3,2.283317623,2,2.122779788,2,2.477205001,2
2129_left.jpg,data\raw\slit_lamp\dataset_01\cataract\2129_left.jpg,slit_lamp,2.661932116,3,2.771076537,3,2.123979265,2,2.8080281,3
2129_right.jpg,data\raw\slit_lamp\dataset_01\cataract\2129_right.jpg,slit_lamp,2.698605986,3,2.135188085,2,2.123259557,2,2.433751773,2
2130_left.jpg,data\raw\slit_lamp\dataset_01\cataract\2130_left.jpg,slit_lamp,1.295788336,1,1.74067818,2,2.118223399,2,2.335834309,2
2130_right.jpg,data\raw\slit_lamp\dataset_01\cataract\2130_right.jpg,slit_lamp,2.530208256,3,2.254760366,2,2.11858302,2,2.670756613,3
2132_left.jpg,data\raw\slit_lamp\dataset_01\cataract\2132_left.jpg,slit_lamp,2.891163246,3,1.227641206,1,2.240480374,2,1.510216367,2
2133_left.jpg,data\raw\slit_lamp\dataset_01\cataract\2133_left.jpg,slit_lamp,2.987027771,3,3.086467181,3,2.122899727,2,1.769923069,2
2133_right.jpg,data\raw\slit_lamp\dataset_01\cataract\2133_right.jpg,slit_lamp,2.639491327,3,2.996332479,3,2.006058199,2,2.643110468,3
2134_left.jpg,data\raw\slit_lamp\dataset_01\cataract\2134_left.jpg,slit_lamp,2.538936114,3,3.316145004,3,2.011485947,2,2.740073362,3
2134_right.jpg,data\raw\slit_lamp\dataset_01\cataract\2134_right.jpg,slit_lamp,3.015570316,3,2.126511361,2,2.230650228,2,1.711393817,2
2135_left.jpg,data\raw\slit_lamp\dataset_01\cataract\2135_left.jpg,slit_lamp,0.566744733,1,1.194458854,1,2.122899727,2,2.036529151,2
2135_right.jpg,data\raw\slit_lamp\dataset_01\cataract\2135_right.jpg,slit_lamp,2.710496541,3,2.270018009,2,2.11858302,2,2.657407805,3
2136_left.jpg,data\raw\slit_lamp\dataset_01\cataract\2136_left.jpg,slit_lamp,2.267915868,2,1.650547517,2,2.122779788,2,2.276156112,2
2137_left.jpg,data\raw\slit_lamp\dataset_01\cataract\2137_left.jpg,slit_lamp,2.705524062,3,2.127020196,2,2.092374104,2,2.122299178,2
2137_right.jpg,data\raw\slit_lamp\dataset_01\cataract\2137_right.jpg,slit_lamp,2.35172667,2,1.785504724,2,2.122779788,2,2.434401363,2
2138_left.jpg,data\raw\slit_lamp\dataset_01\cataract\2138_left.jpg,slit_lamp,2.537066172,3,1.925451361,2,2.123259557,2,2.30008582,2
2138_right.jpg,data\raw\slit_lamp\dataset_01\cataract\2138_right.jpg,slit_lamp,2.514681944,3,1.98922893,2,2.122539913,2,2.35533812,2
2139_right.jpg,data\raw\slit_lamp\dataset_01\cataract\2139_right.jpg,slit_lamp,2.090433407,2,1.792509876,2,2.121460568,2,2.339155433,2
2140_left.jpg,data\raw\slit_lamp\dataset_01\cataract\2140_left.jpg,slit_lamp,2.944698192,3,2.671985575,3,2.123139612,2,2.562409915,3
2140_right.jpg,data\raw\slit_lamp\dataset_01\cataract\2140_right.jpg,slit_lamp,2.304715558,2,1.971837588,2,2.122539913,2,2.365201063,2
2141_right.jpg,data\raw\slit_lamp\dataset_01\cataract\2141_right.jpg,slit_lamp,2.484572512,2,2.133552916,2,2.123739355,2,2.668872426,3
2142_left.jpg,data\raw\slit_lamp\dataset_01\cataract\2142_left.jpg,slit_lamp,2.577293459,3,2.233508868,2,2.123859309,2,2.490676806,2
2142_right.jpg,data\raw\slit_lamp\dataset_01\cataract\2142_right.jpg,slit_lamp,2.41688251,2,2.213223559,2,2.121340649,2,2.656054839,3
2143_right.jpg,data\raw\slit_lamp\dataset_01\cataract\2143_right.jpg,slit_lamp,2.410529169,2,1.982966807,2,2.121940259,2,2.368726476,2
2144_left.jpg,data\raw\slit_lamp\dataset_01\cataract\2144_left.jpg,slit_lamp,2.872936416,3,2.302952223,2,2.12265985,2,2.758055726,3
2144_right.jpg,data\raw\slit_lamp\dataset_01\cataract\2144_right.jpg,slit_lamp,3.088201845,3,2.343251527,2,2.124219182,2,2.586414406,3
2145_left.jpg,data\raw\slit_lamp\dataset_01\cataract\2145_left.jpg,slit_lamp,2.971585837,3,2.186467539,2,2.122060186,2,2.507113048,3
2146_left.jpg,data\raw\slit_lamp\dataset_01\cataract\2146_left.jpg,slit_lamp,2.661813352,3,2.272042929,2,2.122180116,2,2.656209723,3
2146_right.jpg,data\raw\slit_lamp\dataset_01\cataract\2146_right.jpg,slit_lamp,2.171166961,2,2.291306094,2,2.120860994,2,2.372495258,2
2147_left.jpg,data\raw\slit_lamp\dataset_01\cataract\2147_left.jpg,slit_lamp,2.193912287,2,2.06306658,2,2.120501271,2,2.514129355,3
2149_right.jpg,data\raw\slit_lamp\dataset_01\cataract\2149_right.jpg,slit_lamp,3.175662173,3,2.479699255,2,2.12457907,2,2.422439866,2
2150_left.jpg,data\raw\slit_lamp\dataset_01\cataract\2150_left.jpg,slit_lamp,1.707473274,2,1.56505876,2,2.120860994,2,2.284807467,2
2150_right.jpg,data\raw\slit_lamp\dataset_01\cataract\2150_right.jpg,slit_lamp,1.733568814,2,1.531426377,2,2.121220733,2,2.336753124,2
2151_left.jpg,data\raw\slit_lamp\dataset_01\cataract\2151_left.jpg,slit_lamp,2.849240118,3,2.314406557,2,2.122779788,2,2.666392626,3
2151_right.jpg,data\raw\slit_lamp\dataset_01\cataract\2151_right.jpg,slit_lamp,1.129603045,1,1.26817681,1,2.120381367,2,1.961349078,2
2152_left.jpg,data\raw\slit_lamp\dataset_01\cataract\2152_left.jpg,slit_lamp,2.244734775,2,2.013477268,2,2.123259557,2,2.043373448,2
2153_left.jpg,data\raw\slit_lamp\dataset_01\cataract\2153_left.jpg,slit_lamp,2.571802583,3,2.178539247,2,2.122539913,2,2.52027509,3
2153_right.jpg,data\raw\slit_lamp\dataset_01\cataract\2153_right.jpg,slit_lamp,2.834732941,3,2.200040571,2,2.123259557,2,2.692170272,3
2154_left.jpg,data\raw\slit_lamp\dataset_01\cataract\2154_left.jpg,slit_lamp,2.415607594,2,2.195171435,2,2.121820334,2,2.553461569,3
2155_left.jpg,data\raw\slit_lamp\dataset_01\cataract\2155_left.jpg,slit_lamp,2.690163933,3,2.224291709,2,2.121580488,2,2.704608743,3
2155_right.jpg,data\raw\slit_lamp\dataset_01\cataract\2155_right.jpg,slit_lamp,2.182426486,2,1.871905997,2,2.120021665,2,2.420059054,2
2156_left.jpg,data\raw\slit_lamp\dataset_01\cataract\2156_left.jpg,slit_lamp,2.341739248,2,2.307114091,2,2.120381367,2,2.697265906,3
2157_left.jpg,data\raw\slit_lamp\dataset_01\cataract\2157_left.jpg,slit_lamp,2.106054386,2,1.919714168,2,2.121100818,2,2.376414903,2
2157_right.jpg,data\raw\slit_lamp\dataset_01\cataract\2157_right.jpg,slit_lamp,1.786815831,2,1.642682346,2,2.120860994,2,2.290408625,2
2158_left.jpg,data\raw\slit_lamp\dataset_01\cataract\2158_left.jpg,slit_lamp,1.527365898,2,1.968799024,2,2.12170041,2,2.386911999,2
2158_right.jpg,data\raw\slit_lamp\dataset_01\cataract\2158_right.jpg,slit_lamp,2.439499038,2,2.298830074,2,2.123979265,2,2.206900776,2
2159_left.jpg,data\raw\slit_lamp\dataset_01\cataract\2159_left.jpg,slit_lamp,2.279090329,2,2.013446337,2,2.074237033,2,3.048075636,3
2160_right.jpg,data\raw\slit_lamp\dataset_01\cataract\2160_right.jpg,slit_lamp,2.524167975,3,2.054878222,2,2.073522028,2,3.127273038,3
2161_right.jpg,data\raw\slit_lamp\dataset_01\cataract\2161_right.jpg,slit_lamp,2.54686166,3,2.484493709,2,2.12265985,2,2.584917728,3
2162_right.jpg,data\raw\slit_lamp\dataset_01\cataract\2162_right.jpg,slit_lamp,1.941318783,2,2.214518407,2,2.124459105,2,2.399683031,2
2163_left.jpg,data\raw\slit_lamp\dataset_01\cataract\2163_left.jpg,slit_lamp,2.350889935,2,2.175111263,2,2.123019669,2,2.408139151,2
2163_right.jpg,data\raw\slit_lamp\dataset_01\cataract\2163_right.jpg,slit_lamp,1.972532998,2,2.186067314,2,2.122779788,2,1.940516973,2
2164_left.jpg,data\raw\slit_lamp\dataset_01\cataract\2164_left.jpg,slit_lamp,2.012043686,2,2.188118749,2,2.121940259,2,2.330590402,2
2164_right.jpg,data\raw\slit_lamp\dataset_01\cataract\2164_right.jpg,slit_lamp,3.060485054,3,2.907673137,3,2.125178919,2,2.845580182,3
2165_right.jpg,data\raw\slit_lamp\dataset_01\cataract\2165_right.jpg,slit_lamp,2.838868317,3,2.382871366,2,2.121940259,2,2.468858199,2
2166_left.jpg,data\raw\slit_lamp\dataset_01\cataract\2166_left.jpg,slit_lamp,0.591106893,1,0.976239694,1,2.120261464,2,1.79325957,2
2167_left.jpg,data\raw\slit_lamp\dataset_01\cataract\2167_left.jpg,slit_lamp,2.003377767,2,2.154518192,2,2.123139612,2,1.896852664,2
2167_right.jpg,data\raw\slit_lamp\dataset_01\cataract\2167_right.jpg,slit_lamp,2.01869272,2,1.741910974,2,2.120741084,2,2.289451764,2
2168_left.jpg,data\raw\slit_lamp\dataset_01\cataract\2168_left.jpg,slit_lamp,0.602460165,1,0.950919251,1,2.120141564,2,1.812510306,2
2168_right.jpg,data\raw\slit_lamp\dataset_01\cataract\2168_right.jpg,slit_lamp,2.155827217,2,2.21846514,2,2.121460568,2,2.200091428,2
2169_left.jpg,data\raw\slit_lamp\dataset_01\cataract\2169_left.jpg,slit_lamp,2.967009837,3,3.117055343,3,2.112711246,2,2.949511964,3
2169_right.jpg,data\raw\slit_lamp\dataset_01\cataract\2169_right.jpg,slit_lamp,3.092343966,3,3.539980841,4,2.122300046,2,3.039602122,3
2170_left.jpg,data\raw\slit_lamp\dataset_01\cataract\2170_left.jpg,slit_lamp,2.434602661,2,2.459756934,2,2.120141564,2,2.571078681,3
2170_right.jpg,data\raw\slit_lamp\dataset_01\cataract\2170_right.jpg,slit_lamp,3.031422922,3,4.073703599,4,2.118702897,2,3.016333419,3
2171_left.jpg,data\raw\slit_lamp\dataset_01\cataract\2171_left.jpg,slit_lamp,1.351540914,1,1.043468468,1,2.12170041,2,1.900859101,2
2172_left.jpg,data\raw\slit_lamp\dataset_01\cataract\2172_left.jpg,slit_lamp,3.241542847,3,2.731763277,3,2.127458749,2,3.04006475,3
2173_right.jpg,data\raw\slit_lamp\dataset_01\cataract\2173_right.jpg,slit_lamp,2.82588494,3,2.449563282,2,2.124459105,2,2.692190479,3
2174_right.jpg,data\raw\slit_lamp\dataset_01\cataract\2174_right.jpg,slit_lamp,0.8357178,1,1.676722391,2,2.220464899,2,1.399742614,1
2175_left.jpg,data\raw\slit_lamp\dataset_01\cataract\2175_left.jpg,slit_lamp,0.71465486,1,1.821878783,2,2.168600466,2,0.939764858,1
2176_left.jpg,data\raw\slit_lamp\dataset_01\cataract\2176_left.jpg,slit_lamp,1.266512644,1,1.978664015,2,2.221434531,2,1.573986077,2
2176_right.jpg,data\raw\slit_lamp\dataset_01\cataract\2176_right.jpg,slit_lamp,2.991825963,3,2.161858201,2,2.082345405,2,2.850631202,3
2177_right.jpg,data\raw\slit_lamp\dataset_01\cataract\2177_right.jpg,slit_lamp,1.067046946,1,1.590377697,2,2.221434531,2,1.622524805,2
2178_left.jpg,data\raw\slit_lamp\dataset_01\cataract\2178_left.jpg,slit_lamp,3.201334738,3,3.574301584,4,2.0584048,2,2.923786408,3
2178_right.jpg,data\raw\slit_lamp\dataset_01\cataract\2178_right.jpg,slit_lamp,0.886085199,1,1.761783265,2,2.194922474,2,1.074816112,1
2179_left.jpg,data\raw\slit_lamp\dataset_01\cataract\2179_left.jpg,slit_lamp,0.567571988,1,2.533408342,3,2.190691674,2,1.485919542,1
2179_right.jpg,data\raw\slit_lamp\dataset_01\cataract\2179_right.jpg,slit_lamp,0.931896673,1,1.736816312,2,2.220222504,2,1.202873147,1
2180_left.jpg,data\raw\slit_lamp\dataset_01\cataract\2180_left.jpg,slit_lamp,0.96282047,1,1.697274014,2,2.213195393,2,1.246465599,1
2180_right.jpg,data\raw\slit_lamp\dataset_01\cataract\2180_right.jpg,slit_lamp,1.083537799,1,1.790963341,2,2.163658157,2,0.918324153,1
2181_left.jpg,data\raw\slit_lamp\dataset_01\cataract\2181_left.jpg,slit_lamp,0.945053653,1,1.602994582,2,2.233440661,2,1.507815287,2
2181_right.jpg,data\raw\slit_lamp\dataset_01\cataract\2181_right.jpg,slit_lamp,0.6355899,1,1.945079798,2,2.180786599,2,0.899227589,1
2182_left.jpg,data\raw\slit_lamp\dataset_01\cataract\2182_left.jpg,slit_lamp,0.948658454,1,1.903176365,2,2.107202948,2,0.95900745,1
2182_right.jpg,data\raw\slit_lamp\dataset_01\cataract\2182_right.jpg,slit_lamp,0.813655544,1,1.949605644,2,2.17595853,2,1.142312106,1
2183_left.jpg,data\raw\slit_lamp\dataset_01\cataract\2183_left.jpg,slit_lamp,3.298105404,3,2.290025194,2,2.127098734,2,2.523183833,3
2183_right.jpg,data\raw\slit_lamp\dataset_01\cataract\2183_right.jpg,slit_lamp,3.299787566,3,2.791762127,3,2.051155527,2,2.752854164,3
2184_left.jpg,data\raw\slit_lamp\dataset_01\cataract\2184_left.jpg,slit_lamp,3.315486426,3,3.318724383,3,1.943765911,2,3.06791683,3
2184_right.jpg,data\raw\slit_lamp\dataset_01\cataract\2184_right.jpg,slit_lamp,3.299634156,3,3.292848571,3,1.976762839,2,2.993706016,3
2185_left.jpg,data\raw\slit_lamp\dataset_01\cataract\2185_left.jpg,slit_lamp,2.909068387,3,1.823714121,2,2.076501687,2,2.959397957,3
2187_right.jpg,data\raw\slit_lamp\dataset_01\cataract\2187_right.jpg,slit_lamp,3.006743583,3,2.110486733,2,2.078170837,2,3.067885688,3
2189_left.jpg,data\raw\slit_lamp\dataset_01\cataract\2189_left.jpg,slit_lamp,2.970132293,3,2.494906008,2,2.07721699,2,3.059898087,3
2189_right.jpg,data\raw\slit_lamp\dataset_01\cataract\2189_right.jpg,slit_lamp,3.108620397,3,2.377438653,2,2.057691414,2,2.993584361,3
218_right.jpg,data\raw\slit_lamp\dataset_01\cataract\218_right.jpg,slit_lamp,2.167469494,2,2.215158908,2,2.121100818,2,2.652744711,3
2190_right.jpg,data\raw\slit_lamp\dataset_01\cataract\2190_right.jpg,slit_lamp,2.346427662,2,1.460627027,1,2.075309674,2,2.82312897,3
2191_right.jpg,data\raw\slit_lamp\dataset_01\cataract\2191_right.jpg,slit_lamp,3.223804873,3,2.621592408,3,1.994157806,2,2.988369317,3
2192_left.jpg,data\raw\slit_lamp\dataset_01\cataract\2192_left.jpg,slit_lamp,1.633601614,2,1.709338546,2,2.119781873,2,2.241010784,2
2192_right.jpg,data\raw\slit_lamp\dataset_01\cataract\2192_right.jpg,slit_lamp,1.128515345,1,1.342229763,1,2.119422198,2,2.045677985,2
2193_right.jpg,data\raw\slit_lamp\dataset_01\cataract\2193_right.jpg,slit_lamp,1.074564509,1,1.46637427,1,2.120021665,2,2.144666391,2
2194_left.jpg,data\raw\slit_lamp\dataset_01\cataract\2194_left.jpg,slit_lamp,0.78049477,1,1.16329013,1,2.120141564,2,1.931420444,2
2194_right.jpg,data\raw\slit_lamp\dataset_01\cataract\2194_right.jpg,slit_lamp,0.780125238,1,1.165973484,1,2.11966198,2,1.924970257,2
2195_left.jpg,data\raw\slit_lamp\dataset_01\cataract\2195_left.jpg,slit_lamp,2.442876279,2,1.889457504,2,2.122419979,2,2.488909771,2
2195_right.jpg,data\raw\slit_lamp\dataset_01\cataract\2195_right.jpg,slit_lamp,2.818040515,3,2.144659328,2,2.122539913,2,2.563842428,3
2196_right.jpg,data\raw\slit_lamp\dataset_01\cataract\2196_right.jpg,slit_lamp,2.154598435,2,1.762874579,2,2.12170041,2,2.507045915,3
2197_right.jpg,data\raw\slit_lamp\dataset_01\cataract\2197_right.jpg,slit_lamp,1.304163165,1,1.648882527,2,2.12265985,2,2.067684321,2
2198_left.jpg,data\raw\slit_lamp\dataset_01\cataract\2198_left.jpg,slit_lamp,3.038143883,3,4.878232552,5,2.126018783,2,3.004939568,3
2198_right.jpg,data\raw\slit_lamp\dataset_01\cataract\2198_right.jpg,slit_lamp,2.933548778,3,4.516545431,5,2.124459105,2,2.919418053,3
2199_left.jpg,data\raw\slit_lamp\dataset_01\cataract\2199_left.jpg,slit_lamp,2.442167021,2,2.08804454,2,2.123859309,2,2.567081371,3
2200_left.jpg,data\raw\slit_lamp\dataset_01\cataract\2200_left.jpg,slit_lamp,2.996579532,3,2.212742036,2,2.129259062,2,2.817404826,3
2201_right.jpg,data\raw\slit_lamp\dataset_01\cataract\2201_right.jpg,slit_lamp,1.692952728,2,1.999461297,2,2.088313225,2,2.772231715,3
2203_left.jpg,data\raw\slit_lamp\dataset_01\cataract\2203_left.jpg,slit_lamp,2.643978702,3,2.071354595,2,2.124219182,2,2.554965325,3
2203_right.jpg,data\raw\slit_lamp\dataset_01\cataract\2203_right.jpg,slit_lamp,1.844448705,2,1.650162753,2,2.121460568,2,2.349390581,2
2204_left.jpg,data\raw\slit_lamp\dataset_01\cataract\2204_left.jpg,slit_lamp,2.688960937,3,3.493136573,3,2.120741084,2,2.915790395,3
2205_right.jpg,data\raw\slit_lamp\dataset_01\cataract\2205_right.jpg,slit_lamp,2.897359088,3,4.997856741,5,2.121460568,2,2.935280548,3
2206_left.jpg,data\raw\slit_lamp\dataset_01\cataract\2206_left.jpg,slit_lamp,2.857168626,3,2.189056775,2,2.066137876,2,2.642487611,3
2206_right.jpg,data\raw\slit_lamp\dataset_01\cataract\2206_right.jpg,slit_lamp,2.367350676,2,1.819787964,2,2.066494995,2,2.375376227,2
2207_left.jpg,data\raw\slit_lamp\dataset_01\cataract\2207_left.jpg,slit_lamp,2.651053473,3,1.802378867,2,2.066375953,2,3.029168,3
2207_right.jpg,data\raw\slit_lamp\dataset_01\cataract\2207_right.jpg,slit_lamp,2.940573524,3,1.888864867,2,2.066375953,2,2.74564816,3
2208_right.jpg,data\raw\slit_lamp\dataset_01\cataract\2208_right.jpg,slit_lamp,2.369562992,2,1.704715958,2,2.132380536,2,3.233187874,3
2209_left.jpg,data\raw\slit_lamp\dataset_01\cataract\2209_left.jpg,slit_lamp,1.055127988,1,2.107613587,2,2.126858732,2,2.123495083,2
2209_right.jpg,data\raw\slit_lamp\dataset_01\cataract\2209_right.jpg,slit_lamp,1.117786221,1,2.225491458,2,2.126498743,2,2.407849469,2
2210_left.jpg,data\raw\slit_lamp\dataset_01\cataract\2210_left.jpg,slit_lamp,2.096760699,2,4.250939091,4,2.127338742,2,3.11090753,3
2210_right.jpg,data\raw\slit_lamp\dataset_01\cataract\2210_right.jpg,slit_lamp,1.85773353,2,3.768458871,4,1.912710725,2,3.23131258,3
2211_left.jpg,data\raw\slit_lamp\dataset_01\cataract\2211_left.jpg,slit_lamp,1.381817387,1,4.485860528,4,2.123379504,2,2.746882857,3
2211_right.jpg,data\raw\slit_lamp\dataset_01\cataract\2211_right.jpg,slit_lamp,1.513042431,2,4.643393417,5,2.123739355,2,2.722640253,3
2212_left.jpg,data\raw\slit_lamp\dataset_01\cataract\2212_left.jpg,slit_lamp,0.106875544,0,3.583517091,4,2.178855079,2,2.846617745,3
2212_right.jpg,data\raw\slit_lamp\dataset_01\cataract\2212_right.jpg,slit_lamp,1.211823586,1,4.078501493,4,2.073402868,2,2.865393186,3
2213_left.jpg,data\raw\slit_lamp\dataset_01\cataract\2213_left.jpg,slit_lamp,2.288122576,2,2.065510721,2,2.124459105,2,2.12339852,2
2213_right.jpg,data\raw\slit_lamp\dataset_01\cataract\2213_right.jpg,slit_lamp,2.092407492,2,1.912806276,2,2.124099222,2,2.450377813,2
2215_left.jpg,data\raw\slit_lamp\dataset_01\cataract\2215_left.jpg,slit_lamp,2.96054535,3,4.78333084,5,1.912710725,2,3.23967917,3
2216_left.jpg,data\raw\slit_lamp\dataset_01\cataract\2216_left.jpg,slit_lamp,2.651038822,3,3.93703531,4,2.005586449,2,2.914212034,3
2216_right.jpg,data\raw\slit_lamp\dataset_01\cataract\2216_right.jpg,slit_lamp,2.670364875,3,3.327181515,3,2.068757173,2,2.793868179,3
2217_left.jpg,data\raw\slit_lamp\dataset_01\cataract\2217_left.jpg,slit_lamp,2.79629934,3,4.980540923,5,2.123139612,2,2.905233595,3
2217_right.jpg,data\raw\slit_lamp\dataset_01\cataract\2217_right.jpg,slit_lamp,2.78420357,3,4.985903904,5,2.123379504,2,2.882788377,3
2218_right.jpg,data\raw\slit_lamp\dataset_01\cataract\2218_right.jpg,slit_lamp,2.465351319,2,3.196832682,3,2.123859309,2,2.74108865,3
2219_left.jpg,data\raw\slit_lamp\dataset_01\cataract\2219_left.jpg,slit_lamp,2.722099474,3,4.956208948,5,2.123499453,2,2.940982996,3
2219_right.jpg,data\raw\slit_lamp\dataset_01\cataract\2219_right.jpg,slit_lamp,2.621217221,3,3.727564993,4,2.124339143,2,2.868269067,3
2220_right.jpg,data\raw\slit_lamp\dataset_01\cataract\2220_right.jpg,slit_lamp,2.580056125,3,4.734836367,5,2.043320831,2,3.107338723,3
2221_left.jpg,data\raw\slit_lamp\dataset_01\cataract\2221_left.jpg,slit_lamp,0.772963528,1,1.323347155,1,2.12553885,2,2.090574097,2
2221_right.jpg,data\raw\slit_lamp\dataset_01\cataract\2221_right.jpg,slit_lamp,2.443996121,2,4.856837018,5,2.126978732,2,2.857250064,3
2222_left.jpg,data\raw\slit_lamp\dataset_01\cataract\2222_left.jpg,slit_lamp,2.635501274,3,2.402848454,2,2.123859309,2,2.436395874,2
2223_left.jpg,data\raw\slit_lamp\dataset_01\cataract\2223_left.jpg,slit_lamp,2.409484465,2,2.011333706,2,2.121220733,2,2.365047257,2
2223_right.jpg,data\raw\slit_lamp\dataset_01\cataract\2223_right.jpg,slit_lamp,2.894225547,3,2.511869296,3,2.123019669,2,2.524658008,3
2225_left.jpg,data\raw\slit_lamp\dataset_01\cataract\2225_left.jpg,slit_lamp,2.92618668,3,2.295636968,2,2.120021665,2,2.808409153,3
2225_right.jpg,data\raw\slit_lamp\dataset_01\cataract\2225_right.jpg,slit_lamp,2.819665752,3,2.354465518,2,2.119422198,2,2.736215333,3
2226_left.jpg,data\raw\slit_lamp\dataset_01\cataract\2226_left.jpg,slit_lamp,2.266927149,2,1.905419986,2,2.118702897,2,2.636454956,3
2226_right.jpg,data\raw\slit_lamp\dataset_01\cataract\2226_right.jpg,slit_lamp,2.742797391,3,2.102209872,2,2.118942657,2,2.685428504,3
2227_left.jpg,data\raw\slit_lamp\dataset_01\cataract\2227_left.jpg,slit_lamp,2.662735858,3,2.262454859,2,2.118942657,2,2.793942573,3
2227_right.jpg,data\raw\slit_lamp\dataset_01\cataract\2227_right.jpg,slit_lamp,2.943918605,3,2.353550627,2,2.119781873,2,2.648931316,3
2228_right.jpg,data\raw\slit_lamp\dataset_01\cataract\2228_right.jpg,slit_lamp,3.160268573,3,2.695242582,3,2.121460568,2,2.545349371,3
2229_left.jpg,data\raw\slit_lamp\dataset_01\cataract\2229_left.jpg,slit_lamp,2.538919608,3,1.795868428,2,2.101100493,2,2.231291341,2
2231_right.jpg,data\raw\slit_lamp\dataset_01\cataract\2231_right.jpg,slit_lamp,2.456438664,2,2.291650604,2,2.11858302,2,2.111157433,2
2232_left.jpg,data\raw\slit_lamp\dataset_01\cataract\2232_left.jpg,slit_lamp,2.783961216,3,1.388252269,1,2.068042722,2,2.059066292,2
2232_right.jpg,data\raw\slit_lamp\dataset_01\cataract\2232_right.jpg,slit_lamp,3.025239459,3,1.453238755,1,2.075786455,2,2.548511975,3
2233_left.jpg,data\raw\slit_lamp\dataset_01\cataract\2233_left.jpg,slit_lamp,2.835032847,3,2.494014215,2,2.125178919,2,2.758113792,3
2233_right.jpg,data\raw\slit_lamp\dataset_01\cataract\2233_right.jpg,slit_lamp,2.446352619,2,2.424710488,2,2.122300046,2,2.463770672,2
2234_left.jpg,data\raw\slit_lamp\dataset_01\cataract\2234_left.jpg,slit_lamp,3.130724013,3,2.782778297,3,2.122060186,2,2.993666843,3
2234_right.jpg,data\raw\slit_lamp\dataset_01\cataract\2234_right.jpg,slit_lamp,2.93817888,3,2.704856026,3,2.12170041,2,2.769109252,3
2235_left.jpg,data\raw\slit_lamp\dataset_01\cataract\2235_left.jpg,slit_lamp,2.904803252,3,2.118039781,2,2.065661745,2,2.79275672,3
2236_left.jpg,data\raw\slit_lamp\dataset_01\cataract\2236_left.jpg,slit_lamp,2.772249573,3,1.834438938,2,2.065304669,2,3.027749678,3
2236_right.jpg,data\raw\slit_lamp\dataset_01\cataract\2236_right.jpg,slit_lamp,2.828818878,3,1.789024788,2,2.065780775,2,2.872028568,3
2237_right.jpg,data\raw\slit_lamp\dataset_01\cataract\2237_right.jpg,slit_lamp,3.006995661,3,2.288622333,2,2.06601884,2,3.109718118,3
2239_left.jpg,data\raw\slit_lamp\dataset_01\cataract\2239_left.jpg,slit_lamp,2.874512227,3,1.939388747,2,2.066137876,2,2.716542586,3
2239_right.jpg,data\raw\slit_lamp\dataset_01\cataract\2239_right.jpg,slit_lamp,2.975925619,3,2.206106664,2,2.066256913,2,3.104993033,3
2240_left.jpg,data\raw\slit_lamp\dataset_01\cataract\2240_left.jpg,slit_lamp,2.546254997,3,2.724107271,3,2.118463145,2,2.774713035,3
2240_right.jpg,data\raw\slit_lamp\dataset_01\cataract\2240_right.jpg,slit_lamp,2.109807121,2,2.352516824,2,2.118343271,2,2.562604205,3
2241_left.jpg,data\raw\slit_lamp\dataset_01\cataract\2241_left.jpg,slit_lamp,3.135584089,3,2.538705852,3,2.12457907,2,2.927671765,3
2242_left.jpg,data\raw\slit_lamp\dataset_01\cataract\2242_left.jpg,slit_lamp,3.052124994,3,2.46341276,2,2.120860994,2,2.608832442,3
2242_right.jpg,data\raw\slit_lamp\dataset_01\cataract\2242_right.jpg,slit_lamp,3.046445377,3,2.436397846,2,2.119422198,2,2.610719464,3
2243_left.jpg,data\raw\slit_lamp\dataset_01\cataract\2243_left.jpg,slit_lamp,3.188716894,3,2.793403109,3,2.017863762,2,3.034998044,3
2243_right.jpg,data\raw\slit_lamp\dataset_01\cataract\2243_right.jpg,slit_lamp,3.139429947,3,2.822023,3,2.036443442,2,2.822889921,3
2244_right.jpg,data\raw\slit_lamp\dataset_01\cataract\2244_right.jpg,slit_lamp,2.341108491,2,2.337763331,2,2.124219182,2,2.578515156,3
2246_left.jpg,data\raw\slit_lamp\dataset_01\cataract\2246_left.jpg,slit_lamp,3.238497448,3,2.660320328,3,2.124339143,2,3.085998149,3
2246_right.jpg,data\raw\slit_lamp\dataset_01\cataract\2246_right.jpg,slit_lamp,3.228663348,3,2.684307789,3,2.12457907,2,3.073941672,3
2247_left.jpg,data\raw\slit_lamp\dataset_01\cataract\2247_left.jpg,slit_lamp,2.633165916,3,2.162781411,2,2.141271113,2,2.505610057,3
2247_right.jpg,data\raw\slit_lamp\dataset_01\cataract\2247_right.jpg,slit_lamp,1.884548929,2,1.697147814,2,2.121460568,2,2.355922979,2
2248_left.jpg,data\raw\slit_lamp\dataset_01\cataract\2248_left.jpg,slit_lamp,2.567140077,3,2.046079207,2,2.123979265,2,2.490808954,2
2248_right.jpg,data\raw\slit_lamp\dataset_01\cataract\2248_right.jpg,slit_lamp,3.154733775,3,2.605427212,3,2.125778813,2,2.977403843,3
2251_right.jpg,data\raw\slit_lamp\dataset_01\cataract\2251_right.jpg,slit_lamp,2.896918175,3,2.228744749,2,2.122899727,2,2.725263378,3
2262_left.jpg,data\raw\slit_lamp\dataset_01\cataract\2262_left.jpg,slit_lamp,1.077793322,1,1.282657605,1,2.120621177,2,1.953821208,2
2282_right.jpg,data\raw\slit_lamp\dataset_01\cataract\2282_right.jpg,slit_lamp,2.308701146,2,2.170096501,2,2.122180116,2,2.493525827,2
24_right.jpg,data\raw\slit_lamp\dataset_01\cataract\24_right.jpg,slit_lamp,2.44322942,2,2.21299448,2,2.123979265,2,2.658594592,3
254_left.jpg,data\raw\slit_lamp\dataset_01\cataract\254_left.jpg,slit_lamp,1.342639146,1,1.51632944,2,2.121100818,2,2.194128121,2
294_left.jpg,data\raw\slit_lamp\dataset_01\cataract\294_left.jpg,slit_lamp,1.75796678,2,1.945716936,2,2.11582634,2,2.411976898,2
330_left.jpg,data\raw\slit_lamp\dataset_01\cataract\330_left.jpg,slit_lamp,0.585783831,1,1.2540264,1,2.08759683,2,2.402676598,2
345_right.jpg,data\raw\slit_lamp\dataset_01\cataract\345_right.jpg,slit_lamp,2.76390791,3,2.351978077,2,2.123499453,2,2.635566604,3
354_right.jpg,data\raw\slit_lamp\dataset_01\cataract\354_right.jpg,slit_lamp,1.424483231,1,1.803771073,2,2.120741084,2,2.249532456,2
448_left.jpg,data\raw\slit_lamp\dataset_01\cataract\448_left.jpg,slit_lamp,1.869415206,2,1.78405834,2,2.123379504,2,2.374885646,2
465_left.jpg,data\raw\slit_lamp\dataset_01\cataract\465_left.jpg,slit_lamp,3.091385518,3,3.304068228,3,2.12805881,2,2.716923634,3
477_left.jpg,data\raw\slit_lamp\dataset_01\cataract\477_left.jpg,slit_lamp,2.63863102,3,2.090602246,2,2.061496993,2,3.151233918,3
477_right.jpg,data\raw\slit_lamp\dataset_01\cataract\477_right.jpg,slit_lamp,2.684860165,3,2.139840278,2,2.055908276,2,3.301528154,3
553_left.jpg,data\raw\slit_lamp\dataset_01\cataract\553_left.jpg,slit_lamp,2.60637658,3,1.398974012,1,2.078290077,2,2.936573861,3
553_right.jpg,data\raw\slit_lamp\dataset_01\cataract\553_right.jpg,slit_lamp,2.794754781,3,1.574310593,2,2.097034892,2,2.084260315,2
560_left.jpg,data\raw\slit_lamp\dataset_01\cataract\560_left.jpg,slit_lamp,1.569703049,2,2.067159261,2,2.087835621,2,2.803972003,3
560_right.jpg,data\raw\slit_lamp\dataset_01\cataract\560_right.jpg,slit_lamp,1.263955737,1,2.011975426,2,2.087835621,2,2.650773602,3
594_left.jpg,data\raw\slit_lamp\dataset_01\cataract\594_left.jpg,slit_lamp,1.230068101,1,1.620679706,2,2.120741084,2,2.116025003,2
611_left.jpg,data\raw\slit_lamp\dataset_01\cataract\611_left.jpg,slit_lamp,3.027460036,3,2.517798483,3,2.126978732,2,2.644937642,3
625_left.jpg,data\raw\slit_lamp\dataset_01\cataract\625_left.jpg,slit_lamp,2.406418732,2,2.039740395,2,2.072330514,2,3.002967764,3
625_right.jpg,data\raw\slit_lamp\dataset_01\cataract\625_right.jpg,slit_lamp,1.968700545,2,1.855945079,2,2.07411786,2,2.658168247,3
629_left.jpg,data\raw\slit_lamp\dataset_01\cataract\629_left.jpg,slit_lamp,2.706258957,3,4.089782093,4,2.118702897,2,2.780272838,3
691_left.jpg,data\raw\slit_lamp\dataset_01\cataract\691_left.jpg,slit_lamp,0.929191575,1,1.608406259,2,2.123259557,2,2.104351907,2
726_left.jpg,data\raw\slit_lamp\dataset_01\cataract\726_left.jpg,slit_lamp,2.854999153,3,1.385023983,1,2.085567424,2,2.585445031,3
726_right.jpg,data\raw\slit_lamp\dataset_01\cataract\726_right.jpg,slit_lamp,2.239346907,2,1.684860771,2,2.075905656,2,2.943812386,3
750_left.jpg,data\raw\slit_lamp\dataset_01\cataract\750_left.jpg,slit_lamp,1.416088028,1,1.703030093,2,2.121820334,2,2.29648344,2
769_right.jpg,data\raw\slit_lamp\dataset_01\cataract\769_right.jpg,slit_lamp,1.675238017,2,1.701145941,2,2.122060186,2,2.426013375,2
809_left.jpg,data\raw\slit_lamp\dataset_01\cataract\809_left.jpg,slit_lamp,2.544540122,3,2.044104633,2,2.123379504,2,2.615907273,3
81_left.jpg,data\raw\slit_lamp\dataset_01\cataract\81_left.jpg,slit_lamp,1.636579759,2,1.885036858,2,2.12265985,2,2.295262497,2
81_right.jpg,data\raw\slit_lamp\dataset_01\cataract\81_right.jpg,slit_lamp,1.56660994,2,1.991143523,2,2.122300046,2,1.787789203,2
820_left.jpg,data\raw\slit_lamp\dataset_01\cataract\820_left.jpg,slit_lamp,2.785093957,3,2.196719476,2,2.081748891,2,3.073913938,3
824_left.jpg,data\raw\slit_lamp\dataset_01\cataract\824_left.jpg,slit_lamp,1.200875935,1,1.261097268,1,2.127698768,2,1.710584137,2
874_left.jpg,data\raw\slit_lamp\dataset_01\cataract\874_left.jpg,slit_lamp,2.181659701,2,2.125047981,2,2.121940259,2,2.5791374,3
907_left.jpg,data\raw\slit_lamp\dataset_01\cataract\907_left.jpg,slit_lamp,2.163271321,2,1.740671379,2,2.091657317,2,2.602016207,3
949_right.jpg,data\raw\slit_lamp\dataset_01\cataract\949_right.jpg,slit_lamp,2.085573817,2,2.049919917,2,2.124339143,2,2.513681934,3
955_right.jpg,data\raw\slit_lamp\dataset_01\cataract\955_right.jpg,slit_lamp,1.597923999,2,1.567692275,2,2.120141564,2,2.267953192,2
970_left.jpg,data\raw\slit_lamp\dataset_01\cataract\970_left.jpg,slit_lamp,2.912426299,3,1.589299274,2,2.078886306,2,2.820940804,3
970_right.jpg,data\raw\slit_lamp\dataset_01\cataract\970_right.jpg,slit_lamp,2.866114395,3,1.465474909,1,2.07781313,2,2.84943867,3
999_left.jpg,data\raw\slit_lamp\dataset_01\cataract\999_left.jpg,slit_lamp,2.363699812,2,2.064832524,2,2.120980905,2,2.584032676,3
999_right.jpg,data\raw\slit_lamp\dataset_01\cataract\999_right.jpg,slit_lamp,2.430389495,2,2.091640592,2,2.12170041,2,2.478642791,2
_0_4015166.jpg,data\raw\slit_lamp\dataset_01\cataract\_0_4015166.jpg,slit_lamp,1.951652246,2,1.507988339,2,2.32305155,2,2.324387575,2
_100_334408.jpg,data\raw\slit_lamp\dataset_01\cataract\_100_334408.jpg,slit_lamp,1.667567332,2,1.231223859,1,2.353361507,2,2.065712784,2
_101_5139882.jpg,data\raw\slit_lamp\dataset_01\cataract\_101_5139882.jpg,slit_lamp,2.389133136,2,1.908906442,2,2.342600942,2,1.900927413,2
_101_709333.jpg,data\raw\slit_lamp\dataset_01\cataract\_101_709333.jpg,slit_lamp,2.410648115,2,1.944969093,2,2.346024142,2,1.926508139,2
_102_1024926.jpg,data\raw\slit_lamp\dataset_01\cataract\_102_1024926.jpg,slit_lamp,2.484245935,2,1.93281525,2,2.342111962,2,2.355799866,2
_102_3990401.jpg,data\raw\slit_lamp\dataset_01\cataract\_102_3990401.jpg,slit_lamp,2.523882661,3,1.949977185,2,2.341134037,2,2.298076882,2
_103_5897328.jpg,data\raw\slit_lamp\dataset_01\cataract\_103_5897328.jpg,slit_lamp,2.093967749,2,1.857515149,2,2.343089935,2,2.295937414,2
_104_4607170.jpg,data\raw\slit_lamp\dataset_01\cataract\_104_4607170.jpg,slit_lamp,2.66135335,3,1.942620869,2,2.355318571,2,2.510869907,3
_105_5646774.jpg,data\raw\slit_lamp\dataset_01\cataract\_105_5646774.jpg,slit_lamp,2.236571061,2,1.629667772,2,2.347980518,2,2.241106766,2
_105_5956883.jpg,data\raw\slit_lamp\dataset_01\cataract\_105_5956883.jpg,slit_lamp,2.015498651,2,1.648442918,2,2.348469641,2,2.170846014,2
_106_5284713.jpg,data\raw\slit_lamp\dataset_01\cataract\_106_5284713.jpg,slit_lamp,1.810403581,2,1.862625987,2,2.351893827,2,2.37042964,2
_107_5060742.jpg,data\raw\slit_lamp\dataset_01\cataract\_107_5060742.jpg,slit_lamp,2.334029889,2,1.848527092,2,2.343089935,2,2.284710895,2
_108_750835.jpg,data\raw\slit_lamp\dataset_01\cataract\_108_750835.jpg,slit_lamp,2.004248306,2,1.988318988,2,2.360701407,2,2.373274647,2
_108_8917257.jpg,data\raw\slit_lamp\dataset_01\cataract\_108_8917257.jpg,slit_lamp,1.846479661,2,1.966242536,2,2.346024142,2,2.445538843,2
_109_2006348.jpg,data\raw\slit_lamp\dataset_01\cataract\_109_2006348.jpg,slit_lamp,2.70929706,3,2.291429761,2,2.351404623,2,2.197267211,2
_109_2655056.jpg,data\raw\slit_lamp\dataset_01\cataract\_109_2655056.jpg,slit_lamp,2.544079457,3,2.26519186,2,2.360212004,2,2.180877259,2
_10_3215668.jpg,data\raw\slit_lamp\dataset_01\cataract\_10_3215668.jpg,slit_lamp,1.758203711,2,1.595638654,2,2.348469641,2,2.228252664,2
_110_5076150.jpg,data\raw\slit_lamp\dataset_01\cataract\_110_5076150.jpg,slit_lamp,2.843400113,3,1.980643166,2,2.223737747,2,3.094590958,3
_111_9826667.jpg,data\raw\slit_lamp\dataset_01\cataract\_111_9826667.jpg,slit_lamp,2.818053665,3,1.852973711,2,2.22325282,2,3.148660486,3
_112_3727502.jpg,data\raw\slit_lamp\dataset_01\cataract\_112_3727502.jpg,slit_lamp,2.694932236,3,2.396863586,2,2.336733985,2,2.547521794,3
_112_9621689.jpg,data\raw\slit_lamp\dataset_01\cataract\_112_9621689.jpg,slit_lamp,2.645984778,3,2.407654618,2,2.344067956,2,2.501443508,3
_113_1734230.jpg,data\raw\slit_lamp\dataset_01\cataract\_113_1734230.jpg,slit_lamp,2.32697545,2,2.21458922,2,2.341622994,2,2.443986568,2
_113_2699140.jpg,data\raw\slit_lamp\dataset_01\cataract\_113_2699140.jpg,slit_lamp,2.374946199,2,2.206427968,2,2.350915431,2,2.471572604,2
_114_3613830.jpg,data\raw\slit_lamp\dataset_01\cataract\_114_3613830.jpg,slit_lamp,2.425202607,2,2.192713341,2,2.32305155,2,1.95773187,2
_114_5711178.jpg,data\raw\slit_lamp\dataset_01\cataract\_114_5711178.jpg,slit_lamp,2.387697069,2,2.197484792,2,2.329402835,2,1.945144748,2
_114_9773152.jpg,data\raw\slit_lamp\dataset_01\cataract\_114_9773152.jpg,slit_lamp,2.606385684,3,2.189183366,2,2.337711688,2,1.972261593,2
_115_1763401.jpg,data\raw\slit_lamp\dataset_01\cataract\_115_1763401.jpg,slit_lamp,2.560798953,3,2.199823768,2,2.345046026,2,2.337195644,2
_115_6901151.jpg,data\raw\slit_lamp\dataset_01\cataract\_115_6901151.jpg,slit_lamp,2.435211658,2,2.178989786,2,2.333801179,2,2.400950182,2
_116_4683353.jpg,data\raw\slit_lamp\dataset_01\cataract\_116_4683353.jpg,slit_lamp,3.246216043,3,2.903866318,3,2.337711688,2,2.836546326,3
_117_6521529.jpg,data\raw\slit_lamp\dataset_01\cataract\_117_6521529.jpg,slit_lamp,3.086794351,3,2.388192079,2,2.349447922,2,2.488798522,2
_118_6296686.jpg,data\raw\slit_lamp\dataset_01\cataract\_118_6296686.jpg,slit_lamp,0.761072559,1,1.002292452,1,2.347980518,2,1.701521848,2
_119_6929742.jpg,data\raw\slit_lamp\dataset_01\cataract\_119_6929742.jpg,slit_lamp,2.340024727,2,2.168587671,2,2.35629717,2,1.898963051,2
_119_9887385.jpg,data\raw\slit_lamp\dataset_01\cataract\_119_9887385.jpg,slit_lamp,2.322598893,2,2.14981527,2,2.33868944,2,1.943192281,2
_11_7158929.jpg,data\raw\slit_lamp\dataset_01\cataract\_11_7158929.jpg,slit_lamp,2.346612495,2,1.882694555,2,2.348469641,2,2.429121621,2
_120_2375814.jpg,data\raw\slit_lamp\dataset_01\cataract\_120_2375814.jpg,slit_lamp,2.556324381,3,1.753749584,2,2.342111962,2,2.289094254,2
_120_3067914.jpg,data\raw\slit_lamp\dataset_01\cataract\_120_3067914.jpg,slit_lamp,2.210113661,2,1.747411333,2,2.325005551,2,2.30918439,2
_121_3847336.jpg,data\raw\slit_lamp\dataset_01\cataract\_121_3847336.jpg,slit_lamp,1.374517023,1,0.958201215,1,2.35923323,2,1.817516312,2
_121_5210506.jpg,data\raw\slit_lamp\dataset_01\cataract\_121_5210506.jpg,slit_lamp,1.190684861,1,0.954322175,1,2.326471192,2,1.834088867,2
_122_7237312.jpg,data\raw\slit_lamp\dataset_01\cataract\_122_7237312.jpg,slit_lamp,2.441604309,2,2.221440077,2,2.342600942,2,2.225213834,2
_123_8135331.jpg,data\raw\slit_lamp\dataset_01\cataract\_123_8135331.jpg,slit_lamp,2.638094007,3,2.593099007,3,2.34357894,2,2.457708421,2
_124_496149.jpg,data\raw\slit_lamp\dataset_01\cataract\_124_496149.jpg,slit_lamp,3.228244012,3,3.399877832,3,2.32354003,2,2.892250213,3
_125_6571967.jpg,data\raw\slit_lamp\dataset_01\cataract\_125_6571967.jpg,slit_lamp,2.298315247,2,2.029986111,2,2.321097766,2,2.225868249,2
_126_1745653.jpg,data\raw\slit_lamp\dataset_01\cataract\_126_1745653.jpg,slit_lamp,2.980151361,3,3.80717333,4,2.339178335,2,2.706095406,3
_126_4964568.jpg,data\raw\slit_lamp\dataset_01\cataract\_126_4964568.jpg,slit_lamp,2.95324305,3,3.809572712,4,2.308403633,2,2.729504043,3
_127_2102071.jpg,data\raw\slit_lamp\dataset_01\cataract\_127_2102071.jpg,slit_lamp,1.747841291,2,1.072528305,1,2.352872269,2,1.790175767,2
_128_4502689.jpg,data\raw\slit_lamp\dataset_01\cataract\_128_4502689.jpg,slit_lamp,2.846243494,3,2.125970434,2,2.355807865,2,2.549422554,3
_129_3024383.jpg,data\raw\slit_lamp\dataset_01\cataract\_129_3024383.jpg,slit_lamp,2.603209895,3,2.193946178,2,2.353850756,2,2.45954138,2
_129_5296959.jpg,data\raw\slit_lamp\dataset_01\cataract\_129_5296959.jpg,slit_lamp,2.740405081,3,2.166142248,2,2.33184623,2,2.547984131,3
_12_5233869.jpg,data\raw\slit_lamp\dataset_01\cataract\_12_5233869.jpg,slit_lamp,3.105930326,3,2.760543711,3,2.32354003,2,2.686559215,3
_130_3561448.jpg,data\raw\slit_lamp\dataset_01\cataract\_130_3561448.jpg,slit_lamp,0.978932634,1,1.694356661,2,2.52305501,3,1.428486913,1
_130_7837321.jpg,data\raw\slit_lamp\dataset_01\cataract\_130_7837321.jpg,slit_lamp,0.879190893,1,1.686895193,2,2.533363267,3,1.428925464,1
_131_7587386.jpg,data\raw\slit_lamp\dataset_01\cataract\_131_7587386.jpg,slit_lamp,0.819309789,1,1.82851808,2,2.448931949,2,0.957847,1
_131_863673.jpg,data\raw\slit_lamp\dataset_01\cataract\_131_863673.jpg,slit_lamp,0.96699338,1,1.827877506,2,2.44353419,2,0.957609965,1
_132_7102134.jpg,data\raw\slit_lamp\dataset_01\cataract\_132_7102134.jpg,slit_lamp,1.115388543,1,1.992168832,2,2.539744022,3,1.614486989,2
_133_1300923.jpg,data\raw\slit_lamp\dataset_01\cataract\_133_1300923.jpg,slit_lamp,0.951378201,1,1.564063012,2,2.529436426,3,1.638690511,2
_134_4903477.jpg,data\raw\slit_lamp\dataset_01\cataract\_134_4903477.jpg,slit_lamp,2.908957281,3,3.118408596,3,2.264056619,2,2.444739439,2
_135_5639464.jpg,data\raw\slit_lamp\dataset_01\cataract\_135_5639464.jpg,slit_lamp,0.976836357,1,1.762673828,2,2.495072513,2,1.09283523,1
_135_7789155.jpg,data\raw\slit_lamp\dataset_01\cataract\_135_7789155.jpg,slit_lamp,1.038000652,1,1.778861175,2,2.500472765,3,1.098975338,1
_136_4030185.jpg,data\raw\slit_lamp\dataset_01\cataract\_136_4030185.jpg,slit_lamp,0.732028844,1,2.539467849,3,2.616248959,3,1.523781451,2
_137_7856304.jpg,data\raw\slit_lamp\dataset_01\cataract\_137_7856304.jpg,slit_lamp,1.704027339,2,1.732867095,2,2.557410848,3,1.228780546,1
_138_1949117.jpg,data\raw\slit_lamp\dataset_01\cataract\_138_1949117.jpg,slit_lamp,0.948955462,1,1.695703607,2,2.530909009,3,1.265047026,1
_139_583821.jpg,data\raw\slit_lamp\dataset_01\cataract\_139_583821.jpg,slit_lamp,1.061887363,1,1.788676036,2,2.444515563,2,0.93181081,1
_13_3987009.jpg,data\raw\slit_lamp\dataset_01\cataract\_13_3987009.jpg,slit_lamp,2.648757735,3,1.736915714,2,2.347491406,2,2.202550159,2
_140_1534199.jpg,data\raw\slit_lamp\dataset_01\cataract\_140_1534199.jpg,slit_lamp,1.056611269,1,1.610020752,2,2.578014773,3,1.534917467,2
_141_3457945.jpg,data\raw\slit_lamp\dataset_01\cataract\_141_3457945.jpg,slit_lamp,0.84790319,1,1.947107476,2,2.47592688,2,0.919452669,1
_141_9740629.jpg,data\raw\slit_lamp\dataset_01\cataract\_141_9740629.jpg,slit_lamp,0.784864336,1,1.938345991,2,2.480835837,2,0.917175601,1
_142_7918627.jpg,data\raw\slit_lamp\dataset_01\cataract\_142_7918627.jpg,slit_lamp,1.003703,1,1.884110488,2,2.380775723,2,0.96932137,1
_143_1247400.jpg,data\raw\slit_lamp\dataset_01\cataract\_143_1247400.jpg,slit_lamp,0.939751333,1,1.922160022,2,2.466600404,2,1.146915288,1
_143_9392801.jpg,data\raw\slit_lamp\dataset_01\cataract\_143_9392801.jpg,slit_lamp,0.901157713,1,1.93685182,2,2.464146212,2,1.155513825,1
_144_4907178.jpg,data\raw\slit_lamp\dataset_01\cataract\_144_4907178.jpg,slit_lamp,3.163194821,3,1.880806489,2,2.347491406,2,2.227743158,2
_144_6424765.jpg,data\raw\slit_lamp\dataset_01\cataract\_144_6424765.jpg,slit_lamp,3.179591822,3,1.89693308,2,2.346024142,2,2.178358306,2
_144_7061237.jpg,data\raw\slit_lamp\dataset_01\cataract\_144_7061237.jpg,slit_lamp,3.179464534,3,1.923160824,2,2.340156162,2,2.100615915,2
_145_6931784.jpg,data\raw\slit_lamp\dataset_01\cataract\_145_6931784.jpg,slit_lamp,3.279940428,3,2.557702407,3,2.325005551,2,2.498820774,2
_146_4268935.jpg,data\raw\slit_lamp\dataset_01\cataract\_146_4268935.jpg,slit_lamp,3.270795796,3,2.930990666,3,2.319632573,2,2.632680149,3
_146_5945090.jpg,data\raw\slit_lamp\dataset_01\cataract\_146_5945090.jpg,slit_lamp,3.265702551,3,2.932961568,3,2.350915431,2,2.625355487,3
_147_3710804.jpg,data\raw\slit_lamp\dataset_01\cataract\_147_3710804.jpg,slit_lamp,3.282920123,3,2.932743868,3,2.347491406,2,2.62246609,3
_147_3796034.jpg,data\raw\slit_lamp\dataset_01\cataract\_147_3796034.jpg,slit_lamp,3.283157011,3,2.921357143,3,2.34993708,2,2.640117412,3
_148_6795884.jpg,data\raw\slit_lamp\dataset_01\cataract\_148_6795884.jpg,slit_lamp,2.877010474,3,1.637583914,2,2.264056619,2,2.898394326,3
_149_3115900.jpg,data\raw\slit_lamp\dataset_01\cataract\_149_3115900.jpg,slit_lamp,3.071741368,3,1.71426454,2,2.264056619,2,2.906544304,3
_149_9419457.jpg,data\raw\slit_lamp\dataset_01\cataract\_149_9419457.jpg,slit_lamp,2.902103989,3,1.713480174,2,2.259678316,2,2.899945007,3
_14_7805520.jpg,data\raw\slit_lamp\dataset_01\cataract\_14_7805520.jpg,slit_lamp,2.13498445,2,2.959593275,3,2.333801179,2,2.233089774,2
_150_2517277.jpg,data\raw\slit_lamp\dataset_01\cataract\_150_2517277.jpg,slit_lamp,3.140093854,3,2.490329304,2,2.240237555,2,3.099585663,3
_150_8876899.jpg,data\raw\slit_lamp\dataset_01\cataract\_150_8876899.jpg,slit_lamp,3.132139081,3,2.501023464,3,2.273791374,2,3.059815187,3
_151_4262050.jpg,data\raw\slit_lamp\dataset_01\cataract\_151_4262050.jpg,slit_lamp,2.847168672,3,1.760574954,2,2.241208859,2,2.558155566,3
_151_5293593.jpg,data\raw\slit_lamp\dataset_01\cataract\_151_5293593.jpg,slit_lamp,2.667756895,3,1.76919786,2,2.253842897,2,2.525359185,3
_152_8894820.jpg,data\raw\slit_lamp\dataset_01\cataract\_152_8894820.jpg,slit_lamp,1.769881928,2,1.847591091,2,2.34993708,2,2.421111699,2
_152_9176638.jpg,data\raw\slit_lamp\dataset_01\cataract\_152_9176638.jpg,slit_lamp,1.976007262,2,1.87399046,2,2.346024142,2,2.373953201,2
_153_5085382.jpg,data\raw\slit_lamp\dataset_01\cataract\_153_5085382.jpg,slit_lamp,2.692015215,3,1.463989454,1,2.246552437,2,2.849308637,3
_154_1054490.jpg,data\raw\slit_lamp\dataset_01\cataract\_154_1054490.jpg,slit_lamp,3.037027811,3,1.990832955,2,2.218889429,2,2.498859607,2
_154_6316287.jpg,data\raw\slit_lamp\dataset_01\cataract\_154_6316287.jpg,slit_lamp,3.077036588,3,2.008538682,2,2.216950699,2,2.469689881,2
_155_2004552.jpg,data\raw\slit_lamp\dataset_01\cataract\_155_2004552.jpg,slit_lamp,1.973979301,2,1.708105509,2,2.361680245,2,2.295157453,2
_156_6418009.jpg,data\raw\slit_lamp\dataset_01\cataract\_156_6418009.jpg,slit_lamp,1.780986413,2,1.350070415,1,2.358743859,2,2.057743024,2
_157_2679833.jpg,data\raw\slit_lamp\dataset_01\cataract\_157_2679833.jpg,slit_lamp,1.768566898,2,1.482823636,1,2.348469641,2,2.126189897,2
_157_8093661.jpg,data\raw\slit_lamp\dataset_01\cataract\_157_8093661.jpg,slit_lamp,1.601243088,2,1.448873249,1,2.347980518,2,2.279406712,2
_158_2964657.jpg,data\raw\slit_lamp\dataset_01\cataract\_158_2964657.jpg,slit_lamp,1.321316644,1,1.175702434,1,2.347491406,2,1.917868769,2
_158_6990173.jpg,data\raw\slit_lamp\dataset_01\cataract\_158_6990173.jpg,slit_lamp,1.434794659,1,1.158948594,1,2.347002307,2,2.000605557,2
_159_1399279.jpg,data\raw\slit_lamp\dataset_01\cataract\_159_1399279.jpg,slit_lamp,1.126978947,1,1.153566573,1,2.333801179,2,2.033778826,2
_159_5245707.jpg,data\raw\slit_lamp\dataset_01\cataract\_159_5245707.jpg,slit_lamp,1.157681798,1,1.163917636,1,2.347980518,2,1.981627586,2
_159_8564797.jpg,data\raw\slit_lamp\dataset_01\cataract\_159_8564797.jpg,slit_lamp,1.515330667,2,1.153795126,1,2.333801179,2,2.032888072,2
_15_7471583.jpg,data\raw\slit_lamp\dataset_01\cataract\_15_7471583.jpg,slit_lamp,1.972471265,2,2.003995929,2,2.321586192,2,2.145518609,2
_160_9941636.jpg,data\raw\slit_lamp\dataset_01\cataract\_160_9941636.jpg,slit_lamp,2.468324574,2,1.686290902,2,2.341622994,2,2.322824413,2
_160_9986895.jpg,data\raw\slit_lamp\dataset_01\cataract\_160_9986895.jpg,slit_lamp,2.376857853,2,1.686980961,2,2.340645093,2,2.338268543,2
_161_3798587.jpg,data\raw\slit_lamp\dataset_01\cataract\_161_3798587.jpg,slit_lamp,2.94452761,3,2.112961319,2,2.35042625,2,2.526507529,3
_162_3096677.jpg,data\raw\slit_lamp\dataset_01\cataract\_162_3096677.jpg,slit_lamp,1.848356971,2,1.392478211,1,2.355807865,2,2.1568279,2
_162_3770706.jpg,data\raw\slit_lamp\dataset_01\cataract\_162_3770706.jpg,slit_lamp,1.734830946,2,1.348937353,1,2.339667242,2,2.199282245,2
_163_2414975.jpg,data\raw\slit_lamp\dataset_01\cataract\_163_2414975.jpg,slit_lamp,1.727943624,2,1.647435828,2,2.34993708,2,2.118959095,2
_163_6585488.jpg,data\raw\slit_lamp\dataset_01\cataract\_163_6585488.jpg,slit_lamp,1.716974975,2,1.652501319,2,2.357765151,2,2.100678225,2
_163_6979961.jpg,data\raw\slit_lamp\dataset_01\cataract\_163_6979961.jpg,slit_lamp,1.570171416,2,1.669692957,2,2.333312423,2,2.032853463,2
_164_4857097.jpg,data\raw\slit_lamp\dataset_01\cataract\_164_4857097.jpg,slit_lamp,3.0635615,3,4.813914972,5,2.343089935,2,2.764701953,3
_165_8028203.jpg,data\raw\slit_lamp\dataset_01\cataract\_165_8028203.jpg,slit_lamp,2.88082399,3,4.381728048,4,2.349447922,2,2.739650618,3
_166_6232447.jpg,data\raw\slit_lamp\dataset_01\cataract\_166_6232447.jpg,slit_lamp,2.048640064,2,1.743704141,2,2.330380154,2,2.255769426,2
_166_7102152.jpg,data\raw\slit_lamp\dataset_01\cataract\_166_7102152.jpg,slit_lamp,2.118602463,2,1.720986409,2,2.355318571,2,2.329888975,2
_167_2873590.jpg,data\raw\slit_lamp\dataset_01\cataract\_167_2873590.jpg,slit_lamp,2.386875884,2,1.502883584,2,2.32354003,2,2.351207894,2
_168_2726147.jpg,data\raw\slit_lamp\dataset_01\cataract\_168_2726147.jpg,slit_lamp,2.515016156,3,1.822657385,2,2.290356183,2,2.713220738,3
_168_4661031.jpg,data\raw\slit_lamp\dataset_01\cataract\_168_4661031.jpg,slit_lamp,2.005376037,2,1.829283103,2,2.262597021,2,2.710256756,3
_169_5886938.jpg,data\raw\slit_lamp\dataset_01\cataract\_169_5886938.jpg,slit_lamp,2.840584789,3,2.073625057,2,2.347980518,2,2.551720183,3
_16_1907643.jpg,data\raw\slit_lamp\dataset_01\cataract\_16_1907643.jpg,slit_lamp,2.089205204,2,2.096080932,2,2.344067956,2,2.262927251,2
_16_8423210.jpg,data\raw\slit_lamp\dataset_01\cataract\_16_8423210.jpg,slit_lamp,2.025423816,2,2.110840177,2,2.35629717,2,2.230248769,2
_170_1001041.jpg,data\raw\slit_lamp\dataset_01\cataract\_170_1001041.jpg,slit_lamp,1.459020264,1,1.407264043,1,2.353361507,2,2.088877851,2
_170_4585047.jpg,data\raw\slit_lamp\dataset_01\cataract\_170_4585047.jpg,slit_lamp,2.111052872,2,1.339531419,1,2.340645093,2,2.165611734,2
_170_5458800.jpg,data\raw\slit_lamp\dataset_01\cataract\_170_5458800.jpg,slit_lamp,1.172921398,1,1.334585399,1,2.33868944,2,2.189127091,2
_171_4298450.jpg,data\raw\slit_lamp\dataset_01\cataract\_171_4298450.jpg,slit_lamp,3.056111761,3,3.445214907,3,2.322563084,2,2.898191577,3
_171_5903297.jpg,data\raw\slit_lamp\dataset_01\cataract\_171_5903297.jpg,slit_lamp,3.060946948,3,3.441129472,3,2.33722283,2,2.914775123,3
_172_1350351.jpg,data\raw\slit_lamp\dataset_01\cataract\_172_1350351.jpg,slit_lamp,2.994480054,3,4.983261584,5,2.340156162,2,2.854652509,3
_172_4553386.jpg,data\raw\slit_lamp\dataset_01\cataract\_172_4553386.jpg,slit_lamp,3.034369817,3,4.979820716,5,2.33184623,2,2.781972066,3
_172_5595526.jpg,data\raw\slit_lamp\dataset_01\cataract\_172_5595526.jpg,slit_lamp,2.980233835,3,4.980608968,5,2.338200558,2,2.839017791,3
_173_6477739.jpg,data\raw\slit_lamp\dataset_01\cataract\_173_6477739.jpg,slit_lamp,3.049444392,3,2.074897638,2,2.212589821,2,2.560383306,3
_173_9178799.jpg,data\raw\slit_lamp\dataset_01\cataract\_173_9178799.jpg,slit_lamp,3.111731827,3,2.076826016,2,2.234411404,2,2.519821785,3
_174_1289707.jpg,data\raw\slit_lamp\dataset_01\cataract\_174_1289707.jpg,slit_lamp,2.545302517,3,1.820507047,2,2.23295532,2,2.350878468,2
_174_2373322.jpg,data\raw\slit_lamp\dataset_01\cataract\_174_2373322.jpg,slit_lamp,2.641191744,3,1.829774737,2,2.22664775,2,2.351316086,2
_175_2515467.jpg,data\raw\slit_lamp\dataset_01\cataract\_175_2515467.jpg,slit_lamp,2.708719577,3,1.577073781,2,2.227617918,2,3.008728388,3
_175_4238344.jpg,data\raw\slit_lamp\dataset_01\cataract\_175_4238344.jpg,slit_lamp,2.742782617,3,1.59530846,2,2.225677665,2,2.923830493,3
_176_2398738.jpg,data\raw\slit_lamp\dataset_01\cataract\_176_2398738.jpg,slit_lamp,2.949489171,3,1.724634169,2,2.225192654,2,2.662047052,3
_176_4641501.jpg,data\raw\slit_lamp\dataset_01\cataract\_176_4641501.jpg,slit_lamp,3.047741355,3,1.730165725,2,2.231984698,2,2.629996515,3
_176_7840976.jpg,data\raw\slit_lamp\dataset_01\cataract\_176_7840976.jpg,slit_lamp,2.945843594,3,1.71758084,2,2.238780747,2,2.694476545,3
_177_2299576.jpg,data\raw\slit_lamp\dataset_01\cataract\_177_2299576.jpg,slit_lamp,2.118163867,2,1.338700126,1,2.269896625,2,3.182463694,3
_178_8645920.jpg,data\raw\slit_lamp\dataset_01\cataract\_178_8645920.jpg,slit_lamp,2.256897291,2,2.106631806,2,2.348958776,2,2.095651981,2
_179_3417628.jpg,data\raw\slit_lamp\dataset_01\cataract\_179_3417628.jpg,slit_lamp,2.428640262,2,2.216460816,2,2.315237743,2,2.481003267,2
_17_1497593.jpg,data\raw\slit_lamp\dataset_01\cataract\_17_1497593.jpg,slit_lamp,2.73293821,3,2.084975989,2,2.3582545,2,2.499455664,2
_17_6538881.jpg,data\raw\slit_lamp\dataset_01\cataract\_17_6538881.jpg,slit_lamp,2.832798542,3,2.067899975,2,2.354829288,2,2.52700578,3
_180_5849178.jpg,data\raw\slit_lamp\dataset_01\cataract\_180_5849178.jpg,slit_lamp,2.121535034,2,3.889950805,4,2.365106512,2,2.769318749,3
_180_8003252.jpg,data\raw\slit_lamp\dataset_01\cataract\_180_8003252.jpg,slit_lamp,2.215606589,2,3.897800601,4,2.342600942,2,2.831528564,3
_181_2009794.jpg,data\raw\slit_lamp\dataset_01\cataract\_181_2009794.jpg,slit_lamp,1.218640244,1,3.458524227,3,2.669094997,3,2.972930464,3
_181_5482893.jpg,data\raw\slit_lamp\dataset_01\cataract\_181_5482893.jpg,slit_lamp,1.0587475,1,3.438464021,3,2.641219921,3,2.943238738,3
_182_8895927.jpg,data\raw\slit_lamp\dataset_01\cataract\_182_8895927.jpg,slit_lamp,2.466107211,2,4.46531787,4,2.344067956,2,2.490144113,2
_182_9646286.jpg,data\raw\slit_lamp\dataset_01\cataract\_182_9646286.jpg,slit_lamp,2.474275698,2,4.487143373,4,2.328914195,2,2.564904948,3
_183_2695432.jpg,data\raw\slit_lamp\dataset_01\cataract\_183_2695432.jpg,slit_lamp,2.241991116,2,3.544106081,4,2.352383042,2,2.891957066,3
_183_2869065.jpg,data\raw\slit_lamp\dataset_01\cataract\_183_2869065.jpg,slit_lamp,2.306544733,2,3.549909772,4,2.35629717,2,2.906285863,3
_184_5733369.jpg,data\raw\slit_lamp\dataset_01\cataract\_184_5733369.jpg,slit_lamp,2.186345542,2,3.89599852,4,2.353361507,2,2.527755963,3
_184_5953446.jpg,data\raw\slit_lamp\dataset_01\cataract\_184_5953446.jpg,slit_lamp,2.388423252,2,3.941752786,4,2.309867846,2,2.607842965,3
_185_1841552.jpg,data\raw\slit_lamp\dataset_01\cataract\_185_1841552.jpg,slit_lamp,2.402378161,2,1.827129371,2,2.339667242,2,2.373797711,2
_185_7271854.jpg,data\raw\slit_lamp\dataset_01\cataract\_185_7271854.jpg,slit_lamp,2.336261923,2,1.806240233,2,2.35042625,2,2.414495865,2
_186_7038738.jpg,data\raw\slit_lamp\dataset_01\cataract\_186_7038738.jpg,slit_lamp,3.198504706,3,4.752597305,5,2.236353133,2,3.086854666,3
_187_1814280.jpg,data\raw\slit_lamp\dataset_01\cataract\_187_1814280.jpg,slit_lamp,3.248671525,3,3.871341418,4,2.182114744,2,2.755788431,3
_187_5549549.jpg,data\raw\slit_lamp\dataset_01\cataract\_187_5549549.jpg,slit_lamp,3.241057065,3,3.873078106,4,2.169082785,2,2.75118981,3
_188_5482423.jpg,data\raw\slit_lamp\dataset_01\cataract\_188_5482423.jpg,slit_lamp,3.214533739,3,3.259967069,3,2.213558753,2,2.698427479,3
_189_1773149.jpg,data\raw\slit_lamp\dataset_01\cataract\_189_1773149.jpg,slit_lamp,3.121041988,3,4.963703138,5,2.345046026,2,2.749124054,3
_189_5910645.jpg,data\raw\slit_lamp\dataset_01\cataract\_189_5910645.jpg,slit_lamp,3.07851417,3,4.964396845,5,2.325494085,2,2.812280372,3
_18_3816222.jpg,data\raw\slit_lamp\dataset_01\cataract\_18_3816222.jpg,slit_lamp,3.045476605,3,2.349557597,2,2.339667242,2,2.609438021,3
_18_952924.jpg,data\raw\slit_lamp\dataset_01\cataract\_18_952924.jpg,slit_lamp,3.03680913,3,2.360571759,2,2.337711688,2,2.576834967,3
_190_3033991.jpg,data\raw\slit_lamp\dataset_01\cataract\_190_3033991.jpg,slit_lamp,3.041168845,3,4.969841652,5,2.341622994,2,2.711464506,3
_190_7244239.jpg,data\raw\slit_lamp\dataset_01\cataract\_190_7244239.jpg,slit_lamp,3.035359737,3,4.974350922,5,2.33477873,2,2.767404055,3
_191_9356535.jpg,data\raw\slit_lamp\dataset_01\cataract\_191_9356535.jpg,slit_lamp,2.482902515,2,2.842324637,3,2.351893827,2,2.426600602,2
_192_7851600.jpg,data\raw\slit_lamp\dataset_01\cataract\_192_7851600.jpg,slit_lamp,2.92948097,3,4.918918983,5,2.346024142,2,2.756620716,3
_193_4841605.jpg,data\raw\slit_lamp\dataset_01\cataract\_193_4841605.jpg,slit_lamp,2.910273319,3,4.630664225,5,2.313773054,2,2.851291631,3
_193_6483689.jpg,data\raw\slit_lamp\dataset_01\cataract\_193_6483689.jpg,slit_lamp,2.8360522,3,4.620635753,5,2.328914195,2,2.835303872,3
_194_6438145.jpg,data\raw\slit_lamp\dataset_01\cataract\_194_6438145.jpg,slit_lamp,0.813117395,1,1.319126429,1,2.32305155,2,2.158825412,2
_195_1750450.jpg,data\raw\slit_lamp\dataset_01\cataract\_195_1750450.jpg,slit_lamp,3.046685128,3,4.819074841,5,2.361680245,2,2.811996862,3
_195_3247880.jpg,data\raw\slit_lamp\dataset_01\cataract\_195_3247880.jpg,slit_lamp,3.095611676,3,4.829546004,5,2.32354003,2,2.843886488,3
_196_4818116.jpg,data\raw\slit_lamp\dataset_01\cataract\_196_4818116.jpg,slit_lamp,2.779230048,3,2.233094368,2,2.344556985,2,2.272542029,2
_196_6946219.jpg,data\raw\slit_lamp\dataset_01\cataract\_196_6946219.jpg,slit_lamp,2.604238127,3,2.248079559,2,2.33868944,2,2.218875635,2
_197_2029104.jpg,data\raw\slit_lamp\dataset_01\cataract\_197_2029104.jpg,slit_lamp,2.390355285,2,1.823740632,2,2.341622994,2,2.291212932,2
_197_5321234.jpg,data\raw\slit_lamp\dataset_01\cataract\_197_5321234.jpg,slit_lamp,2.389283523,2,1.837368443,2,2.342111962,2,2.22279382,2
_198_3243264.jpg,data\raw\slit_lamp\dataset_01\cataract\_198_3243264.jpg,slit_lamp,3.087947175,3,2.495242909,2,2.345046026,2,2.525266439,3
_198_3804403.jpg,data\raw\slit_lamp\dataset_01\cataract\_198_3804403.jpg,slit_lamp,3.032966969,3,2.506788484,3,2.3582545,2,2.485964917,2
_198_6027510.jpg,data\raw\slit_lamp\dataset_01\cataract\_198_6027510.jpg,slit_lamp,3.07462925,3,2.494571997,2,2.342600942,2,2.526966709,3
_199_2279189.jpg,data\raw\slit_lamp\dataset_01\cataract\_199_2279189.jpg,slit_lamp,3.036135947,3,2.117971952,2,2.347980518,2,2.769657415,3
_19_9976222.jpg,data\raw\slit_lamp\dataset_01\cataract\_19_9976222.jpg,slit_lamp,2.878442736,3,2.60846712,3,2.351893827,2,2.752730791,3
_1_5346540.jpg,data\raw\slit_lamp\dataset_01\cataract\_1_5346540.jpg,slit_lamp,2.215033138,2,1.494062081,1,2.335267525,2,2.313713842,2
_1_7703314.jpg,data\raw\slit_lamp\dataset_01\cataract\_1_7703314.jpg,slit_lamp,2.1675969,2,1.524888179,2,2.345535078,2,2.189801349,2
_200_9649683.jpg,data\raw\slit_lamp\dataset_01\cataract\_200_9649683.jpg,slit_lamp,2.68125607,3,2.085420965,2,2.35042625,2,2.499927223,2
_201_2875079.jpg,data\raw\slit_lamp\dataset_01\cataract\_201_2875079.jpg,slit_lamp,2.381376142,2,1.684612868,2,2.33722283,2,2.499509071,2
_201_841062.jpg,data\raw\slit_lamp\dataset_01\cataract\_201_841062.jpg,slit_lamp,2.325642206,2,1.681413947,2,2.347980518,2,2.51327546,3
_202_4720633.jpg,data\raw\slit_lamp\dataset_01\cataract\_202_4720633.jpg,slit_lamp,2.939046525,3,1.974577,2,2.33722283,2,2.581043492,3
_203_3825515.jpg,data\raw\slit_lamp\dataset_01\cataract\_203_3825515.jpg,slit_lamp,3.033008222,3,2.185421787,2,2.313773054,2,2.525828967,3
_203_6969732.jpg,data\raw\slit_lamp\dataset_01\cataract\_203_6969732.jpg,slit_lamp,3.054114223,3,2.185716381,2,2.326959766,2,2.52197391,3
_204_5979635.jpg,data\raw\slit_lamp\dataset_01\cataract\_204_5979635.jpg,slit_lamp,3.274256639,3,2.661063102,3,2.319632573,2,2.494182876,2
_204_6939524.jpg,data\raw\slit_lamp\dataset_01\cataract\_204_6939524.jpg,slit_lamp,3.267467821,3,2.667905818,3,2.344067956,2,2.465186308,2
_205_1775772.jpg,data\raw\slit_lamp\dataset_01\cataract\_205_1775772.jpg,slit_lamp,2.94624011,3,1.714878355,2,2.245580702,2,2.118373542,2
_206_4468888.jpg,data\raw\slit_lamp\dataset_01\cataract\_206_4468888.jpg,slit_lamp,3.030242563,3,2.226496106,2,2.257246566,2,2.067590652,2
_206_6210252.jpg,data\raw\slit_lamp\dataset_01\cataract\_206_6210252.jpg,slit_lamp,3.024395403,3,2.245370067,2,2.256760272,2,2.007169055,2
_207_6945490.jpg,data\raw\slit_lamp\dataset_01\cataract\_207_6945490.jpg,slit_lamp,2.626294,3,1.298726531,1,2.230043701,2,2.058458142,2
_207_8213037.jpg,data\raw\slit_lamp\dataset_01\cataract\_207_8213037.jpg,slit_lamp,2.476402643,2,1.303497738,1,2.235382228,2,2.047908783,2
_208_168871.jpg,data\raw\slit_lamp\dataset_01\cataract\_208_168871.jpg,slit_lamp,2.997092824,3,1.374735207,1,2.239751933,2,2.47161569,2
_208_2337200.jpg,data\raw\slit_lamp\dataset_01\cataract\_208_2337200.jpg,slit_lamp,2.878435407,3,1.359392289,1,2.243637465,2,2.564316534,3
_209_2468249.jpg,data\raw\slit_lamp\dataset_01\cataract\_209_2468249.jpg,slit_lamp,2.621281704,3,2.14120071,2,2.335756332,2,2.481655475,2
_209_4208693.jpg,data\raw\slit_lamp\dataset_01\cataract\_209_4208693.jpg,slit_lamp,2.508501943,3,2.178141574,2,2.328914195,2,2.519459488,3
_20_6629557.jpg,data\raw\slit_lamp\dataset_01\cataract\_20_6629557.jpg,slit_lamp,3.128603762,3,2.67600809,3,2.336245152,2,2.66529755,3
_210_8722439.jpg,data\raw\slit_lamp\dataset_01\cataract\_210_8722439.jpg,slit_lamp,2.954308298,3,2.401294671,2,2.332334948,2,2.71758768,3
_211_3296609.jpg,data\raw\slit_lamp\dataset_01\cataract\_211_3296609.jpg,slit_lamp,3.006562503,3,2.691348505,3,2.354340016,2,2.815252988,3
_211_9288352.jpg,data\raw\slit_lamp\dataset_01\cataract\_211_9288352.jpg,slit_lamp,3.078500927,3,2.693298375,3,2.337711688,2,2.812437751,3
_212_7340392.jpg,data\raw\slit_lamp\dataset_01\cataract\_212_7340392.jpg,slit_lamp,3.03123365,3,2.043860007,2,2.23052892,2,2.713899812,3
_212_8423506.jpg,data\raw\slit_lamp\dataset_01\cataract\_212_8423506.jpg,slit_lamp,3.0664886,3,2.031307815,2,2.21065222,2,2.733967189,3
_213_1709362.jpg,data\raw\slit_lamp\dataset_01\cataract\_213_1709362.jpg,slit_lamp,3.001681337,3,1.850307871,2,2.23295532,2,2.999216308,3
_214_267241.jpg,data\raw\slit_lamp\dataset_01\cataract\_214_267241.jpg,slit_lamp,3.013994315,3,1.77579715,2,2.21646607,2,2.951542655,3
_214_5569507.jpg,data\raw\slit_lamp\dataset_01\cataract\_214_5569507.jpg,slit_lamp,2.986289278,3,1.800690288,2,2.229558503,2,2.862564317,3
_215_3764172.jpg,data\raw\slit_lamp\dataset_01\cataract\_215_3764172.jpg,slit_lamp,3.04468363,3,1.984696137,2,2.225192654,2,2.980685364,3
_216_7774590.jpg,data\raw\slit_lamp\dataset_01\cataract\_216_7774590.jpg,slit_lamp,2.901910789,3,1.702786669,2,2.230043701,2,2.574238669,3
_217_6662129.jpg,data\raw\slit_lamp\dataset_01\cataract\_217_6662129.jpg,slit_lamp,3.1624853,3,2.211694904,2,2.231014159,2,3.108439278,3
_217_8865645.jpg,data\raw\slit_lamp\dataset_01\cataract\_217_8865645.jpg,slit_lamp,3.125562632,3,2.201840335,2,2.230043701,2,3.1585781,3
_218_2512305.jpg,data\raw\slit_lamp\dataset_01\cataract\_218_2512305.jpg,slit_lamp,2.261794167,2,2.281636771,2,2.325982632,2,2.419708726,2
_218_687151.jpg,data\raw\slit_lamp\dataset_01\cataract\_218_687151.jpg,slit_lamp,2.136079916,2,2.315900872,2,2.329402835,2,2.437425958,2
_219_4968838.jpg,data\raw\slit_lamp\dataset_01\cataract\_219_4968838.jpg,slit_lamp,2.030665447,2,2.229453073,2,2.307915591,2,2.522416023,3
_21_4533748.jpg,data\raw\slit_lamp\dataset_01\cataract\_21_4533748.jpg,slit_lamp,3.140186291,3,4.923649795,5,2.294744152,2,2.772527821,3
_21_8755311.jpg,data\raw\slit_lamp\dataset_01\cataract\_21_8755311.jpg,slit_lamp,3.170106126,3,4.919280411,5,2.31670256,2,2.783413389,3
_220_2113285.jpg,data\raw\slit_lamp\dataset_01\cataract\_220_2113285.jpg,slit_lamp,3.049993594,3,2.224212997,2,2.350915431,2,2.694024697,3
_221_6907746.jpg,data\raw\slit_lamp\dataset_01\cataract\_221_6907746.jpg,slit_lamp,3.185371024,3,2.404485811,2,2.333312423,2,2.578083959,3
_221_9234991.jpg,data\raw\slit_lamp\dataset_01\cataract\_221_9234991.jpg,slit_lamp,3.205379562,3,2.400601744,2,2.322563084,2,2.590781931,3
_222_7343969.jpg,data\raw\slit_lamp\dataset_01\cataract\_222_7343969.jpg,slit_lamp,3.196718241,3,2.393487515,2,2.322074631,2,2.589925881,3
_223_4290439.jpg,data\raw\slit_lamp\dataset_01\cataract\_223_4290439.jpg,slit_lamp,2.653130094,3,2.470574134,2,2.197582743,2,2.224883067,2
_224_4070697.jpg,data\raw\slit_lamp\dataset_01\cataract\_224_4070697.jpg,slit_lamp,2.627371388,3,2.336400873,2,2.370981287,2,2.628423303,3
_224_4837152.jpg,data\raw\slit_lamp\dataset_01\cataract\_224_4837152.jpg,slit_lamp,2.555361347,3,2.341519729,2,2.358743859,2,2.612610212,3
_225_8520.jpg,data\raw\slit_lamp\dataset_01\cataract\_225_8520.jpg,slit_lamp,2.865550517,3,1.934969781,2,2.419006311,2,2.530368103,3
_226_4234312.jpg,data\raw\slit_lamp\dataset_01\cataract\_226_4234312.jpg,slit_lamp,2.99387236,3,2.057502434,2,2.341622994,2,2.600093726,3
_227_1163752.jpg,data\raw\slit_lamp\dataset_01\cataract\_227_1163752.jpg,slit_lamp,2.240258665,2,1.820735716,2,2.572128897,3,2.17298543,2
_227_498752.jpg,data\raw\slit_lamp\dataset_01\cataract\_227_498752.jpg,slit_lamp,2.036354678,2,1.810515161,2,2.576543383,3,2.192815404,2
_227_9889754.jpg,data\raw\slit_lamp\dataset_01\cataract\_227_9889754.jpg,slit_lamp,2.130392916,2,1.826280396,2,2.54759654,3,2.14897114,2
_228_2229739.jpg,data\raw\slit_lamp\dataset_01\cataract\_228_2229739.jpg,slit_lamp,2.3749755,2,1.770854724,2,2.341134037,2,2.269978014,2
_228_4231065.jpg,data\raw\slit_lamp\dataset_01\cataract\_228_4231065.jpg,slit_lamp,2.662770667,3,1.729274781,2,2.330380154,2,2.278143937,2
_229_5185520.jpg,data\raw\slit_lamp\dataset_01\cataract\_229_5185520.jpg,slit_lamp,2.865090863,3,2.14345983,2,2.517655111,3,2.597891058,3
_22_2368616.jpg,data\raw\slit_lamp\dataset_01\cataract\_22_2368616.jpg,slit_lamp,2.698116665,3,2.051123523,2,2.33722283,2,2.666215635,3
_22_9724179.jpg,data\raw\slit_lamp\dataset_01\cataract\_22_9724179.jpg,slit_lamp,2.668540406,3,2.067041159,2,2.332334948,2,2.605388881,3
_230_7976367.jpg,data\raw\slit_lamp\dataset_01\cataract\_230_7976367.jpg,slit_lamp,2.546435909,3,1.768150215,2,2.35923323,2,2.333406728,2
_230_9762004.jpg,data\raw\slit_lamp\dataset_01\cataract\_230_9762004.jpg,slit_lamp,2.670053292,3,1.768127587,2,2.344067956,2,2.331059764,2
_231_3245768.jpg,data\raw\slit_lamp\dataset_01\cataract\_231_3245768.jpg,slit_lamp,1.456667119,1,1.29869448,1,2.354829288,2,1.927612035,2
_232_6943070.jpg,data\raw\slit_lamp\dataset_01\cataract\_232_6943070.jpg,slit_lamp,2.728723207,3,2.141458159,2,2.352872269,2,2.440283627,2
_233_8101340.jpg,data\raw\slit_lamp\dataset_01\cataract\_233_8101340.jpg,slit_lamp,2.474449786,2,1.859886576,2,2.321097766,2,2.432654379,2
_233_9763374.jpg,data\raw\slit_lamp\dataset_01\cataract\_233_9763374.jpg,slit_lamp,2.488426844,2,1.862037564,2,2.330380154,2,2.420132132,2
_234_579953.jpg,data\raw\slit_lamp\dataset_01\cataract\_234_579953.jpg,slit_lamp,2.000441337,2,1.529244436,2,2.366575068,2,2.190096959,2
_235_2122461.jpg,data\raw\slit_lamp\dataset_01\cataract\_235_2122461.jpg,slit_lamp,1.352783699,1,1.25422575,1,2.281584175,2,2.469739954,2
_236_9551809.jpg,data\raw\slit_lamp\dataset_01\cataract\_236_9551809.jpg,slit_lamp,2.975294624,3,2.329784294,2,2.322563084,2,2.676767437,3
_237_8444315.jpg,data\raw\slit_lamp\dataset_01\cataract\_237_8444315.jpg,slit_lamp,1.768231011,2,1.798956834,2,2.357275813,2,2.315197159,2
_237_9130201.jpg,data\raw\slit_lamp\dataset_01\cataract\_237_9130201.jpg,slit_lamp,2.002144213,2,1.789857176,2,2.339667242,2,2.348334453,2
_238_358899.jpg,data\raw\slit_lamp\dataset_01\cataract\_238_358899.jpg,slit_lamp,2.833022254,3,1.964674081,2,2.22664775,2,3.088863624,3
_238_5389628.jpg,data\raw\slit_lamp\dataset_01\cataract\_238_5389628.jpg,slit_lamp,2.916483039,3,1.944123693,2,2.207262268,2,3.193590535,3
_238_9445598.jpg,data\raw\slit_lamp\dataset_01\cataract\_238_9445598.jpg,slit_lamp,2.920956306,3,1.945753229,2,2.209199251,2,3.167159675,3
_239_3022913.jpg,data\raw\slit_lamp\dataset_01\cataract\_239_3022913.jpg,slit_lamp,2.603273794,3,1.249569555,1,2.247524249,2,2.952701741,3
_23_4636959.jpg,data\raw\slit_lamp\dataset_01\cataract\_23_4636959.jpg,slit_lamp,2.742213271,3,2.522752363,3,2.33722283,2,2.739739051,3
_23_5187079.jpg,data\raw\slit_lamp\dataset_01\cataract\_23_5187079.jpg,slit_lamp,2.949583771,3,2.517648384,3,2.33184623,2,2.766187442,3
_23_9533792.jpg,data\raw\slit_lamp\dataset_01\cataract\_23_9533792.jpg,slit_lamp,2.755050833,3,2.536456745,3,2.339667242,2,2.732272758,3
_240_4981563.jpg,data\raw\slit_lamp\dataset_01\cataract\_240_4981563.jpg,slit_lamp,2.145930112,2,1.893654596,2,2.264543188,2,2.817772229,3
_241_6604562.jpg,data\raw\slit_lamp\dataset_01\cataract\_241_6604562.jpg,slit_lamp,1.889780117,2,1.965938417,2,2.26551638,2,2.726637637,3
_241_7236668.jpg,data\raw\slit_lamp\dataset_01\cataract\_241_7236668.jpg,slit_lamp,1.587823397,2,2.000909272,2,2.283533049,2,2.649323468,3
_242_3038184.jpg,data\raw\slit_lamp\dataset_01\cataract\_242_3038184.jpg,slit_lamp,2.916435018,3,2.466861361,2,2.346024142,2,2.604150976,3
_242_7073642.jpg,data\raw\slit_lamp\dataset_01\cataract\_242_7073642.jpg,slit_lamp,3.013727699,3,2.461529259,2,2.330380154,2,2.614481484,3
_243_1070648.jpg,data\raw\slit_lamp\dataset_01\cataract\_243_1070648.jpg,slit_lamp,2.422038688,2,1.89125459,2,2.248982113,2,2.914677886,3
_243_5311552.jpg,data\raw\slit_lamp\dataset_01\cataract\_243_5311552.jpg,slit_lamp,2.669741926,3,1.891883518,2,2.237324119,2,2.948709281,3
_244_3481752.jpg,data\raw\slit_lamp\dataset_01\cataract\_244_3481752.jpg,slit_lamp,2.427254664,2,1.86871256,2,2.247038333,2,2.654145733,3
_244_5451565.jpg,data\raw\slit_lamp\dataset_01\cataract\_244_5451565.jpg,slit_lamp,2.377144457,2,1.864006594,2,2.242180243,2,2.672701185,3
_245_498355.jpg,data\raw\slit_lamp\dataset_01\cataract\_245_498355.jpg,slit_lamp,1.547656889,2,1.628494003,2,2.360701407,2,2.087091586,2
_245_5686342.jpg,data\raw\slit_lamp\dataset_01\cataract\_245_5686342.jpg,slit_lamp,1.6011213,2,1.607361625,2,2.350915431,2,2.163384478,2
_245_789720.jpg,data\raw\slit_lamp\dataset_01\cataract\_245_789720.jpg,slit_lamp,1.680203436,2,1.625806588,2,2.354340016,2,2.099260745,2
_246_8777337.jpg,data\raw\slit_lamp\dataset_01\cataract\_246_8777337.jpg,slit_lamp,2.690752283,3,1.388213784,1,2.252384462,2,2.596045383,3
_247_7009710.jpg,data\raw\slit_lamp\dataset_01\cataract\_247_7009710.jpg,slit_lamp,2.726391067,3,1.492183786,1,2.250440148,2,2.842480811,3
_247_9509040.jpg,data\raw\slit_lamp\dataset_01\cataract\_247_9509040.jpg,slit_lamp,2.664995506,3,1.491309812,1,2.244123245,2,2.846249027,3
_248_3607543.jpg,data\raw\slit_lamp\dataset_01\cataract\_248_3607543.jpg,slit_lamp,2.122706733,2,1.647886955,2,2.363148582,2,2.339386242,2
_248_8765348.jpg,data\raw\slit_lamp\dataset_01\cataract\_248_8765348.jpg,slit_lamp,2.080380603,2,1.665297027,2,2.3582545,2,2.236252626,2
_249_4807123.jpg,data\raw\slit_lamp\dataset_01\cataract\_249_4807123.jpg,slit_lamp,2.800838612,3,1.843360683,2,2.333801179,2,2.483838239,2
_24_6096407.jpg,data\raw\slit_lamp\dataset_01\cataract\_24_6096407.jpg,slit_lamp,2.715976015,3,2.500115063,3,2.349447922,2,2.490436203,2
_24_8522038.jpg,data\raw\slit_lamp\dataset_01\cataract\_24_8522038.jpg,slit_lamp,2.636241123,3,2.499092451,2,2.344067956,2,2.507939896,3
_250_4727436.jpg,data\raw\slit_lamp\dataset_01\cataract\_250_4727436.jpg,slit_lamp,2.151455678,2,1.844757727,2,2.34357894,2,2.293730682,2
_251_1089143.jpg,data\raw\slit_lamp\dataset_01\cataract\_251_1089143.jpg,slit_lamp,1.980024027,2,1.99872765,2,2.339178335,2,1.804157186,2
_251_6299381.jpg,data\raw\slit_lamp\dataset_01\cataract\_251_6299381.jpg,slit_lamp,2.46088914,2,1.987582317,2,2.352872269,2,1.838781079,2
_252_4692803.jpg,data\raw\slit_lamp\dataset_01\cataract\_252_4692803.jpg,slit_lamp,2.194016511,2,1.593412417,2,2.26551638,2,2.782870976,3
_252_5300307.jpg,data\raw\slit_lamp\dataset_01\cataract\_252_5300307.jpg,slit_lamp,2.303131354,2,1.579906836,2,2.257732879,2,2.812106307,3
_253_1359558.jpg,data\raw\slit_lamp\dataset_01\cataract\_253_1359558.jpg,slit_lamp,1.124394289,1,1.271109737,1,2.359722612,2,1.717988013,2
_253_643151.jpg,data\raw\slit_lamp\dataset_01\cataract\_253_643151.jpg,slit_lamp,1.23343433,1,1.256093412,1,2.345046026,2,1.77651463,2
_254_1206508.jpg,data\raw\slit_lamp\dataset_01\cataract\_254_1206508.jpg,slit_lamp,2.065689489,2,1.956756182,2,2.36559602,2,2.40266737,2
_254_9630074.jpg,data\raw\slit_lamp\dataset_01\cataract\_254_9630074.jpg,slit_lamp,2.013815065,2,1.932861161,2,2.342111962,2,2.450833592,2
_255_7810419.jpg,data\raw\slit_lamp\dataset_01\cataract\_255_7810419.jpg,slit_lamp,2.519277916,3,1.585192255,2,2.29669477,2,2.495082002,2
_256_5928804.jpg,data\raw\slit_lamp\dataset_01\cataract\_256_5928804.jpg,slit_lamp,2.372073676,2,1.91457612,2,2.34993708,2,2.419496049,2
_257_8575584.jpg,data\raw\slit_lamp\dataset_01\cataract\_257_8575584.jpg,slit_lamp,1.675114227,2,1.413861557,1,2.336245152,2,2.185537535,2
_257_9976187.jpg,data\raw\slit_lamp\dataset_01\cataract\_257_9976187.jpg,slit_lamp,1.531793509,2,1.426831019,1,2.366575068,2,2.130980024,2
_258_1685319.jpg,data\raw\slit_lamp\dataset_01\cataract\_258_1685319.jpg,slit_lamp,2.867433665,3,1.56893183,2,2.249468105,2,2.752958939,3
_258_9144081.jpg,data\raw\slit_lamp\dataset_01\cataract\_258_9144081.jpg,slit_lamp,2.878751634,3,1.546135082,2,2.234411404,2,2.881918573,3
_259_2170334.jpg,data\raw\slit_lamp\dataset_01\cataract\_259_2170334.jpg,slit_lamp,2.533394036,3,1.875276776,2,2.355807865,2,2.455922179,2
_259_9554919.jpg,data\raw\slit_lamp\dataset_01\cataract\_259_9554919.jpg,slit_lamp,2.557444172,3,1.887003107,2,2.34993708,2,2.41305608,2
_25_4707227.jpg,data\raw\slit_lamp\dataset_01\cataract\_25_4707227.jpg,slit_lamp,2.423961029,2,1.928064159,2,2.352383042,2,2.471173209,2
_260_4628277.jpg,data\raw\slit_lamp\dataset_01\cataract\_260_4628277.jpg,slit_lamp,2.83403875,3,2.095810106,2,2.327448354,2,2.500165541,3
_261_1001819.jpg,data\raw\slit_lamp\dataset_01\cataract\_261_1001819.jpg,slit_lamp,2.992633261,3,2.500832678,3,2.274765235,2,1.555124816,2
_262_2214906.jpg,data\raw\slit_lamp\dataset_01\cataract\_262_2214906.jpg,slit_lamp,2.998662455,3,2.525099852,3,2.264056619,2,1.603086382,2
_262_7895370.jpg,data\raw\slit_lamp\dataset_01\cataract\_262_7895370.jpg,slit_lamp,3.002597767,3,2.526465263,3,2.267949672,2,1.601372277,2
_263_7022799.jpg,data\raw\slit_lamp\dataset_01\cataract\_263_7022799.jpg,slit_lamp,3.106237496,3,2.754119976,3,2.269896625,2,1.993990778,2
_263_9418780.jpg,data\raw\slit_lamp\dataset_01\cataract\_263_9418780.jpg,slit_lamp,3.083008136,3,2.761334854,3,2.266003002,2,1.993462938,2
_264_422425.jpg,data\raw\slit_lamp\dataset_01\cataract\_264_422425.jpg,slit_lamp,3.227828071,3,2.918972636,3,2.263083536,2,2.267547975,2
_264_4584815.jpg,data\raw\slit_lamp\dataset_01\cataract\_264_4584815.jpg,slit_lamp,3.224624915,3,2.91708244,3,2.264543188,2,2.270514838,2
_265_7470675.jpg,data\raw\slit_lamp\dataset_01\cataract\_265_7470675.jpg,slit_lamp,3.280626213,3,3.122516104,3,2.278174289,2,2.401066685,2
_266_5676850.jpg,data\raw\slit_lamp\dataset_01\cataract\_266_5676850.jpg,slit_lamp,2.967459267,3,2.914830203,3,2.260651145,2,1.689300609,2
_267_6890587.jpg,data\raw\slit_lamp\dataset_01\cataract\_267_6890587.jpg,slit_lamp,2.795897271,3,2.872718428,3,2.247038333,2,1.518201447,2
_267_7559168.jpg,data\raw\slit_lamp\dataset_01\cataract\_267_7559168.jpg,slit_lamp,2.776178976,3,2.860165256,3,2.253356733,2,1.530684395,2
_268_113112.jpg,data\raw\slit_lamp\dataset_01\cataract\_268_113112.jpg,slit_lamp,3.001915647,3,2.634782183,3,2.266003002,2,1.591623777,2
_268_8496846.jpg,data\raw\slit_lamp\dataset_01\cataract\_268_8496846.jpg,slit_lamp,3.0038571,3,2.632343686,3,2.268436384,2,1.592964403,2
_269_2821321.jpg,data\raw\slit_lamp\dataset_01\cataract\_269_2821321.jpg,slit_lamp,2.997977635,3,2.591341107,3,2.266489643,2,1.511744158,2
_269_5232883.jpg,data\raw\slit_lamp\dataset_01\cataract\_269_5232883.jpg,slit_lamp,2.996211892,3,2.585575152,3,2.268436384,2,1.517790775,2
_26_1879474.jpg,data\raw\slit_lamp\dataset_01\cataract\_26_1879474.jpg,slit_lamp,3.183541891,3,2.711417361,3,2.299133394,2,2.63608634,3
_26_2782553.jpg,data\raw\slit_lamp\dataset_01\cataract\_26_2782553.jpg,slit_lamp,3.166719889,3,2.717110213,3,2.296207092,2,2.620411139,3
_270_58393.jpg,data\raw\slit_lamp\dataset_01\cataract\_270_58393.jpg,slit_lamp,3.066166784,3,2.632165095,3,2.268436384,2,1.525992354,2
_270_651748.jpg,data\raw\slit_lamp\dataset_01\cataract\_270_651748.jpg,slit_lamp,3.071076695,3,2.642802974,3,2.264056619,2,1.518093583,2
_270_9344899.jpg,data\raw\slit_lamp\dataset_01\cataract\_270_9344899.jpg,slit_lamp,3.091884472,3,2.627799746,3,2.27184386,2,1.534678721,2
_271_8355519.jpg,data\raw\slit_lamp\dataset_01\cataract\_271_8355519.jpg,slit_lamp,3.124563996,3,2.771533561,3,2.268923113,2,1.743805583,2
_272_4578328.jpg,data\raw\slit_lamp\dataset_01\cataract\_272_4578328.jpg,slit_lamp,3.037881123,3,2.680722426,3,2.263570069,2,1.629548583,2
_272_7270483.jpg,data\raw\slit_lamp\dataset_01\cataract\_272_7270483.jpg,slit_lamp,3.06983252,3,2.686191015,3,2.263570069,2,1.622492579,2
_273_7267841.jpg,data\raw\slit_lamp\dataset_01\cataract\_273_7267841.jpg,slit_lamp,3.130412646,3,2.518190807,3,2.267949672,2,1.76590681,2
_273_9043733.jpg,data\raw\slit_lamp\dataset_01\cataract\_273_9043733.jpg,slit_lamp,3.119691082,3,2.537323805,3,2.263083536,2,1.748357001,2
_274_6913203.jpg,data\raw\slit_lamp\dataset_01\cataract\_274_6913203.jpg,slit_lamp,3.220228144,3,2.649527472,3,2.264056619,2,1.870685518,2
_274_8144937.jpg,data\raw\slit_lamp\dataset_01\cataract\_274_8144937.jpg,slit_lamp,3.214954037,3,2.643300431,3,2.266489643,2,1.876450019,2
_275_3439882.jpg,data\raw\slit_lamp\dataset_01\cataract\_275_3439882.jpg,slit_lamp,2.857057965,3,2.599125659,3,2.268436384,2,1.663590391,2
_276_1796806.jpg,data\raw\slit_lamp\dataset_01\cataract\_276_1796806.jpg,slit_lamp,2.905922297,3,2.626282174,3,2.268923113,2,1.723862454,2
_277_8311217.jpg,data\raw\slit_lamp\dataset_01\cataract\_277_8311217.jpg,slit_lamp,2.996728518,3,2.66744028,3,2.288893815,2,1.743241342,2
_277_9501088.jpg,data\raw\slit_lamp\dataset_01\cataract\_277_9501088.jpg,slit_lamp,2.930206616,3,2.658903119,3,2.300108951,2,1.74749771,2
_278_248700.jpg,data\raw\slit_lamp\dataset_01\cataract\_278_248700.jpg,slit_lamp,2.837804087,3,2.584786456,3,2.270870207,2,1.745850056,2
_278_8657701.jpg,data\raw\slit_lamp\dataset_01\cataract\_278_8657701.jpg,slit_lamp,2.883485326,3,2.588839311,3,2.269896625,2,1.744182815,2
_279_2310498.jpg,data\raw\slit_lamp\dataset_01\cataract\_279_2310498.jpg,slit_lamp,3.03341391,3,2.729166041,3,2.268923113,2,1.900959464,2
_279_4656331.jpg,data\raw\slit_lamp\dataset_01\cataract\_279_4656331.jpg,slit_lamp,3.01504684,3,2.733150259,3,2.266976302,2,1.89719829,2
_27_6695157.jpg,data\raw\slit_lamp\dataset_01\cataract\_27_6695157.jpg,slit_lamp,2.763391756,3,1.222054294,1,2.304499713,2,2.701226361,3
_280_4533213.jpg,data\raw\slit_lamp\dataset_01\cataract\_280_4533213.jpg,slit_lamp,2.755085957,3,2.857748558,3,2.27768723,2,1.712873352,2
_280_7714585.jpg,data\raw\slit_lamp\dataset_01\cataract\_280_7714585.jpg,slit_lamp,2.940596264,3,2.85362844,3,2.287918983,2,1.716968269,2
_281_5275221.jpg,data\raw\slit_lamp\dataset_01\cataract\_281_5275221.jpg,slit_lamp,2.667896608,3,2.265425898,2,2.271357025,2,1.100413649,1
_282_3209093.jpg,data\raw\slit_lamp\dataset_01\cataract\_282_3209093.jpg,slit_lamp,2.648401959,3,2.305402827,2,2.266976302,2,1.11001067,1
_282_3503490.jpg,data\raw\slit_lamp\dataset_01\cataract\_282_3503490.jpg,slit_lamp,2.628069097,3,2.301851356,2,2.263083536,2,1.112047178,1
_283_4908640.jpg,data\raw\slit_lamp\dataset_01\cataract\_283_4908640.jpg,slit_lamp,3.04038994,3,2.784687653,3,2.276226155,2,1.811352413,2
_283_6068531.jpg,data\raw\slit_lamp\dataset_01\cataract\_283_6068531.jpg,slit_lamp,3.040934017,3,2.790646443,3,2.275739164,2,1.800250668,2
_284_7380745.jpg,data\raw\slit_lamp\dataset_01\cataract\_284_7380745.jpg,slit_lamp,2.88422261,3,2.721772374,3,2.278661365,2,1.739867931,2
_285_4325184.jpg,data\raw\slit_lamp\dataset_01\cataract\_285_4325184.jpg,slit_lamp,2.535243896,3,2.436432632,2,2.276713163,2,1.325371466,1
_286_6140741.jpg,data\raw\slit_lamp\dataset_01\cataract\_286_6140741.jpg,slit_lamp,3.087819462,3,2.476817065,2,2.26551638,2,1.573656017,2
_287_401023.jpg,data\raw\slit_lamp\dataset_01\cataract\_287_401023.jpg,slit_lamp,2.825707528,3,2.358428356,2,2.276713163,2,1.44348198,1
_287_8846352.jpg,data\raw\slit_lamp\dataset_01\cataract\_287_8846352.jpg,slit_lamp,2.786921343,3,2.352120569,2,2.26940986,2,1.450018016,1
_288_8210584.jpg,data\raw\slit_lamp\dataset_01\cataract\_288_8210584.jpg,slit_lamp,2.878877593,3,3.250453655,3,2.283533049,2,1.85063496,2
_288_9182789.jpg,data\raw\slit_lamp\dataset_01\cataract\_288_9182789.jpg,slit_lamp,2.94114143,3,3.256747298,3,2.282558579,2,1.847284528,2
_289_683957.jpg,data\raw\slit_lamp\dataset_01\cataract\_289_683957.jpg,slit_lamp,2.967217819,3,2.42455339,2,2.266003002,2,1.55066844,2
_289_7475172.jpg,data\raw\slit_lamp\dataset_01\cataract\_289_7475172.jpg,slit_lamp,2.971979057,3,2.430061597,2,2.26551638,2,1.545482162,2
_28_8675632.jpg,data\raw\slit_lamp\dataset_01\cataract\_28_8675632.jpg,slit_lamp,2.971512968,3,2.539496037,3,2.336733985,2,2.522497795,3
_290_9207731.jpg,data\raw\slit_lamp\dataset_01\cataract\_290_9207731.jpg,slit_lamp,2.864742149,3,2.394915976,2,2.266489643,2,1.462819238,1
_291_9986876.jpg,data\raw\slit_lamp\dataset_01\cataract\_291_9986876.jpg,slit_lamp,2.974409384,3,3.175909973,3,2.299621165,2,2.133917904,2
_292_2084855.jpg,data\raw\slit_lamp\dataset_01\cataract\_292_2084855.jpg,slit_lamp,2.876689764,3,3.034292043,3,2.268436384,2,1.956190197,2
_292_4314144.jpg,data\raw\slit_lamp\dataset_01\cataract\_292_4314144.jpg,slit_lamp,2.898790362,3,3.033634396,3,2.297670173,2,1.955797855,2
_292_8455118.jpg,data\raw\slit_lamp\dataset_01\cataract\_292_8455118.jpg,slit_lamp,2.828065186,3,3.029159947,3,2.269896625,2,1.955721504,2
_293_1732996.jpg,data\raw\slit_lamp\dataset_01\cataract\_293_1732996.jpg,slit_lamp,3.031478195,3,2.538262035,3,2.26551638,2,1.661235096,2
_294_2444042.jpg,data\raw\slit_lamp\dataset_01\cataract\_294_2444042.jpg,slit_lamp,3.105429555,3,2.595787969,3,2.26551638,2,1.731646089,2
_294_4497450.jpg,data\raw\slit_lamp\dataset_01\cataract\_294_4497450.jpg,slit_lamp,3.105439041,3,2.591939,3,2.266976302,2,1.729305712,2
_295_4841360.jpg,data\raw\slit_lamp\dataset_01\cataract\_295_4841360.jpg,slit_lamp,2.976217991,3,2.481611123,2,2.26551638,2,1.557026751,2
_295_558295.jpg,data\raw\slit_lamp\dataset_01\cataract\_295_558295.jpg,slit_lamp,2.973383554,3,2.474807141,2,2.27184386,2,1.563501319,2
_295_8218216.jpg,data\raw\slit_lamp\dataset_01\cataract\_295_8218216.jpg,slit_lamp,2.972849403,3,2.488314901,2,2.266003002,2,1.550321405,2
_296_3277370.jpg,data\raw\slit_lamp\dataset_01\cataract\_296_3277370.jpg,slit_lamp,3.188459804,3,2.738846201,3,2.268923113,2,2.001130816,2
_297_3925010.jpg,data\raw\slit_lamp\dataset_01\cataract\_297_3925010.jpg,slit_lamp,3.037051939,3,2.835497886,3,2.264543188,2,1.820683912,2
_298_5577948.jpg,data\raw\slit_lamp\dataset_01\cataract\_298_5577948.jpg,slit_lamp,3.029252147,3,2.558415973,3,2.267462978,2,1.677141554,2
_298_9693365.jpg,data\raw\slit_lamp\dataset_01\cataract\_298_9693365.jpg,slit_lamp,3.021839673,3,2.56889181,3,2.266976302,2,1.6660127,2
_299_8679417.jpg,data\raw\slit_lamp\dataset_01\cataract\_299_8679417.jpg,slit_lamp,3.017511536,3,2.466039135,2,2.269896625,2,1.503120168,2
_29_5190417.jpg,data\raw\slit_lamp\dataset_01\cataract\_29_5190417.jpg,slit_lamp,3.206156739,3,2.739831963,3,2.337711688,2,2.683658778,3
_2_1600849.jpg,data\raw\slit_lamp\dataset_01\cataract\_2_1600849.jpg,slit_lamp,1.28441137,1,1.293427881,1,2.345535078,2,2.084930543,2
_2_5883027.jpg,data\raw\slit_lamp\dataset_01\cataract\_2_5883027.jpg,slit_lamp,2.235432032,2,1.293399839,1,2.357275813,2,2.107734796,2
_2_8900343.jpg,data\raw\slit_lamp\dataset_01\cataract\_2_8900343.jpg,slit_lamp,1.970969024,2,1.287348398,1,2.346024142,2,2.101586308,2
_300_1946959.jpg,data\raw\slit_lamp\dataset_01\cataract\_300_1946959.jpg,slit_lamp,3.069611653,3,2.560725096,3,2.267462978,2,1.751174329,2
_301_5387162.jpg,data\raw\slit_lamp\dataset_01\cataract\_301_5387162.jpg,slit_lamp,3.054015799,3,2.638783089,3,2.265029775,2,1.846116383,2
_302_3915909.jpg,data\raw\slit_lamp\dataset_01\cataract\_302_3915909.jpg,slit_lamp,3.027187353,3,2.520327466,3,2.267949672,2,1.563495075,2
_302_822867.jpg,data\raw\slit_lamp\dataset_01\cataract\_302_822867.jpg,slit_lamp,3.033649959,3,2.527964406,3,2.266003002,2,1.555256296,2
_303_1474676.jpg,data\raw\slit_lamp\dataset_01\cataract\_303_1474676.jpg,slit_lamp,2.851450577,3,2.524911168,3,2.264543188,2,1.434269136,1
_304_4376168.jpg,data\raw\slit_lamp\dataset_01\cataract\_304_4376168.jpg,slit_lamp,2.997496182,3,2.555902016,3,2.268436384,2,1.475748587,1
_305_58584.jpg,data\raw\slit_lamp\dataset_01\cataract\_305_58584.jpg,slit_lamp,2.987912029,3,2.46370891,2,2.26551638,2,1.404187237,1
_305_9499345.jpg,data\raw\slit_lamp\dataset_01\cataract\_305_9499345.jpg,slit_lamp,3.015946925,3,2.457864258,2,2.267462978,2,1.408720765,1
_306_8888195.jpg,data\raw\slit_lamp\dataset_01\cataract\_306_8888195.jpg,slit_lamp,3.149751564,3,2.652411711,3,2.26551638,2,1.86814771,2
_307_2047689.jpg,data\raw\slit_lamp\dataset_01\cataract\_307_2047689.jpg,slit_lamp,2.982734387,3,2.354046771,2,2.26940986,2,1.399327942,1
_307_7425412.jpg,data\raw\slit_lamp\dataset_01\cataract\_307_7425412.jpg,slit_lamp,2.948040714,3,2.357000505,2,2.270383407,2,1.38758545,1
_308_4657236.jpg,data\raw\slit_lamp\dataset_01\cataract\_308_4657236.jpg,slit_lamp,3.151595762,3,2.587775367,3,2.267462978,2,1.759218866,2
_309_9754398.jpg,data\raw\slit_lamp\dataset_01\cataract\_309_9754398.jpg,slit_lamp,2.972492749,3,2.278258585,2,2.267462978,2,1.225344474,1
_30_4231084.jpg,data\raw\slit_lamp\dataset_01\cataract\_30_4231084.jpg,slit_lamp,3.136278465,3,2.558460839,3,2.326959766,2,2.664719147,3
_30_8983681.jpg,data\raw\slit_lamp\dataset_01\cataract\_30_8983681.jpg,slit_lamp,3.119200294,3,2.554108289,3,2.352383042,2,2.677524251,3
_310_7977481.jpg,data\raw\slit_lamp\dataset_01\cataract\_310_7977481.jpg,slit_lamp,3.119401926,3,2.687209427,3,2.263570069,2,1.852575431,2
_311_3993772.jpg,data\raw\slit_lamp\dataset_01\cataract\_311_3993772.jpg,slit_lamp,3.156479873,3,2.619041096,3,2.271357025,2,1.77153185,2
_311_4402042.jpg,data\raw\slit_lamp\dataset_01\cataract\_311_4402042.jpg,slit_lamp,3.167495413,3,2.626777576,3,2.267949672,2,1.76136164,2
_312_2543225.jpg,data\raw\slit_lamp\dataset_01\cataract\_312_2543225.jpg,slit_lamp,3.064705262,3,2.85596099,3,2.275739164,2,2.035943329,2
_312_2776118.jpg,data\raw\slit_lamp\dataset_01\cataract\_312_2776118.jpg,slit_lamp,3.090695924,3,2.857611463,3,2.266489643,2,2.032708498,2
_313_6548836.jpg,data\raw\slit_lamp\dataset_01\cataract\_313_6548836.jpg,slit_lamp,2.930331083,3,2.583489321,3,2.268436384,2,1.62257747,2
_314_3594023.jpg,data\raw\slit_lamp\dataset_01\cataract\_314_3594023.jpg,slit_lamp,2.982662702,3,2.594229491,3,2.269896625,2,1.703397026,2
_314_8133392.jpg,data\raw\slit_lamp\dataset_01\cataract\_314_8133392.jpg,slit_lamp,2.988146814,3,2.605674366,3,2.267949672,2,1.691994661,2
_314_8935717.jpg,data\raw\slit_lamp\dataset_01\cataract\_314_8935717.jpg,slit_lamp,2.99065568,3,2.597467718,3,2.267949672,2,1.699002371,2
_315_1312896.jpg,data\raw\slit_lamp\dataset_01\cataract\_315_1312896.jpg,slit_lamp,3.07226808,3,2.581965979,3,2.264543188,2,1.613325304,2
_315_3140714.jpg,data\raw\slit_lamp\dataset_01\cataract\_315_3140714.jpg,slit_lamp,3.083303857,3,2.571162519,3,2.269896625,2,1.624583704,2
_316_2112344.jpg,data\raw\slit_lamp\dataset_01\cataract\_316_2112344.jpg,slit_lamp,3.029583625,3,2.577580774,3,2.264543188,2,1.603698805,2
_317_4205093.jpg,data\raw\slit_lamp\dataset_01\cataract\_317_4205093.jpg,slit_lamp,3.144453673,3,2.675313317,3,2.268436384,2,1.817291066,2
_318_4106741.jpg,data\raw\slit_lamp\dataset_01\cataract\_318_4106741.jpg,slit_lamp,3.15580038,3,2.703755525,3,2.266976302,2,1.868584651,2
_319_3184825.jpg,data\raw\slit_lamp\dataset_01\cataract\_319_3184825.jpg,slit_lamp,2.819544357,3,2.226632167,2,2.264543188,2,1.176336969,1
_319_3822227.jpg,data\raw\slit_lamp\dataset_01\cataract\_319_3822227.jpg,slit_lamp,2.803515672,3,2.226034156,2,2.263570069,2,1.177772519,1
_31_5635423.jpg,data\raw\slit_lamp\dataset_01\cataract\_31_5635423.jpg,slit_lamp,3.028707776,3,4.200401436,4,2.326959766,2,2.807072555,3
_31_8523261.jpg,data\raw\slit_lamp\dataset_01\cataract\_31_8523261.jpg,slit_lamp,2.918222989,3,4.182758838,4,2.315726001,2,2.745980513,3
_320_6448598.jpg,data\raw\slit_lamp\dataset_01\cataract\_320_6448598.jpg,slit_lamp,2.465028499,2,2.514996532,3,2.283533049,2,1.29233196,1
_321_2144914.jpg,data\raw\slit_lamp\dataset_01\cataract\_321_2144914.jpg,slit_lamp,2.495467324,2,2.503151625,3,2.284507586,2,1.527773016,2
_321_6270889.jpg,data\raw\slit_lamp\dataset_01\cataract\_321_6270889.jpg,slit_lamp,2.668609638,3,2.516335082,3,2.273791374,2,1.513401429,2
_322_2685252.jpg,data\raw\slit_lamp\dataset_01\cataract\_322_2685252.jpg,slit_lamp,2.47347542,2,2.523970518,3,2.273791374,2,1.500979339,2
_323_1448180.jpg,data\raw\slit_lamp\dataset_01\cataract\_323_1448180.jpg,slit_lamp,2.718896577,3,2.323119949,2,2.276713163,2,1.464656704,1
_323_2492245.jpg,data\raw\slit_lamp\dataset_01\cataract\_323_2492245.jpg,slit_lamp,2.714595758,3,2.306003781,2,2.270870207,2,1.479251202,1
_324_9920354.jpg,data\raw\slit_lamp\dataset_01\cataract\_324_9920354.jpg,slit_lamp,2.644976537,3,2.31938522,2,2.275739164,2,1.273870172,1
_325_168910.jpg,data\raw\slit_lamp\dataset_01\cataract\_325_168910.jpg,slit_lamp,2.519468326,3,2.295546286,2,2.274765235,2,1.290504321,1
_326_1274700.jpg,data\raw\slit_lamp\dataset_01\cataract\_326_1274700.jpg,slit_lamp,2.974300706,3,2.377110057,2,2.268436384,2,1.421582556,1
_326_3620282.jpg,data\raw\slit_lamp\dataset_01\cataract\_326_3620282.jpg,slit_lamp,2.954012918,3,2.374973251,2,2.269896625,2,1.41394277,1
_326_3940502.jpg,data\raw\slit_lamp\dataset_01\cataract\_326_3940502.jpg,slit_lamp,2.963322735,3,2.383084643,2,2.26551638,2,1.411187011,1
_327_3715152.jpg,data\raw\slit_lamp\dataset_01\cataract\_327_3715152.jpg,slit_lamp,2.889506395,3,2.292217477,2,2.269896625,2,1.322259709,1
_328_3269333.jpg,data\raw\slit_lamp\dataset_01\cataract\_328_3269333.jpg,slit_lamp,2.888570747,3,2.253569795,2,2.270383407,2,1.287370038,1
_329_4545620.jpg,data\raw\slit_lamp\dataset_01\cataract\_329_4545620.jpg,slit_lamp,2.865781208,3,2.37686674,2,2.270383407,2,1.269267177,1
_329_5467190.jpg,data\raw\slit_lamp\dataset_01\cataract\_329_5467190.jpg,slit_lamp,2.912151596,3,2.386279808,2,2.268923113,2,1.261518566,1
_32_9062172.jpg,data\raw\slit_lamp\dataset_01\cataract\_32_9062172.jpg,slit_lamp,3.103506243,3,4.327483357,4,2.366575068,2,2.849421278,3
_32_9153320.jpg,data\raw\slit_lamp\dataset_01\cataract\_32_9153320.jpg,slit_lamp,3.067703918,3,4.325426777,4,2.371960557,2,2.815733124,3
_330_5478095.jpg,data\raw\slit_lamp\dataset_01\cataract\_330_5478095.jpg,slit_lamp,2.83237504,3,2.329093905,2,2.266489643,2,1.207849655,1
_330_7361630.jpg,data\raw\slit_lamp\dataset_01\cataract\_330_7361630.jpg,slit_lamp,2.780888105,3,2.327814421,2,2.267949672,2,1.20840268,1
_331_2978484.jpg,data\raw\slit_lamp\dataset_01\cataract\_331_2978484.jpg,slit_lamp,3.031574361,3,2.559457405,3,2.263083536,2,1.70548292,2
_332_5964742.jpg,data\raw\slit_lamp\dataset_01\cataract\_332_5964742.jpg,slit_lamp,2.975413415,3,2.394516245,2,2.272817582,2,1.452762683,1
_332_7698256.jpg,data\raw\slit_lamp\dataset_01\cataract\_332_7698256.jpg,slit_lamp,2.950477435,3,2.402873636,2,2.266489643,2,1.444198594,1
_332_9730811.jpg,data\raw\slit_lamp\dataset_01\cataract\_332_9730811.jpg,slit_lamp,2.93429165,3,2.410735846,2,2.270870207,2,1.437141702,1
_333_2805221.jpg,data\raw\slit_lamp\dataset_01\cataract\_333_2805221.jpg,slit_lamp,3.051493935,3,2.462799586,2,2.269896625,2,1.468112107,1
_333_4052700.jpg,data\raw\slit_lamp\dataset_01\cataract\_333_4052700.jpg,slit_lamp,3.02017774,3,2.467779029,2,2.266976302,2,1.462371427,1
_334_1360238.jpg,data\raw\slit_lamp\dataset_01\cataract\_334_1360238.jpg,slit_lamp,2.983825155,3,3.308240711,3,2.278174289,2,1.849133098,2
_334_6427863.jpg,data\raw\slit_lamp\dataset_01\cataract\_334_6427863.jpg,slit_lamp,3.008234949,3,3.314867935,3,2.266489643,2,1.839077867,2
_335_2109396.jpg,data\raw\slit_lamp\dataset_01\cataract\_335_2109396.jpg,slit_lamp,3.019397098,3,3.068999223,3,2.280122694,2,1.66146132,2
_335_9176239.jpg,data\raw\slit_lamp\dataset_01\cataract\_335_9176239.jpg,slit_lamp,3.032254837,3,3.072257095,3,2.273791374,2,1.658358827,2
_336_8535989.jpg,data\raw\slit_lamp\dataset_01\cataract\_336_8535989.jpg,slit_lamp,2.819975714,3,2.232724377,2,2.264056619,2,1.192838735,1
_337_6800255.jpg,data\raw\slit_lamp\dataset_01\cataract\_337_6800255.jpg,slit_lamp,3.002334293,3,2.814701275,3,2.267949672,2,1.96284294,2
_338_6734383.jpg,data\raw\slit_lamp\dataset_01\cataract\_338_6734383.jpg,slit_lamp,3.114160713,3,2.802110116,3,2.266976302,2,2.055128646,2
_339_9106724.jpg,data\raw\slit_lamp\dataset_01\cataract\_339_9106724.jpg,slit_lamp,3.080151794,3,2.593169523,3,2.266489643,2,1.710520287,2
_33_692344.jpg,data\raw\slit_lamp\dataset_01\cataract\_33_692344.jpg,slit_lamp,2.848787317,3,2.597406272,3,2.340645093,2,2.488414673,2
_340_3239094.jpg,data\raw\slit_lamp\dataset_01\cataract\_340_3239094.jpg,slit_lamp,3.009056102,3,2.538429888,3,2.283045806,2,1.73933943,2
_341_8692985.jpg,data\raw\slit_lamp\dataset_01\cataract\_341_8692985.jpg,slit_lamp,2.81062393,3,2.556371944,3,2.281584175,2,1.7258747,2
_342_2775386.jpg,data\raw\slit_lamp\dataset_01\cataract\_342_2775386.jpg,slit_lamp,2.729636967,3,2.146545147,2,2.27184386,2,1.143406297,1
_343_2631213.jpg,data\raw\slit_lamp\dataset_01\cataract\_343_2631213.jpg,slit_lamp,2.793693512,3,2.223664435,2,2.26551638,2,1.21530188,1
_344_5181730.jpg,data\raw\slit_lamp\dataset_01\cataract\_344_5181730.jpg,slit_lamp,2.819128268,3,2.638674003,3,2.283533049,2,1.494669442,1
_345_2495680.jpg,data\raw\slit_lamp\dataset_01\cataract\_345_2495680.jpg,slit_lamp,2.495992706,2,2.584418668,3,2.270383407,2,1.339320489,1
_345_8957256.jpg,data\raw\slit_lamp\dataset_01\cataract\_345_8957256.jpg,slit_lamp,2.48092938,2,2.580938075,3,2.278174289,2,1.342108891,1
_346_6209704.jpg,data\raw\slit_lamp\dataset_01\cataract\_346_6209704.jpg,slit_lamp,3.200084532,3,2.623863828,3,2.27184386,2,1.845881069,2
_347_6987666.jpg,data\raw\slit_lamp\dataset_01\cataract\_347_6987666.jpg,slit_lamp,3.122721052,3,2.657884164,3,2.265029775,2,1.840836035,2
_347_7413999.jpg,data\raw\slit_lamp\dataset_01\cataract\_347_7413999.jpg,slit_lamp,3.11643562,3,2.657094478,3,2.26551638,2,1.846604862,2
_348_8120738.jpg,data\raw\slit_lamp\dataset_01\cataract\_348_8120738.jpg,slit_lamp,3.156738364,3,2.550059287,3,2.296207092,2,1.736046416,2
_349_2751142.jpg,data\raw\slit_lamp\dataset_01\cataract\_349_2751142.jpg,slit_lamp,3.076306766,3,2.660136366,3,2.264543188,2,1.823128662,2
_349_4292233.jpg,data\raw\slit_lamp\dataset_01\cataract\_349_4292233.jpg,slit_lamp,3.09973397,3,2.648995408,3,2.26551638,2,1.834087083,2
_34_2026427.jpg,data\raw\slit_lamp\dataset_01\cataract\_34_2026427.jpg,slit_lamp,2.416375051,2,1.461230916,1,2.273304469,2,2.353842777,2
_34_2290989.jpg,data\raw\slit_lamp\dataset_01\cataract\_34_2290989.jpg,slit_lamp,2.224054328,2,1.473312407,1,2.275739164,2,2.261433588,2
_350_1666948.jpg,data\raw\slit_lamp\dataset_01\cataract\_350_1666948.jpg,slit_lamp,3.090641009,3,2.564426424,3,2.268923113,2,1.72368256,2
_350_7541734.jpg,data\raw\slit_lamp\dataset_01\cataract\_350_7541734.jpg,slit_lamp,3.096303484,3,2.562657423,3,2.26940986,2,1.725568822,2
_351_5778657.jpg,data\raw\slit_lamp\dataset_01\cataract\_351_5778657.jpg,slit_lamp,3.031213244,3,2.477725559,2,2.266489643,2,1.565942403,2
_351_7651498.jpg,data\raw\slit_lamp\dataset_01\cataract\_351_7651498.jpg,slit_lamp,3.043873893,3,2.487236663,2,2.266003002,2,1.557071796,2
_352_2938767.jpg,data\raw\slit_lamp\dataset_01\cataract\_352_2938767.jpg,slit_lamp,2.714783707,3,2.202074908,2,2.26551638,2,1.117285375,1
_352_5217565.jpg,data\raw\slit_lamp\dataset_01\cataract\_352_5217565.jpg,slit_lamp,2.754520385,3,2.208334739,2,2.261137587,2,1.112712019,1
_353_3624065.jpg,data\raw\slit_lamp\dataset_01\cataract\_353_3624065.jpg,slit_lamp,2.626678939,3,2.191148326,2,2.26551638,2,1.117587754,1
_353_8002933.jpg,data\raw\slit_lamp\dataset_01\cataract\_353_8002933.jpg,slit_lamp,2.630378177,3,2.191124526,2,2.267462978,2,1.117444981,1
_354_5293531.jpg,data\raw\slit_lamp\dataset_01\cataract\_354_5293531.jpg,slit_lamp,3.028647697,3,2.5448136,3,2.266003002,2,1.503599743,2
_355_6490108.jpg,data\raw\slit_lamp\dataset_01\cataract\_355_6490108.jpg,slit_lamp,3.248389818,3,2.826349047,3,2.26551638,2,2.143728879,2
_356_7744260.jpg,data\raw\slit_lamp\dataset_01\cataract\_356_7744260.jpg,slit_lamp,2.94130871,3,2.458084238,2,2.263570069,2,1.526015301,2
_356_8261086.jpg,data\raw\slit_lamp\dataset_01\cataract\_356_8261086.jpg,slit_lamp,3.02215003,3,2.448920726,2,2.268436384,2,1.535719196,2
_357_8304812.jpg,data\raw\slit_lamp\dataset_01\cataract\_357_8304812.jpg,slit_lamp,3.000644514,3,2.462238663,2,2.26551638,2,1.59217676,2
_358_1004212.jpg,data\raw\slit_lamp\dataset_01\cataract\_358_1004212.jpg,slit_lamp,3.047423691,3,2.440286355,2,2.266489643,2,1.58175175,2
_358_2608507.jpg,data\raw\slit_lamp\dataset_01\cataract\_358_2608507.jpg,slit_lamp,3.160708804,3,2.445829871,2,2.266976302,2,1.577620953,2
_359_2555267.jpg,data\raw\slit_lamp\dataset_01\cataract\_359_2555267.jpg,slit_lamp,2.935698387,3,2.420998366,2,2.261624047,2,1.506940418,2
_359_6265965.jpg,data\raw\slit_lamp\dataset_01\cataract\_359_6265965.jpg,slit_lamp,2.933226825,3,2.416194626,2,2.265029775,2,1.512140978,2
_35_3480407.jpg,data\raw\slit_lamp\dataset_01\cataract\_35_3480407.jpg,slit_lamp,2.567488439,3,2.028365521,2,2.363638049,2,2.785142979,3
_360_3983039.jpg,data\raw\slit_lamp\dataset_01\cataract\_360_3983039.jpg,slit_lamp,3.073942618,3,2.533233256,3,2.26551638,2,1.688984576,2
_361_2261122.jpg,data\raw\slit_lamp\dataset_01\cataract\_361_2261122.jpg,slit_lamp,3.002105543,3,1.947191787,2,2.325982632,2,2.329520715,2
_361_423366.jpg,data\raw\slit_lamp\dataset_01\cataract\_361_423366.jpg,slit_lamp,2.927609642,3,1.968158823,2,2.333312423,2,2.266704627,2
_362_4801225.jpg,data\raw\slit_lamp\dataset_01\cataract\_362_4801225.jpg,slit_lamp,2.797785838,3,2.191428546,2,2.325494085,2,2.551219296,3
_362_9739218.jpg,data\raw\slit_lamp\dataset_01\cataract\_362_9739218.jpg,slit_lamp,2.958860284,3,2.202449054,2,2.321586192,2,2.521611273,3
_363_2736933.jpg,data\raw\slit_lamp\dataset_01\cataract\_363_2736933.jpg,slit_lamp,3.033636305,3,2.195447753,2,2.308403633,2,1.986922372,2
_363_7332544.jpg,data\raw\slit_lamp\dataset_01\cataract\_363_7332544.jpg,slit_lamp,3.026561973,3,2.19385802,2,2.333312423,2,1.969965855,2
_364_9397731.jpg,data\raw\slit_lamp\dataset_01\cataract\_364_9397731.jpg,slit_lamp,2.947750964,3,2.195288066,2,2.330380154,2,2.378128108,2
_365_6266228.jpg,data\raw\slit_lamp\dataset_01\cataract\_365_6266228.jpg,slit_lamp,3.230821764,3,1.863308918,2,2.347980518,2,2.179666419,2
_365_8356754.jpg,data\raw\slit_lamp\dataset_01\cataract\_365_8356754.jpg,slit_lamp,3.221292088,3,1.863530812,2,2.347980518,2,2.179282995,2
_366_1717014.jpg,data\raw\slit_lamp\dataset_01\cataract\_366_1717014.jpg,slit_lamp,2.219667275,2,1.171491645,1,2.336245152,2,1.956513802,2
_366_983964.jpg,data\raw\slit_lamp\dataset_01\cataract\_366_983964.jpg,slit_lamp,2.457308951,2,1.163740631,1,2.324028523,2,1.999376266,2
_367_2864412.jpg,data\raw\slit_lamp\dataset_01\cataract\_367_2864412.jpg,slit_lamp,2.185614311,2,1.173309094,1,2.336733985,2,1.957515814,2
_367_9940827.jpg,data\raw\slit_lamp\dataset_01\cataract\_367_9940827.jpg,slit_lamp,2.216536134,2,1.15083092,1,2.331357525,2,2.076605314,2
_368_3722136.jpg,data\raw\slit_lamp\dataset_01\cataract\_368_3722136.jpg,slit_lamp,2.612699496,3,1.677768045,2,2.353361507,2,2.031820568,2
_368_8153741.jpg,data\raw\slit_lamp\dataset_01\cataract\_368_8153741.jpg,slit_lamp,2.646649667,3,1.650094595,2,2.352872269,2,2.141131038,2
_369_7001529.jpg,data\raw\slit_lamp\dataset_01\cataract\_369_7001529.jpg,slit_lamp,2.874766025,3,1.796448395,2,2.280609837,2,2.73319453,3
_36_1799809.jpg,data\raw\slit_lamp\dataset_01\cataract\_36_1799809.jpg,slit_lamp,2.228882741,2,1.33697744,1,2.278661365,2,1.844930482,2
_36_5599796.jpg,data\raw\slit_lamp\dataset_01\cataract\_36_5599796.jpg,slit_lamp,2.227804081,2,1.310508522,1,2.269896625,2,1.967271925,2
_370_1424453.jpg,data\raw\slit_lamp\dataset_01\cataract\_370_1424453.jpg,slit_lamp,2.421213022,2,1.36714797,1,2.350915431,2,2.152323802,2
_370_5205357.jpg,data\raw\slit_lamp\dataset_01\cataract\_370_5205357.jpg,slit_lamp,1.864864844,2,1.378408314,1,2.360212004,2,2.121655049,2
_371_8717830.jpg,data\raw\slit_lamp\dataset_01\cataract\_371_8717830.jpg,slit_lamp,3.193766747,3,4.966685411,5,2.325494085,2,2.838155847,3
_372_5630593.jpg,data\raw\slit_lamp\dataset_01\cataract\_372_5630593.jpg,slit_lamp,3.17367371,3,1.702665166,2,2.215012314,2,2.700070416,3
_373_4029422.jpg,data\raw\slit_lamp\dataset_01\cataract\_373_4029422.jpg,slit_lamp,3.121520135,3,2.076665419,2,2.342600942,2,2.522831919,3
_374_3493833.jpg,data\raw\slit_lamp\dataset_01\cataract\_374_3493833.jpg,slit_lamp,2.467296087,2,3.470259056,3,2.37538831,2,2.957731377,3
_374_8613138.jpg,data\raw\slit_lamp\dataset_01\cataract\_374_8613138.jpg,slit_lamp,2.35090715,2,3.461213955,3,2.379306317,2,3.005124709,3
_375_8898265.jpg,data\raw\slit_lamp\dataset_01\cataract\_375_8898265.jpg,slit_lamp,3.238468807,3,4.956895717,5,2.328914195,2,2.726361326,3
_375_9227285.jpg,data\raw\slit_lamp\dataset_01\cataract\_375_9227285.jpg,slit_lamp,3.232513786,3,4.947349187,5,2.328425568,2,2.793827384,3
_376_9321900.jpg,data\raw\slit_lamp\dataset_01\cataract\_376_9321900.jpg,slit_lamp,3.225872905,3,2.521754376,3,2.346024142,2,2.456955741,2
_377_1993330.jpg,data\raw\slit_lamp\dataset_01\cataract\_377_1993330.jpg,slit_lamp,2.967960109,3,2.344440293,2,2.348469641,2,2.631064249,3
_378_2183024.jpg,data\raw\slit_lamp\dataset_01\cataract\_378_2183024.jpg,slit_lamp,2.830092802,3,1.834481097,2,2.54759654,3,2.1259359,2
_378_7653956.jpg,data\raw\slit_lamp\dataset_01\cataract\_378_7653956.jpg,slit_lamp,2.731426271,3,1.820489766,2,2.543179604,3,2.18115094,2
_379_3919297.jpg,data\raw\slit_lamp\dataset_01\cataract\_379_3919297.jpg,slit_lamp,3.018907267,3,1.775121063,2,2.341134037,2,2.319455095,2
_379_8385603.jpg,data\raw\slit_lamp\dataset_01\cataract\_379_8385603.jpg,slit_lamp,2.967537053,3,1.786122408,2,2.337711688,2,2.283476083,2
_37_7526265.jpg,data\raw\slit_lamp\dataset_01\cataract\_37_7526265.jpg,slit_lamp,2.386951951,2,1.462923552,1,2.280609837,2,2.222304169,2
_37_8896673.jpg,data\raw\slit_lamp\dataset_01\cataract\_37_8896673.jpg,slit_lamp,2.489694583,2,1.461149271,1,2.283533049,2,2.213513772,2
_380_7004130.jpg,data\raw\slit_lamp\dataset_01\cataract\_380_7004130.jpg,slit_lamp,3.187901707,3,1.931275067,2,2.199517922,2,3.147929271,3
_380_8765246.jpg,data\raw\slit_lamp\dataset_01\cataract\_380_8765246.jpg,slit_lamp,3.159518524,3,1.929176805,2,2.209199251,2,3.162196829,3
_381_5407671.jpg,data\raw\slit_lamp\dataset_01\cataract\_381_5407671.jpg,slit_lamp,3.101148837,3,2.532493703,3,2.336245152,2,2.707338265,3
_381_6039460.jpg,data\raw\slit_lamp\dataset_01\cataract\_381_6039460.jpg,slit_lamp,3.064153176,3,2.514788051,3,2.328914195,2,2.769972538,3
_382_1061054.jpg,data\raw\slit_lamp\dataset_01\cataract\_382_1061054.jpg,slit_lamp,2.503955354,3,1.647928797,2,2.355807865,2,2.053386296,2
_383_4165819.jpg,data\raw\slit_lamp\dataset_01\cataract\_383_4165819.jpg,slit_lamp,3.205731415,3,2.626165135,3,2.269896625,2,1.533169297,2
_384_4668888.jpg,data\raw\slit_lamp\dataset_01\cataract\_384_4668888.jpg,slit_lamp,3.138860665,3,3.261095467,3,2.273304469,2,1.852182503,2
_385_4113427.jpg,data\raw\slit_lamp\dataset_01\cataract\_385_4113427.jpg,slit_lamp,3.122339657,3,3.034346935,3,2.263083536,2,1.964983301,2
_386_4269538.jpg,data\raw\slit_lamp\dataset_01\cataract\_386_4269538.jpg,slit_lamp,3.149217276,3,2.476389378,2,2.270383407,2,1.574937698,2
_387_449073.jpg,data\raw\slit_lamp\dataset_01\cataract\_387_449073.jpg,slit_lamp,2.803249719,3,1.284846805,1,2.32451703,2,2.148486609,2
_388_2242538.jpg,data\raw\slit_lamp\dataset_01\cataract\_388_2242538.jpg,slit_lamp,3.193610546,3,2.478900851,2,2.263570069,2,1.406212881,1
_389_2605189.jpg,data\raw\slit_lamp\dataset_01\cataract\_389_2605189.jpg,slit_lamp,3.155263202,3,2.592830928,3,2.269896625,2,1.718300027,2
_38_5463921.jpg,data\raw\slit_lamp\dataset_01\cataract\_38_5463921.jpg,slit_lamp,2.421392307,2,1.903149608,2,2.279148457,2,2.680674263,3
_390_1354382.jpg,data\raw\slit_lamp\dataset_01\cataract\_390_1354382.jpg,slit_lamp,3.05937942,3,2.231301051,2,2.266003002,2,1.183174565,1
_390_5561281.jpg,data\raw\slit_lamp\dataset_01\cataract\_390_5561281.jpg,slit_lamp,3.036112192,3,2.236786433,2,2.264543188,2,1.177943681,1
_391_2115124.jpg,data\raw\slit_lamp\dataset_01\cataract\_391_2115124.jpg,slit_lamp,3.025847612,3,2.310783154,2,2.270383407,2,1.484219952,1
_391_3026815.jpg,data\raw\slit_lamp\dataset_01\cataract\_391_3026815.jpg,slit_lamp,3.040771581,3,2.313968887,2,2.266003002,2,1.482205989,1
_392_3084035.jpg,data\raw\slit_lamp\dataset_01\cataract\_392_3084035.jpg,slit_lamp,3.160826361,3,2.391296983,2,2.264543188,2,1.409676128,1
_392_7918570.jpg,data\raw\slit_lamp\dataset_01\cataract\_392_7918570.jpg,slit_lamp,3.142587288,3,2.393428437,2,2.263570069,2,1.405019218,1
_393_746807.jpg,data\raw\slit_lamp\dataset_01\cataract\_393_746807.jpg,slit_lamp,3.227465967,3,4.320238167,4,2.352383042,2,2.833132798,3
_394_1321417.jpg,data\raw\slit_lamp\dataset_01\cataract\_394_1321417.jpg,slit_lamp,3.130746258,3,2.40031083,2,2.269896625,2,1.457661989,1
_394_4972049.jpg,data\raw\slit_lamp\dataset_01\cataract\_394_4972049.jpg,slit_lamp,3.132383781,3,2.413364642,2,2.265029775,2,1.448628374,1
_395_8303850.jpg,data\raw\slit_lamp\dataset_01\cataract\_395_8303850.jpg,slit_lamp,2.995111683,3,2.265971644,2,2.321586192,2,2.291793664,2
_396_4783302.jpg,data\raw\slit_lamp\dataset_01\cataract\_396_4783302.jpg,slit_lamp,2.980179762,3,1.931769331,2,2.285969515,2,2.72675807,3
_396_6097231.jpg,data\raw\slit_lamp\dataset_01\cataract\_396_6097231.jpg,slit_lamp,2.830066353,3,1.964183867,2,2.314261269,2,2.620963313,3
_397_8948757.jpg,data\raw\slit_lamp\dataset_01\cataract\_397_8948757.jpg,slit_lamp,3.127106423,3,2.487313614,2,2.340645093,2,2.316191696,2
_398_329081.jpg,data\raw\slit_lamp\dataset_01\cataract\_398_329081.jpg,slit_lamp,3.056209298,3,1.963117638,2,2.308891689,2,2.470403899,2
_398_8365643.jpg,data\raw\slit_lamp\dataset_01\cataract\_398_8365643.jpg,slit_lamp,3.028486369,3,1.955532803,2,2.321097766,2,2.494189926,2
_399_6667595.jpg,data\raw\slit_lamp\dataset_01\cataract\_399_6667595.jpg,slit_lamp,2.861070651,3,1.653773972,2,2.347491406,2,2.025887361,2
_39_9762209.jpg,data\raw\slit_lamp\dataset_01\cataract\_39_9762209.jpg,slit_lamp,1.462651127,1,1.676331874,2,2.365106512,2,2.125740974,2
_39_9936846.jpg,data\raw\slit_lamp\dataset_01\cataract\_39_9936846.jpg,slit_lamp,1.277453994,1,1.6959623,2,2.370002057,2,2.049894142,2
_3_4674992.jpg,data\raw\slit_lamp\dataset_01\cataract\_3_4674992.jpg,slit_lamp,2.741239493,3,2.130989319,2,2.282558579,2,2.923786776,3
_400_7591244.jpg,data\raw\slit_lamp\dataset_01\cataract\_400_7591244.jpg,slit_lamp,3.031979819,3,1.784810308,2,2.340156162,2,2.385634498,2
_400_7969437.jpg,data\raw\slit_lamp\dataset_01\cataract\_400_7969437.jpg,slit_lamp,2.927012246,3,1.769106715,2,2.347491406,2,2.448818572,2
_40_3866061.jpg,data\raw\slit_lamp\dataset_01\cataract\_40_3866061.jpg,slit_lamp,2.392923368,2,1.715851933,2,2.335756332,2,2.207166983,2
_40_4103987.jpg,data\raw\slit_lamp\dataset_01\cataract\_40_4103987.jpg,slit_lamp,2.528877922,3,1.725235198,2,2.354829288,2,2.173885891,2
_41_6704276.jpg,data\raw\slit_lamp\dataset_01\cataract\_41_6704276.jpg,slit_lamp,2.755120992,3,2.857970373,3,2.346024142,2,2.795957288,3
_41_7645755.jpg,data\raw\slit_lamp\dataset_01\cataract\_41_7645755.jpg,slit_lamp,2.694775456,3,2.869018404,3,2.350915431,2,2.750933078,3
_42_7486921.jpg,data\raw\slit_lamp\dataset_01\cataract\_42_7486921.jpg,slit_lamp,2.851380034,3,2.394891105,2,2.333801179,2,2.777030726,3
_42_9949990.jpg,data\raw\slit_lamp\dataset_01\cataract\_42_9949990.jpg,slit_lamp,2.831386847,3,2.382124231,2,2.354340016,2,2.803968816,3
_43_5838123.jpg,data\raw\slit_lamp\dataset_01\cataract\_43_5838123.jpg,slit_lamp,2.733490753,3,2.158342757,2,2.348958776,2,2.414617385,2
_44_6970984.jpg,data\raw\slit_lamp\dataset_01\cataract\_44_6970984.jpg,slit_lamp,2.451315465,2,2.252540988,2,2.347980518,2,2.335988368,2
_44_8713938.jpg,data\raw\slit_lamp\dataset_01\cataract\_44_8713938.jpg,slit_lamp,2.529315575,3,2.298009201,2,2.351893827,2,2.30207227,2
_45_6457682.jpg,data\raw\slit_lamp\dataset_01\cataract\_45_6457682.jpg,slit_lamp,2.784330986,3,2.269233302,2,2.347002307,2,2.564373383,3
_46_4314985.jpg,data\raw\slit_lamp\dataset_01\cataract\_46_4314985.jpg,slit_lamp,2.215470722,2,1.967401656,2,2.344556985,2,2.432996388,2
_46_7308563.jpg,data\raw\slit_lamp\dataset_01\cataract\_46_7308563.jpg,slit_lamp,2.204078392,2,1.982119888,2,2.348469641,2,2.391381852,2
_47_4608506.jpg,data\raw\slit_lamp\dataset_01\cataract\_47_4608506.jpg,slit_lamp,2.465990681,2,2.038197752,2,2.329402835,2,2.255068237,2
_48_1110786.jpg,data\raw\slit_lamp\dataset_01\cataract\_48_1110786.jpg,slit_lamp,2.557801321,3,1.991022658,2,2.345535078,2,2.16217644,2
_48_7953833.jpg,data\raw\slit_lamp\dataset_01\cataract\_48_7953833.jpg,slit_lamp,2.287653129,2,1.988603706,2,2.34357894,2,2.181683766,2
_49_1539697.jpg,data\raw\slit_lamp\dataset_01\cataract\_49_1539697.jpg,slit_lamp,2.352049095,2,2.280862156,2,2.35629717,2,2.199090902,2
_49_2405371.jpg,data\raw\slit_lamp\dataset_01\cataract\_49_2405371.jpg,slit_lamp,2.26654221,2,2.268019742,2,2.315726001,2,2.238517647,2
_49_7277741.jpg,data\raw\slit_lamp\dataset_01\cataract\_49_7277741.jpg,slit_lamp,2.638500246,3,2.27204638,2,2.328425568,2,2.227917916,2
_4_1244424.jpg,data\raw\slit_lamp\dataset_01\cataract\_4_1244424.jpg,slit_lamp,2.634034377,3,1.796202865,2,2.341134037,2,2.447620786,2
_4_7491150.jpg,data\raw\slit_lamp\dataset_01\cataract\_4_7491150.jpg,slit_lamp,2.616218941,3,1.78245864,2,2.327448354,2,2.5005739,3
_50_1920746.jpg,data\raw\slit_lamp\dataset_01\cataract\_50_1920746.jpg,slit_lamp,2.389804596,2,2.340491301,2,2.354829288,2,2.011039592,2
_50_3163122.jpg,data\raw\slit_lamp\dataset_01\cataract\_50_3163122.jpg,slit_lamp,2.645576137,3,2.344658397,2,2.346024142,2,2.059975015,2
_51_7561724.jpg,data\raw\slit_lamp\dataset_01\cataract\_51_7561724.jpg,slit_lamp,2.42672923,2,2.293924799,2,2.352383042,2,2.197434218,2
_52_3704655.jpg,data\raw\slit_lamp\dataset_01\cataract\_52_3704655.jpg,slit_lamp,2.484918484,2,1.984300272,2,2.341622994,2,2.090125808,2
_52_7569766.jpg,data\raw\slit_lamp\dataset_01\cataract\_52_7569766.jpg,slit_lamp,2.522571425,3,1.974986166,2,2.345535078,2,2.072541181,2
_53_8912600.jpg,data\raw\slit_lamp\dataset_01\cataract\_53_8912600.jpg,slit_lamp,2.238523554,2,1.948293224,2,2.358743859,2,2.329526872,2
_54_2420057.jpg,data\raw\slit_lamp\dataset_01\cataract\_54_2420057.jpg,slit_lamp,2.250084203,2,1.82289717,2,2.3582545,2,2.260830737,2
_54_6540326.jpg,data\raw\slit_lamp\dataset_01\cataract\_54_6540326.jpg,slit_lamp,1.807618892,2,1.846431837,2,2.348958776,2,2.303986596,2
_55_8463221.jpg,data\raw\slit_lamp\dataset_01\cataract\_55_8463221.jpg,slit_lamp,2.343815646,2,1.815203081,2,2.3582545,2,2.297421089,2
_56_3359017.jpg,data\raw\slit_lamp\dataset_01\cataract\_56_3359017.jpg,slit_lamp,1.899516909,2,1.460112467,1,2.344067956,2,1.840048478,2
_57_3959793.jpg,data\raw\slit_lamp\dataset_01\cataract\_57_3959793.jpg,slit_lamp,3.107716776,3,3.81324687,4,2.428325323,2,2.870664776,3
_57_8463167.jpg,data\raw\slit_lamp\dataset_01\cataract\_57_8463167.jpg,slit_lamp,3.09594736,3,3.814783372,4,2.454330184,2,2.853489915,3
_58_7683562.jpg,data\raw\slit_lamp\dataset_01\cataract\_58_7683562.jpg,slit_lamp,2.559480399,3,3.028020495,3,2.223737747,2,1.637184863,2
_59_2574195.jpg,data\raw\slit_lamp\dataset_01\cataract\_59_2574195.jpg,slit_lamp,2.219223918,2,1.791544835,2,2.33184623,2,2.385252608,2
_59_8958387.jpg,data\raw\slit_lamp\dataset_01\cataract\_59_8958387.jpg,slit_lamp,1.833189975,2,1.798489937,2,2.327448354,2,2.325343654,2
_5_9005506.jpg,data\raw\slit_lamp\dataset_01\cataract\_5_9005506.jpg,slit_lamp,2.782332977,3,1.851039745,2,2.33722283,2,2.461254279,2
_60_2561089.jpg,data\raw\slit_lamp\dataset_01\cataract\_60_2561089.jpg,slit_lamp,3.026344894,3,4.01963415,4,2.331357525,2,2.731113114,3
_60_7070159.jpg,data\raw\slit_lamp\dataset_01\cataract\_60_7070159.jpg,slit_lamp,3.037173647,3,4.034004224,4,2.322074631,2,2.743307446,3
_61_2475173.jpg,data\raw\slit_lamp\dataset_01\cataract\_61_2475173.jpg,slit_lamp,3.124600518,3,2.218550159,2,2.26551638,2,2.778174202,3
_61_3633947.jpg,data\raw\slit_lamp\dataset_01\cataract\_61_3633947.jpg,slit_lamp,3.03404946,3,2.23358706,2,2.32451703,2,2.73815953,3
_62_4386293.jpg,data\raw\slit_lamp\dataset_01\cataract\_62_4386293.jpg,slit_lamp,2.290605112,2,2.015685628,2,2.318167504,2,2.668550208,3
_62_4939088.jpg,data\raw\slit_lamp\dataset_01\cataract\_62_4939088.jpg,slit_lamp,2.460806787,2,2.02371535,2,2.322074631,2,2.687614645,3
_62_9491665.jpg,data\raw\slit_lamp\dataset_01\cataract\_62_9491665.jpg,slit_lamp,2.308825381,2,2.036273037,2,2.336245152,2,2.609583034,3
_63_4246818.jpg,data\raw\slit_lamp\dataset_01\cataract\_63_4246818.jpg,slit_lamp,2.783574826,3,2.165794533,2,2.378326758,2,2.581026138,3
_63_7923836.jpg,data\raw\slit_lamp\dataset_01\cataract\_63_7923836.jpg,slit_lamp,2.684596779,3,2.156661151,2,2.387144093,2,2.641292488,3
_64_2615880.jpg,data\raw\slit_lamp\dataset_01\cataract\_64_2615880.jpg,slit_lamp,1.957563747,2,1.43653799,1,2.336733985,2,2.152020152,2
_64_5229674.jpg,data\raw\slit_lamp\dataset_01\cataract\_64_5229674.jpg,slit_lamp,2.011719839,2,1.44172472,1,2.347491406,2,2.126979214,2
_65_5167591.jpg,data\raw\slit_lamp\dataset_01\cataract\_65_5167591.jpg,slit_lamp,2.807714347,3,1.874652855,2,2.341134037,2,2.390294766,2
_66_625523.jpg,data\raw\slit_lamp\dataset_01\cataract\_66_625523.jpg,slit_lamp,1.891865164,2,1.396310591,1,2.34357894,2,2.079176722,2
_66_9729796.jpg,data\raw\slit_lamp\dataset_01\cataract\_66_9729796.jpg,slit_lamp,2.084591884,2,1.461005078,1,2.344067956,2,2.145273415,2
_67_2701502.jpg,data\raw\slit_lamp\dataset_01\cataract\_67_2701502.jpg,slit_lamp,2.962529618,3,2.467939114,2,2.32305155,2,2.325343491,2
_67_7544085.jpg,data\raw\slit_lamp\dataset_01\cataract\_67_7544085.jpg,slit_lamp,2.869835477,3,2.488415089,2,2.339667242,2,2.298898835,2
_68_132563.jpg,data\raw\slit_lamp\dataset_01\cataract\_68_132563.jpg,slit_lamp,3.145052682,3,3.037477857,3,2.300108951,2,2.711202502,3
_68_6182618.jpg,data\raw\slit_lamp\dataset_01\cataract\_68_6182618.jpg,slit_lamp,3.175709744,3,3.028089879,3,2.228588169,2,2.739377099,3
_69_3198217.jpg,data\raw\slit_lamp\dataset_01\cataract\_69_3198217.jpg,slit_lamp,2.740710542,3,2.750816263,3,2.355807865,2,2.515246931,3
_69_4758198.jpg,data\raw\slit_lamp\dataset_01\cataract\_69_4758198.jpg,slit_lamp,2.770313353,3,2.765182396,3,2.335756332,2,2.613052494,3
_6_4834075.jpg,data\raw\slit_lamp\dataset_01\cataract\_6_4834075.jpg,slit_lamp,1.8504097,2,1.748017814,2,2.329402835,2,1.471363459,1
_6_6261868.jpg,data\raw\slit_lamp\dataset_01\cataract\_6_6261868.jpg,slit_lamp,1.721600421,2,1.753389087,2,2.339178335,2,1.462304124,1
_70_3464173.jpg,data\raw\slit_lamp\dataset_01\cataract\_70_3464173.jpg,slit_lamp,2.878079762,3,2.146909945,2,2.34993708,2,2.476180507,2
_70_6811978.jpg,data\raw\slit_lamp\dataset_01\cataract\_70_6811978.jpg,slit_lamp,2.844260429,3,2.136323553,2,2.346513219,2,2.511076884,3
_71_5079718.jpg,data\raw\slit_lamp\dataset_01\cataract\_71_5079718.jpg,slit_lamp,2.487839323,2,2.534535792,3,2.356786486,2,2.550816076,3
_71_7808711.jpg,data\raw\slit_lamp\dataset_01\cataract\_71_7808711.jpg,slit_lamp,2.273275602,2,2.559467054,3,2.360212004,2,2.658165929,3
_72_6009084.jpg,data\raw\slit_lamp\dataset_01\cataract\_72_6009084.jpg,slit_lamp,2.2745957,2,1.686487436,2,2.363148582,2,1.978288858,2
_72_8796984.jpg,data\raw\slit_lamp\dataset_01\cataract\_72_8796984.jpg,slit_lamp,2.583873416,3,1.716262224,2,2.342111962,2,2.028084815,2
_73_1828688.jpg,data\raw\slit_lamp\dataset_01\cataract\_73_1828688.jpg,slit_lamp,1.885248834,2,1.745569486,2,2.319144202,2,2.369393688,2
_74_5402652.jpg,data\raw\slit_lamp\dataset_01\cataract\_74_5402652.jpg,slit_lamp,2.604044778,3,2.026157763,2,2.34357894,2,2.476547861,2
_75_6801378.jpg,data\raw\slit_lamp\dataset_01\cataract\_75_6801378.jpg,slit_lamp,2.577318075,3,1.242341721,1,2.578505225,3,1.488285875,1
_76_3327192.jpg,data\raw\slit_lamp\dataset_01\cataract\_76_3327192.jpg,slit_lamp,2.566016722,3,3.076470112,3,2.337711688,2,1.791336191,2
_77_2197698.jpg,data\raw\slit_lamp\dataset_01\cataract\_77_2197698.jpg,slit_lamp,2.143883637,2,3.062886853,3,2.184046917,2,1.787243709,2
_77_938150.jpg,data\raw\slit_lamp\dataset_01\cataract\_77_938150.jpg,slit_lamp,1.969559452,2,3.052654314,3,2.197099006,2,1.766100525,2
_78_267330.jpg,data\raw\slit_lamp\dataset_01\cataract\_78_267330.jpg,slit_lamp,0.954398948,1,1.187027915,1,2.325982632,2,2.122708124,2
_78_8248707.jpg,data\raw\slit_lamp\dataset_01\cataract\_78_8248707.jpg,slit_lamp,1.152948788,1,1.201838701,1,2.336245152,2,2.047113278,2
_79_1123955.jpg,data\raw\slit_lamp\dataset_01\cataract\_79_1123955.jpg,slit_lamp,2.250047611,2,1.845173701,2,2.318655846,2,2.233939309,2
_7_1388234.jpg,data\raw\slit_lamp\dataset_01\cataract\_7_1388234.jpg,slit_lamp,1.570877861,2,1.293686614,1,2.34357894,2,2.087014695,2
_7_2330751.jpg,data\raw\slit_lamp\dataset_01\cataract\_7_2330751.jpg,slit_lamp,1.60286724,2,1.28484407,1,2.355318571,2,2.129602827,2
_80_2744347.jpg,data\raw\slit_lamp\dataset_01\cataract\_80_2744347.jpg,slit_lamp,2.195104891,2,1.43715509,1,2.324028523,2,2.086536321,2
_80_8675414.jpg,data\raw\slit_lamp\dataset_01\cataract\_80_8675414.jpg,slit_lamp,2.239023054,2,1.442765702,1,2.347002307,2,2.062856509,2
_81_5591649.jpg,data\raw\slit_lamp\dataset_01\cataract\_81_5591649.jpg,slit_lamp,2.664155959,3,1.90428177,2,2.298645638,2,1.80242671,2
_81_6384668.jpg,data\raw\slit_lamp\dataset_01\cataract\_81_6384668.jpg,slit_lamp,2.825237559,3,1.901053492,2,2.270870207,2,1.810424191,2
_82_1805923.jpg,data\raw\slit_lamp\dataset_01\cataract\_82_1805923.jpg,slit_lamp,2.452701385,2,1.664185904,2,2.347002307,2,2.274441144,2
_83_8570399.jpg,data\raw\slit_lamp\dataset_01\cataract\_83_8570399.jpg,slit_lamp,2.486466505,2,1.722758443,2,2.36559602,2,2.136734934,2
_84_9231607.jpg,data\raw\slit_lamp\dataset_01\cataract\_84_9231607.jpg,slit_lamp,2.25915169,2,1.68327636,2,2.337711688,2,2.277839725,2
_85_2405112.jpg,data\raw\slit_lamp\dataset_01\cataract\_85_2405112.jpg,slit_lamp,3.093420992,3,2.437700244,2,2.34357894,2,2.447748528,2
_85_5757077.jpg,data\raw\slit_lamp\dataset_01\cataract\_85_5757077.jpg,slit_lamp,3.009695015,3,2.45840096,2,2.339667242,2,2.385472165,2
_86_4443360.jpg,data\raw\slit_lamp\dataset_01\cataract\_86_4443360.jpg,slit_lamp,2.723134275,3,1.96514343,2,2.324028523,2,2.427917156,2
_86_8666413.jpg,data\raw\slit_lamp\dataset_01\cataract\_86_8666413.jpg,slit_lamp,2.635315423,3,1.969349485,2,2.348469641,2,2.413279041,2
_87_635890.jpg,data\raw\slit_lamp\dataset_01\cataract\_87_635890.jpg,slit_lamp,2.686683266,3,1.91717869,2,2.354340016,2,2.521419504,3
_88_1858467.jpg,data\raw\slit_lamp\dataset_01\cataract\_88_1858467.jpg,slit_lamp,2.580601503,3,2.196201279,2,2.326471192,2,2.717224788,3
_88_7869628.jpg,data\raw\slit_lamp\dataset_01\cataract\_88_7869628.jpg,slit_lamp,2.662776749,3,2.216888443,2,2.357765151,2,2.669571909,3
_89_2075481.jpg,data\raw\slit_lamp\dataset_01\cataract\_89_2075481.jpg,slit_lamp,2.013473564,2,1.744184984,2,2.348958776,2,2.164111453,2
_89_450120.jpg,data\raw\slit_lamp\dataset_01\cataract\_89_450120.jpg,slit_lamp,2.36276705,2,1.807773934,2,2.345535078,2,2.196606444,2
_89_6878178.jpg,data\raw\slit_lamp\dataset_01\cataract\_89_6878178.jpg,slit_lamp,2.21504202,2,1.638698749,2,2.348958776,2,2.128514988,2
_8_7059542.jpg,data\raw\slit_lamp\dataset_01\cataract\_8_7059542.jpg,slit_lamp,2.544706305,3,1.805784893,2,2.333312423,2,2.536226375,3
_90_3742626.jpg,data\raw\slit_lamp\dataset_01\cataract\_90_3742626.jpg,slit_lamp,2.373146614,2,1.775623509,2,2.351893827,2,2.380422708,2
_90_4479779.jpg,data\raw\slit_lamp\dataset_01\cataract\_90_4479779.jpg,slit_lamp,2.55872172,3,1.779111681,2,2.332823679,2,2.375626426,2
_90_4763455.jpg,data\raw\slit_lamp\dataset_01\cataract\_90_4763455.jpg,slit_lamp,2.407871385,2,1.7765456,2,2.363148582,2,2.391550035,2
_91_7118539.jpg,data\raw\slit_lamp\dataset_01\cataract\_91_7118539.jpg,slit_lamp,3.198935157,3,2.306778478,2,2.318167504,2,2.587529914,3
_92_5284437.jpg,data\raw\slit_lamp\dataset_01\cataract\_92_5284437.jpg,slit_lamp,3.086819817,3,2.170975394,2,2.350915431,2,2.514675881,3
_93_7584804.jpg,data\raw\slit_lamp\dataset_01\cataract\_93_7584804.jpg,slit_lamp,2.553433856,3,1.980771424,2,2.344556985,2,2.437333836,2
_94_5517058.jpg,data\raw\slit_lamp\dataset_01\cataract\_94_5517058.jpg,slit_lamp,2.371608001,2,2.301393246,2,2.360212004,2,2.386333775,2
_95_592187.jpg,data\raw\slit_lamp\dataset_01\cataract\_95_592187.jpg,slit_lamp,2.214994053,2,1.854230783,2,2.348958776,2,2.34120066,2
_96_5515894.jpg,data\raw\slit_lamp\dataset_01\cataract\_96_5515894.jpg,slit_lamp,3.250051641,3,2.464799934,2,2.345046026,2,2.448949318,2
_96_6290965.jpg,data\raw\slit_lamp\dataset_01\cataract\_96_6290965.jpg,slit_lamp,3.24582182,3,2.47447114,2,2.345046026,2,2.425760146,2
_97_6398110.jpg,data\raw\slit_lamp\dataset_01\cataract\_97_6398110.jpg,slit_lamp,1.816371667,2,1.467206575,1,2.360701407,2,2.226176353,2
_97_761368.jpg,data\raw\slit_lamp\dataset_01\cataract\_97_761368.jpg,slit_lamp,1.784512979,2,1.442560564,1,2.349447922,2,2.234010192,2
_98_9687825.jpg,data\raw\slit_lamp\dataset_01\cataract\_98_9687825.jpg,slit_lamp,1.597469726,2,1.225920965,1,2.347491406,2,2.135606588,2
_99_746342.jpg,data\raw\slit_lamp\dataset_01\cataract\_99_746342.jpg,slit_lamp,2.673626566,3,1.861063928,2,2.353850756,2,2.283206471,2
_9_1244013.jpg,data\raw\slit_lamp\dataset_01\cataract\_9_1244013.jpg,slit_lamp,2.274332136,2,1.653501304,2,2.336733985,2,2.261727033,2
1034_left.jpg,data\raw\slit_lamp\dataset_01\normal\1034_left.jpg,slit_lamp,2.879444614,3,2.231598599,2,2.1731835,2,2.525705827,3
1034_right.jpg,data\raw\slit_lamp\dataset_01\normal\1034_right.jpg,slit_lamp,2.886888298,3,2.244093013,2,2.12877894,2,2.542497194,3
1060_left.jpg,data\raw\slit_lamp\dataset_01\normal\1060_left.jpg,slit_lamp,1.533199871,2,2.228036459,2,2.381143088,2,2.505870276,3
1060_right.jpg,data\raw\slit_lamp\dataset_01\normal\1060_right.jpg,slit_lamp,1.647332281,2,2.241591576,2,2.358132161,2,2.44690106,2
1253_left.jpg,data\raw\slit_lamp\dataset_01\normal\1253_left.jpg,slit_lamp,1.686802334,2,1.985561489,2,2.154865083,2,1.865174769,2
1253_right.jpg,data\raw\slit_lamp\dataset_01\normal\1253_right.jpg,slit_lamp,2.571402308,3,2.252766978,2,2.200485648,2,2.326998182,2
2329_left.jpg,data\raw\slit_lamp\dataset_01\normal\2329_left.jpg,slit_lamp,2.91421958,3,2.640092246,3,2.124339143,2,2.869936341,3
2329_right.jpg,data\raw\slit_lamp\dataset_01\normal\2329_right.jpg,slit_lamp,2.034501801,2,2.117703208,2,2.123979265,2,2.561074783,3
2331_left.jpg,data\raw\slit_lamp\dataset_01\normal\2331_left.jpg,slit_lamp,2.643668014,3,2.154155697,2,2.125658831,2,2.618614807,3
2331_right.jpg,data\raw\slit_lamp\dataset_01\normal\2331_right.jpg,slit_lamp,1.870213198,2,1.916076331,2,2.120261464,2,2.476290526,2
2332_left.jpg,data\raw\slit_lamp\dataset_01\normal\2332_left.jpg,slit_lamp,2.250435215,2,2.368481381,2,2.121100818,2,2.409770583,2
2332_right.jpg,data\raw\slit_lamp\dataset_01\normal\2332_right.jpg,slit_lamp,2.289510031,2,2.223716953,2,2.122779788,2,2.605745082,3
2334_left.jpg,data\raw\slit_lamp\dataset_01\normal\2334_left.jpg,slit_lamp,2.418338679,2,2.106354252,2,2.196010682,2,2.370558972,2
2334_right.jpg,data\raw\slit_lamp\dataset_01\normal\2334_right.jpg,slit_lamp,2.343142171,2,1.997451925,2,2.206778078,2,2.373204767,2
2335_left.jpg,data\raw\slit_lamp\dataset_01\normal\2335_left.jpg,slit_lamp,2.761442807,3,2.66241025,3,2.236231766,2,2.508234478,3
2335_right.jpg,data\raw\slit_lamp\dataset_01\normal\2335_right.jpg,slit_lamp,2.601541045,3,2.480009396,2,2.117863794,2,2.356059792,2
2341_left.jpg,data\raw\slit_lamp\dataset_01\normal\2341_left.jpg,slit_lamp,2.531059299,3,2.311690593,2,2.072330514,2,3.021757097,3
2341_right.jpg,data\raw\slit_lamp\dataset_01\normal\2341_right.jpg,slit_lamp,2.249725405,2,2.047988238,2,2.074356207,2,3.088926787,3
2345_left.jpg,data\raw\slit_lamp\dataset_01\normal\2345_left.jpg,slit_lamp,2.643855173,3,2.12189376,2,2.164863353,2,2.602807902,3
2345_right.jpg,data\raw\slit_lamp\dataset_01\normal\2345_right.jpg,slit_lamp,2.658875248,3,2.107699886,2,2.15474469,2,2.483195299,2
2346_left.jpg,data\raw\slit_lamp\dataset_01\normal\2346_left.jpg,slit_lamp,2.693333995,3,1.798422113,2,2.114628082,2,2.462251702,2
2346_right.jpg,data\raw\slit_lamp\dataset_01\normal\2346_right.jpg,slit_lamp,2.52250187,3,1.823213868,2,2.065899806,2,2.950294395,3
2349_left.jpg,data\raw\slit_lamp\dataset_01\normal\2349_left.jpg,slit_lamp,2.674011112,3,1.975751536,2,2.12265985,2,2.493443453,2
2349_right.jpg,data\raw\slit_lamp\dataset_01\normal\2349_right.jpg,slit_lamp,2.838384473,3,2.145680291,2,2.123259557,2,2.558018838,3
2351_left.jpg,data\raw\slit_lamp\dataset_01\normal\2351_left.jpg,slit_lamp,2.351928453,2,4.081511807,4,2.00582232,2,3.018255662,3
2351_right.jpg,data\raw\slit_lamp\dataset_01\normal\2351_right.jpg,slit_lamp,2.429386874,2,4.148759533,4,2.075309674,2,2.893793576,3
2353_left.jpg,data\raw\slit_lamp\dataset_01\normal\2353_left.jpg,slit_lamp,2.973816664,3,2.367748279,2,2.123379504,2,2.639090308,3
2353_right.jpg,data\raw\slit_lamp\dataset_01\normal\2353_right.jpg,slit_lamp,2.910509271,3,2.394981874,2,2.143194627,2,2.64536638,3
2354_left.jpg,data\raw\slit_lamp\dataset_01\normal\2354_left.jpg,slit_lamp,2.873193704,3,2.497664768,2,2.135863562,2,2.710075621,3
2354_right.jpg,data\raw\slit_lamp\dataset_01\normal\2354_right.jpg,slit_lamp,3.07234609,3,2.619780212,3,2.14199238,2,2.597303961,3
2355_left.jpg,data\raw\slit_lamp\dataset_01\normal\2355_left.jpg,slit_lamp,2.776230199,3,1.867039062,2,2.108998706,2,2.040899096,2
2355_right.jpg,data\raw\slit_lamp\dataset_01\normal\2355_right.jpg,slit_lamp,2.751423161,3,1.87784264,2,2.103373391,2,2.028148024,2
2356_left.jpg,data\raw\slit_lamp\dataset_01\normal\2356_left.jpg,slit_lamp,3.039550215,3,2.146325904,2,2.08449326,2,2.535448267,3
2356_right.jpg,data\raw\slit_lamp\dataset_01\normal\2356_right.jpg,slit_lamp,2.346506783,2,1.98074453,2,2.241694541,2,2.536218798,3
2359_left.jpg,data\raw\slit_lamp\dataset_01\normal\2359_left.jpg,slit_lamp,2.857862172,3,2.245045962,2,2.122180116,2,2.520088919,3
2359_right.jpg,data\raw\slit_lamp\dataset_01\normal\2359_right.jpg,slit_lamp,2.978273865,3,2.339164683,2,2.123619403,2,2.417026652,2
2362_left.jpg,data\raw\slit_lamp\dataset_01\normal\2362_left.jpg,slit_lamp,3.255723387,3,3.297510478,3,2.135983692,2,2.855674922,3
2362_right.jpg,data\raw\slit_lamp\dataset_01\normal\2362_right.jpg,slit_lamp,3.198476335,3,3.096389839,3,2.192262905,2,2.596443786,3
2363_left.jpg,data\raw\slit_lamp\dataset_01\normal\2363_left.jpg,slit_lamp,2.976206617,3,2.661344371,3,2.155467073,2,2.703515502,3
2363_right.jpg,data\raw\slit_lamp\dataset_01\normal\2363_right.jpg,slit_lamp,2.844298662,3,2.607397608,3,2.124219182,2,2.350399917,2
2365_left.jpg,data\raw\slit_lamp\dataset_01\normal\2365_left.jpg,slit_lamp,2.622384881,3,4.86688412,5,2.19238378,2,2.686659523,3
2365_right.jpg,data\raw\slit_lamp\dataset_01\normal\2365_right.jpg,slit_lamp,2.713087214,3,4.970817639,5,2.136704509,2,2.77127992,3
2366_left.jpg,data\raw\slit_lamp\dataset_01\normal\2366_left.jpg,slit_lamp,2.49430006,2,2.056016181,2,2.128418867,2,2.519163646,3
2366_right.jpg,data\raw\slit_lamp\dataset_01\normal\2366_right.jpg,slit_lamp,2.24865707,2,1.993756692,2,2.121580488,2,2.46294982,2
2367_left.jpg,data\raw\slit_lamp\dataset_01\normal\2367_left.jpg,slit_lamp,1.654202013,2,1.87134772,2,2.118343271,2,2.176943012,2
2367_right.jpg,data\raw\slit_lamp\dataset_01\normal\2367_right.jpg,slit_lamp,1.802545921,2,1.842055185,2,2.123499453,2,2.328929528,2
2368_left.jpg,data\raw\slit_lamp\dataset_01\normal\2368_left.jpg,slit_lamp,3.310298817,3,3.975167692,4,1.940383919,2,3.026682199,3
2368_right.jpg,data\raw\slit_lamp\dataset_01\normal\2368_right.jpg,slit_lamp,3.326403824,3,4.157054155,4,1.9570813,2,3.134849628,3
2369_left.jpg,data\raw\slit_lamp\dataset_01\normal\2369_left.jpg,slit_lamp,3.126017365,3,2.737062806,3,2.122899727,2,2.686799257,3
2369_right.jpg,data\raw\slit_lamp\dataset_01\normal\2369_right.jpg,slit_lamp,2.818688387,3,2.745514678,3,2.100502474,2,2.340311192,2
2371_left.jpg,data\raw\slit_lamp\dataset_01\normal\2371_left.jpg,slit_lamp,2.792323826,3,2.242717088,2,2.133941713,2,2.467631923,2
2371_right.jpg,data\raw\slit_lamp\dataset_01\normal\2371_right.jpg,slit_lamp,2.619731879,3,2.244476081,2,2.122539913,2,2.365511633,2
2372_left.jpg,data\raw\slit_lamp\dataset_01\normal\2372_left.jpg,slit_lamp,2.58267158,3,2.734542564,3,2.12457907,2,2.575029086,3
2372_right.jpg,data\raw\slit_lamp\dataset_01\normal\2372_right.jpg,slit_lamp,2.960413872,3,3.029146525,3,2.152216811,2,2.450738518,2
2377_left.jpg,data\raw\slit_lamp\dataset_01\normal\2377_left.jpg,slit_lamp,2.934118131,3,2.520647324,3,2.070543617,2,2.931214041,3
2378_left.jpg,data\raw\slit_lamp\dataset_01\normal\2378_left.jpg,slit_lamp,2.669361269,3,2.484974462,2,2.126018783,2,2.483302012,2
2378_right.jpg,data\raw\slit_lamp\dataset_01\normal\2378_right.jpg,slit_lamp,2.423995127,2,2.329354367,2,2.126258759,2,2.51511376,3
2380_left.jpg,data\raw\slit_lamp\dataset_01\normal\2380_left.jpg,slit_lamp,1.759391561,2,1.958846533,2,2.121340649,2,2.507207739,3
2380_right.jpg,data\raw\slit_lamp\dataset_01\normal\2380_right.jpg,slit_lamp,2.499005554,2,3.696476673,4,2.213195393,2,2.7102202,3
2382_left.jpg,data\raw\slit_lamp\dataset_01\normal\2382_left.jpg,slit_lamp,3.217836906,3,2.683004169,3,2.088193821,2,2.760029225,3
2382_right.jpg,data\raw\slit_lamp\dataset_01\normal\2382_right.jpg,slit_lamp,3.151910958,3,2.550098667,3,2.068757173,2,2.778249717,3
2383_left.jpg,data\raw\slit_lamp\dataset_01\normal\2383_left.jpg,slit_lamp,2.98894502,3,2.843890673,3,2.116665229,2,2.857069487,3
2383_right.jpg,data\raw\slit_lamp\dataset_01\normal\2383_right.jpg,slit_lamp,3.076493977,3,2.745579387,3,2.119781873,2,2.953312713,3
2384_left.jpg,data\raw\slit_lamp\dataset_01\normal\2384_left.jpg,slit_lamp,2.491239266,2,4.941923101,5,2.11223211,2,2.869217919,3
2384_right.jpg,data\raw\slit_lamp\dataset_01\normal\2384_right.jpg,slit_lamp,2.666852022,3,4.468520693,4,2.062210773,2,3.264133515,3
2386_left.jpg,data\raw\slit_lamp\dataset_01\normal\2386_left.jpg,slit_lamp,2.445174142,2,3.011852377,3,2.125658831,2,2.606175329,3
2386_right.jpg,data\raw\slit_lamp\dataset_01\normal\2386_right.jpg,slit_lamp,2.414435433,2,3.038783787,3,2.138026168,2,2.790911796,3
2388_left.jpg,data\raw\slit_lamp\dataset_01\normal\2388_left.jpg,slit_lamp,3.175707474,3,3.314719373,3,2.12853889,2,2.957435151,3
2388_right.jpg,data\raw\slit_lamp\dataset_01\normal\2388_right.jpg,slit_lamp,2.903365983,3,2.88000909,3,2.125298894,2,2.842389327,3
2389_left.jpg,data\raw\slit_lamp\dataset_01\normal\2389_left.jpg,slit_lamp,2.089517443,2,2.078185906,2,2.236595872,2,2.278102177,2
2389_right.jpg,data\raw\slit_lamp\dataset_01\normal\2389_right.jpg,slit_lamp,2.162587109,2,2.088953429,2,2.230043701,2,2.328919434,2
2393_left.jpg,data\raw\slit_lamp\dataset_01\normal\2393_left.jpg,slit_lamp,2.236872674,2,2.17613355,2,2.123139612,2,2.208909724,2
2393_right.jpg,data\raw\slit_lamp\dataset_01\normal\2393_right.jpg,slit_lamp,3.024892124,3,2.818076689,3,2.123619403,2,2.440795827,2
2394_left.jpg,data\raw\slit_lamp\dataset_01\normal\2394_left.jpg,slit_lamp,1.402315814,1,1.445894442,1,2.120261464,2,2.149001612,2
2394_right.jpg,data\raw\slit_lamp\dataset_01\normal\2394_right.jpg,slit_lamp,1.736513531,2,1.512202735,2,2.120621177,2,2.155277019,2
2395_left.jpg,data\raw\slit_lamp\dataset_01\normal\2395_left.jpg,slit_lamp,2.406453424,2,4.523668514,5,2.120501271,2,2.675608899,3
2395_right.jpg,data\raw\slit_lamp\dataset_01\normal\2395_right.jpg,slit_lamp,2.382746451,2,4.71524247,5,2.132500616,2,2.694686756,3
2396_left.jpg,data\raw\slit_lamp\dataset_01\normal\2396_left.jpg,slit_lamp,2.242578226,2,1.922548837,2,2.11211233,2,2.497949468,2
2396_right.jpg,data\raw\slit_lamp\dataset_01\normal\2396_right.jpg,slit_lamp,2.283387736,2,2.023726994,2,2.110914636,2,2.493070687,2
2397_left.jpg,data\raw\slit_lamp\dataset_01\normal\2397_left.jpg,slit_lamp,2.725975792,3,2.473394732,2,2.119182424,2,2.615492448,3
2397_right.jpg,data\raw\slit_lamp\dataset_01\normal\2397_right.jpg,slit_lamp,2.465558506,2,2.326237039,2,2.155707881,2,2.237925819,2
2399_left.jpg,data\raw\slit_lamp\dataset_01\normal\2399_left.jpg,slit_lamp,2.905985993,3,2.51431526,3,2.125778813,2,2.706184737,3
2399_right.jpg,data\raw\slit_lamp\dataset_01\normal\2399_right.jpg,slit_lamp,2.745451913,3,2.472443724,2,2.129139029,2,2.487166581,2
2400_right.jpg,data\raw\slit_lamp\dataset_01\normal\2400_right.jpg,slit_lamp,3.161392934,3,3.55746687,4,2.17052989,2,2.566220645,3
2403_left.jpg,data\raw\slit_lamp\dataset_01\normal\2403_left.jpg,slit_lamp,2.938415268,3,2.722630064,3,2.123979265,2,2.669098203,3
2403_right.jpg,data\raw\slit_lamp\dataset_01\normal\2403_right.jpg,slit_lamp,2.795582316,3,2.425259499,2,2.141150908,2,2.654023276,3
2408_left.jpg,data\raw\slit_lamp\dataset_01\normal\2408_left.jpg,slit_lamp,3.033276964,3,2.71856832,3,2.173666055,2,2.706091632,3
2408_right.jpg,data\raw\slit_lamp\dataset_01\normal\2408_right.jpg,slit_lamp,2.788754607,3,2.608194621,3,2.24533778,2,2.165086643,2
2410_left.jpg,data\raw\slit_lamp\dataset_01\normal\2410_left.jpg,slit_lamp,2.987326254,3,3.421591474,3,2.117983661,2,2.748911829,3
2410_right.jpg,data\raw\slit_lamp\dataset_01\normal\2410_right.jpg,slit_lamp,3.051116387,3,3.68834243,4,2.059118259,2,2.631837717,3
2415_left.jpg,data\raw\slit_lamp\dataset_01\normal\2415_left.jpg,slit_lamp,1.752121391,2,4.770081774,5,2.104689587,2,2.708020665,3
2415_right.jpg,data\raw\slit_lamp\dataset_01\normal\2415_right.jpg,slit_lamp,1.82174286,2,4.835631337,5,2.112950825,2,2.444236839,2
2418_left.jpg,data\raw\slit_lamp\dataset_01\normal\2418_left.jpg,slit_lamp,1.135732425,1,4.808831971,5,2.549927583,3,2.386013705,2
2418_right.jpg,data\raw\slit_lamp\dataset_01\normal\2418_right.jpg,slit_lamp,1.216141962,1,4.755093486,5,2.491145083,2,2.361849667,2
2419_left.jpg,data\raw\slit_lamp\dataset_01\normal\2419_left.jpg,slit_lamp,3.191729391,3,2.841115589,3,2.125418871,2,2.912626445,3
2419_right.jpg,data\raw\slit_lamp\dataset_01\normal\2419_right.jpg,slit_lamp,3.154323709,3,2.702209679,3,2.124339143,2,2.740585907,3
2421_left.jpg,data\raw\slit_lamp\dataset_01\normal\2421_left.jpg,slit_lamp,1.92042632,2,1.927519153,2,2.183805375,2,2.286901281,2
2421_right.jpg,data\raw\slit_lamp\dataset_01\normal\2421_right.jpg,slit_lamp,2.174536783,2,2.11989296,2,2.23052892,2,2.373327935,2
2422_left.jpg,data\raw\slit_lamp\dataset_01\normal\2422_left.jpg,slit_lamp,2.667645037,3,2.498131153,2,2.144878055,2,2.626092325,3
2422_right.jpg,data\raw\slit_lamp\dataset_01\normal\2422_right.jpg,slit_lamp,2.694676287,3,2.400047836,2,2.123619403,2,2.617728913,3
2423_left.jpg,data\raw\slit_lamp\dataset_01\normal\2423_left.jpg,slit_lamp,3.122894878,3,2.69084033,3,2.155105874,2,2.725981666,3
2423_right.jpg,data\raw\slit_lamp\dataset_01\normal\2423_right.jpg,slit_lamp,3.056149782,3,2.745983791,3,2.172218464,2,2.642575177,3
2426_left.jpg,data\raw\slit_lamp\dataset_01\normal\2426_left.jpg,slit_lamp,1.064013636,1,4.934610069,5,2.275373933,2,2.295784443,2
2426_right.jpg,data\raw\slit_lamp\dataset_01\normal\2426_right.jpg,slit_lamp,1.074616019,1,4.427238387,4,2.276469657,2,2.297676655,2
2427_left.jpg,data\raw\slit_lamp\dataset_01\normal\2427_left.jpg,slit_lamp,2.82490258,3,2.160758921,2,2.121820334,2,2.584524382,3
2427_right.jpg,data\raw\slit_lamp\dataset_01\normal\2427_right.jpg,slit_lamp,2.470996423,2,2.052155803,2,2.141872165,2,2.494432541,2
2428_left.jpg,data\raw\slit_lamp\dataset_01\normal\2428_left.jpg,slit_lamp,3.063218448,3,2.77695626,3,2.118822776,2,3.012852733,3
2432_left.jpg,data\raw\slit_lamp\dataset_01\normal\2432_left.jpg,slit_lamp,2.862051721,3,2.439479305,2,2.1846508,2,2.69299061,3
2432_right.jpg,data\raw\slit_lamp\dataset_01\normal\2432_right.jpg,slit_lamp,2.866523113,3,2.450033258,2,2.171253527,2,2.701354582,3
2435_left.jpg,data\raw\slit_lamp\dataset_01\normal\2435_left.jpg,slit_lamp,3.05482268,3,2.411813781,2,2.21077331,2,2.513544511,3
2435_right.jpg,data\raw\slit_lamp\dataset_01\normal\2435_right.jpg,slit_lamp,2.638117325,3,2.055743309,2,2.230043701,2,2.38296288,2
2437_left.jpg,data\raw\slit_lamp\dataset_01\normal\2437_left.jpg,slit_lamp,2.799173448,3,2.679660139,3,2.078886306,2,2.169818286,2
2437_right.jpg,data\raw\slit_lamp\dataset_01\normal\2437_right.jpg,slit_lamp,3.016101494,3,3.384831693,3,2.126258759,2,2.79766557,3
2438_left.jpg,data\raw\slit_lamp\dataset_01\normal\2438_left.jpg,slit_lamp,2.211064836,2,1.988386405,2,2.098469562,2,2.973586816,3
2438_right.jpg,data\raw\slit_lamp\dataset_01\normal\2438_right.jpg,slit_lamp,2.307029,2,1.97730047,2,2.073760355,2,3.001871,3
2441_left.jpg,data\raw\slit_lamp\dataset_01\normal\2441_left.jpg,slit_lamp,1.784937528,2,1.649760088,2,2.131540023,2,2.219386643,2
2441_right.jpg,data\raw\slit_lamp\dataset_01\normal\2441_right.jpg,slit_lamp,0.999122006,1,1.438515847,1,2.120261464,2,1.984120743,2
2443_left.jpg,data\raw\slit_lamp\dataset_01\normal\2443_left.jpg,slit_lamp,2.870102378,3,2.395660993,2,2.156791595,2,2.637054994,3
2443_right.jpg,data\raw\slit_lamp\dataset_01\normal\2443_right.jpg,slit_lamp,2.852192358,3,2.39304033,2,2.155467073,2,2.544587519,3
2444_left.jpg,data\raw\slit_lamp\dataset_01\normal\2444_left.jpg,slit_lamp,2.981610551,3,2.886975212,3,2.130099343,2,2.745908317,3
2444_right.jpg,data\raw\slit_lamp\dataset_01\normal\2444_right.jpg,slit_lamp,3.110250052,3,2.773821169,3,2.131900233,2,2.856954932,3
2446_left.jpg,data\raw\slit_lamp\dataset_01\normal\2446_left.jpg,slit_lamp,2.862768003,3,2.346859126,2,2.140189327,2,2.535446205,3
2446_right.jpg,data\raw\slit_lamp\dataset_01\normal\2446_right.jpg,slit_lamp,2.877312267,3,2.388391399,2,2.148486507,2,2.457150595,2
2448_left.jpg,data\raw\slit_lamp\dataset_01\normal\2448_left.jpg,slit_lamp,3.19770911,3,4.471029061,4,2.028981402,2,2.962066694,3
2456_left.jpg,data\raw\slit_lamp\dataset_01\normal\2456_left.jpg,slit_lamp,3.200992501,3,3.301567707,3,2.120860994,2,3.083371866,3
2456_right.jpg,data\raw\slit_lamp\dataset_01\normal\2456_right.jpg,slit_lamp,3.041269881,3,3.004515188,3,2.118942657,2,3.00517496,3
2463_left.jpg,data\raw\slit_lamp\dataset_01\normal\2463_left.jpg,slit_lamp,2.939515917,3,3.342734054,3,2.20544667,2,2.776760125,3
2463_right.jpg,data\raw\slit_lamp\dataset_01\normal\2463_right.jpg,slit_lamp,2.971659352,3,3.783199392,4,2.203389373,2,2.792750882,3
2465_left.jpg,data\raw\slit_lamp\dataset_01\normal\2465_left.jpg,slit_lamp,2.307402831,2,2.252353065,2,2.117264489,2,2.588691466,3
2465_right.jpg,data\raw\slit_lamp\dataset_01\normal\2465_right.jpg,slit_lamp,2.398107314,2,2.325445816,2,2.17595853,2,2.217231082,2
2466_left.jpg,data\raw\slit_lamp\dataset_01\normal\2466_left.jpg,slit_lamp,2.969068275,3,3.285197323,3,2.160525393,2,2.413197239,2
2466_right.jpg,data\raw\slit_lamp\dataset_01\normal\2466_right.jpg,slit_lamp,2.803084444,3,3.437962406,3,2.224222695,2,2.520878122,3
2469_left.jpg,data\raw\slit_lamp\dataset_01\normal\2469_left.jpg,slit_lamp,2.166200878,2,1.839195073,2,2.122779788,2,2.502939576,3
2469_right.jpg,data\raw\slit_lamp\dataset_01\normal\2469_right.jpg,slit_lamp,2.180212253,2,1.875998311,2,2.124938974,2,2.495230788,2
2470_left.jpg,data\raw\slit_lamp\dataset_01\normal\2470_left.jpg,slit_lamp,2.311080265,2,1.958522611,2,2.184892364,2,2.344122221,2
2470_right.jpg,data\raw\slit_lamp\dataset_01\normal\2470_right.jpg,slit_lamp,2.296728755,2,1.988779475,2,2.175475857,2,2.322118643,2
2475_left.jpg,data\raw\slit_lamp\dataset_01\normal\2475_left.jpg,slit_lamp,3.034485928,3,2.787129432,3,2.139708577,2,2.930465265,3
2475_right.jpg,data\raw\slit_lamp\dataset_01\normal\2475_right.jpg,slit_lamp,2.839764541,3,2.694232722,3,2.135022699,2,2.91982849,3
2477_left.jpg,data\raw\slit_lamp\dataset_01\normal\2477_left.jpg,slit_lamp,2.089252085,2,2.358964571,2,2.13045949,2,2.574652695,3
2478_left.jpg,data\raw\slit_lamp\dataset_01\normal\2478_left.jpg,slit_lamp,2.748221102,3,2.674219882,3,2.129499134,2,2.794066323,3
2481_left.jpg,data\raw\slit_lamp\dataset_01\normal\2481_left.jpg,slit_lamp,1.061848885,1,1.811736293,2,2.119901768,2,2.315466576,2
2481_right.jpg,data\raw\slit_lamp\dataset_01\normal\2481_right.jpg,slit_lamp,1.89678063,2,1.981668308,2,2.120741084,2,2.52267785,3
2482_left.jpg,data\raw\slit_lamp\dataset_01\normal\2482_left.jpg,slit_lamp,1.873716129,2,1.470646879,1,2.235382228,2,2.060919196,2
2482_right.jpg,data\raw\slit_lamp\dataset_01\normal\2482_right.jpg,slit_lamp,2.1176734,2,1.550278145,2,2.343456687,2,2.032389328,2
2483_left.jpg,data\raw\slit_lamp\dataset_01\normal\2483_left.jpg,slit_lamp,1.920391527,2,1.964938348,2,2.40687049,2,2.156285532,2
2483_right.jpg,data\raw\slit_lamp\dataset_01\normal\2483_right.jpg,slit_lamp,1.759166564,2,1.928736787,2,2.315359806,2,2.12198978,2
2484_left.jpg,data\raw\slit_lamp\dataset_01\normal\2484_left.jpg,slit_lamp,2.338520337,2,2.570346566,3,2.124938974,2,2.601166629,3
2484_right.jpg,data\raw\slit_lamp\dataset_01\normal\2484_right.jpg,slit_lamp,2.473474758,2,2.434863688,2,2.123619403,2,2.569510438,3
2485_left.jpg,data\raw\slit_lamp\dataset_01\normal\2485_left.jpg,slit_lamp,2.882654011,3,2.330149202,2,2.120021665,2,2.666682159,3
2485_right.jpg,data\raw\slit_lamp\dataset_01\normal\2485_right.jpg,slit_lamp,2.914895612,3,2.393985015,2,2.168721044,2,2.640521685,3
2486_left.jpg,data\raw\slit_lamp\dataset_01\normal\2486_left.jpg,slit_lamp,2.159425363,2,1.983332635,2,2.121220733,2,2.499420562,2
2486_right.jpg,data\raw\slit_lamp\dataset_01\normal\2486_right.jpg,slit_lamp,2.12293741,2,1.971728201,2,2.12170041,2,2.202812636,2
2488_left.jpg,data\raw\slit_lamp\dataset_01\normal\2488_left.jpg,slit_lamp,3.186934828,3,2.980292916,3,1.99863241,2,2.755120365,3
2488_right.jpg,data\raw\slit_lamp\dataset_01\normal\2488_right.jpg,slit_lamp,3.259501679,3,2.74515514,3,2.076740113,2,2.663733863,3
2489_left.jpg,data\raw\slit_lamp\dataset_01\normal\2489_left.jpg,slit_lamp,2.764352975,3,2.385388459,2,2.142593482,2,2.706343924,3
2489_right.jpg,data\raw\slit_lamp\dataset_01\normal\2489_right.jpg,slit_lamp,2.715055114,3,2.146088446,2,2.124459105,2,2.566075233,3
2493_left.jpg,data\raw\slit_lamp\dataset_01\normal\2493_left.jpg,slit_lamp,2.848082061,3,2.154198452,2,2.154985478,2,2.601716434,3
2493_right.jpg,data\raw\slit_lamp\dataset_01\normal\2493_right.jpg,slit_lamp,2.867679468,3,2.188568168,2,2.167877036,2,2.603044897,3
2496_right.jpg,data\raw\slit_lamp\dataset_01\normal\2496_right.jpg,slit_lamp,3.06614941,3,2.567587223,3,2.189724886,2,2.679779204,3
2499_left.jpg,data\raw\slit_lamp\dataset_01\normal\2499_left.jpg,slit_lamp,2.258265615,2,2.205288846,2,2.121460568,2,2.609412339,3
2499_right.jpg,data\raw\slit_lamp\dataset_01\normal\2499_right.jpg,slit_lamp,1.730892287,2,1.965537632,2,2.120261464,2,2.272010952,2
2500_left.jpg,data\raw\slit_lamp\dataset_01\normal\2500_left.jpg,slit_lamp,2.369109787,2,2.056246683,2,2.120141564,2,2.601952168,3
2500_right.jpg,data\raw\slit_lamp\dataset_01\normal\2500_right.jpg,slit_lamp,2.062667401,2,2.019838316,2,2.119901768,2,2.475806074,2
2501_left.jpg,data\raw\slit_lamp\dataset_01\normal\2501_left.jpg,slit_lamp,2.780997688,3,2.073287769,2,2.072926246,2,2.89709119,3
2501_right.jpg,data\raw\slit_lamp\dataset_01\normal\2501_right.jpg,slit_lamp,2.589482595,3,2.094787826,2,2.070781844,2,3.012434596,3
2504_left.jpg,data\raw\slit_lamp\dataset_01\normal\2504_left.jpg,slit_lamp,3.077016073,3,2.589787449,3,2.206535991,2,2.669078564,3
2504_right.jpg,data\raw\slit_lamp\dataset_01\normal\2504_right.jpg,slit_lamp,3.059868785,3,2.467694964,2,2.142232816,2,2.663779404,3
2506_left.jpg,data\raw\slit_lamp\dataset_01\normal\2506_left.jpg,slit_lamp,2.878375243,3,4.397584139,4,2.148245897,2,2.738648016,3
2506_right.jpg,data\raw\slit_lamp\dataset_01\normal\2506_right.jpg,slit_lamp,1.633682754,2,3.782781575,4,2.426117999,2,2.262443377,2
2507_left.jpg,data\raw\slit_lamp\dataset_01\normal\2507_left.jpg,slit_lamp,3.078999458,3,2.898129397,3,2.199034093,2,2.87212441,3
2507_right.jpg,data\raw\slit_lamp\dataset_01\normal\2507_right.jpg,slit_lamp,3.116134029,3,2.895464952,3,2.157995877,2,2.937932185,3
2508_left.jpg,data\raw\slit_lamp\dataset_01\normal\2508_left.jpg,slit_lamp,2.94436588,3,2.170140711,2,2.067447402,2,3.032018361,3
2508_right.jpg,data\raw\slit_lamp\dataset_01\normal\2508_right.jpg,slit_lamp,2.899007956,3,2.139143898,2,2.066614039,2,2.945160539,3
2510_left.jpg,data\raw\slit_lamp\dataset_01\normal\2510_left.jpg,slit_lamp,1.854016333,2,2.078298326,2,2.074475384,2,2.93795929,3
2510_right.jpg,data\raw\slit_lamp\dataset_01\normal\2510_right.jpg,slit_lamp,2.085896125,2,2.116948029,2,2.074356207,2,3.088205385,3
2512_left.jpg,data\raw\slit_lamp\dataset_01\normal\2512_left.jpg,slit_lamp,2.071263595,2,3.220390411,3,2.035376909,2,2.848665269,3
2512_right.jpg,data\raw\slit_lamp\dataset_01\normal\2512_right.jpg,slit_lamp,2.514441569,3,3.329472987,3,2.03774722,2,2.700494089,3
2515_left.jpg,data\raw\slit_lamp\dataset_01\normal\2515_left.jpg,slit_lamp,2.666300397,3,2.400755511,2,2.118343271,2,2.774242448,3
2517_left.jpg,data\raw\slit_lamp\dataset_01\normal\2517_left.jpg,slit_lamp,3.002364063,3,3.003767552,3,2.116665229,2,2.92851484,3
2517_right.jpg,data\raw\slit_lamp\dataset_01\normal\2517_right.jpg,slit_lamp,3.14755435,3,2.97529255,3,2.120141564,2,3.057861251,3
2518_left.jpg,data\raw\slit_lamp\dataset_01\normal\2518_left.jpg,slit_lamp,3.057245664,3,2.495252172,2,2.188999856,2,2.639882187,3
2518_right.jpg,data\raw\slit_lamp\dataset_01\normal\2518_right.jpg,slit_lamp,3.023603613,3,2.476748611,2,2.170650493,2,2.438393984,2
2519_left.jpg,data\raw\slit_lamp\dataset_01\normal\2519_left.jpg,slit_lamp,2.968408305,3,2.476142462,2,2.223374049,2,2.578035661,3
2519_right.jpg,data\raw\slit_lamp\dataset_01\normal\2519_right.jpg,slit_lamp,2.345399663,2,2.416271727,2,2.10672415,2,2.384501597,2
2521_left.jpg,data\raw\slit_lamp\dataset_01\normal\2521_left.jpg,slit_lamp,3.038391321,3,3.016420469,3,2.119901768,2,2.918551213,3
2521_right.jpg,data\raw\slit_lamp\dataset_01\normal\2521_right.jpg,slit_lamp,3.07079495,3,3.0354015,3,2.120621177,2,2.991915398,3
2523_left.jpg,data\raw\slit_lamp\dataset_01\normal\2523_left.jpg,slit_lamp,1.363695718,1,3.25806874,3,2.11966198,2,2.47615544,2
2523_right.jpg,data\raw\slit_lamp\dataset_01\normal\2523_right.jpg,slit_lamp,2.320252374,2,4.764011032,5,2.130099343,2,2.744011271,3
2524_left.jpg,data\raw\slit_lamp\dataset_01\normal\2524_left.jpg,slit_lamp,2.77489025,3,2.408509902,2,2.131540023,2,2.700485972,3
2524_right.jpg,data\raw\slit_lamp\dataset_01\normal\2524_right.jpg,slit_lamp,2.780171539,3,2.464363323,2,2.14547936,2,2.661378658,3
2525_left.jpg,data\raw\slit_lamp\dataset_01\normal\2525_left.jpg,slit_lamp,2.131942976,2,1.851691137,2,2.073760355,2,2.999371048,3
2525_right.jpg,data\raw\slit_lamp\dataset_01\normal\2525_right.jpg,slit_lamp,2.038771066,2,1.751459109,2,2.07066273,2,2.991528392,3
2527_left.jpg,data\raw\slit_lamp\dataset_01\normal\2527_left.jpg,slit_lamp,2.646787073,3,2.670151785,3,2.100382876,2,2.349613127,2
2527_right.jpg,data\raw\slit_lamp\dataset_01\normal\2527_right.jpg,slit_lamp,2.954944316,3,2.911525941,3,2.089746223,2,2.609487615,3
2529_left.jpg,data\raw\slit_lamp\dataset_01\normal\2529_left.jpg,slit_lamp,2.962976857,3,2.231599565,2,2.181511019,2,2.36288264,2
2529_right.jpg,data\raw\slit_lamp\dataset_01\normal\2529_right.jpg,slit_lamp,2.821393542,3,1.982001175,2,2.123259557,2,2.403213205,2
2531_left.jpg,data\raw\slit_lamp\dataset_01\normal\2531_left.jpg,slit_lamp,2.907164654,3,2.669836556,3,2.175837859,2,2.760492532,3
2531_right.jpg,data\raw\slit_lamp\dataset_01\normal\2531_right.jpg,slit_lamp,3.05076359,3,2.925841901,3,2.135022699,2,2.964510386,3
2533_left.jpg,data\raw\slit_lamp\dataset_01\normal\2533_left.jpg,slit_lamp,2.973813075,3,4.855250512,5,2.125418871,2,2.940020536,3
2533_right.jpg,data\raw\slit_lamp\dataset_01\normal\2533_right.jpg,slit_lamp,2.922640179,3,4.91861754,5,2.136103824,2,2.847812656,3
2535_left.jpg,data\raw\slit_lamp\dataset_01\normal\2535_left.jpg,slit_lamp,2.743100083,3,2.69733094,3,2.121820334,2,2.381864971,2
2535_right.jpg,data\raw\slit_lamp\dataset_01\normal\2535_right.jpg,slit_lamp,2.971732223,3,2.76059914,3,2.117983661,2,2.634361215,3
2538_left.jpg,data\raw\slit_lamp\dataset_01\normal\2538_left.jpg,slit_lamp,2.973642016,3,2.372051634,2,2.12265985,2,2.576741294,3
2538_right.jpg,data\raw\slit_lamp\dataset_01\normal\2538_right.jpg,slit_lamp,2.984886312,3,2.448015999,2,2.159320773,2,2.567715208,3
2540_left.jpg,data\raw\slit_lamp\dataset_01\normal\2540_left.jpg,slit_lamp,2.036424289,2,1.656782003,2,2.121820334,2,2.135255354,2
2540_right.jpg,data\raw\slit_lamp\dataset_01\normal\2540_right.jpg,slit_lamp,2.164254431,2,1.713656141,2,2.121580488,2,2.163774459,2
2542_left.jpg,data\raw\slit_lamp\dataset_01\normal\2542_left.jpg,slit_lamp,2.611560399,3,4.937453398,5,2.126018783,2,2.759632662,3
2542_right.jpg,data\raw\slit_lamp\dataset_01\normal\2542_right.jpg,slit_lamp,2.403641082,2,4.579799444,5,2.125898797,2,2.521486946,3
2543_left.jpg,data\raw\slit_lamp\dataset_01\normal\2543_left.jpg,slit_lamp,2.921245832,3,2.126321709,2,2.049255364,2,2.958899519,3
2543_right.jpg,data\raw\slit_lamp\dataset_01\normal\2543_right.jpg,slit_lamp,3.013697873,3,2.211388525,2,2.099784913,2,2.91330354,3
2547_left.jpg,data\raw\slit_lamp\dataset_01\normal\2547_left.jpg,slit_lamp,2.61547739,3,2.438594867,2,2.118702897,2,2.658768006,3
2547_right.jpg,data\raw\slit_lamp\dataset_01\normal\2547_right.jpg,slit_lamp,2.016744637,2,1.946708581,2,2.118103529,2,2.263496188,2
2548_left.jpg,data\raw\slit_lamp\dataset_01\normal\2548_left.jpg,slit_lamp,3.166691871,3,2.650396993,3,2.129379097,2,2.718223548,3
2548_right.jpg,data\raw\slit_lamp\dataset_01\normal\2548_right.jpg,slit_lamp,3.20434961,3,2.728628661,3,2.126498743,2,2.876838916,3
2554_left.jpg,data\raw\slit_lamp\dataset_01\normal\2554_left.jpg,slit_lamp,2.099740268,2,1.851595634,2,2.274521763,2,2.364361092,2
2554_right.jpg,data\raw\slit_lamp\dataset_01\normal\2554_right.jpg,slit_lamp,2.207328756,2,1.87641272,2,2.261745664,2,2.341545381,2
2556_left.jpg,data\raw\slit_lamp\dataset_01\normal\2556_left.jpg,slit_lamp,2.672321394,3,2.378378911,2,2.091060047,2,2.17821024,2
2556_right.jpg,data\raw\slit_lamp\dataset_01\normal\2556_right.jpg,slit_lamp,2.467843091,2,2.350905157,2,2.123139612,2,2.364617134,2
2558_left.jpg,data\raw\slit_lamp\dataset_01\normal\2558_left.jpg,slit_lamp,3.063280255,3,2.352606455,2,2.10205742,2,3.011795088,3
2558_right.jpg,data\raw\slit_lamp\dataset_01\normal\2558_right.jpg,slit_lamp,2.805484021,3,2.019331685,2,2.11151346,2,2.330928414,2
2563_left.jpg,data\raw\slit_lamp\dataset_01\normal\2563_left.jpg,slit_lamp,2.547043008,3,2.410101311,2,2.125298894,2,2.610049285,3
2563_right.jpg,data\raw\slit_lamp\dataset_01\normal\2563_right.jpg,slit_lamp,3.097995902,3,2.739352644,3,2.081271715,2,2.6838288,3
2564_left.jpg,data\raw\slit_lamp\dataset_01\normal\2564_left.jpg,slit_lamp,2.198658945,2,1.786657481,2,2.42084542,2,2.222533984,2
2564_right.jpg,data\raw\slit_lamp\dataset_01\normal\2564_right.jpg,slit_lamp,2.120178158,2,1.698174913,2,2.306329557,2,2.132795933,2
2565_left.jpg,data\raw\slit_lamp\dataset_01\normal\2565_left.jpg,slit_lamp,3.055477241,3,2.472650036,2,2.200969546,2,2.426274374,2
2565_right.jpg,data\raw\slit_lamp\dataset_01\normal\2565_right.jpg,slit_lamp,3.029022755,3,2.462436399,2,2.267219637,2,2.299938174,2
2567_left.jpg,data\raw\slit_lamp\dataset_01\normal\2567_left.jpg,slit_lamp,2.463207798,2,2.055814407,2,2.165224943,2,2.522799589,3
2567_right.jpg,data\raw\slit_lamp\dataset_01\normal\2567_right.jpg,slit_lamp,2.625945184,3,2.124002306,2,2.228466884,2,2.502748131,3
2569_left.jpg,data\raw\slit_lamp\dataset_01\normal\2569_left.jpg,slit_lamp,2.777873816,3,2.678973746,3,2.125298894,2,2.660409055,3
2569_right.jpg,data\raw\slit_lamp\dataset_01\normal\2569_right.jpg,slit_lamp,2.085620846,2,1.833482876,2,2.12457907,2,2.343702842,2
2570_left.jpg,data\raw\slit_lamp\dataset_01\normal\2570_left.jpg,slit_lamp,3.033219819,3,3.386641687,3,2.119422198,2,2.725332582,3
2570_right.jpg,data\raw\slit_lamp\dataset_01\normal\2570_right.jpg,slit_lamp,3.025888957,3,3.162297122,3,2.116545382,2,2.928993673,3
2572_left.jpg,data\raw\slit_lamp\dataset_01\normal\2572_left.jpg,slit_lamp,3.009006556,3,2.395115811,2,2.13021939,2,2.682360686,3
2572_right.jpg,data\raw\slit_lamp\dataset_01\normal\2572_right.jpg,slit_lamp,3.090591292,3,2.489293566,2,2.195406107,2,2.513009257,3
2573_left.jpg,data\raw\slit_lamp\dataset_01\normal\2573_left.jpg,slit_lamp,1.002970008,1,1.792757782,2,2.118463145,2,2.320321559,2
2573_right.jpg,data\raw\slit_lamp\dataset_01\normal\2573_right.jpg,slit_lamp,1.762725393,2,2.329270605,2,2.143555334,2,2.510576752,3
2574_left.jpg,data\raw\slit_lamp\dataset_01\normal\2574_left.jpg,slit_lamp,2.923224419,3,2.270913531,2,2.125298894,2,2.651148561,3
2574_right.jpg,data\raw\slit_lamp\dataset_01\normal\2574_right.jpg,slit_lamp,2.796236081,3,2.328464592,2,2.121820334,2,2.575601687,3
2575_left.jpg,data\raw\slit_lamp\dataset_01\normal\2575_left.jpg,slit_lamp,3.048940587,3,2.479835929,2,2.254936833,2,2.456470336,2
2575_right.jpg,data\raw\slit_lamp\dataset_01\normal\2575_right.jpg,slit_lamp,3.067459365,3,2.554225078,3,2.400742921,2,2.403050922,2
2576_left.jpg,data\raw\slit_lamp\dataset_01\normal\2576_left.jpg,slit_lamp,3.074675948,3,2.377082773,2,2.065780775,2,2.988060994,3
2576_right.jpg,data\raw\slit_lamp\dataset_01\normal\2576_right.jpg,slit_lamp,3.111588037,3,2.679203733,3,2.05674035,2,3.300434719,3
2577_left.jpg,data\raw\slit_lamp\dataset_01\normal\2577_left.jpg,slit_lamp,3.252919985,3,3.440984246,3,2.217920021,2,2.583028811,3
2577_right.jpg,data\raw\slit_lamp\dataset_01\normal\2577_right.jpg,slit_lamp,3.239204891,3,3.635967342,4,2.214043251,2,2.545996347,3
2580_right.jpg,data\raw\slit_lamp\dataset_01\normal\2580_right.jpg,slit_lamp,2.061513123,2,2.140016742,2,2.163176123,2,2.169611785,2
2583_left.jpg,data\raw\slit_lamp\dataset_01\normal\2583_left.jpg,slit_lamp,2.449268265,2,1.960363132,2,2.120980905,2,2.466809734,2
2583_right.jpg,data\raw\slit_lamp\dataset_01\normal\2583_right.jpg,slit_lamp,2.355823973,2,1.944567437,2,2.129859254,2,2.455876282,2
2585_left.jpg,data\raw\slit_lamp\dataset_01\normal\2585_left.jpg,slit_lamp,1.66445864,2,1.702807309,2,2.12170041,2,2.14280356,2
2585_right.jpg,data\raw\slit_lamp\dataset_01\normal\2585_right.jpg,slit_lamp,2.693761308,3,2.366375411,2,2.066375953,2,2.382244281,2
2586_left.jpg,data\raw\slit_lamp\dataset_01\normal\2586_left.jpg,slit_lamp,3.225943701,3,2.601441975,3,2.13346132,2,3.312351799,3
2586_right.jpg,data\raw\slit_lamp\dataset_01\normal\2586_right.jpg,slit_lamp,3.232923098,3,2.627308919,3,2.133341226,2,3.283770937,3
2587_left.jpg,data\raw\slit_lamp\dataset_01\normal\2587_left.jpg,slit_lamp,2.703995208,3,3.067043169,3,2.19057082,2,2.797998913,3
2587_right.jpg,data\raw\slit_lamp\dataset_01\normal\2587_right.jpg,slit_lamp,2.677005432,3,2.916480689,3,2.157634575,2,2.756146124,3
2588_left.jpg,data\raw\slit_lamp\dataset_01\normal\2588_left.jpg,slit_lamp,2.145245778,2,2.238070239,2,2.123979265,2,2.220919481,2
2588_right.jpg,data\raw\slit_lamp\dataset_01\normal\2588_right.jpg,slit_lamp,2.300858238,2,2.443435469,2,2.123739355,2,2.30390207,2
2589_right.jpg,data\raw\slit_lamp\dataset_01\normal\2589_right.jpg,slit_lamp,2.400707628,2,1.754908705,2,2.124699036,2,2.360707146,2
2591_left.jpg,data\raw\slit_lamp\dataset_01\normal\2591_left.jpg,slit_lamp,2.660457906,3,2.30901446,2,2.151254,2,2.612337629,3
2591_right.jpg,data\raw\slit_lamp\dataset_01\normal\2591_right.jpg,slit_lamp,2.663221072,3,2.290715873,2,2.16739478,2,2.551081529,3
2594_left.jpg,data\raw\slit_lamp\dataset_01\normal\2594_left.jpg,slit_lamp,2.976666501,3,2.369898832,2,2.179337923,2,2.797314683,3
2594_right.jpg,data\raw\slit_lamp\dataset_01\normal\2594_right.jpg,slit_lamp,2.930983082,3,2.344022266,2,2.156671176,2,2.800606777,3
2597_left.jpg,data\raw\slit_lamp\dataset_01\normal\2597_left.jpg,slit_lamp,2.568618794,3,2.207761522,2,2.131780161,2,2.641219052,3
2597_right.jpg,data\raw\slit_lamp\dataset_01\normal\2597_right.jpg,slit_lamp,2.874824937,3,2.501341149,3,2.124938974,2,2.81340043,3
2598_left.jpg,data\raw\slit_lamp\dataset_01\normal\2598_left.jpg,slit_lamp,2.545894447,3,2.22457995,2,2.146682094,2,2.602169347,3
2598_right.jpg,data\raw\slit_lamp\dataset_01\normal\2598_right.jpg,slit_lamp,2.070941851,2,2.017204584,2,2.122180116,2,2.245848046,2
2599_left.jpg,data\raw\slit_lamp\dataset_01\normal\2599_left.jpg,slit_lamp,3.139959612,3,2.729721695,3,2.235139515,2,2.330621778,2
2599_right.jpg,data\raw\slit_lamp\dataset_01\normal\2599_right.jpg,slit_lamp,2.808904254,3,2.656052283,3,2.177044632,2,2.393225093,2
2600_left.jpg,data\raw\slit_lamp\dataset_01\normal\2600_left.jpg,slit_lamp,2.543646053,3,3.367262241,3,2.160043526,2,2.692154964,3
2600_right.jpg,data\raw\slit_lamp\dataset_01\normal\2600_right.jpg,slit_lamp,2.601124033,3,3.362715691,3,2.286335021,2,2.62766752,3
2602_left.jpg,data\raw\slit_lamp\dataset_01\normal\2602_left.jpg,slit_lamp,2.648921583,3,2.254887496,2,2.201090524,2,2.385719209,2
2602_right.jpg,data\raw\slit_lamp\dataset_01\normal\2602_right.jpg,slit_lamp,2.677151706,3,2.26137132,2,2.282071368,2,2.520546721,3
2603_left.jpg,data\raw\slit_lamp\dataset_01\normal\2603_left.jpg,slit_lamp,1.275613991,1,2.609107289,3,2.129499134,2,2.422671213,2
2603_right.jpg,data\raw\slit_lamp\dataset_01\normal\2603_right.jpg,slit_lamp,2.557496068,3,4.740786157,5,2.121820334,2,2.753544698,3
2604_left.jpg,data\raw\slit_lamp\dataset_01\normal\2604_left.jpg,slit_lamp,2.478887577,2,3.368733123,3,2.178492962,2,2.637933952,3
2604_right.jpg,data\raw\slit_lamp\dataset_01\normal\2604_right.jpg,slit_lamp,2.530562002,3,3.200107688,3,2.193955277,2,2.545592473,3
2608_left.jpg,data\raw\slit_lamp\dataset_01\normal\2608_left.jpg,slit_lamp,1.741613313,2,2.417060057,2,2.427344276,2,2.532134324,3
2608_right.jpg,data\raw\slit_lamp\dataset_01\normal\2608_right.jpg,slit_lamp,1.964229147,2,2.502845656,3,2.428202691,2,2.51535819,3
2609_left.jpg,data\raw\slit_lamp\dataset_01\normal\2609_left.jpg,slit_lamp,3.097876682,3,2.597545799,3,2.041422901,2,3.239137829,3
2609_right.jpg,data\raw\slit_lamp\dataset_01\normal\2609_right.jpg,slit_lamp,2.957904863,3,2.23675488,2,2.073879522,2,3.081964725,3
2610_left.jpg,data\raw\slit_lamp\dataset_01\normal\2610_left.jpg,slit_lamp,3.204501688,3,3.820127528,4,2.128298846,2,2.670457725,3
2610_right.jpg,data\raw\slit_lamp\dataset_01\normal\2610_right.jpg,slit_lamp,3.164736754,3,3.719380208,4,2.130339439,2,2.596535278,3
2616_left.jpg,data\raw\slit_lamp\dataset_01\normal\2616_left.jpg,slit_lamp,3.2141071,3,3.176938472,3,2.116545382,2,2.882514543,3
2616_right.jpg,data\raw\slit_lamp\dataset_01\normal\2616_right.jpg,slit_lamp,3.071868751,3,3.124028958,3,2.105407607,2,2.446188864,2
2617_left.jpg,data\raw\slit_lamp\dataset_01\normal\2617_left.jpg,slit_lamp,2.181418966,2,1.766530721,2,2.172097842,2,2.18708214,2
2617_right.jpg,data\raw\slit_lamp\dataset_01\normal\2617_right.jpg,slit_lamp,2.403423891,2,1.836245651,2,2.198429339,2,2.198223676,2
2622_left.jpg,data\raw\slit_lamp\dataset_01\normal\2622_left.jpg,slit_lamp,2.282431097,2,2.118374004,2,2.135743433,2,2.279248833,2
2622_right.jpg,data\raw\slit_lamp\dataset_01\normal\2622_right.jpg,slit_lamp,2.658742464,3,2.236626504,2,2.156791595,2,2.593424067,3
2624_left.jpg,data\raw\slit_lamp\dataset_01\normal\2624_left.jpg,slit_lamp,2.685010993,3,2.06965363,2,2.155587476,2,2.494913201,2
2624_right.jpg,data\raw\slit_lamp\dataset_01\normal\2624_right.jpg,slit_lamp,2.518763537,3,1.894298098,2,2.172942232,2,2.367142382,2
2627_left.jpg,data\raw\slit_lamp\dataset_01\normal\2627_left.jpg,slit_lamp,1.905532946,2,1.727624879,2,2.30730556,2,2.250962191,2
2627_right.jpg,data\raw\slit_lamp\dataset_01\normal\2627_right.jpg,slit_lamp,1.995706855,2,1.795034055,2,2.149449014,2,2.314969762,2
2632_left.jpg,data\raw\slit_lamp\dataset_01\normal\2632_left.jpg,slit_lamp,2.632115783,3,2.565087189,3,2.1147479,2,2.553477879,3
2632_right.jpg,data\raw\slit_lamp\dataset_01\normal\2632_right.jpg,slit_lamp,2.60019475,3,2.613407146,3,2.113070617,2,2.700228156,3
2633_left.jpg,data\raw\slit_lamp\dataset_01\normal\2633_left.jpg,slit_lamp,2.667754828,3,2.862507914,3,2.133221133,2,2.768160619,3
2633_right.jpg,data\raw\slit_lamp\dataset_01\normal\2633_right.jpg,slit_lamp,2.670315129,3,3.080110989,3,2.134662355,2,2.780826874,3
2634_left.jpg,data\raw\slit_lamp\dataset_01\normal\2634_left.jpg,slit_lamp,3.154961913,3,2.712807632,3,2.121820334,2,3.025492839,3
2634_right.jpg,data\raw\slit_lamp\dataset_01\normal\2634_right.jpg,slit_lamp,2.758660925,3,2.627193462,3,2.124819004,2,2.600045864,3
2637_left.jpg,data\raw\slit_lamp\dataset_01\normal\2637_left.jpg,slit_lamp,2.602025833,3,2.273823468,2,2.125778813,2,2.616217198,3
2637_right.jpg,data\raw\slit_lamp\dataset_01\normal\2637_right.jpg,slit_lamp,2.495666242,2,2.230310053,2,2.121340649,2,2.563842346,3
2638_left.jpg,data\raw\slit_lamp\dataset_01\normal\2638_left.jpg,slit_lamp,2.914079029,3,2.631162898,3,2.174148635,2,2.638473848,3
2638_right.jpg,data\raw\slit_lamp\dataset_01\normal\2638_right.jpg,slit_lamp,2.597431207,3,2.516365731,3,2.22458642,2,2.482487505,2
2640_left.jpg,data\raw\slit_lamp\dataset_01\normal\2640_left.jpg,slit_lamp,2.975935569,3,2.668655609,3,2.191416827,2,2.17718338,2
2640_right.jpg,data\raw\slit_lamp\dataset_01\normal\2640_right.jpg,slit_lamp,2.940667624,3,2.938119317,3,2.585125713,3,1.913370984,2
2641_left.jpg,data\raw\slit_lamp\dataset_01\normal\2641_left.jpg,slit_lamp,2.036114618,2,2.187523437,2,2.136223958,2,2.357148003,2
2641_right.jpg,data\raw\slit_lamp\dataset_01\normal\2641_right.jpg,slit_lamp,3.318299054,3,3.430994975,3,2.012784598,2,3.168391023,3
2642_left.jpg,data\raw\slit_lamp\dataset_01\normal\2642_left.jpg,slit_lamp,3.186411754,3,2.83713534,3,2.125658831,2,3.015427491,3
2642_right.jpg,data\raw\slit_lamp\dataset_01\normal\2642_right.jpg,slit_lamp,3.138960279,3,2.723615781,3,2.125658831,2,2.76742358,3
2643_left.jpg,data\raw\slit_lamp\dataset_01\normal\2643_left.jpg,slit_lamp,3.099726526,3,2.916729086,3,2.129018998,2,2.799478074,3
2643_right.jpg,data\raw\slit_lamp\dataset_01\normal\2643_right.jpg,slit_lamp,3.079598852,3,2.916750645,3,2.125298894,2,2.864086287,3
2645_left.jpg,data\raw\slit_lamp\dataset_01\normal\2645_left.jpg,slit_lamp,2.394804793,2,2.607374596,3,2.126018783,2,2.345709847,2
2645_right.jpg,data\raw\slit_lamp\dataset_01\normal\2645_right.jpg,slit_lamp,2.800649049,3,2.676127129,3,2.350059371,2,2.326139024,2
2647_left.jpg,data\raw\slit_lamp\dataset_01\normal\2647_left.jpg,slit_lamp,3.091356789,3,2.229404273,2,2.05032414,2,3.221455966,3
2647_right.jpg,data\raw\slit_lamp\dataset_01\normal\2647_right.jpg,slit_lamp,3.035122584,3,2.179650333,2,2.050205379,2,3.22220243,3
2649_left.jpg,data\raw\slit_lamp\dataset_01\normal\2649_left.jpg,slit_lamp,2.023660057,2,1.73694895,2,2.120980905,2,2.293721861,2
2649_right.jpg,data\raw\slit_lamp\dataset_01\normal\2649_right.jpg,slit_lamp,1.539749807,2,1.71962311,2,2.119781873,2,1.970083076,2
2650_left.jpg,data\raw\slit_lamp\dataset_01\normal\2650_left.jpg,slit_lamp,3.227299403,3,4.497658524,4,2.121820334,2,3.149136283,3
2650_right.jpg,data\raw\slit_lamp\dataset_01\normal\2650_right.jpg,slit_lamp,3.176582551,3,4.113368437,4,2.123739355,2,2.995857362,3
2651_left.jpg,data\raw\slit_lamp\dataset_01\normal\2651_left.jpg,slit_lamp,3.075280566,3,2.593140032,3,2.120261464,2,2.919901529,3
2651_right.jpg,data\raw\slit_lamp\dataset_01\normal\2651_right.jpg,slit_lamp,3.023183946,3,2.581666378,3,2.148606815,2,2.84041208,3
2652_left.jpg,data\raw\slit_lamp\dataset_01\normal\2652_left.jpg,slit_lamp,2.010689546,2,1.860570247,2,2.217193021,2,2.302584044,2
2652_right.jpg,data\raw\slit_lamp\dataset_01\normal\2652_right.jpg,slit_lamp,1.668690297,2,1.871891413,2,2.121340649,2,1.876091007,2
2653_left.jpg,data\raw\slit_lamp\dataset_01\normal\2653_left.jpg,slit_lamp,2.89544305,3,2.350419667,2,2.138747159,2,2.478620698,2
2653_right.jpg,data\raw\slit_lamp\dataset_01\normal\2653_right.jpg,slit_lamp,2.311094939,2,2.319013306,2,2.198913139,2,1.987840161,2
2655_left.jpg,data\raw\slit_lamp\dataset_01\normal\2655_left.jpg,slit_lamp,2.487403505,2,2.254642107,2,2.111034397,2,1.996079224,2
2655_right.jpg,data\raw\slit_lamp\dataset_01\normal\2655_right.jpg,slit_lamp,2.979771901,3,2.541499118,3,2.128418867,2,2.633893826,3
2657_left.jpg,data\raw\slit_lamp\dataset_01\normal\2657_left.jpg,slit_lamp,2.362198454,2,2.511440654,3,2.139348033,2,2.549165387,3
2657_right.jpg,data\raw\slit_lamp\dataset_01\normal\2657_right.jpg,slit_lamp,2.875697605,3,2.981857797,3,2.125418871,2,2.722496923,3
2658_left.jpg,data\raw\slit_lamp\dataset_01\normal\2658_left.jpg,slit_lamp,2.331021887,2,2.050210198,2,2.17028869,2,2.562172984,3
2658_right.jpg,data\raw\slit_lamp\dataset_01\normal\2658_right.jpg,slit_lamp,2.162389097,2,2.015955494,2,2.136103824,2,2.565444948,3
2659_left.jpg,data\raw\slit_lamp\dataset_01\normal\2659_left.jpg,slit_lamp,2.338439574,2,2.658949547,3,2.124339143,2,2.439618694,2
2659_right.jpg,data\raw\slit_lamp\dataset_01\normal\2659_right.jpg,slit_lamp,2.6601484,3,2.770547698,3,2.28572585,2,2.366751739,2
2660_left.jpg,data\raw\slit_lamp\dataset_01\normal\2660_left.jpg,slit_lamp,2.849728382,3,2.325851634,2,2.10026328,2,2.774613463,3
2660_right.jpg,data\raw\slit_lamp\dataset_01\normal\2660_right.jpg,slit_lamp,2.870731903,3,2.247025259,2,2.113430005,2,2.810050469,3
2661_left.jpg,data\raw\slit_lamp\dataset_01\normal\2661_left.jpg,slit_lamp,3.058551829,3,3.030750679,3,2.120261464,2,2.696783832,3
2661_right.jpg,data\raw\slit_lamp\dataset_01\normal\2661_right.jpg,slit_lamp,3.051158844,3,3.005229945,3,2.267462978,2,2.380624431,2
2662_left.jpg,data\raw\slit_lamp\dataset_01\normal\2662_left.jpg,slit_lamp,2.290036887,2,2.84588222,3,2.149449014,2,2.610445359,3
2662_right.jpg,data\raw\slit_lamp\dataset_01\normal\2662_right.jpg,slit_lamp,2.745914925,3,4.49393128,4,2.120261464,2,2.95967604,3
2667_left.jpg,data\raw\slit_lamp\dataset_01\normal\2667_left.jpg,slit_lamp,1.703004616,2,4.597827589,5,2.16209164,2,2.797163084,3
2667_right.jpg,data\raw\slit_lamp\dataset_01\normal\2667_right.jpg,slit_lamp,1.778503572,2,4.531490536,5,2.153179727,2,2.922463919,3
2672_left.jpg,data\raw\slit_lamp\dataset_01\normal\2672_left.jpg,slit_lamp,2.662402859,3,2.468901377,2,2.175837859,2,2.338787781,2
2672_right.jpg,data\raw\slit_lamp\dataset_01\normal\2672_right.jpg,slit_lamp,2.058047167,2,2.301218221,2,2.339422787,2,2.330922869,2
2673_left.jpg,data\raw\slit_lamp\dataset_01\normal\2673_left.jpg,slit_lamp,3.098421657,3,2.656583844,3,2.203994418,2,2.628630461,3
2673_right.jpg,data\raw\slit_lamp\dataset_01\normal\2673_right.jpg,slit_lamp,3.084091647,3,2.735449879,3,2.137064941,2,2.794585524,3
2675_left.jpg,data\raw\slit_lamp\dataset_01\normal\2675_left.jpg,slit_lamp,2.652168846,3,2.747484459,3,2.132620698,2,2.765528376,3
2675_right.jpg,data\raw\slit_lamp\dataset_01\normal\2675_right.jpg,slit_lamp,2.450463293,2,2.65927919,3,2.125178919,2,2.466199473,2
2676_right.jpg,data\raw\slit_lamp\dataset_01\normal\2676_right.jpg,slit_lamp,2.641216118,3,2.331515252,2,2.130699596,2,2.493189551,2
2677_left.jpg,data\raw\slit_lamp\dataset_01\normal\2677_left.jpg,slit_lamp,2.579800797,3,2.48371179,2,2.12553885,2,2.421377698,2
2677_right.jpg,data\raw\slit_lamp\dataset_01\normal\2677_right.jpg,slit_lamp,1.111307497,1,1.492343279,1,2.125778813,2,2.140057889,2
2680_left.jpg,data\raw\slit_lamp\dataset_01\normal\2680_left.jpg,slit_lamp,1.86866617,2,1.657358001,2,2.082703336,2,2.928507163,3
2680_right.jpg,data\raw\slit_lamp\dataset_01\normal\2680_right.jpg,slit_lamp,1.888775911,2,1.790032234,2,2.074594562,2,2.924003397,3
2681_left.jpg,data\raw\slit_lamp\dataset_01\normal\2681_left.jpg,slit_lamp,2.95430879,3,2.569381775,3,2.125418871,2,2.716335154,3
2681_right.jpg,data\raw\slit_lamp\dataset_01\normal\2681_right.jpg,slit_lamp,3.033552337,3,2.719108077,3,2.135142817,2,2.749438509,3
2685_left.jpg,data\raw\slit_lamp\dataset_01\normal\2685_left.jpg,slit_lamp,2.960822636,3,2.54034821,3,2.192262905,2,2.57047633,3
2685_right.jpg,data\raw\slit_lamp\dataset_01\normal\2685_right.jpg,slit_lamp,2.999064945,3,2.577265383,3,2.185617091,2,2.436730146,2
2688_left.jpg,data\raw\slit_lamp\dataset_01\normal\2688_left.jpg,slit_lamp,2.777473372,3,2.621534819,3,2.123979265,2,2.834887472,3
2688_right.jpg,data\raw\slit_lamp\dataset_01\normal\2688_right.jpg,slit_lamp,2.636853361,3,2.58899485,3,2.136344093,2,2.75513738,3
2689_left.jpg,data\raw\slit_lamp\dataset_01\normal\2689_left.jpg,slit_lamp,2.902288617,3,2.496191702,2,2.220101309,2,2.672695878,3
2689_right.jpg,data\raw\slit_lamp\dataset_01\normal\2689_right.jpg,slit_lamp,2.697937838,3,2.311960592,2,2.299621165,2,2.425641712,2
2690_left.jpg,data\raw\slit_lamp\dataset_01\normal\2690_left.jpg,slit_lamp,0.864475132,1,2.187131721,2,2.339789471,2,2.180560241,2
2690_right.jpg,data\raw\slit_lamp\dataset_01\normal\2690_right.jpg,slit_lamp,2.916660794,3,2.548192945,3,2.218889429,2,2.486856245,2
2695_left.jpg,data\raw\slit_lamp\dataset_01\normal\2695_left.jpg,slit_lamp,2.632114036,3,2.178284715,2,2.123019669,2,2.062702976,2
2695_right.jpg,data\raw\slit_lamp\dataset_01\normal\2695_right.jpg,slit_lamp,2.65561356,3,2.340230299,2,2.079840375,2,1.769844478,2
2696_left.jpg,data\raw\slit_lamp\dataset_01\normal\2696_left.jpg,slit_lamp,2.479285576,2,2.245420404,2,2.272452428,2,2.524477514,3
2696_right.jpg,data\raw\slit_lamp\dataset_01\normal\2696_right.jpg,slit_lamp,2.873512901,3,2.420055311,2,2.329402835,2,2.384662794,2
2697_left.jpg,data\raw\slit_lamp\dataset_01\normal\2697_left.jpg,slit_lamp,3.024699144,3,2.829204065,3,2.173062865,2,2.598271884,3
2697_right.jpg,data\raw\slit_lamp\dataset_01\normal\2697_right.jpg,slit_lamp,3.122057911,3,3.018304278,3,2.149449014,2,2.886745734,3
2699_left.jpg,data\raw\slit_lamp\dataset_01\normal\2699_left.jpg,slit_lamp,1.81823013,2,4.826419093,5,2.369145263,2,2.532904503,3
2699_right.jpg,data\raw\slit_lamp\dataset_01\normal\2699_right.jpg,slit_lamp,1.255774925,1,4.853131699,5,2.293768937,2,2.591302103,3
2702_left.jpg,data\raw\slit_lamp\dataset_01\normal\2702_left.jpg,slit_lamp,2.583965888,3,3.128861738,3,2.126618738,2,2.771919459,3
2702_right.jpg,data\raw\slit_lamp\dataset_01\normal\2702_right.jpg,slit_lamp,2.575679089,3,3.199156123,3,2.154624298,2,2.728735947,3
2704_left.jpg,data\raw\slit_lamp\dataset_01\normal\2704_left.jpg,slit_lamp,1.852570846,2,1.676248297,2,2.120621177,2,2.366714207,2
2704_right.jpg,data\raw\slit_lamp\dataset_01\normal\2704_right.jpg,slit_lamp,2.118423702,2,1.796659883,2,2.120860994,2,2.346167562,2
2705_left.jpg,data\raw\slit_lamp\dataset_01\normal\2705_left.jpg,slit_lamp,2.46713077,2,2.31667466,2,2.196494367,2,2.385469341,2
2705_right.jpg,data\raw\slit_lamp\dataset_01\normal\2705_right.jpg,slit_lamp,2.712781557,3,2.732881813,3,2.30474368,2,2.51141268,3
2707_left.jpg,data\raw\slit_lamp\dataset_01\normal\2707_left.jpg,slit_lamp,2.192914067,2,1.704620601,2,2.141271113,2,2.16582188,2
2707_right.jpg,data\raw\slit_lamp\dataset_01\normal\2707_right.jpg,slit_lamp,2.363935664,2,1.816121443,2,2.121940259,2,2.267649512,2
2708_left.jpg,data\raw\slit_lamp\dataset_01\normal\2708_left.jpg,slit_lamp,3.048036867,3,2.896278279,3,2.147042946,2,2.983339839,3
2708_right.jpg,data\raw\slit_lamp\dataset_01\normal\2708_right.jpg,slit_lamp,3.170407181,3,3.045528883,3,2.146682094,2,2.963642493,3
2709_left.jpg,data\raw\slit_lamp\dataset_01\normal\2709_left.jpg,slit_lamp,2.555422364,3,2.168939781,2,2.195889764,2,2.601781261,3
2709_right.jpg,data\raw\slit_lamp\dataset_01\normal\2709_right.jpg,slit_lamp,2.278461554,2,2.145680597,2,2.157755007,2,2.474064597,2
2710_left.jpg,data\raw\slit_lamp\dataset_01\normal\2710_left.jpg,slit_lamp,3.108696102,3,2.674728899,3,2.050086619,2,3.35493569,3
2710_right.jpg,data\raw\slit_lamp\dataset_01\normal\2710_right.jpg,slit_lamp,3.104358279,3,2.711341762,3,2.051393086,2,3.387976867,3
2712_left.jpg,data\raw\slit_lamp\dataset_01\normal\2712_left.jpg,slit_lamp,2.833180644,3,3.014322596,3,2.143435096,2,2.62427742,3
2712_right.jpg,data\raw\slit_lamp\dataset_01\normal\2712_right.jpg,slit_lamp,2.735058421,3,2.92986226,3,2.191900292,2,2.572926599,3
2713_left.jpg,data\raw\slit_lamp\dataset_01\normal\2713_left.jpg,slit_lamp,3.162586214,3,2.816856542,3,2.105766642,2,2.554831858,3
2713_right.jpg,data\raw\slit_lamp\dataset_01\normal\2713_right.jpg,slit_lamp,3.150861772,3,2.634266439,3,2.108759247,2,2.809140645,3
2718_left.jpg,data\raw\slit_lamp\dataset_01\normal\2718_left.jpg,slit_lamp,2.390064941,2,2.499543723,2,2.354340016,2,2.469733653,2
2718_right.jpg,data\raw\slit_lamp\dataset_01\normal\2718_right.jpg,slit_lamp,2.711290686,3,2.696335598,3,2.299499221,2,2.660284087,3
2726_left.jpg,data\raw\slit_lamp\dataset_01\normal\2726_left.jpg,slit_lamp,3.083430908,3,2.959998258,3,2.124819004,2,2.503759471,3
2726_right.jpg,data\raw\slit_lamp\dataset_01\normal\2726_right.jpg,slit_lamp,3.128204288,3,3.768739737,4,2.131900233,2,2.552972765,3
2728_left.jpg,data\raw\slit_lamp\dataset_01\normal\2728_left.jpg,slit_lamp,2.22893482,2,2.120670245,2,2.169926902,2,2.181297749,2
2728_right.jpg,data\raw\slit_lamp\dataset_01\normal\2728_right.jpg,slit_lamp,2.124768317,2,1.929250137,2,2.191658556,2,1.91767318,2
2729_left.jpg,data\raw\slit_lamp\dataset_01\normal\2729_left.jpg,slit_lamp,1.74683164,2,3.277619587,3,2.18187325,2,2.611210307,3
2730_left.jpg,data\raw\slit_lamp\dataset_01\normal\2730_left.jpg,slit_lamp,2.319676653,2,3.202860973,3,2.225920179,2,2.538285549,3
2730_right.jpg,data\raw\slit_lamp\dataset_01\normal\2730_right.jpg,slit_lamp,3.044218197,3,3.2032196,3,2.280609837,2,2.417777026,2
2732_left.jpg,data\raw\slit_lamp\dataset_01\normal\2732_left.jpg,slit_lamp,3.026024435,3,3.927719524,4,2.105287932,2,2.822639783,3
2732_right.jpg,data\raw\slit_lamp\dataset_01\normal\2732_right.jpg,slit_lamp,2.620825501,3,3.0478618,3,2.293281353,2,2.445896327,2
2735_left.jpg,data\raw\slit_lamp\dataset_01\normal\2735_left.jpg,slit_lamp,1.003497544,1,1.744941563,2,2.17463124,2,1.821235142,2
2735_right.jpg,data\raw\slit_lamp\dataset_01\normal\2735_right.jpg,slit_lamp,2.135360686,2,2.461985613,2,2.177527385,2,2.550050693,3
2736_left.jpg,data\raw\slit_lamp\dataset_01\normal\2736_left.jpg,slit_lamp,2.776816525,3,2.371557937,2,2.134302026,2,2.742247196,3
2736_right.jpg,data\raw\slit_lamp\dataset_01\normal\2736_right.jpg,slit_lamp,1.859097746,2,1.983467668,2,2.144397042,2,2.198056621,2
2737_right.jpg,data\raw\slit_lamp\dataset_01\normal\2737_right.jpg,slit_lamp,2.344047996,2,2.164037728,2,2.075071296,2,3.088611659,3
2740_left.jpg,data\raw\slit_lamp\dataset_01\normal\2740_left.jpg,slit_lamp,2.971744645,3,2.857834901,3,2.12265985,2,2.8492858,3
2740_right.jpg,data\raw\slit_lamp\dataset_01\normal\2740_right.jpg,slit_lamp,3.137170645,3,2.955408145,3,2.120980905,2,3.012963259,3
2742_left.jpg,data\raw\slit_lamp\dataset_01\normal\2742_left.jpg,slit_lamp,2.72311517,3,2.306379486,2,2.199276005,2,2.706417512,3
2742_right.jpg,data\raw\slit_lamp\dataset_01\normal\2742_right.jpg,slit_lamp,2.873409793,3,2.460880475,2,2.203752396,2,2.770813109,3
2743_left.jpg,data\raw\slit_lamp\dataset_01\normal\2743_left.jpg,slit_lamp,1.810422053,2,2.081700268,2,2.138867331,2,2.499476799,2
2743_right.jpg,data\raw\slit_lamp\dataset_01\normal\2743_right.jpg,slit_lamp,0.728015538,1,1.507790541,2,2.12853889,2,1.869085255,2
2748_left.jpg,data\raw\slit_lamp\dataset_01\normal\2748_left.jpg,slit_lamp,2.642327447,3,2.363240723,2,2.132140381,2,2.821721233,3
2748_right.jpg,data\raw\slit_lamp\dataset_01\normal\2748_right.jpg,slit_lamp,2.386665429,2,2.234578273,2,2.171494752,2,2.707370469,3
2749_left.jpg,data\raw\slit_lamp\dataset_01\normal\2749_left.jpg,slit_lamp,3.098398815,3,2.441667756,2,2.122419979,2,2.515723792,3
2749_right.jpg,data\raw\slit_lamp\dataset_01\normal\2749_right.jpg,slit_lamp,3.034918233,3,2.683735099,3,2.104450262,2,2.496507759,2
2750_left.jpg,data\raw\slit_lamp\dataset_01\normal\2750_left.jpg,slit_lamp,1.64766934,2,1.857152121,2,2.124459105,2,2.09995599,2
2750_right.jpg,data\raw\slit_lamp\dataset_01\normal\2750_right.jpg,slit_lamp,1.419566262,1,1.866990249,2,2.123739355,2,2.152010816,2
2752_right.jpg,data\raw\slit_lamp\dataset_01\normal\2752_right.jpg,slit_lamp,3.213798763,3,3.704343019,4,2.157514145,2,2.629388927,3
2755_left.jpg,data\raw\slit_lamp\dataset_01\normal\2755_left.jpg,slit_lamp,3.209060365,3,2.357271267,2,2.132260458,2,2.333154097,2
2755_right.jpg,data\raw\slit_lamp\dataset_01\normal\2755_right.jpg,slit_lamp,3.107026625,3,2.112808365,2,2.132500616,2,2.156285282,2
2756_right.jpg,data\raw\slit_lamp\dataset_01\normal\2756_right.jpg,slit_lamp,3.174382516,3,3.692057507,4,2.218283539,2,2.602328903,3
2761_left.jpg,data\raw\slit_lamp\dataset_01\normal\2761_left.jpg,slit_lamp,2.250096893,2,2.549510301,3,2.11906254,2,2.557515695,3
2761_right.jpg,data\raw\slit_lamp\dataset_01\normal\2761_right.jpg,slit_lamp,2.819076774,3,4.785454463,5,2.123619403,2,2.808189823,3
2763_left.jpg,data\raw\slit_lamp\dataset_01\normal\2763_left.jpg,slit_lamp,2.779920687,3,3.074353633,3,2.138987504,2,2.869081451,3
2763_right.jpg,data\raw\slit_lamp\dataset_01\normal\2763_right.jpg,slit_lamp,2.699322482,3,3.506959862,4,2.12877894,2,2.935692416,3
2764_left.jpg,data\raw\slit_lamp\dataset_01\normal\2764_left.jpg,slit_lamp,2.916994514,3,2.862993463,3,2.137665695,2,2.81276531,3
2764_right.jpg,data\raw\slit_lamp\dataset_01\normal\2764_right.jpg,slit_lamp,2.948841978,3,2.926089497,3,2.192746411,2,2.744556772,3
2767_left.jpg,data\raw\slit_lamp\dataset_01\normal\2767_left.jpg,slit_lamp,3.005619294,3,2.371076867,2,2.049492855,2,3.159940682,3
2767_right.jpg,data\raw\slit_lamp\dataset_01\normal\2767_right.jpg,slit_lamp,2.923999575,3,2.174205919,2,2.049611604,2,3.208489236,3
2768_left.jpg,data\raw\slit_lamp\dataset_01\normal\2768_left.jpg,slit_lamp,3.029547698,3,2.142370572,2,2.123019669,2,2.835496448,3
2768_right.jpg,data\raw\slit_lamp\dataset_01\normal\2768_right.jpg,slit_lamp,2.953281977,3,2.136442714,2,2.095839543,2,2.673123266,3
2770_left.jpg,data\raw\slit_lamp\dataset_01\normal\2770_left.jpg,slit_lamp,2.573768714,3,2.009811375,2,2.072092235,2,3.015875429,3
2770_right.jpg,data\raw\slit_lamp\dataset_01\normal\2770_right.jpg,slit_lamp,2.472907586,2,1.991571963,2,2.152096454,2,3.018735961,3
2771_left.jpg,data\raw\slit_lamp\dataset_01\normal\2771_left.jpg,slit_lamp,1.864186772,2,4.30789178,4,2.191537691,2,2.48495566,2
2771_right.jpg,data\raw\slit_lamp\dataset_01\normal\2771_right.jpg,slit_lamp,2.703400288,3,4.287210665,4,2.218889429,2,2.613696995,3
2773_left.jpg,data\raw\slit_lamp\dataset_01\normal\2773_left.jpg,slit_lamp,2.99178203,3,2.409424907,2,2.123019669,2,2.683020628,3
2773_right.jpg,data\raw\slit_lamp\dataset_01\normal\2773_right.jpg,slit_lamp,3.278444804,3,2.990383981,3,2.057334749,2,2.950197067,3
2775_left.jpg,data\raw\slit_lamp\dataset_01\normal\2775_left.jpg,slit_lamp,2.296869333,2,1.876827101,2,2.125298894,2,2.432070445,2
2775_right.jpg,data\raw\slit_lamp\dataset_01\normal\2775_right.jpg,slit_lamp,1.868737961,2,1.895037391,2,2.121460568,2,2.089413434,2
2777_left.jpg,data\raw\slit_lamp\dataset_01\normal\2777_left.jpg,slit_lamp,1.71197541,2,1.828479843,2,2.12457907,2,1.887152085,2
2777_right.jpg,data\raw\slit_lamp\dataset_01\normal\2777_right.jpg,slit_lamp,2.15288915,2,2.125919319,2,2.172580341,2,1.451385487,1
2779_left.jpg,data\raw\slit_lamp\dataset_01\normal\2779_left.jpg,slit_lamp,2.961711269,3,2.799248304,3,2.158477634,2,2.840894358,3
2779_right.jpg,data\raw\slit_lamp\dataset_01\normal\2779_right.jpg,slit_lamp,2.914443892,3,2.786960548,3,2.201695435,2,2.77673889,3
2780_left.jpg,data\raw\slit_lamp\dataset_01\normal\2780_left.jpg,slit_lamp,1.910676397,2,1.917340569,2,2.099067421,2,3.060598983,3
2780_right.jpg,data\raw\slit_lamp\dataset_01\normal\2780_right.jpg,slit_lamp,1.953811564,2,1.849013132,2,2.082226098,2,2.88274032,3
2782_left.jpg,data\raw\slit_lamp\dataset_01\normal\2782_left.jpg,slit_lamp,2.753040113,3,2.454914068,2,2.126978732,2,2.632745826,3
2782_right.jpg,data\raw\slit_lamp\dataset_01\normal\2782_right.jpg,slit_lamp,2.823802469,3,2.501363593,3,2.129379097,2,2.652933438,3
2786_left.jpg,data\raw\slit_lamp\dataset_01\normal\2786_left.jpg,slit_lamp,2.375150714,2,2.297757181,2,2.118463145,2,2.712489635,3
2786_right.jpg,data\raw\slit_lamp\dataset_01\normal\2786_right.jpg,slit_lamp,2.727855667,3,2.570681451,3,2.118702897,2,2.868052977,3
2787_left.jpg,data\raw\slit_lamp\dataset_01\normal\2787_left.jpg,slit_lamp,1.701621533,2,2.044790822,2,2.38555186,2,2.089533222,2
2787_right.jpg,data\raw\slit_lamp\dataset_01\normal\2787_right.jpg,slit_lamp,2.460162753,2,2.25427196,2,2.59640226,3,1.962168185,2
2789_left.jpg,data\raw\slit_lamp\dataset_01\normal\2789_left.jpg,slit_lamp,2.837043483,3,2.445494913,2,2.182356245,2,2.621794786,3
2789_right.jpg,data\raw\slit_lamp\dataset_01\normal\2789_right.jpg,slit_lamp,2.759440162,3,2.39133306,2,2.156430342,2,2.563870096,3
2790_left.jpg,data\raw\slit_lamp\dataset_01\normal\2790_left.jpg,slit_lamp,2.155396367,2,2.069928554,2,2.121820334,2,2.423955762,2
2790_right.jpg,data\raw\slit_lamp\dataset_01\normal\2790_right.jpg,slit_lamp,2.611945564,3,2.197603782,2,2.164140216,2,2.510185755,3
2791_left.jpg,data\raw\slit_lamp\dataset_01\normal\2791_left.jpg,slit_lamp,3.245453258,3,2.671831602,3,2.107322653,2,2.839186435,3
2791_right.jpg,data\raw\slit_lamp\dataset_01\normal\2791_right.jpg,slit_lamp,3.265494464,3,2.700381583,3,2.047355739,2,2.949184249,3
2794_left.jpg,data\raw\slit_lamp\dataset_01\normal\2794_left.jpg,slit_lamp,2.29289408,2,2.476565749,2,2.125058946,2,2.309099495,2
2794_right.jpg,data\raw\slit_lamp\dataset_01\normal\2794_right.jpg,slit_lamp,2.485036894,2,2.501177582,3,2.182839264,2,2.268679763,2
2795_left.jpg,data\raw\slit_lamp\dataset_01\normal\2795_left.jpg,slit_lamp,2.419540505,2,4.596855684,5,2.11223211,2,2.691094955,3
2795_right.jpg,data\raw\slit_lamp\dataset_01\normal\2795_right.jpg,slit_lamp,2.602803693,3,4.546003238,5,2.206899123,2,2.540519698,3
2797_left.jpg,data\raw\slit_lamp\dataset_01\normal\2797_left.jpg,slit_lamp,2.3449065,2,2.143621419,2,2.12781878,2,1.790886412,2
2797_right.jpg,data\raw\slit_lamp\dataset_01\normal\2797_right.jpg,slit_lamp,2.07694183,2,1.811159609,2,2.131660091,2,1.862356471,2
2798_left.jpg,data\raw\slit_lamp\dataset_01\normal\2798_left.jpg,slit_lamp,2.69592676,3,3.064764808,3,2.126738734,2,2.654118909,3
2798_right.jpg,data\raw\slit_lamp\dataset_01\normal\2798_right.jpg,slit_lamp,2.396600746,2,2.240367977,2,2.123979265,2,2.754103234,3
2802_left.jpg,data\raw\slit_lamp\dataset_01\normal\2802_left.jpg,slit_lamp,2.327175361,2,1.880612776,2,2.261988904,2,2.251310588,2
2802_right.jpg,data\raw\slit_lamp\dataset_01\normal\2802_right.jpg,slit_lamp,2.196334448,2,1.6497371,2,2.203389373,2,2.153092071,2
2806_left.jpg,data\raw\slit_lamp\dataset_01\normal\2806_left.jpg,slit_lamp,1.929141352,2,3.045860764,3,2.140910502,2,2.256374137,2
2806_right.jpg,data\raw\slit_lamp\dataset_01\normal\2806_right.jpg,slit_lamp,2.690128826,3,3.26543504,3,2.155587476,2,2.467635199,2
2807_left.jpg,data\raw\slit_lamp\dataset_01\normal\2807_left.jpg,slit_lamp,2.68311366,3,1.94597637,2,2.213316512,2,2.340131666,2
2807_right.jpg,data\raw\slit_lamp\dataset_01\normal\2807_right.jpg,slit_lamp,2.67185421,3,1.913601447,2,2.236474502,2,2.327875124,2
2808_left.jpg,data\raw\slit_lamp\dataset_01\normal\2808_left.jpg,slit_lamp,2.62842907,3,1.966848106,2,2.122300046,2,2.247114028,2
2808_right.jpg,data\raw\slit_lamp\dataset_01\normal\2808_right.jpg,slit_lamp,2.452104286,2,1.890592468,2,2.232833987,2,2.097111667,2
2811_left.jpg,data\raw\slit_lamp\dataset_01\normal\2811_left.jpg,slit_lamp,3.115776747,3,2.657571686,3,2.162814614,2,2.729228637,3
2811_right.jpg,data\raw\slit_lamp\dataset_01\normal\2811_right.jpg,slit_lamp,3.044679397,3,2.722013401,3,2.222404248,2,2.660892198,3
2812_left.jpg,data\raw\slit_lamp\dataset_01\normal\2812_left.jpg,slit_lamp,1.840620215,2,1.951657546,2,2.32561622,2,2.590597746,3
2812_right.jpg,data\raw\slit_lamp\dataset_01\normal\2812_right.jpg,slit_lamp,1.653577839,2,2.05825232,2,2.250561659,2,2.607655488,3
2813_left.jpg,data\raw\slit_lamp\dataset_01\normal\2813_left.jpg,slit_lamp,3.150127836,3,2.558337542,3,2.166550894,2,2.524330954,3
2813_right.jpg,data\raw\slit_lamp\dataset_01\normal\2813_right.jpg,slit_lamp,3.077594986,3,2.489402197,2,2.140309518,2,2.813522756,3
2815_left.jpg,data\raw\slit_lamp\dataset_01\normal\2815_left.jpg,slit_lamp,2.399806157,2,2.640636706,3,2.11702478,2,1.88020576,2
2815_right.jpg,data\raw\slit_lamp\dataset_01\normal\2815_right.jpg,slit_lamp,2.094245681,2,1.918290248,2,2.118702897,2,2.511294899,3
2817_left.jpg,data\raw\slit_lamp\dataset_01\normal\2817_left.jpg,slit_lamp,1.796950865,2,2.855658001,3,2.123259557,2,2.694608251,3
2817_right.jpg,data\raw\slit_lamp\dataset_01\normal\2817_right.jpg,slit_lamp,1.558673329,2,2.522498281,3,2.123379504,2,2.604081403,3
2820_left.jpg,data\raw\slit_lamp\dataset_01\normal\2820_left.jpg,slit_lamp,2.418129665,2,2.099054804,2,2.147403814,2,2.526159677,3
2820_right.jpg,data\raw\slit_lamp\dataset_01\normal\2820_right.jpg,slit_lamp,2.303066789,2,2.088104278,2,2.168600466,2,2.470048607,2
2821_left.jpg,data\raw\slit_lamp\dataset_01\normal\2821_left.jpg,slit_lamp,1.871111221,2,2.445859523,2,2.124339143,2,1.759692592,2
2821_right.jpg,data\raw\slit_lamp\dataset_01\normal\2821_right.jpg,slit_lamp,2.709244303,3,3.897805,4,2.12457907,2,2.892727527,3
2822_left.jpg,data\raw\slit_lamp\dataset_01\normal\2822_left.jpg,slit_lamp,1.962171081,2,2.857787935,3,2.146321256,2,2.055831031,2
2822_right.jpg,data\raw\slit_lamp\dataset_01\normal\2822_right.jpg,slit_lamp,2.190453927,2,3.107132499,3,2.153901983,2,2.285785321,2
2826_left.jpg,data\raw\slit_lamp\dataset_01\normal\2826_left.jpg,slit_lamp,2.883003601,3,2.639308166,3,2.120621177,2,2.962311275,3
2826_right.jpg,data\raw\slit_lamp\dataset_01\normal\2826_right.jpg,slit_lamp,2.709503991,3,2.594624627,3,2.122899727,2,2.854106231,3
2827_left.jpg,data\raw\slit_lamp\dataset_01\normal\2827_left.jpg,slit_lamp,2.703987915,3,2.186231814,2,2.161007286,2,2.363364888,2
2827_right.jpg,data\raw\slit_lamp\dataset_01\normal\2827_right.jpg,slit_lamp,2.095025522,2,1.875946985,2,2.182356245,2,2.36276559,2
2829_left.jpg,data\raw\slit_lamp\dataset_01\normal\2829_left.jpg,slit_lamp,2.336470116,2,1.99224171,2,2.123019669,2,2.498986431,2
2829_right.jpg,data\raw\slit_lamp\dataset_01\normal\2829_right.jpg,slit_lamp,2.701680777,3,2.047117631,2,2.122539913,2,2.556471927,3
2833_left.jpg,data\raw\slit_lamp\dataset_01\normal\2833_left.jpg,slit_lamp,2.839465478,3,2.600075998,3,2.123139612,2,2.711252455,3
2833_right.jpg,data\raw\slit_lamp\dataset_01\normal\2833_right.jpg,slit_lamp,2.395559619,2,2.125572966,2,2.122539913,2,2.555007506,3
2834_left.jpg,data\raw\slit_lamp\dataset_01\normal\2834_left.jpg,slit_lamp,2.165004782,2,3.468152794,3,2.114987541,2,2.786198502,3
2834_right.jpg,data\raw\slit_lamp\dataset_01\normal\2834_right.jpg,slit_lamp,2.683500026,3,4.074061049,4,2.124459105,2,2.958858888,3
2835_left.jpg,data\raw\slit_lamp\dataset_01\normal\2835_left.jpg,slit_lamp,2.941128318,3,2.204811046,2,2.122779788,2,2.51240819,3
2835_right.jpg,data\raw\slit_lamp\dataset_01\normal\2835_right.jpg,slit_lamp,2.879328995,3,2.215700664,2,2.122060186,2,2.460268664,2
2837_left.jpg,data\raw\slit_lamp\dataset_01\normal\2837_left.jpg,slit_lamp,3.177685772,3,3.405963528,3,2.13045949,2,2.989358871,3
2837_right.jpg,data\raw\slit_lamp\dataset_01\normal\2837_right.jpg,slit_lamp,2.885379647,3,2.846181548,3,2.133101043,2,2.883992469,3
2838_left.jpg,data\raw\slit_lamp\dataset_01\normal\2838_left.jpg,slit_lamp,3.048909692,3,2.88761616,3,2.120741084,2,2.989423483,3
2838_right.jpg,data\raw\slit_lamp\dataset_01\normal\2838_right.jpg,slit_lamp,2.955119301,3,2.766223936,3,2.116185853,2,3.003050874,3
2839_left.jpg,data\raw\slit_lamp\dataset_01\normal\2839_left.jpg,slit_lamp,2.818196319,3,2.350718174,2,2.143074395,2,2.592977982,3
2839_right.jpg,data\raw\slit_lamp\dataset_01\normal\2839_right.jpg,slit_lamp,2.912728967,3,2.481928767,2,2.133821612,2,2.592600523,3
2841_left.jpg,data\raw\slit_lamp\dataset_01\normal\2841_left.jpg,slit_lamp,3.043534043,3,2.931199998,3,2.196131601,2,2.863452492,3
2841_right.jpg,data\raw\slit_lamp\dataset_01\normal\2841_right.jpg,slit_lamp,3.138070997,3,3.334369192,3,2.120621177,2,3.057979509,3
2842_left.jpg,data\raw\slit_lamp\dataset_01\normal\2842_left.jpg,slit_lamp,2.83171622,3,2.528746396,3,2.11906254,2,2.852666276,3
2842_right.jpg,data\raw\slit_lamp\dataset_01\normal\2842_right.jpg,slit_lamp,2.657007211,3,2.352277673,2,2.11858302,2,2.79959074,3
2843_left.jpg,data\raw\slit_lamp\dataset_01\normal\2843_left.jpg,slit_lamp,2.725170491,3,2.120206757,2,2.301328484,2,2.010750244,2
2843_right.jpg,data\raw\slit_lamp\dataset_01\normal\2843_right.jpg,slit_lamp,2.876529338,3,2.057557362,2,2.252627523,2,2.496696302,2
2844_left.jpg,data\raw\slit_lamp\dataset_01\normal\2844_left.jpg,slit_lamp,2.827400292,3,3.25867709,3,2.151976098,2,2.044808022,2
2844_right.jpg,data\raw\slit_lamp\dataset_01\normal\2844_right.jpg,slit_lamp,2.970060788,3,3.720546062,4,2.116305694,2,2.155856868,2
2846_left.jpg,data\raw\slit_lamp\dataset_01\normal\2846_left.jpg,slit_lamp,3.214528473,3,2.693590442,3,2.129259062,2,2.844052551,3
2846_right.jpg,data\raw\slit_lamp\dataset_01\normal\2846_right.jpg,slit_lamp,3.20369758,3,2.601702765,3,2.129739212,2,2.967395927,3
2848_left.jpg,data\raw\slit_lamp\dataset_01\normal\2848_left.jpg,slit_lamp,2.478547104,2,2.093276383,2,2.071973098,2,3.07621178,3
2848_right.jpg,data\raw\slit_lamp\dataset_01\normal\2848_right.jpg,slit_lamp,2.104126923,2,1.933963079,2,2.074713742,2,2.996150841,3
2849_left.jpg,data\raw\slit_lamp\dataset_01\normal\2849_left.jpg,slit_lamp,2.733676136,3,4.604184965,5,2.124938974,2,2.863240915,3
2849_right.jpg,data\raw\slit_lamp\dataset_01\normal\2849_right.jpg,slit_lamp,2.605937406,3,2.71530617,3,2.133341226,2,2.75277255,3
2850_left.jpg,data\raw\slit_lamp\dataset_01\normal\2850_left.jpg,slit_lamp,3.031306398,3,2.35963774,2,2.066375953,2,3.028936344,3
2850_right.jpg,data\raw\slit_lamp\dataset_01\normal\2850_right.jpg,slit_lamp,2.788086869,3,1.997273804,2,2.066852132,2,2.308398372,2
2851_right.jpg,data\raw\slit_lamp\dataset_01\normal\2851_right.jpg,slit_lamp,3.17184853,3,3.195217312,3,2.126618738,2,3.035080704,3
2852_left.jpg,data\raw\slit_lamp\dataset_01\normal\2852_left.jpg,slit_lamp,2.97763804,3,4.96441886,5,2.012902671,2,2.74337824,3
2852_right.jpg,data\raw\slit_lamp\dataset_01\normal\2852_right.jpg,slit_lamp,3.286494628,3,3.797038597,4,2.033599744,2,2.963083027,3
2853_left.jpg,data\raw\slit_lamp\dataset_01\normal\2853_left.jpg,slit_lamp,2.685139184,3,3.221469182,3,2.112471674,2,2.890198872,3
2853_right.jpg,data\raw\slit_lamp\dataset_01\normal\2853_right.jpg,slit_lamp,2.19757304,2,4.13634772,4,2.126018783,2,3.014140819,3
2857_left.jpg,data\raw\slit_lamp\dataset_01\normal\2857_left.jpg,slit_lamp,2.836099484,3,2.509937702,3,2.274643498,2,2.393060475,2
2857_right.jpg,data\raw\slit_lamp\dataset_01\normal\2857_right.jpg,slit_lamp,2.93667336,3,2.743504849,3,2.311942373,2,2.4906283,2
2858_left.jpg,data\raw\slit_lamp\dataset_01\normal\2858_left.jpg,slit_lamp,3.152772932,3,4.392377604,4,2.128658914,2,2.601543773,3
2858_right.jpg,data\raw\slit_lamp\dataset_01\normal\2858_right.jpg,slit_lamp,3.073603079,3,3.943470696,4,2.125298894,2,2.51934135,3
2860_left.jpg,data\raw\slit_lamp\dataset_01\normal\2860_left.jpg,slit_lamp,3.061727718,3,2.526344514,3,2.248131671,2,2.486149251,2
2860_right.jpg,data\raw\slit_lamp\dataset_01\normal\2860_right.jpg,slit_lamp,2.825804924,3,2.294510149,2,2.234411404,2,2.499277887,2
2862_left.jpg,data\raw\slit_lamp\dataset_01\normal\2862_left.jpg,slit_lamp,3.221338314,3,2.91797438,3,2.126018783,2,3.076398676,3
2862_right.jpg,data\raw\slit_lamp\dataset_01\normal\2862_right.jpg,slit_lamp,3.111449773,3,2.627671875,3,2.12457907,2,2.806274425,3
2864_left.jpg,data\raw\slit_lamp\dataset_01\normal\2864_left.jpg,slit_lamp,3.146479356,3,2.912864583,3,2.139468212,2,2.827592737,3
2864_right.jpg,data\raw\slit_lamp\dataset_01\normal\2864_right.jpg,slit_lamp,3.090287283,3,2.784658848,3,2.106365071,2,2.755954149,3
2869_left.jpg,data\raw\slit_lamp\dataset_01\normal\2869_left.jpg,slit_lamp,2.38024059,2,2.496042517,2,2.073641191,2,1.965817504,2
2869_right.jpg,data\raw\slit_lamp\dataset_01\normal\2869_right.jpg,slit_lamp,2.401858661,2,2.557300987,3,2.193834383,2,2.688046405,3
2872_left.jpg,data\raw\slit_lamp\dataset_01\normal\2872_left.jpg,slit_lamp,3.089753953,3,2.59113479,3,2.066971182,2,3.181605343,3
2872_right.jpg,data\raw\slit_lamp\dataset_01\normal\2872_right.jpg,slit_lamp,2.925496342,3,2.146727469,2,2.06601884,2,3.084085901,3
2878_left.jpg,data\raw\slit_lamp\dataset_01\normal\2878_left.jpg,slit_lamp,3.130580138,3,2.858147474,3,2.126018783,2,2.950515307,3
2878_right.jpg,data\raw\slit_lamp\dataset_01\normal\2878_right.jpg,slit_lamp,3.130682466,3,2.836379638,3,2.123739355,2,2.777549754,3
2880_left.jpg,data\raw\slit_lamp\dataset_01\normal\2880_left.jpg,slit_lamp,2.655972656,3,2.072165562,2,2.231499418,2,2.458234693,2
2880_right.jpg,data\raw\slit_lamp\dataset_01\normal\2880_right.jpg,slit_lamp,2.733654215,3,2.139736831,2,2.202300381,2,2.456842384,2
2881_left.jpg,data\raw\slit_lamp\dataset_01\normal\2881_left.jpg,slit_lamp,2.101125102,2,2.243972117,2,2.12553885,2,1.871013996,2
2881_right.jpg,data\raw\slit_lamp\dataset_01\normal\2881_right.jpg,slit_lamp,2.362259506,2,2.256556722,2,2.134422134,2,2.487659763,2
2882_left.jpg,data\raw\slit_lamp\dataset_01\normal\2882_left.jpg,slit_lamp,2.400212735,2,2.043466179,2,2.238537963,2,2.384167435,2
2882_right.jpg,data\raw\slit_lamp\dataset_01\normal\2882_right.jpg,slit_lamp,2.689801585,3,2.261245297,2,2.342356451,2,2.377123887,2
2883_left.jpg,data\raw\slit_lamp\dataset_01\normal\2883_left.jpg,slit_lamp,1.744267324,2,2.433213598,2,2.132740782,2,2.63598665,3
2883_right.jpg,data\raw\slit_lamp\dataset_01\normal\2883_right.jpg,slit_lamp,1.671927044,2,2.597295315,3,2.149809982,2,2.64203873,3
2884_left.jpg,data\raw\slit_lamp\dataset_01\normal\2884_left.jpg,slit_lamp,2.376302741,2,4.591367563,5,2.122060186,2,2.692973024,3
2884_right.jpg,data\raw\slit_lamp\dataset_01\normal\2884_right.jpg,slit_lamp,2.669588565,3,4.523144815,5,2.12457907,2,2.867877229,3
2886_left.jpg,data\raw\slit_lamp\dataset_01\normal\2886_left.jpg,slit_lamp,2.718162637,3,2.67616636,3,2.157393716,2,2.758205998,3
2886_right.jpg,data\raw\slit_lamp\dataset_01\normal\2886_right.jpg,slit_lamp,3.038864947,3,2.837847317,3,2.194317965,2,2.60485813,3
2887_left.jpg,data\raw\slit_lamp\dataset_01\normal\2887_left.jpg,slit_lamp,3.304463232,3,2.83343229,3,2.127218737,2,2.723520328,3
2887_right.jpg,data\raw\slit_lamp\dataset_01\normal\2887_right.jpg,slit_lamp,3.291939489,3,2.656512217,3,2.128418867,2,2.438905009,2
2889_left.jpg,data\raw\slit_lamp\dataset_01\normal\2889_left.jpg,slit_lamp,3.208152366,3,3.063325264,3,2.126858732,2,3.129709979,3
2889_right.jpg,data\raw\slit_lamp\dataset_01\normal\2889_right.jpg,slit_lamp,3.233403435,3,3.232722287,3,2.126738734,2,3.156223644,3
2890_left.jpg,data\raw\slit_lamp\dataset_01\normal\2890_left.jpg,slit_lamp,3.155342779,3,4.023531778,4,2.161489205,2,2.965010317,3
2890_right.jpg,data\raw\slit_lamp\dataset_01\normal\2890_right.jpg,slit_lamp,2.64650597,3,2.767662744,3,2.304621696,2,2.52623379,3
2892_left.jpg,data\raw\slit_lamp\dataset_01\normal\2892_left.jpg,slit_lamp,2.302191937,2,1.958315807,2,2.106006008,2,2.524307403,3
2892_right.jpg,data\raw\slit_lamp\dataset_01\normal\2892_right.jpg,slit_lamp,2.828334828,3,2.503921987,3,2.106843847,2,2.867495861,3
2895_left.jpg,data\raw\slit_lamp\dataset_01\normal\2895_left.jpg,slit_lamp,2.579595496,3,2.146969118,2,2.147042946,2,2.25519077,2
2895_right.jpg,data\raw\slit_lamp\dataset_01\normal\2895_right.jpg,slit_lamp,3.022922716,3,2.272794781,2,2.157755007,2,2.63872472,3
2897_left.jpg,data\raw\slit_lamp\dataset_01\normal\2897_left.jpg,slit_lamp,2.831241327,3,2.519102259,3,2.128298846,2,2.701425259,3
2897_right.jpg,data\raw\slit_lamp\dataset_01\normal\2897_right.jpg,slit_lamp,2.984260548,3,2.487175467,2,2.167033105,2,2.784618453,3
2907_left.jpg,data\raw\slit_lamp\dataset_01\normal\2907_left.jpg,slit_lamp,2.997206069,3,2.750326374,3,2.129018998,2,2.867859782,3
2907_right.jpg,data\raw\slit_lamp\dataset_01\normal\2907_right.jpg,slit_lamp,3.085914738,3,2.921146254,3,2.134422134,2,2.903870713,3
2908_left.jpg,data\raw\slit_lamp\dataset_01\normal\2908_left.jpg,slit_lamp,2.9750939,3,2.443459522,2,2.148125595,2,2.148010849,2
2908_right.jpg,data\raw\slit_lamp\dataset_01\normal\2908_right.jpg,slit_lamp,2.870934298,3,2.109782514,2,2.093927378,2,2.677933104,3
2910_left.jpg,data\raw\slit_lamp\dataset_01\normal\2910_left.jpg,slit_lamp,2.160058454,2,2.576093565,3,2.12457907,2,2.574242404,3
2910_right.jpg,data\raw\slit_lamp\dataset_01\normal\2910_right.jpg,slit_lamp,2.181270657,2,2.400700232,2,2.125178919,2,2.54341414,3
2911_left.jpg,data\raw\slit_lamp\dataset_01\normal\2911_left.jpg,slit_lamp,2.463563235,2,2.085260178,2,2.072211373,2,3.003609516,3
2911_right.jpg,data\raw\slit_lamp\dataset_01\normal\2911_right.jpg,slit_lamp,2.223019399,2,2.010210883,2,2.074356207,2,2.954597995,3
2915_left.jpg,data\raw\slit_lamp\dataset_01\normal\2915_left.jpg,slit_lamp,2.955126391,3,2.679160397,3,2.147403814,2,2.674594873,3
2915_right.jpg,data\raw\slit_lamp\dataset_01\normal\2915_right.jpg,slit_lamp,2.935177362,3,2.63738016,3,2.13093971,2,2.697837389,3
2919_left.jpg,data\raw\slit_lamp\dataset_01\normal\2919_left.jpg,slit_lamp,1.943460905,2,1.760475639,2,2.197824621,2,2.38229305,2
2919_right.jpg,data\raw\slit_lamp\dataset_01\normal\2919_right.jpg,slit_lamp,2.027086148,2,1.859232006,2,2.286456858,2,2.37712401,2
2924_left.jpg,data\raw\slit_lamp\dataset_01\normal\2924_left.jpg,slit_lamp,2.702842243,3,2.858643108,3,2.130819652,2,2.884700319,3
2924_right.jpg,data\raw\slit_lamp\dataset_01\normal\2924_right.jpg,slit_lamp,2.663718865,3,2.835488442,3,2.132740782,2,2.921054825,3
2931_left.jpg,data\raw\slit_lamp\dataset_01\normal\2931_left.jpg,slit_lamp,2.675240811,3,2.147969979,2,2.087238659,2,3.031520478,3
2931_right.jpg,data\raw\slit_lamp\dataset_01\normal\2931_right.jpg,slit_lamp,2.613785872,3,2.166727463,2,2.078409319,2,3.046427052,3
2932_left.jpg,data\raw\slit_lamp\dataset_01\normal\2932_left.jpg,slit_lamp,2.792895778,3,2.156821975,2,2.151013314,2,2.541741091,3
2932_right.jpg,data\raw\slit_lamp\dataset_01\normal\2932_right.jpg,slit_lamp,2.686072599,3,2.181283674,2,2.154985478,2,2.561375952,3
2933_left.jpg,data\raw\slit_lamp\dataset_01\normal\2933_left.jpg,slit_lamp,2.5803303,3,2.512152017,3,2.152938988,2,2.507729457,3
2933_right.jpg,data\raw\slit_lamp\dataset_01\normal\2933_right.jpg,slit_lamp,2.545451412,3,2.510289892,3,2.188879023,2,2.448309676,2
2935_left.jpg,data\raw\slit_lamp\dataset_01\normal\2935_left.jpg,slit_lamp,2.907701505,3,2.546749053,3,2.064352554,2,2.448938,2
2935_right.jpg,data\raw\slit_lamp\dataset_01\normal\2935_right.jpg,slit_lamp,2.933531069,3,2.312882335,2,2.123139612,2,2.693208489,3
2940_left.jpg,data\raw\slit_lamp\dataset_01\normal\2940_left.jpg,slit_lamp,3.229627068,3,2.714423364,3,2.102655561,2,2.816692946,3
2940_right.jpg,data\raw\slit_lamp\dataset_01\normal\2940_right.jpg,slit_lamp,2.973718143,3,2.486442723,2,2.209441398,2,2.602303969,3
2942_left.jpg,data\raw\slit_lamp\dataset_01\normal\2942_left.jpg,slit_lamp,3.113523245,3,2.48092444,2,2.050917978,2,3.329591378,3
2942_right.jpg,data\raw\slit_lamp\dataset_01\normal\2942_right.jpg,slit_lamp,3.057708478,3,2.33371304,2,2.061378036,2,3.254313118,3
2944_left.jpg,data\raw\slit_lamp\dataset_01\normal\2944_left.jpg,slit_lamp,2.377404314,2,2.21805566,2,2.136944795,2,2.544626415,3
2944_right.jpg,data\raw\slit_lamp\dataset_01\normal\2944_right.jpg,slit_lamp,2.310184819,2,2.062927662,2,2.128898968,2,2.467873128,2
2946_left.jpg,data\raw\slit_lamp\dataset_01\normal\2946_left.jpg,slit_lamp,3.137400513,3,3.013548447,3,2.143555334,2,2.591633179,3
2946_right.jpg,data\raw\slit_lamp\dataset_01\normal\2946_right.jpg,slit_lamp,2.976021844,3,2.793391467,3,2.143314861,2,2.497754725,2
2948_left.jpg,data\raw\slit_lamp\dataset_01\normal\2948_left.jpg,slit_lamp,2.31002939,2,1.805757712,2,2.392901385,2,2.171992055,2
2948_right.jpg,data\raw\slit_lamp\dataset_01\normal\2948_right.jpg,slit_lamp,1.888411712,2,1.664466767,2,2.291209298,2,2.099494374,2
2950_left.jpg,data\raw\slit_lamp\dataset_01\normal\2950_left.jpg,slit_lamp,3.044590754,3,2.377555388,2,2.050561669,2,3.23367989,3
2950_right.jpg,data\raw\slit_lamp\dataset_01\normal\2950_right.jpg,slit_lamp,3.089527535,3,2.208805401,2,2.050917978,2,3.231628754,3
2952_left.jpg,data\raw\slit_lamp\dataset_01\normal\2952_left.jpg,slit_lamp,2.875715334,3,2.74049698,3,2.134902582,2,2.746708939,3
2952_right.jpg,data\raw\slit_lamp\dataset_01\normal\2952_right.jpg,slit_lamp,2.767603598,3,2.681473696,3,2.148486507,2,2.606232601,3
2953_left.jpg,data\raw\slit_lamp\dataset_01\normal\2953_left.jpg,slit_lamp,2.161647558,2,2.152459502,2,2.224222695,2,2.503442826,3
2953_right.jpg,data\raw\slit_lamp\dataset_01\normal\2953_right.jpg,slit_lamp,2.536808881,3,2.225933163,2,2.282071368,2,2.545899509,3
2957_left.jpg,data\raw\slit_lamp\dataset_01\normal\2957_left.jpg,slit_lamp,0.960370353,1,1.757265494,2,2.172218464,2,1.029566275,1
2957_right.jpg,data\raw\slit_lamp\dataset_01\normal\2957_right.jpg,slit_lamp,0.874265784,1,1.714202263,2,2.104928919,2,1.040968585,1
2961_left.jpg,data\raw\slit_lamp\dataset_01\normal\2961_left.jpg,slit_lamp,2.462615789,2,2.657545157,3,2.127458749,2,2.57068081,3
2961_right.jpg,data\raw\slit_lamp\dataset_01\normal\2961_right.jpg,slit_lamp,2.39960729,2,2.417661088,2,2.12613877,2,2.48147595,2
2962_left.jpg,data\raw\slit_lamp\dataset_01\normal\2962_left.jpg,slit_lamp,2.353099997,2,2.287180993,2,2.12613877,2,2.636323664,3
2962_right.jpg,data\raw\slit_lamp\dataset_01\normal\2962_right.jpg,slit_lamp,2.309026947,2,2.514959967,3,2.121340649,2,2.580800664,3
2966_left.jpg,data\raw\slit_lamp\dataset_01\normal\2966_left.jpg,slit_lamp,2.474098176,2,2.03997319,2,2.121580488,2,2.431810275,2
2966_right.jpg,data\raw\slit_lamp\dataset_01\normal\2966_right.jpg,slit_lamp,2.820592794,3,2.294682469,2,2.172339088,2,2.499031263,2
2967_left.jpg,data\raw\slit_lamp\dataset_01\normal\2967_left.jpg,slit_lamp,1.892815095,2,1.725128084,2,2.136944795,2,2.184418405,2
2967_right.jpg,data\raw\slit_lamp\dataset_01\normal\2967_right.jpg,slit_lamp,1.315619795,1,1.642850543,2,2.152938988,2,2.052488003,2
2971_left.jpg,data\raw\slit_lamp\dataset_01\normal\2971_left.jpg,slit_lamp,3.222194476,3,2.731923391,3,2.13646423,2,2.827688258,3
2971_right.jpg,data\raw\slit_lamp\dataset_01\normal\2971_right.jpg,slit_lamp,3.239871677,3,2.809643525,3,2.136824651,2,2.789906427,3
2974_left.jpg,data\raw\slit_lamp\dataset_01\normal\2974_left.jpg,slit_lamp,2.665473205,3,2.458728689,2,2.139468212,2,2.817421516,3
2974_right.jpg,data\raw\slit_lamp\dataset_01\normal\2974_right.jpg,slit_lamp,2.665403902,3,2.477930963,2,2.161489205,2,2.793234087,3
2975_left.jpg,data\raw\slit_lamp\dataset_01\normal\2975_left.jpg,slit_lamp,2.356329875,2,2.183723094,2,2.197219938,2,2.468066019,2
2975_right.jpg,data\raw\slit_lamp\dataset_01\normal\2975_right.jpg,slit_lamp,2.596649292,3,2.195891706,2,2.191537691,2,2.316984792,2
2979_left.jpg,data\raw\slit_lamp\dataset_01\normal\2979_left.jpg,slit_lamp,2.436554803,2,1.85549005,2,2.258827151,2,2.362592691,2
2979_right.jpg,data\raw\slit_lamp\dataset_01\normal\2979_right.jpg,slit_lamp,2.284852295,2,1.889157726,2,2.151013314,2,2.413055787,2
2980_left.jpg,data\raw\slit_lamp\dataset_01\normal\2980_left.jpg,slit_lamp,2.626893623,3,2.111659446,2,2.128658914,2,2.599408539,3
2980_right.jpg,data\raw\slit_lamp\dataset_01\normal\2980_right.jpg,slit_lamp,2.837991128,3,2.354245213,2,2.128658914,2,2.690235152,3
2981_left.jpg,data\raw\slit_lamp\dataset_01\normal\2981_left.jpg,slit_lamp,3.081937207,3,2.950909823,3,2.157032438,2,2.8437703,3
2981_right.jpg,data\raw\slit_lamp\dataset_01\normal\2981_right.jpg,slit_lamp,3.156644407,3,2.990388626,3,2.129259062,2,2.897156277,3
2984_left.jpg,data\raw\slit_lamp\dataset_01\normal\2984_left.jpg,slit_lamp,2.992021648,3,2.772112258,3,2.118103529,2,2.978529992,3
2984_right.jpg,data\raw\slit_lamp\dataset_01\normal\2984_right.jpg,slit_lamp,2.956399721,3,2.781026223,3,2.121340649,2,2.937406859,3
2985_left.jpg,data\raw\slit_lamp\dataset_01\normal\2985_left.jpg,slit_lamp,2.551717711,3,2.27922002,2,2.125658831,2,2.409384492,2
2985_right.jpg,data\raw\slit_lamp\dataset_01\normal\2985_right.jpg,slit_lamp,2.284958169,2,2.128139019,2,2.16209164,2,2.457292432,2
2988_left.jpg,data\raw\slit_lamp\dataset_01\normal\2988_left.jpg,slit_lamp,2.903046254,3,4.837678487,5,2.126258759,2,2.830786985,3
2988_right.jpg,data\raw\slit_lamp\dataset_01\normal\2988_right.jpg,slit_lamp,2.910008777,3,4.956479335,5,2.123859309,2,2.815003011,3
2991_left.jpg,data\raw\slit_lamp\dataset_01\normal\2991_left.jpg,slit_lamp,2.266225316,2,2.933848122,3,2.145238833,2,2.208898235,2
2991_right.jpg,data\raw\slit_lamp\dataset_01\normal\2991_right.jpg,slit_lamp,2.251947966,2,3.057461512,3,2.155226272,2,2.099180559,2
2992_left.jpg,data\raw\slit_lamp\dataset_01\normal\2992_left.jpg,slit_lamp,2.590107089,3,2.007909508,2,2.063281581,2,3.285387184,3
2992_right.jpg,data\raw\slit_lamp\dataset_01\normal\2992_right.jpg,slit_lamp,1.903047732,2,1.931980637,2,2.06102118,2,3.012733988,3
2996_left.jpg,data\raw\slit_lamp\dataset_01\normal\2996_left.jpg,slit_lamp,3.093352212,3,2.452743216,2,2.060426461,2,3.035805372,3
2996_right.jpg,data\raw\slit_lamp\dataset_01\normal\2996_right.jpg,slit_lamp,3.010859929,3,2.556902456,3,2.066733085,2,2.926274073,3
3000_left.jpg,data\raw\slit_lamp\dataset_01\normal\3000_left.jpg,slit_lamp,2.723392606,3,3.133948629,3,2.282680384,2,2.607645002,3
3000_right.jpg,data\raw\slit_lamp\dataset_01\normal\3000_right.jpg,slit_lamp,2.744236261,3,3.198954119,3,2.315237743,2,2.626713782,3
3001_left.jpg,data\raw\slit_lamp\dataset_01\normal\3001_left.jpg,slit_lamp,2.952853544,3,2.567311562,3,2.089029689,2,2.431850432,2
3001_right.jpg,data\raw\slit_lamp\dataset_01\normal\3001_right.jpg,slit_lamp,2.801610358,3,2.131156267,2,2.123739355,2,2.410985431,2
3004_left.jpg,data\raw\slit_lamp\dataset_01\normal\3004_left.jpg,slit_lamp,2.922997096,3,2.59763965,3,2.172942232,2,2.688024515,3
3004_right.jpg,data\raw\slit_lamp\dataset_01\normal\3004_right.jpg,slit_lamp,2.846544163,3,2.72247041,3,2.263813342,2,2.48876519,2
3007_left.jpg,data\raw\slit_lamp\dataset_01\normal\3007_left.jpg,slit_lamp,2.781070646,3,2.445361959,2,2.133341226,2,2.735926207,3
3007_right.jpg,data\raw\slit_lamp\dataset_01\normal\3007_right.jpg,slit_lamp,3.010716949,3,2.488923921,2,2.129259062,2,2.701986358,3
3008_left.jpg,data\raw\slit_lamp\dataset_01\normal\3008_left.jpg,slit_lamp,2.152475294,2,1.835873313,2,2.161850661,2,2.281912243,2
3008_right.jpg,data\raw\slit_lamp\dataset_01\normal\3008_right.jpg,slit_lamp,2.024435933,2,1.852306939,2,2.207141218,2,2.101995885,2
3009_left.jpg,data\raw\slit_lamp\dataset_01\normal\3009_left.jpg,slit_lamp,2.555941989,3,1.982699351,2,2.040474141,2,1.731917329,2
3009_right.jpg,data\raw\slit_lamp\dataset_01\normal\3009_right.jpg,slit_lamp,2.58628112,3,1.84142197,2,2.065423692,2,1.885583679,2
3010_left.jpg,data\raw\slit_lamp\dataset_01\normal\3010_left.jpg,slit_lamp,3.090944587,3,2.616688545,3,2.124819004,2,2.636334198,3
3010_right.jpg,data\raw\slit_lamp\dataset_01\normal\3010_right.jpg,slit_lamp,1.882841501,2,2.406753297,2,2.124819004,2,2.423583903,2
3011_left.jpg,data\raw\slit_lamp\dataset_01\normal\3011_left.jpg,slit_lamp,2.198821484,2,1.724563788,2,2.219252979,2,2.212817782,2
3011_right.jpg,data\raw\slit_lamp\dataset_01\normal\3011_right.jpg,slit_lamp,2.405391653,2,1.867629508,2,2.256273996,2,2.221181924,2
3013_left.jpg,data\raw\slit_lamp\dataset_01\normal\3013_left.jpg,slit_lamp,2.394115286,2,2.378822654,2,2.132620698,2,2.494310492,2
3013_right.jpg,data\raw\slit_lamp\dataset_01\normal\3013_right.jpg,slit_lamp,2.754475585,3,2.485927787,2,2.150772634,2,2.729287079,3
3016_left.jpg,data\raw\slit_lamp\dataset_01\normal\3016_left.jpg,slit_lamp,3.133334802,3,2.53836824,3,2.115586674,2,3.193121051,3
3016_right.jpg,data\raw\slit_lamp\dataset_01\normal\3016_right.jpg,slit_lamp,3.144041263,3,2.525365031,3,2.051393086,2,3.288886888,3
3017_left.jpg,data\raw\slit_lamp\dataset_01\normal\3017_left.jpg,slit_lamp,2.879450337,3,3.148058584,3,2.198066504,2,2.506218313,3
3017_right.jpg,data\raw\slit_lamp\dataset_01\normal\3017_right.jpg,slit_lamp,3.064273827,3,2.943166622,3,2.186945896,2,2.443832271,2
3018_left.jpg,data\raw\slit_lamp\dataset_01\normal\3018_left.jpg,slit_lamp,2.170745951,2,2.180493605,2,2.085089998,2,3.087799481,3
3018_right.jpg,data\raw\slit_lamp\dataset_01\normal\3018_right.jpg,slit_lamp,2.445546368,2,2.04533007,2,2.264908127,2,2.99498964,3
3020_left.jpg,data\raw\slit_lamp\dataset_01\normal\3020_left.jpg,slit_lamp,2.390561296,2,4.374628753,4,2.069948086,2,2.878184915,3
3020_right.jpg,data\raw\slit_lamp\dataset_01\normal\3020_right.jpg,slit_lamp,2.296117814,2,4.361993316,4,2.087477438,2,2.882956472,3
3025_left.jpg,data\raw\slit_lamp\dataset_01\normal\3025_left.jpg,slit_lamp,2.147525578,2,1.745735087,2,2.354706969,2,2.136613707,2
3025_right.jpg,data\raw\slit_lamp\dataset_01\normal\3025_right.jpg,slit_lamp,1.280966456,1,1.63050122,2,2.234532753,2,2.100306341,2
3026_left.jpg,data\raw\slit_lamp\dataset_01\normal\3026_left.jpg,slit_lamp,2.760763459,3,2.270934569,2,2.196131601,2,2.621341117,3
3026_right.jpg,data\raw\slit_lamp\dataset_01\normal\3026_right.jpg,slit_lamp,2.831110056,3,2.226760462,2,2.141872165,2,2.561322857,3
3029_left.jpg,data\raw\slit_lamp\dataset_01\normal\3029_left.jpg,slit_lamp,1.872011929,2,1.91189039,2,2.121220733,2,2.481215373,2
3029_right.jpg,data\raw\slit_lamp\dataset_01\normal\3029_right.jpg,slit_lamp,1.9822193,2,1.970659202,2,2.121220733,2,2.512679681,3
3034_left.jpg,data\raw\slit_lamp\dataset_01\normal\3034_left.jpg,slit_lamp,2.517344899,3,1.989892606,2,2.06601884,2,2.559350508,3
3034_right.jpg,data\raw\slit_lamp\dataset_01\normal\3034_right.jpg,slit_lamp,2.515038959,3,2.086370891,2,2.072807096,2,3.028951187,3
3037_right.jpg,data\raw\slit_lamp\dataset_01\normal\3037_right.jpg,slit_lamp,3.223569873,3,2.825725791,3,2.046762217,2,2.883346161,3
3038_left.jpg,data\raw\slit_lamp\dataset_01\normal\3038_left.jpg,slit_lamp,3.011980323,3,2.915735719,3,2.12637875,2,2.79556932,3
3038_right.jpg,data\raw\slit_lamp\dataset_01\normal\3038_right.jpg,slit_lamp,3.033700892,3,3.260636265,3,2.152938988,2,2.748670194,3
3040_left.jpg,data\raw\slit_lamp\dataset_01\normal\3040_left.jpg,slit_lamp,2.794768114,3,2.478919504,2,2.172580341,2,2.584096073,3
3040_right.jpg,data\raw\slit_lamp\dataset_01\normal\3040_right.jpg,slit_lamp,2.945084943,3,2.601239973,3,2.164381255,2,2.639184392,3
3042_left.jpg,data\raw\slit_lamp\dataset_01\normal\3042_left.jpg,slit_lamp,2.628328114,3,2.077999534,2,2.067804588,2,3.10684106,3
3042_right.jpg,data\raw\slit_lamp\dataset_01\normal\3042_right.jpg,slit_lamp,2.64055615,3,2.187683748,2,2.066256913,2,2.615294781,3
3044_left.jpg,data\raw\slit_lamp\dataset_01\normal\3044_left.jpg,slit_lamp,3.101362248,3,2.561040334,3,2.207625425,2,2.747344949,3
3044_right.jpg,data\raw\slit_lamp\dataset_01\normal\3044_right.jpg,slit_lamp,3.134897808,3,2.610903461,3,2.215375735,2,2.672570195,3
3050_left.jpg,data\raw\slit_lamp\dataset_01\normal\3050_left.jpg,slit_lamp,2.471759953,2,1.978078207,2,2.153901983,2,2.469488352,2
3050_right.jpg,data\raw\slit_lamp\dataset_01\normal\3050_right.jpg,slit_lamp,2.538398021,3,2.060146752,2,2.178492962,2,2.469450078,2
3051_left.jpg,data\raw\slit_lamp\dataset_01\normal\3051_left.jpg,slit_lamp,2.242813538,2,1.560020385,2,2.077932364,2,2.962618856,3
3051_right.jpg,data\raw\slit_lamp\dataset_01\normal\3051_right.jpg,slit_lamp,2.526918161,3,1.843387719,2,2.096078598,2,1.917685283,2
3052_left.jpg,data\raw\slit_lamp\dataset_01\normal\3052_left.jpg,slit_lamp,2.18238739,2,1.867988497,2,2.074356207,2,2.971680313,3
3052_right.jpg,data\raw\slit_lamp\dataset_01\normal\3052_right.jpg,slit_lamp,2.236284468,2,1.930675634,2,2.074594562,2,3.048431724,3
3054_left.jpg,data\raw\slit_lamp\dataset_01\normal\3054_left.jpg,slit_lamp,1.637894696,2,1.586668203,2,2.11858302,2,1.845000541,2
3054_right.jpg,data\raw\slit_lamp\dataset_01\normal\3054_right.jpg,slit_lamp,2.169056191,2,2.058742034,2,2.118463145,2,2.248421752,2
3056_left.jpg,data\raw\slit_lamp\dataset_01\normal\3056_left.jpg,slit_lamp,2.63284504,3,2.262527925,2,2.139468212,2,2.544036244,3
3056_right.jpg,data\raw\slit_lamp\dataset_01\normal\3056_right.jpg,slit_lamp,2.922660951,3,2.504600567,3,2.145599625,2,2.531047087,3
3057_left.jpg,data\raw\slit_lamp\dataset_01\normal\3057_left.jpg,slit_lamp,1.399504633,1,2.111954244,2,2.121100818,2,2.247353189,2
3057_right.jpg,data\raw\slit_lamp\dataset_01\normal\3057_right.jpg,slit_lamp,2.918064647,3,2.324031405,2,2.14620098,2,2.489587967,2
3058_left.jpg,data\raw\slit_lamp\dataset_01\normal\3058_left.jpg,slit_lamp,2.960029774,3,3.148289493,3,2.162212132,2,2.809834173,3
3058_right.jpg,data\raw\slit_lamp\dataset_01\normal\3058_right.jpg,slit_lamp,2.974051579,3,3.204127005,3,2.118343271,2,2.916410475,3
3059_left.jpg,data\raw\slit_lamp\dataset_01\normal\3059_left.jpg,slit_lamp,2.4399058,2,2.843309731,3,2.124938974,2,2.801889375,3
3059_right.jpg,data\raw\slit_lamp\dataset_01\normal\3059_right.jpg,slit_lamp,2.337426589,2,2.476415696,2,2.133581415,2,2.672475056,3
3062_left.jpg,data\raw\slit_lamp\dataset_01\normal\3062_left.jpg,slit_lamp,2.75017323,3,2.622202131,3,2.130579542,2,2.751833742,3
3062_right.jpg,data\raw\slit_lamp\dataset_01\normal\3062_right.jpg,slit_lamp,2.310323507,2,2.740445473,3,2.120381367,2,2.664683178,3
3063_left.jpg,data\raw\slit_lamp\dataset_01\normal\3063_left.jpg,slit_lamp,2.641442055,3,2.301689864,2,2.247159811,2,2.545020953,3
3063_right.jpg,data\raw\slit_lamp\dataset_01\normal\3063_right.jpg,slit_lamp,2.444102449,2,2.372019687,2,2.262718648,2,2.568046562,3
3064_left.jpg,data\raw\slit_lamp\dataset_01\normal\3064_left.jpg,slit_lamp,2.228704922,2,1.813107165,2,2.25019713,2,2.27787415,2
3064_right.jpg,data\raw\slit_lamp\dataset_01\normal\3064_right.jpg,slit_lamp,2.12308273,2,1.786138133,2,2.146321256,2,2.177892115,2
3066_left.jpg,data\raw\slit_lamp\dataset_01\normal\3066_left.jpg,slit_lamp,1.787495291,2,1.789648383,2,2.132620698,2,2.225350818,2
3066_right.jpg,data\raw\slit_lamp\dataset_01\normal\3066_right.jpg,slit_lamp,2.301542099,2,1.966071566,2,2.137906008,2,2.426244764,2
3068_left.jpg,data\raw\slit_lamp\dataset_01\normal\3068_left.jpg,slit_lamp,2.989897225,3,3.123639577,3,2.234168711,2,2.845701875,3
3068_right.jpg,data\raw\slit_lamp\dataset_01\normal\3068_right.jpg,slit_lamp,3.162971194,3,3.287892986,3,2.127338742,2,3.063569854,3
3069_left.jpg,data\raw\slit_lamp\dataset_01\normal\3069_left.jpg,slit_lamp,2.642811569,3,4.573255188,5,2.140309518,2,2.781960575,3
3069_right.jpg,data\raw\slit_lamp\dataset_01\normal\3069_right.jpg,slit_lamp,2.612081119,3,4.532790963,5,2.166309797,2,2.731853476,3
3070_left.jpg,data\raw\slit_lamp\dataset_01\normal\3070_left.jpg,slit_lamp,2.641322603,3,3.242761814,3,2.13021939,2,2.34866007,2
3070_right.jpg,data\raw\slit_lamp\dataset_01\normal\3070_right.jpg,slit_lamp,2.817363415,3,2.58745549,3,2.125178919,2,2.650787867,3
3072_left.jpg,data\raw\slit_lamp\dataset_01\normal\3072_left.jpg,slit_lamp,3.139024272,3,3.369352041,3,2.11858302,2,2.638687362,3
3072_right.jpg,data\raw\slit_lamp\dataset_01\normal\3072_right.jpg,slit_lamp,2.347142354,2,2.442878723,2,2.122300046,2,2.567109666,3
3075_left.jpg,data\raw\slit_lamp\dataset_01\normal\3075_left.jpg,slit_lamp,2.078940355,2,1.820445192,2,2.122300046,2,2.157168168,2
3075_right.jpg,data\raw\slit_lamp\dataset_01\normal\3075_right.jpg,slit_lamp,1.588366425,2,1.670655425,2,2.120621177,2,2.394626842,2
3077_left.jpg,data\raw\slit_lamp\dataset_01\normal\3077_left.jpg,slit_lamp,1.839616724,2,2.153167661,2,2.11858302,2,2.628880247,3
3077_right.jpg,data\raw\slit_lamp\dataset_01\normal\3077_right.jpg,slit_lamp,2.521785606,3,2.426136894,2,2.118463145,2,2.76047231,3
3079_left.jpg,data\raw\slit_lamp\dataset_01\normal\3079_left.jpg,slit_lamp,2.258110045,2,2.085198191,2,2.122419979,2,2.542751924,3
3079_right.jpg,data\raw\slit_lamp\dataset_01\normal\3079_right.jpg,slit_lamp,2.236425507,2,2.119718797,2,2.123859309,2,2.476892187,2
3080_left.jpg,data\raw\slit_lamp\dataset_01\normal\3080_left.jpg,slit_lamp,2.902492738,3,2.103967693,2,2.066137876,2,2.825900426,3
3080_right.jpg,data\raw\slit_lamp\dataset_01\normal\3080_right.jpg,slit_lamp,2.863473724,3,2.190798769,2,2.06601884,2,2.891155642,3
3083_left.jpg,data\raw\slit_lamp\dataset_01\normal\3083_left.jpg,slit_lamp,3.251234758,3,2.850898162,3,2.033007463,2,3.028337139,3
3083_right.jpg,data\raw\slit_lamp\dataset_01\normal\3083_right.jpg,slit_lamp,3.126728964,3,2.74050313,3,2.123499453,2,3.018667148,3
3084_left.jpg,data\raw\slit_lamp\dataset_01\normal\3084_left.jpg,slit_lamp,2.351523462,2,2.300328263,2,2.121100818,2,2.644080607,3
3084_right.jpg,data\raw\slit_lamp\dataset_01\normal\3084_right.jpg,slit_lamp,2.80083021,3,2.358641905,2,2.122779788,2,2.652575242,3
3085_left.jpg,data\raw\slit_lamp\dataset_01\normal\3085_left.jpg,slit_lamp,1.906072213,2,1.63669163,2,2.330380154,2,2.154781928,2
3085_right.jpg,data\raw\slit_lamp\dataset_01\normal\3085_right.jpg,slit_lamp,1.701756966,2,1.633883172,2,2.259313524,2,2.089333939,2
3090_left.jpg,data\raw\slit_lamp\dataset_01\normal\3090_left.jpg,slit_lamp,2.803280755,3,2.573987171,3,2.136223958,2,2.804889173,3
3090_right.jpg,data\raw\slit_lamp\dataset_01\normal\3090_right.jpg,slit_lamp,2.761048035,3,2.657430323,3,2.262718648,2,2.56169695,3
3094_left.jpg,data\raw\slit_lamp\dataset_01\normal\3094_left.jpg,slit_lamp,0.923093129,1,4.745053281,5,2.284751231,2,2.318892993,2
3094_right.jpg,data\raw\slit_lamp\dataset_01\normal\3094_right.jpg,slit_lamp,0.357171309,0,4.557362928,5,2.528700127,3,2.186578752,2
3095_left.jpg,data\raw\slit_lamp\dataset_01\normal\3095_left.jpg,slit_lamp,3.060545436,3,3.402327134,3,2.140910502,2,2.615768062,3
3095_right.jpg,data\raw\slit_lamp\dataset_01\normal\3095_right.jpg,slit_lamp,3.205874832,3,3.498075258,3,2.165586547,2,2.562328061,3
3097_left.jpg,data\raw\slit_lamp\dataset_01\normal\3097_left.jpg,slit_lamp,2.330400549,2,2.201225533,2,2.171977221,2,2.446548789,2
3097_right.jpg,data\raw\slit_lamp\dataset_01\normal\3097_right.jpg,slit_lamp,2.221320297,2,2.177169195,2,2.142593482,2,2.449878639,2
3098_left.jpg,data\raw\slit_lamp\dataset_01\normal\3098_left.jpg,slit_lamp,2.634955879,3,2.265082391,2,2.328059106,2,2.458865611,2
3098_right.jpg,data\raw\slit_lamp\dataset_01\normal\3098_right.jpg,slit_lamp,2.904565459,3,2.24853489,2,2.304987651,2,2.299972289,2
3100_left.jpg,data\raw\slit_lamp\dataset_01\normal\3100_left.jpg,slit_lamp,1.555423404,2,1.78694493,2,2.127938794,2,2.065619166,2
3100_right.jpg,data\raw\slit_lamp\dataset_01\normal\3100_right.jpg,slit_lamp,1.760167699,2,1.798019466,2,2.13646423,2,2.293213961,2
3102_left.jpg,data\raw\slit_lamp\dataset_01\normal\3102_left.jpg,slit_lamp,2.737760201,3,4.695225301,5,2.217677682,2,2.802599018,3
3102_right.jpg,data\raw\slit_lamp\dataset_01\normal\3102_right.jpg,slit_lamp,2.766689997,3,4.694549936,5,2.187670774,2,2.747220304,3
3108_left.jpg,data\raw\slit_lamp\dataset_01\normal\3108_left.jpg,slit_lamp,3.198324838,3,4.71362127,5,2.072807096,2,3.088168804,3
3108_right.jpg,data\raw\slit_lamp\dataset_01\normal\3108_right.jpg,slit_lamp,3.245826893,3,4.811718297,5,2.084254578,2,3.088805005,3
3109_left.jpg,data\raw\slit_lamp\dataset_01\normal\3109_left.jpg,slit_lamp,1.915514405,2,3.021755254,3,2.12613877,2,2.661167441,3
3109_right.jpg,data\raw\slit_lamp\dataset_01\normal\3109_right.jpg,slit_lamp,1.964319942,2,3.08534768,3,2.12265985,2,2.664370963,3
3110_left.jpg,data\raw\slit_lamp\dataset_01\normal\3110_left.jpg,slit_lamp,1.996294992,2,2.018774739,2,2.071377446,2,3.051586693,3
3110_right.jpg,data\raw\slit_lamp\dataset_01\normal\3110_right.jpg,slit_lamp,1.468678543,1,1.838568477,2,2.11966198,2,2.939187495,3
3113_left.jpg,data\raw\slit_lamp\dataset_01\normal\3113_left.jpg,slit_lamp,2.972371246,3,2.681009899,3,2.075548061,2,2.469947863,2
3113_right.jpg,data\raw\slit_lamp\dataset_01\normal\3113_right.jpg,slit_lamp,3.047352562,3,2.726837615,3,2.12457907,2,2.897687728,3
3114_left.jpg,data\raw\slit_lamp\dataset_01\normal\3114_left.jpg,slit_lamp,2.370647468,2,1.926880324,2,2.318533759,2,2.320955966,2
3114_right.jpg,data\raw\slit_lamp\dataset_01\normal\3114_right.jpg,slit_lamp,2.627440621,3,2.024473979,2,2.172942232,2,2.423389293,2
3117_left.jpg,data\raw\slit_lamp\dataset_01\normal\3117_left.jpg,slit_lamp,2.52840829,3,2.477265635,2,2.122779788,2,2.842257121,3
3117_right.jpg,data\raw\slit_lamp\dataset_01\normal\3117_right.jpg,slit_lamp,2.839841568,3,2.721737672,3,2.122539913,2,2.974081236,3
3119_left.jpg,data\raw\slit_lamp\dataset_01\normal\3119_left.jpg,slit_lamp,2.538857711,3,2.622711959,3,2.121460568,2,2.635161241,3
3122_left.jpg,data\raw\slit_lamp\dataset_01\normal\3122_left.jpg,slit_lamp,2.986828981,3,2.631882573,3,2.274643498,2,2.558059841,3
3122_right.jpg,data\raw\slit_lamp\dataset_01\normal\3122_right.jpg,slit_lamp,2.970506659,3,2.618241864,3,2.375510739,2,2.400958347,2
3123_left.jpg,data\raw\slit_lamp\dataset_01\normal\3123_left.jpg,slit_lamp,2.139648415,2,1.768989596,2,2.171253527,2,2.254844195,2
3123_right.jpg,data\raw\slit_lamp\dataset_01\normal\3123_right.jpg,slit_lamp,2.163473581,2,1.810092315,2,2.311454225,2,2.245862716,2
3124_left.jpg,data\raw\slit_lamp\dataset_01\normal\3124_left.jpg,slit_lamp,2.643194128,3,3.267677804,3,2.137785851,2,2.815709681,3
3124_right.jpg,data\raw\slit_lamp\dataset_01\normal\3124_right.jpg,slit_lamp,2.756274652,3,3.972386547,4,2.131660091,2,2.898623285,3
3127_left.jpg,data\raw\slit_lamp\dataset_01\normal\3127_left.jpg,slit_lamp,2.809234423,3,2.376483314,2,2.233926022,2,2.408336922,2
3127_right.jpg,data\raw\slit_lamp\dataset_01\normal\3127_right.jpg,slit_lamp,2.689718662,3,2.343526441,2,2.224343935,2,2.378598708,2
3131_left.jpg,data\raw\slit_lamp\dataset_01\normal\3131_left.jpg,slit_lamp,3.186265453,3,2.614810204,3,2.218404714,2,2.670313957,3
3131_right.jpg,data\raw\slit_lamp\dataset_01\normal\3131_right.jpg,slit_lamp,3.290098892,3,2.622682776,3,2.034665985,2,2.761625756,3
3138_left.jpg,data\raw\slit_lamp\dataset_01\normal\3138_left.jpg,slit_lamp,3.180460745,3,3.079460026,3,2.135383058,2,2.354033079,2
3138_right.jpg,data\raw\slit_lamp\dataset_01\normal\3138_right.jpg,slit_lamp,3.136077317,3,3.381786351,3,2.178975787,2,2.434550757,2
3139_left.jpg,data\raw\slit_lamp\dataset_01\normal\3139_left.jpg,slit_lamp,1.746672526,2,2.025318701,2,2.088193821,2,2.278377095,2
3139_right.jpg,data\raw\slit_lamp\dataset_01\normal\3139_right.jpg,slit_lamp,1.818369276,2,2.036741932,2,2.089268526,2,2.605413857,3
3141_left.jpg,data\raw\slit_lamp\dataset_01\normal\3141_left.jpg,slit_lamp,2.370822381,2,2.045249969,2,2.125658831,2,2.459579591,2
3141_right.jpg,data\raw\slit_lamp\dataset_01\normal\3141_right.jpg,slit_lamp,1.898025173,2,1.86171074,2,2.245216321,2,2.225419434,2
3142_left.jpg,data\raw\slit_lamp\dataset_01\normal\3142_left.jpg,slit_lamp,2.478926602,2,2.481067769,2,2.17499321,2,2.711554924,3
3142_right.jpg,data\raw\slit_lamp\dataset_01\normal\3142_right.jpg,slit_lamp,2.567079599,3,2.466753699,2,2.164983881,2,2.679821301,3
3144_left.jpg,data\raw\slit_lamp\dataset_01\normal\3144_left.jpg,slit_lamp,2.369181819,2,4.45117239,4,2.087477438,2,3.050820968,3
3144_right.jpg,data\raw\slit_lamp\dataset_01\normal\3144_right.jpg,slit_lamp,2.591569352,3,4.429700846,4,2.130099343,2,2.956382648,3
3145_left.jpg,data\raw\slit_lamp\dataset_01\normal\3145_left.jpg,slit_lamp,2.920398917,3,2.681047826,3,2.3542177,2,2.60303217,3
3146_right.jpg,data\raw\slit_lamp\dataset_01\normal\3146_right.jpg,slit_lamp,2.252152528,2,2.132888292,2,2.11858302,2,2.521856743,3
3150_left.jpg,data\raw\slit_lamp\dataset_01\normal\3150_left.jpg,slit_lamp,2.789781132,3,2.286789149,2,2.121460568,2,2.678421527,3
3150_right.jpg,data\raw\slit_lamp\dataset_01\normal\3150_right.jpg,slit_lamp,2.954261335,3,2.378365102,2,2.125778813,2,2.537689212,3
3153_left.jpg,data\raw\slit_lamp\dataset_01\normal\3153_left.jpg,slit_lamp,2.886312069,3,2.558852853,3,2.301572402,2,2.624317242,3
3153_right.jpg,data\raw\slit_lamp\dataset_01\normal\3153_right.jpg,slit_lamp,3.03314231,3,2.494935613,2,2.350793134,2,2.332839686,2
3154_left.jpg,data\raw\slit_lamp\dataset_01\normal\3154_left.jpg,slit_lamp,3.037391735,3,1.611284273,2,2.079124812,2,2.705066568,3
3155_left.jpg,data\raw\slit_lamp\dataset_01\normal\3155_left.jpg,slit_lamp,3.310473947,3,2.670871854,3,2.073760355,2,2.583947158,3
3155_right.jpg,data\raw\slit_lamp\dataset_01\normal\3155_right.jpg,slit_lamp,3.34572742,3,3.271643535,3,2.019518338,2,2.790798872,3
3157_left.jpg,data\raw\slit_lamp\dataset_01\normal\3157_left.jpg,slit_lamp,2.827280212,3,2.515786418,3,2.158236752,2,2.816991617,3
3157_right.jpg,data\raw\slit_lamp\dataset_01\normal\3157_right.jpg,slit_lamp,2.878711762,3,2.576562719,3,2.11858302,2,2.945388209,3
3159_right.jpg,data\raw\slit_lamp\dataset_01\normal\3159_right.jpg,slit_lamp,2.770842524,3,3.795089023,4,2.125178919,2,2.819300361,3
3163_left.jpg,data\raw\slit_lamp\dataset_01\normal\3163_left.jpg,slit_lamp,2.79025944,3,2.194969217,2,2.331113177,2,2.462157056,2
3164_right.jpg,data\raw\slit_lamp\dataset_01\normal\3164_right.jpg,slit_lamp,2.97069729,3,3.099224328,3,2.129499134,2,2.43656693,2
3166_right.jpg,data\raw\slit_lamp\dataset_01\normal\3166_right.jpg,slit_lamp,3.052065247,3,2.975020374,3,2.220949704,2,2.814167918,3
3168_left.jpg,data\raw\slit_lamp\dataset_01\normal\3168_left.jpg,slit_lamp,2.534492305,3,2.436164926,2,2.199759845,2,2.38209377,2
3169_left.jpg,data\raw\slit_lamp\dataset_01\normal\3169_left.jpg,slit_lamp,1.740853397,2,1.598703329,2,2.283289425,2,2.155595912,2
3169_right.jpg,data\raw\slit_lamp\dataset_01\normal\3169_right.jpg,slit_lamp,1.970484119,2,1.718967244,2,2.372205381,2,2.152110712,2
3170_right.jpg,data\raw\slit_lamp\dataset_01\normal\3170_right.jpg,slit_lamp,3.273508787,3,3.06688724,3,2.060902232,2,2.937182047,3
3171_left.jpg,data\raw\slit_lamp\dataset_01\normal\3171_left.jpg,slit_lamp,2.774734584,3,2.261910029,2,2.078528563,2,3.036380855,3
3172_left.jpg,data\raw\slit_lamp\dataset_01\normal\3172_left.jpg,slit_lamp,2.464102805,2,2.020227682,2,2.123259557,2,2.363771127,2
3172_right.jpg,data\raw\slit_lamp\dataset_01\normal\3172_right.jpg,slit_lamp,2.396575591,2,2.033477979,2,2.144156546,2,2.244886127,2
3173_right.jpg,data\raw\slit_lamp\dataset_01\normal\3173_right.jpg,slit_lamp,3.161883137,3,3.369893751,3,2.127098734,2,3.048835387,3
3175_left.jpg,data\raw\slit_lamp\dataset_01\normal\3175_left.jpg,slit_lamp,2.571413348,3,4.914249075,5,2.128898968,2,2.72114438,3
3175_right.jpg,data\raw\slit_lamp\dataset_01\normal\3175_right.jpg,slit_lamp,2.544923562,3,4.959893323,5,2.133341226,2,2.72144572,3
3176_left.jpg,data\raw\slit_lamp\dataset_01\normal\3176_left.jpg,slit_lamp,3.200615947,3,2.333191485,2,2.129259062,2,2.298013528,2
3176_right.jpg,data\raw\slit_lamp\dataset_01\normal\3176_right.jpg,slit_lamp,2.907450929,3,2.761474666,3,2.124819004,2,2.572972202,3
3177_right.jpg,data\raw\slit_lamp\dataset_01\normal\3177_right.jpg,slit_lamp,2.459984991,2,2.086483669,2,2.07411786,2,3.000460458,3
3179_left.jpg,data\raw\slit_lamp\dataset_01\normal\3179_left.jpg,slit_lamp,2.753294852,3,2.557912593,3,2.124819004,2,2.818976764,3
3181_right.jpg,data\raw\slit_lamp\dataset_01\normal\3181_right.jpg,slit_lamp,2.975485978,3,2.080792557,2,2.082106793,2,2.868251471,3
3183_left.jpg,data\raw\slit_lamp\dataset_01\normal\3183_left.jpg,slit_lamp,3.2854315,3,3.207303297,3,2.034192078,2,2.825904923,3
3184_left.jpg,data\raw\slit_lamp\dataset_01\normal\3184_left.jpg,slit_lamp,3.157257565,3,2.708971538,3,2.1440363,2,2.620398578,3
3184_right.jpg,data\raw\slit_lamp\dataset_01\normal\3184_right.jpg,slit_lamp,3.254092115,3,3.057213614,3,2.136223958,2,2.69326979,3
3186_left.jpg,data\raw\slit_lamp\dataset_01\normal\3186_left.jpg,slit_lamp,2.92969292,3,2.890140667,3,2.081748891,2,2.676353001,3
3186_right.jpg,data\raw\slit_lamp\dataset_01\normal\3186_right.jpg,slit_lamp,3.136577053,3,2.707689513,3,2.176682584,2,2.412705544,2
3187_left.jpg,data\raw\slit_lamp\dataset_01\normal\3187_left.jpg,slit_lamp,2.427094571,2,3.700716134,4,2.104569923,2,2.710594916,3
3187_right.jpg,data\raw\slit_lamp\dataset_01\normal\3187_right.jpg,slit_lamp,2.434745501,2,3.707223649,4,2.168600466,2,2.460665955,2
3188_left.jpg,data\raw\slit_lamp\dataset_01\normal\3188_left.jpg,slit_lamp,3.19571585,3,3.319616068,3,2.129739212,2,2.935667883,3
3188_right.jpg,data\raw\slit_lamp\dataset_01\normal\3188_right.jpg,slit_lamp,3.033185885,3,3.212682821,3,2.14199238,2,2.53011664,3
3191_right.jpg,data\raw\slit_lamp\dataset_01\normal\3191_right.jpg,slit_lamp,2.765721364,3,2.006482243,2,2.077693898,2,2.790534083,3
3192_left.jpg,data\raw\slit_lamp\dataset_01\normal\3192_left.jpg,slit_lamp,3.127114752,3,2.707692802,3,2.050917978,2,3.319963946,3
3193_left.jpg,data\raw\slit_lamp\dataset_01\normal\3193_left.jpg,slit_lamp,2.681925881,3,2.197301356,2,2.211499877,2,2.517798959,3
3193_right.jpg,data\raw\slit_lamp\dataset_01\normal\3193_right.jpg,slit_lamp,2.845174057,3,2.273082411,2,2.219131794,2,2.481996896,2
3194_left.jpg,data\raw\slit_lamp\dataset_01\normal\3194_left.jpg,slit_lamp,3.212231378,3,3.059332948,3,2.127338742,2,2.693522798,3
3194_right.jpg,data\raw\slit_lamp\dataset_01\normal\3194_right.jpg,slit_lamp,3.240682083,3,3.237626364,3,2.129859254,2,2.703813956,3
3196_left.jpg,data\raw\slit_lamp\dataset_01\normal\3196_left.jpg,slit_lamp,3.135552772,3,3.034173431,3,2.140309518,2,2.66987891,3
3196_right.jpg,data\raw\slit_lamp\dataset_01\normal\3196_right.jpg,slit_lamp,3.078785808,3,2.981299332,3,2.169806309,2,2.476475698,2
3198_left.jpg,data\raw\slit_lamp\dataset_01\normal\3198_left.jpg,slit_lamp,1.394023063,1,1.768804919,2,2.059237176,2,3.02241556,3
3198_right.jpg,data\raw\slit_lamp\dataset_01\normal\3198_right.jpg,slit_lamp,1.517050106,2,1.52712206,2,2.110076359,2,3.135178499,3
3200_left.jpg,data\raw\slit_lamp\dataset_01\normal\3200_left.jpg,slit_lamp,2.265400196,2,1.987091047,2,2.250440148,2,2.462669915,2
3201_left.jpg,data\raw\slit_lamp\dataset_01\normal\3201_left.jpg,slit_lamp,1.366791198,1,4.849863897,5,2.261015974,2,2.382819358,2
3202_left.jpg,data\raw\slit_lamp\dataset_01\normal\3202_left.jpg,slit_lamp,3.065415222,3,3.089116008,3,2.129859254,2,2.922228732,3
3202_right.jpg,data\raw\slit_lamp\dataset_01\normal\3202_right.jpg,slit_lamp,3.119832054,3,3.27655938,3,2.116785077,2,3.015363889,3
3203_left.jpg,data\raw\slit_lamp\dataset_01\normal\3203_left.jpg,slit_lamp,3.165454801,3,2.719982234,3,2.12457907,2,2.368307843,2
3203_right.jpg,data\raw\slit_lamp\dataset_01\normal\3203_right.jpg,slit_lamp,3.076427886,3,2.756761476,3,2.125898797,2,2.708528494,3
3204_left.jpg,data\raw\slit_lamp\dataset_01\normal\3204_left.jpg,slit_lamp,3.295003828,3,3.652455927,4,2.107681777,2,2.893530349,3
3206_left.jpg,data\raw\slit_lamp\dataset_01\normal\3206_left.jpg,slit_lamp,1.315893025,1,1.634451578,2,2.131660091,2,1.741706999,2
3207_left.jpg,data\raw\slit_lamp\dataset_01\normal\3207_left.jpg,slit_lamp,3.293858121,3,3.17635486,3,2.072449656,2,2.905305967,3
3207_right.jpg,data\raw\slit_lamp\dataset_01\normal\3207_right.jpg,slit_lamp,3.101965029,3,3.33643463,3,2.089149107,2,2.245225338,2
3208_left.jpg,data\raw\slit_lamp\dataset_01\normal\3208_left.jpg,slit_lamp,2.729442318,3,1.882886113,2,2.08198749,2,2.857209544,3
3208_right.jpg,data\raw\slit_lamp\dataset_01\normal\3208_right.jpg,slit_lamp,2.720681971,3,1.974558118,2,2.065899806,2,3.052854985,3
3209_right.jpg,data\raw\slit_lamp\dataset_01\normal\3209_right.jpg,slit_lamp,3.206177622,3,2.930748762,3,2.149689657,2,2.801438853,3
3212_left.jpg,data\raw\slit_lamp\dataset_01\normal\3212_left.jpg,slit_lamp,0.732794246,1,1.334996379,1,2.120381367,2,1.940887223,2
3214_left.jpg,data\raw\slit_lamp\dataset_01\normal\3214_left.jpg,slit_lamp,3.119269289,3,2.453961489,2,2.08879086,2,2.663109266,3
3214_right.jpg,data\raw\slit_lamp\dataset_01\normal\3214_right.jpg,slit_lamp,3.086582702,3,2.540084216,3,2.09631766,2,2.968012856,3
3215_right.jpg,data\raw\slit_lamp\dataset_01\normal\3215_right.jpg,slit_lamp,3.167657412,3,2.525653611,3,2.160284456,2,2.371434122,2
3216_left.jpg,data\raw\slit_lamp\dataset_01\normal\3216_left.jpg,slit_lamp,3.297849206,3,2.955286849,3,2.03940695,2,3.069406169,3
3217_left.jpg,data\raw\slit_lamp\dataset_01\normal\3217_left.jpg,slit_lamp,2.677559765,3,2.529931534,3,2.147163234,2,2.734896889,3
3217_right.jpg,data\raw\slit_lamp\dataset_01\normal\3217_right.jpg,slit_lamp,2.709927975,3,2.525167648,3,2.135503182,2,2.737579084,3
3218_right.jpg,data\raw\slit_lamp\dataset_01\normal\3218_right.jpg,slit_lamp,1.797367514,2,2.80753674,3,2.227860473,2,1.776498732,2
3221_left.jpg,data\raw\slit_lamp\dataset_01\normal\3221_left.jpg,slit_lamp,2.476589505,2,3.578726825,4,2.118942657,2,2.660970843,3
3221_right.jpg,data\raw\slit_lamp\dataset_01\normal\3221_right.jpg,slit_lamp,1.242405042,1,1.97484967,2,2.123979265,2,2.248272577,2
3222_left.jpg,data\raw\slit_lamp\dataset_01\normal\3222_left.jpg,slit_lamp,2.616768283,3,2.547228868,3,2.122779788,2,2.789700077,3
3222_right.jpg,data\raw\slit_lamp\dataset_01\normal\3222_right.jpg,slit_lamp,1.20720528,1,1.841029498,2,2.120741084,2,2.268397175,2
3223_left.jpg,data\raw\slit_lamp\dataset_01\normal\3223_left.jpg,slit_lamp,3.231529474,3,2.950744707,3,2.108998706,2,2.87937059,3
3223_right.jpg,data\raw\slit_lamp\dataset_01\normal\3223_right.jpg,slit_lamp,3.123582,3,2.781468614,3,2.134782468,2,2.727292077,3
3226_left.jpg,data\raw\slit_lamp\dataset_01\normal\3226_left.jpg,slit_lamp,2.191577383,2,1.823272199,2,2.121580488,2,2.375391757,2
3226_right.jpg,data\raw\slit_lamp\dataset_01\normal\3226_right.jpg,slit_lamp,2.582078992,3,2.017832465,2,2.168841622,2,2.347860953,2
3227_left.jpg,data\raw\slit_lamp\dataset_01\normal\3227_left.jpg,slit_lamp,2.815428427,3,2.109376409,2,2.224101456,2,2.365560851,2
3227_right.jpg,data\raw\slit_lamp\dataset_01\normal\3227_right.jpg,slit_lamp,2.62228511,3,2.032141415,2,2.189483204,2,2.446908457,2
3232_left.jpg,data\raw\slit_lamp\dataset_01\normal\3232_left.jpg,slit_lamp,2.604467556,3,2.560737629,3,2.13117983,2,2.724712242,3
3232_right.jpg,data\raw\slit_lamp\dataset_01\normal\3232_right.jpg,slit_lamp,2.486887734,2,2.327777456,2,2.123019669,2,2.621573054,3
3234_left.jpg,data\raw\slit_lamp\dataset_01\normal\3234_left.jpg,slit_lamp,1.596836661,2,1.756989503,2,2.288040834,2,2.178901154,2
3234_right.jpg,data\raw\slit_lamp\dataset_01\normal\3234_right.jpg,slit_lamp,1.705078514,2,1.886588285,2,2.301572402,2,2.248826814,2
3237_left.jpg,data\raw\slit_lamp\dataset_01\normal\3237_left.jpg,slit_lamp,2.794442727,3,2.345372104,2,2.163417137,2,2.612141657,3
3237_right.jpg,data\raw\slit_lamp\dataset_01\normal\3237_right.jpg,slit_lamp,2.724043262,3,2.332260637,2,2.223858982,2,2.624070207,3
3238_right.jpg,data\raw\slit_lamp\dataset_01\normal\3238_right.jpg,slit_lamp,3.084470846,3,4.459609194,4,2.132140381,2,2.338770866,2
3240_right.jpg,data\raw\slit_lamp\dataset_01\normal\3240_right.jpg,slit_lamp,2.412626788,2,3.54694767,4,2.127338742,2,2.708887977,3
3241_left.jpg,data\raw\slit_lamp\dataset_01\normal\3241_left.jpg,slit_lamp,2.972011097,3,2.778196364,3,2.132020306,2,2.655407241,3
3242_left.jpg,data\raw\slit_lamp\dataset_01\normal\3242_left.jpg,slit_lamp,2.101622984,2,2.05690131,2,2.072211373,2,3.025206951,3
3242_right.jpg,data\raw\slit_lamp\dataset_01\normal\3242_right.jpg,slit_lamp,2.020862239,2,1.833724614,2,2.092374104,2,2.997046155,3
3243_left.jpg,data\raw\slit_lamp\dataset_01\normal\3243_left.jpg,slit_lamp,2.667564544,3,2.120717651,2,2.20629391,2,2.654466789,3
3243_right.jpg,data\raw\slit_lamp\dataset_01\normal\3243_right.jpg,slit_lamp,2.824585788,3,2.243227429,2,2.093927378,2,2.684786123,3
3244_left.jpg,data\raw\slit_lamp\dataset_01\normal\3244_left.jpg,slit_lamp,2.124044846,2,1.934037501,2,2.057215865,2,3.187256521,3
3244_right.jpg,data\raw\slit_lamp\dataset_01\normal\3244_right.jpg,slit_lamp,2.182384731,2,1.916045277,2,2.0584048,2,3.177504896,3
3245_right.jpg,data\raw\slit_lamp\dataset_01\normal\3245_right.jpg,slit_lamp,3.122447933,3,2.624427305,3,2.123979265,2,2.837518456,3
3246_left.jpg,data\raw\slit_lamp\dataset_01\normal\3246_left.jpg,slit_lamp,2.9848168,3,2.558207472,3,2.195647933,2,2.626363525,3
3248_left.jpg,data\raw\slit_lamp\dataset_01\normal\3248_left.jpg,slit_lamp,3.08138955,3,2.744123102,3,2.123859309,2,2.619616113,3
3248_right.jpg,data\raw\slit_lamp\dataset_01\normal\3248_right.jpg,slit_lamp,2.561372426,3,2.700851457,3,2.079601846,2,2.140357212,2
3249_right.jpg,data\raw\slit_lamp\dataset_01\normal\3249_right.jpg,slit_lamp,2.893617821,3,2.519094004,3,2.250318639,2,2.607359517,3
3251_left.jpg,data\raw\slit_lamp\dataset_01\normal\3251_left.jpg,slit_lamp,1.805544242,2,1.843242403,2,2.160525393,2,2.252611409,2
3252_left.jpg,data\raw\slit_lamp\dataset_01\normal\3252_left.jpg,slit_lamp,2.004047138,2,2.613625782,3,2.126738734,2,2.67617179,3
3252_right.jpg,data\raw\slit_lamp\dataset_01\normal\3252_right.jpg,slit_lamp,1.80435002,2,2.380836504,2,2.136223958,2,2.556834352,3
3253_right.jpg,data\raw\slit_lamp\dataset_01\normal\3253_right.jpg,slit_lamp,2.646289864,3,3.294448932,3,2.120141564,2,2.831908048,3
3255_left.jpg,data\raw\slit_lamp\dataset_01\normal\3255_left.jpg,slit_lamp,2.900348295,3,3.300181801,3,2.169082785,2,2.519766744,3
3255_right.jpg,data\raw\slit_lamp\dataset_01\normal\3255_right.jpg,slit_lamp,2.871961222,3,3.098738383,3,2.229437207,2,2.443550378,2
3256_right.jpg,data\raw\slit_lamp\dataset_01\normal\3256_right.jpg,slit_lamp,3.167395266,3,3.941747028,4,2.17632055,2,2.561852967,3
3257_right.jpg,data\raw\slit_lamp\dataset_01\normal\3257_right.jpg,slit_lamp,3.213913801,3,2.939858708,3,2.082345405,2,2.828989592,3
3259_left.jpg,data\raw\slit_lamp\dataset_01\normal\3259_left.jpg,slit_lamp,2.368251262,2,1.997837069,2,2.228224316,2,2.431215272,2
3259_right.jpg,data\raw\slit_lamp\dataset_01\normal\3259_right.jpg,slit_lamp,2.124475251,2,1.787903622,2,2.191537691,2,2.360764617,2
3260_left.jpg,data\raw\slit_lamp\dataset_01\normal\3260_left.jpg,slit_lamp,3.071780878,3,2.532636963,3,2.17463124,2,2.706471124,3
3260_right.jpg,data\raw\slit_lamp\dataset_01\normal\3260_right.jpg,slit_lamp,2.512977042,3,2.286924597,2,2.144998313,2,2.628027339,3
3262_right.jpg,data\raw\slit_lamp\dataset_01\normal\3262_right.jpg,slit_lamp,1.124829985,1,4.8370437,5,2.432127086,2,2.359528932,2
3263_left.jpg,data\raw\slit_lamp\dataset_01\normal\3263_left.jpg,slit_lamp,3.229600128,3,4.095817152,4,2.119422198,2,3.090908689,3
3264_left.jpg,data\raw\slit_lamp\dataset_01\normal\3264_left.jpg,slit_lamp,2.703227804,3,2.039336767,2,2.123019669,2,2.445039459,2
3266_right.jpg,data\raw\slit_lamp\dataset_01\normal\3266_right.jpg,slit_lamp,2.412308175,2,2.543910462,3,2.32964716,2,1.917645914,2
3267_left.jpg,data\raw\slit_lamp\dataset_01\normal\3267_left.jpg,slit_lamp,2.9452361,3,2.262229033,2,2.154985478,2,2.786416337,3
3271_right.jpg,data\raw\slit_lamp\dataset_01\normal\3271_right.jpg,slit_lamp,2.768500111,3,2.243590868,2,2.226162697,2,2.400778739,2
3272_left.jpg,data\raw\slit_lamp\dataset_01\normal\3272_left.jpg,slit_lamp,2.886232783,3,2.545157001,3,2.101339713,2,2.496101592,2
3273_left.jpg,data\raw\slit_lamp\dataset_01\normal\3273_left.jpg,slit_lamp,2.595427906,3,2.094306506,2,2.122419979,2,2.517931475,3
3273_right.jpg,data\raw\slit_lamp\dataset_01\normal\3273_right.jpg,slit_lamp,2.098980056,2,1.868747608,2,2.120741084,2,2.331189701,2
3274_left.jpg,data\raw\slit_lamp\dataset_01\normal\3274_left.jpg,slit_lamp,2.872988798,3,2.132618211,2,2.160043526,2,2.569961669,3
3275_left.jpg,data\raw\slit_lamp\dataset_01\normal\3275_left.jpg,slit_lamp,2.798676945,3,1.844312423,2,2.078051599,2,2.971201121,3
3275_right.jpg,data\raw\slit_lamp\dataset_01\normal\3275_right.jpg,slit_lamp,2.54785361,3,1.733537437,2,2.066137876,2,2.444045339,2
3282_right.jpg,data\raw\slit_lamp\dataset_01\normal\3282_right.jpg,slit_lamp,2.383940843,2,2.128297557,2,2.122180116,2,2.235327383,2
3283_left.jpg,data\raw\slit_lamp\dataset_01\normal\3283_left.jpg,slit_lamp,3.074098503,3,2.758032233,3,2.173666055,2,2.683528558,3
3285_right.jpg,data\raw\slit_lamp\dataset_01\normal\3285_right.jpg,slit_lamp,2.437420677,2,2.61015715,3,2.222161811,2,2.280344048,2
3287_right.jpg,data\raw\slit_lamp\dataset_01\normal\3287_right.jpg,slit_lamp,3.010067819,3,2.429618804,2,2.129619172,2,2.531122991,3
3289_left.jpg,data\raw\slit_lamp\dataset_01\normal\3289_left.jpg,slit_lamp,3.061151904,3,2.456964749,2,2.151374346,2,2.482690247,2
3289_right.jpg,data\raw\slit_lamp\dataset_01\normal\3289_right.jpg,slit_lamp,3.012951147,3,2.538616732,3,2.360579055,2,2.399923622,2
3290_right.jpg,data\raw\slit_lamp\dataset_01\normal\3290_right.jpg,slit_lamp,2.977766811,3,2.329945069,2,2.07721699,2,3.051116848,3
3291_left.jpg,data\raw\slit_lamp\dataset_01\normal\3291_left.jpg,slit_lamp,3.006942743,3,2.017283329,2,2.059118259,2,2.414881513,2
3291_right.jpg,data\raw\slit_lamp\dataset_01\normal\3291_right.jpg,slit_lamp,3.033186125,3,2.346484704,2,2.098349995,2,2.294328815,2
3293_left.jpg,data\raw\slit_lamp\dataset_01\normal\3293_left.jpg,slit_lamp,3.111331829,3,3.039021764,3,2.141271113,2,2.736655069,3
3294_right.jpg,data\raw\slit_lamp\dataset_01\normal\3294_right.jpg,slit_lamp,1.810883973,2,4.93688571,5,2.288040834,2,2.351875652,2
3295_left.jpg,data\raw\slit_lamp\dataset_01\normal\3295_left.jpg,slit_lamp,2.469143892,2,1.984977041,2,2.3542177,2,2.276381865,2
3295_right.jpg,data\raw\slit_lamp\dataset_01\normal\3295_right.jpg,slit_lamp,2.937427111,3,2.062308545,2,2.299865056,2,2.291446877,2
3296_left.jpg,data\raw\slit_lamp\dataset_01\normal\3296_left.jpg,slit_lamp,2.479086149,2,2.134999168,2,2.127698768,2,2.553514248,3
3297_right.jpg,data\raw\slit_lamp\dataset_01\normal\3297_right.jpg,slit_lamp,2.706211635,3,3.621911571,4,2.135142817,2,2.812203696,3
3298_left.jpg,data\raw\slit_lamp\dataset_01\normal\3298_left.jpg,slit_lamp,2.540009324,3,2.220228185,2,2.072330514,2,3.039553235,3
3298_right.jpg,data\raw\slit_lamp\dataset_01\normal\3298_right.jpg,slit_lamp,2.303166624,2,2.124224585,2,2.071853964,2,3.11845628,3
3300_left.jpg,data\raw\slit_lamp\dataset_01\normal\3300_left.jpg,slit_lamp,3.296746215,3,4.9400983,5,2.097273985,2,2.397273313,2
3300_right.jpg,data\raw\slit_lamp\dataset_01\normal\3300_right.jpg,slit_lamp,3.186549014,3,4.9432312,5,2.12613877,2,2.601650221,3
3304_left.jpg,data\raw\slit_lamp\dataset_01\normal\3304_left.jpg,slit_lamp,0.720396727,1,2.785892256,3,2.243394582,2,2.281243077,2
3304_right.jpg,data\raw\slit_lamp\dataset_01\normal\3304_right.jpg,slit_lamp,0.576852242,1,3.058808978,3,2.138506822,2,2.207311387,2
3305_left.jpg,data\raw\slit_lamp\dataset_01\normal\3305_left.jpg,slit_lamp,3.288741633,3,2.513249881,3,2.130699596,2,2.470878592,2
3305_right.jpg,data\raw\slit_lamp\dataset_01\normal\3305_right.jpg,slit_lamp,3.327031512,3,2.750144567,3,2.080913853,2,2.667241249,3
3306_left.jpg,data\raw\slit_lamp\dataset_01\normal\3306_left.jpg,slit_lamp,3.066244846,3,2.339252069,2,2.076501687,2,3.072348065,3
3306_right.jpg,data\raw\slit_lamp\dataset_01\normal\3306_right.jpg,slit_lamp,2.766353466,3,2.111940885,2,2.065661745,2,2.735775807,3
3307_right.jpg,data\raw\slit_lamp\dataset_01\normal\3307_right.jpg,slit_lamp,2.780497477,3,2.458487824,2,2.11930231,2,2.805589673,3
3308_left.jpg,data\raw\slit_lamp\dataset_01\normal\3308_left.jpg,slit_lamp,3.190916724,3,2.568851073,3,2.146682094,2,3.1890624,3
3308_right.jpg,data\raw\slit_lamp\dataset_01\normal\3308_right.jpg,slit_lamp,3.176577183,3,2.547148328,3,2.132380536,2,3.247566381,3
3309_left.jpg,data\raw\slit_lamp\dataset_01\normal\3309_left.jpg,slit_lamp,3.10287534,3,2.883959642,3,2.120261464,2,2.988939586,3
3309_right.jpg,data\raw\slit_lamp\dataset_01\normal\3309_right.jpg,slit_lamp,2.576737885,3,2.419755146,2,2.11930231,2,2.752966186,3
3311_right.jpg,data\raw\slit_lamp\dataset_01\normal\3311_right.jpg,slit_lamp,1.497205865,1,2.005456683,2,2.184530021,2,2.408986936,2
3312_left.jpg,data\raw\slit_lamp\dataset_01\normal\3312_left.jpg,slit_lamp,3.034786559,3,2.083546582,2,2.100502474,2,2.941464778,3
3315_right.jpg,data\raw\slit_lamp\dataset_01\normal\3315_right.jpg,slit_lamp,1.51174725,2,4.739296254,5,2.213437631,2,2.135485079,2
3317_left.jpg,data\raw\slit_lamp\dataset_01\normal\3317_left.jpg,slit_lamp,2.608629007,3,3.86024298,4,2.148486507,2,2.678890342,3
3318_left.jpg,data\raw\slit_lamp\dataset_01\normal\3318_left.jpg,slit_lamp,0.871374646,1,3.536419606,4,2.585616073,3,2.23408426,2
3319_right.jpg,data\raw\slit_lamp\dataset_01\normal\3319_right.jpg,slit_lamp,2.342469821,2,2.204173199,2,2.12853889,2,2.182848488,2
3320_right.jpg,data\raw\slit_lamp\dataset_01\normal\3320_right.jpg,slit_lamp,2.996915833,3,4.066064414,4,2.12853889,2,2.419961351,2
3321_left.jpg,data\raw\slit_lamp\dataset_01\normal\3321_left.jpg,slit_lamp,0.909690848,1,1.506640646,2,2.120141564,2,2.116418446,2
3324_left.jpg,data\raw\slit_lamp\dataset_01\normal\3324_left.jpg,slit_lamp,3.160717457,3,3.854175916,4,2.079124812,2,2.779832386,3
3324_right.jpg,data\raw\slit_lamp\dataset_01\normal\3324_right.jpg,slit_lamp,3.310215974,3,4.333109685,4,2.012076209,2,3.049398002,3
3325_left.jpg,data\raw\slit_lamp\dataset_01\normal\3325_left.jpg,slit_lamp,3.028244325,3,2.935311632,3,2.182476998,2,2.777831892,3
3329_right.jpg,data\raw\slit_lamp\dataset_01\normal\3329_right.jpg,slit_lamp,0.823156485,1,4.774372104,5,2.485376755,2,2.201767629,2
3330_left.jpg,data\raw\slit_lamp\dataset_01\normal\3330_left.jpg,slit_lamp,2.732214609,3,2.386200154,2,2.173786698,2,2.391719348,2
3330_right.jpg,data\raw\slit_lamp\dataset_01\normal\3330_right.jpg,slit_lamp,3.020973674,3,2.417194433,2,2.153420473,2,2.861140896,3
3332_right.jpg,data\raw\slit_lamp\dataset_01\normal\3332_right.jpg,slit_lamp,2.954258365,3,2.476681577,2,2.183443072,2,2.680025268,3
3340_right.jpg,data\raw\slit_lamp\dataset_01\normal\3340_right.jpg,slit_lamp,2.966918498,3,2.362483077,2,2.147163234,2,2.474754021,2
3341_left.jpg,data\raw\slit_lamp\dataset_01\normal\3341_left.jpg,slit_lamp,3.021100781,3,2.608913015,3,2.136223958,2,2.528817547,3
3341_right.jpg,data\raw\slit_lamp\dataset_01\normal\3341_right.jpg,slit_lamp,2.702745023,3,2.575705872,3,2.187308328,2,2.215242355,2
3342_left.jpg,data\raw\slit_lamp\dataset_01\normal\3342_left.jpg,slit_lamp,2.092748045,2,2.119716183,2,2.125178919,2,2.091881212,2
3343_right.jpg,data\raw\slit_lamp\dataset_01\normal\3343_right.jpg,slit_lamp,0.678091228,1,3.416632144,3,2.477522272,2,2.199401056,2
3344_right.jpg,data\raw\slit_lamp\dataset_01\normal\3344_right.jpg,slit_lamp,3.112480313,3,3.784632498,4,2.116425537,2,3.053002994,3
3348_right.jpg,data\raw\slit_lamp\dataset_01\normal\3348_right.jpg,slit_lamp,1.267670568,1,1.412232775,1,2.11858302,2,1.928481723,2
3350_left.jpg,data\raw\slit_lamp\dataset_01\normal\3350_left.jpg,slit_lamp,2.938069936,3,3.986582385,4,2.140189327,2,2.850885916,3
3352_left.jpg,data\raw\slit_lamp\dataset_01\normal\3352_left.jpg,slit_lamp,2.838191489,3,2.584466809,3,2.166189252,2,2.639561306,3
3352_right.jpg,data\raw\slit_lamp\dataset_01\normal\3352_right.jpg,slit_lamp,2.744336358,3,2.506790547,3,2.171132917,2,2.582867972,3
3353_left.jpg,data\raw\slit_lamp\dataset_01\normal\3353_left.jpg,slit_lamp,2.32435667,2,2.03369889,2,2.223374049,2,2.462782606,2
3354_left.jpg,data\raw\slit_lamp\dataset_01\normal\3354_left.jpg,slit_lamp,2.602259188,3,2.260305756,2,2.21646607,2,2.503484131,3
3354_right.jpg,data\raw\slit_lamp\dataset_01\normal\3354_right.jpg,slit_lamp,2.867063712,3,2.390314087,2,2.18042441,2,2.475708644,2
3355_left.jpg,data\raw\slit_lamp\dataset_01\normal\3355_left.jpg,slit_lamp,2.907808455,3,3.567597909,4,2.125058946,2,2.621636815,3
3355_right.jpg,data\raw\slit_lamp\dataset_01\normal\3355_right.jpg,slit_lamp,2.568674688,3,3.729255832,4,2.132980954,2,2.94253781,3
3356_left.jpg,data\raw\slit_lamp\dataset_01\normal\3356_left.jpg,slit_lamp,2.413721566,2,2.084018637,2,2.075309674,2,3.064460142,3
3356_right.jpg,data\raw\slit_lamp\dataset_01\normal\3356_right.jpg,slit_lamp,2.404173714,2,2.030800523,2,2.174148635,2,3.034121228,3
3357_left.jpg,data\raw\slit_lamp\dataset_01\normal\3357_left.jpg,slit_lamp,2.632147754,3,2.159820699,2,2.234168711,2,2.503761573,3
3357_right.jpg,data\raw\slit_lamp\dataset_01\normal\3357_right.jpg,slit_lamp,2.677465428,3,2.169103009,2,2.18827488,2,2.436563506,2
3358_left.jpg,data\raw\slit_lamp\dataset_01\normal\3358_left.jpg,slit_lamp,3.088701594,3,2.735870764,3,2.112591459,2,2.729792673,3
3358_right.jpg,data\raw\slit_lamp\dataset_01\normal\3358_right.jpg,slit_lamp,2.749933606,3,2.512389443,3,2.138026168,2,2.532818835,3
3359_left.jpg,data\raw\slit_lamp\dataset_01\normal\3359_left.jpg,slit_lamp,2.405834408,2,4.752330478,5,2.103851982,2,2.89384954,3
3359_right.jpg,data\raw\slit_lamp\dataset_01\normal\3359_right.jpg,slit_lamp,2.865402499,3,4.965754137,5,2.11966198,2,2.96212122,3
3360_right.jpg,data\raw\slit_lamp\dataset_01\normal\3360_right.jpg,slit_lamp,2.713801739,3,2.333017829,2,2.178734372,2,2.576400085,3
3362_left.jpg,data\raw\slit_lamp\dataset_01\normal\3362_left.jpg,slit_lamp,3.22636648,3,4.959331822,5,2.173062865,2,2.718978046,3
3363_left.jpg,data\raw\slit_lamp\dataset_01\normal\3363_left.jpg,slit_lamp,2.404016453,2,1.750185092,2,2.124938974,2,2.255024701,2
3363_right.jpg,data\raw\slit_lamp\dataset_01\normal\3363_right.jpg,slit_lamp,2.724758933,3,1.796305077,2,2.126738734,2,2.346393505,2
3364_right.jpg,data\raw\slit_lamp\dataset_01\normal\3364_right.jpg,slit_lamp,2.32239513,2,1.851038771,2,2.167515342,2,2.422636951,2
3365_left.jpg,data\raw\slit_lamp\dataset_01\normal\3365_left.jpg,slit_lamp,3.137743524,3,2.604957387,3,2.144998313,2,2.416102648,2
3367_left.jpg,data\raw\slit_lamp\dataset_01\normal\3367_left.jpg,slit_lamp,2.026185259,2,2.380311023,2,2.252870588,2,2.55437655,3
3367_right.jpg,data\raw\slit_lamp\dataset_01\normal\3367_right.jpg,slit_lamp,2.091667485,2,2.326960424,2,2.327204058,2,2.591168497,3
3369_left.jpg,data\raw\slit_lamp\dataset_01\normal\3369_left.jpg,slit_lamp,2.442096543,2,2.299566949,2,2.222161811,2,2.402884623,2
3373_right.jpg,data\raw\slit_lamp\dataset_01\normal\3373_right.jpg,slit_lamp,0.790829711,1,1.538099394,2,2.184167691,2,1.846884259,2
3375_left.jpg,data\raw\slit_lamp\dataset_01\normal\3375_left.jpg,slit_lamp,2.569000253,3,2.840441898,3,2.123979265,2,2.812216773,3
3376_left.jpg,data\raw\slit_lamp\dataset_01\normal\3376_left.jpg,slit_lamp,2.735304409,3,2.128445445,2,2.065542718,2,2.969623611,3
3377_left.jpg,data\raw\slit_lamp\dataset_01\normal\3377_left.jpg,slit_lamp,2.633223855,3,4.611081626,5,2.132980954,2,2.668038518,3
3377_right.jpg,data\raw\slit_lamp\dataset_01\normal\3377_right.jpg,slit_lamp,2.622868279,3,4.35729241,4,2.149088062,2,2.54326562,3
3378_right.jpg,data\raw\slit_lamp\dataset_01\normal\3378_right.jpg,slit_lamp,0.110652549,0,4.022691688,4,3.106467243,3,2.495746485,2
3379_right.jpg,data\raw\slit_lamp\dataset_01\normal\3379_right.jpg,slit_lamp,2.616020916,3,2.055718542,2,2.44647836,2,1.976464365,2
3380_right.jpg,data\raw\slit_lamp\dataset_01\normal\3380_right.jpg,slit_lamp,3.035345009,3,2.709713838,3,2.17463124,2,2.699450092,3
3381_left.jpg,data\raw\slit_lamp\dataset_01\normal\3381_left.jpg,slit_lamp,2.695794045,3,2.031647891,2,2.134422134,2,2.443294224,2
3382_left.jpg,data\raw\slit_lamp\dataset_01\normal\3382_left.jpg,slit_lamp,2.543998692,3,1.872411709,2,2.166430345,2,2.233992675,2
3383_right.jpg,data\raw\slit_lamp\dataset_01\normal\3383_right.jpg,slit_lamp,2.842068573,3,2.629898555,3,2.159320773,2,2.418472032,2
3386_left.jpg,data\raw\slit_lamp\dataset_01\normal\3386_left.jpg,slit_lamp,2.451498073,2,2.14853795,2,2.128298846,2,2.546169863,3
3387_left.jpg,data\raw\slit_lamp\dataset_01\normal\3387_left.jpg,slit_lamp,3.068628704,3,2.757555496,3,2.122899727,2,2.430238076,2
3388_left.jpg,data\raw\slit_lamp\dataset_01\normal\3388_left.jpg,slit_lamp,2.913939818,3,2.489821789,2,2.124339143,2,2.63846766,3
3388_right.jpg,data\raw\slit_lamp\dataset_01\normal\3388_right.jpg,slit_lamp,2.38276778,2,2.317856755,2,2.122300046,2,2.59813166,3
3389_left.jpg,data\raw\slit_lamp\dataset_01\normal\3389_left.jpg,slit_lamp,3.011495003,3,3.029675014,3,2.167997604,2,2.928937572,3
3389_right.jpg,data\raw\slit_lamp\dataset_01\normal\3389_right.jpg,slit_lamp,3.203612922,3,3.731455514,4,2.166430345,2,3.035890219,3
3390_left.jpg,data\raw\slit_lamp\dataset_01\normal\3390_left.jpg,slit_lamp,1.210424486,1,4.396638271,4,2.207504371,2,2.146587521,2
3390_right.jpg,data\raw\slit_lamp\dataset_01\normal\3390_right.jpg,slit_lamp,1.055514939,1,4.163493298,4,2.148125595,2,2.174178885,2
3391_right.jpg,data\raw\slit_lamp\dataset_01\normal\3391_right.jpg,slit_lamp,2.828891058,3,2.071542316,2,2.309867846,2,2.297409623,2
3392_left.jpg,data\raw\slit_lamp\dataset_01\normal\3392_left.jpg,slit_lamp,1.238968354,1,4.414670991,4,2.3542177,2,2.21402296,2
3392_right.jpg,data\raw\slit_lamp\dataset_01\normal\3392_right.jpg,slit_lamp,0.598293903,1,4.561183754,5,2.415573545,2,2.215781721,2
3393_left.jpg,data\raw\slit_lamp\dataset_01\normal\3393_left.jpg,slit_lamp,2.399691296,2,2.219221844,2,2.122899727,2,2.59728521,3
3394_right.jpg,data\raw\slit_lamp\dataset_01\normal\3394_right.jpg,slit_lamp,2.537989449,3,2.444947065,2,2.134302026,2,2.615058953,3
3395_left.jpg,data\raw\slit_lamp\dataset_01\normal\3395_left.jpg,slit_lamp,2.404204854,2,2.059858509,2,2.122180116,2,2.451115997,2
3397_left.jpg,data\raw\slit_lamp\dataset_01\normal\3397_left.jpg,slit_lamp,2.560326789,3,2.034140204,2,2.132740782,2,2.541094683,3
3398_left.jpg,data\raw\slit_lamp\dataset_01\normal\3398_left.jpg,slit_lamp,3.021153869,3,3.554734493,4,2.12805881,2,2.603501192,3
3399_left.jpg,data\raw\slit_lamp\dataset_01\normal\3399_left.jpg,slit_lamp,2.281109324,2,1.731635735,2,2.196373443,2,2.138265579,2
3399_right.jpg,data\raw\slit_lamp\dataset_01\normal\3399_right.jpg,slit_lamp,2.13564317,2,1.80241871,2,2.19238378,2,2.150912267,2
3403_left.jpg,data\raw\slit_lamp\dataset_01\normal\3403_left.jpg,slit_lamp,2.919022557,3,2.33376312,2,2.104091288,2,2.279962417,2
3404_left.jpg,data\raw\slit_lamp\dataset_01\normal\3404_left.jpg,slit_lamp,2.091935664,2,1.750039302,2,2.120860994,2,2.290691437,2
3405_left.jpg,data\raw\slit_lamp\dataset_01\normal\3405_left.jpg,slit_lamp,2.392605939,2,2.296212196,2,2.120860994,2,2.564167459,3
3405_right.jpg,data\raw\slit_lamp\dataset_01\normal\3405_right.jpg,slit_lamp,2.789164627,3,2.327191273,2,2.136584369,2,2.483455365,2
3406_right.jpg,data\raw\slit_lamp\dataset_01\normal\3406_right.jpg,slit_lamp,2.041631875,2,1.948249276,2,2.08413524,2,2.949640042,3
3407_right.jpg,data\raw\slit_lamp\dataset_01\normal\3407_right.jpg,slit_lamp,2.869320428,3,2.396450339,2,2.163899183,2,2.507513806,3
3408_left.jpg,data\raw\slit_lamp\dataset_01\normal\3408_left.jpg,slit_lamp,3.057679778,3,2.768658585,3,2.045575331,2,2.614819495,3
3408_right.jpg,data\raw\slit_lamp\dataset_01\normal\3408_right.jpg,slit_lamp,2.734607206,3,2.603564807,3,2.06601884,2,2.070861382,2
3410_left.jpg,data\raw\slit_lamp\dataset_01\normal\3410_left.jpg,slit_lamp,1.87728622,2,4.24588575,4,2.127938794,2,3.114295141,3
3411_left.jpg,data\raw\slit_lamp\dataset_01\normal\3411_left.jpg,slit_lamp,2.815547194,3,4.932174374,5,2.140549907,2,2.891445778,3
3411_right.jpg,data\raw\slit_lamp\dataset_01\normal\3411_right.jpg,slit_lamp,2.45009169,2,4.809776887,5,2.146441533,2,2.768088408,3
3412_left.jpg,data\raw\slit_lamp\dataset_01\normal\3412_left.jpg,slit_lamp,2.196745677,2,2.346395818,2,2.123979265,2,2.578096817,3
3412_right.jpg,data\raw\slit_lamp\dataset_01\normal\3412_right.jpg,slit_lamp,2.181503367,2,2.230923846,2,2.124459105,2,2.560530819,3
3414_left.jpg,data\raw\slit_lamp\dataset_01\normal\3414_left.jpg,slit_lamp,2.687070598,3,2.261681052,2,2.101100493,2,2.731170857,3
3414_right.jpg,data\raw\slit_lamp\dataset_01\normal\3414_right.jpg,slit_lamp,2.463390784,2,2.070779146,2,2.093807884,2,2.709706509,3
3415_left.jpg,data\raw\slit_lamp\dataset_01\normal\3415_left.jpg,slit_lamp,2.956308121,3,2.410268562,2,2.122180116,2,2.66139964,3
3415_right.jpg,data\raw\slit_lamp\dataset_01\normal\3415_right.jpg,slit_lamp,2.309962343,2,2.159036396,2,2.122539913,2,2.491580266,2
3416_right.jpg,data\raw\slit_lamp\dataset_01\normal\3416_right.jpg,slit_lamp,2.750196644,3,2.747363884,3,2.067685524,2,2.190239817,2
3417_left.jpg,data\raw\slit_lamp\dataset_01\normal\3417_left.jpg,slit_lamp,3.018177609,3,2.663266799,3,2.09309096,2,2.257075269,2
3417_right.jpg,data\raw\slit_lamp\dataset_01\normal\3417_right.jpg,slit_lamp,3.000333074,3,2.439929838,2,2.092613048,2,1.977224787,2
3418_left.jpg,data\raw\slit_lamp\dataset_01\normal\3418_left.jpg,slit_lamp,2.398124131,2,2.663873435,3,2.134902582,2,2.595478587,3
3419_right.jpg,data\raw\slit_lamp\dataset_01\normal\3419_right.jpg,slit_lamp,1.620664392,2,1.734114779,2,2.173424775,2,2.174938432,2
3420_left.jpg,data\raw\slit_lamp\dataset_01\normal\3420_left.jpg,slit_lamp,1.471231399,1,2.11204535,2,2.119542088,2,2.038175376,2
3420_right.jpg,data\raw\slit_lamp\dataset_01\normal\3420_right.jpg,slit_lamp,2.568545287,3,2.233462825,2,2.111273925,2,2.811933244,3
3421_left.jpg,data\raw\slit_lamp\dataset_01\normal\3421_left.jpg,slit_lamp,1.957987503,2,1.839574785,2,2.071377446,2,2.964671225,3
3422_left.jpg,data\raw\slit_lamp\dataset_01\normal\3422_left.jpg,slit_lamp,2.3161249,2,2.656500704,3,2.091298949,2,2.339219889,2
3422_right.jpg,data\raw\slit_lamp\dataset_01\normal\3422_right.jpg,slit_lamp,2.481659199,2,2.481535044,2,2.131059769,2,2.695084362,3
3423_left.jpg,data\raw\slit_lamp\dataset_01\normal\3423_left.jpg,slit_lamp,2.772774471,3,2.240086728,2,2.192021161,2,2.578050657,3
3424_left.jpg,data\raw\slit_lamp\dataset_01\normal\3424_left.jpg,slit_lamp,2.396284856,2,1.979276082,2,2.401845797,2,2.365362644,2
3424_right.jpg,data\raw\slit_lamp\dataset_01\normal\3424_right.jpg,slit_lamp,2.335466504,2,1.899719615,2,2.154985478,2,2.318374488,2
3425_left.jpg,data\raw\slit_lamp\dataset_01\normal\3425_left.jpg,slit_lamp,2.467482263,2,4.738090193,5,2.139828762,2,2.598959896,3
3425_right.jpg,data\raw\slit_lamp\dataset_01\normal\3425_right.jpg,slit_lamp,2.476576425,2,4.712452212,5,2.128298846,2,2.581750061,3
3426_right.jpg,data\raw\slit_lamp\dataset_01\normal\3426_right.jpg,slit_lamp,2.757182592,3,3.867752371,4,2.124938974,2,2.901497436,3
3427_left.jpg,data\raw\slit_lamp\dataset_01\normal\3427_left.jpg,slit_lamp,3.297455281,3,3.636673386,4,2.158116314,2,2.61828937,3
3428_right.jpg,data\raw\slit_lamp\dataset_01\normal\3428_right.jpg,slit_lamp,2.785678092,3,2.352611688,2,2.171977221,2,2.5461486,3
3430_left.jpg,data\raw\slit_lamp\dataset_01\normal\3430_left.jpg,slit_lamp,2.659251162,3,2.579706767,3,2.131299893,2,2.599490924,3
3431_left.jpg,data\raw\slit_lamp\dataset_01\normal\3431_left.jpg,slit_lamp,2.898924061,3,2.471580363,2,2.152938988,2,2.563616414,3
3431_right.jpg,data\raw\slit_lamp\dataset_01\normal\3431_right.jpg,slit_lamp,2.920849253,3,2.535153872,3,2.199880809,2,2.55105354,3
3432_left.jpg,data\raw\slit_lamp\dataset_01\normal\3432_left.jpg,slit_lamp,2.315758431,2,2.139079563,2,2.124099222,2,2.718255126,3
3432_right.jpg,data\raw\slit_lamp\dataset_01\normal\3432_right.jpg,slit_lamp,1.801559802,2,1.871750107,2,2.124219182,2,2.200682706,2
3433_left.jpg,data\raw\slit_lamp\dataset_01\normal\3433_left.jpg,slit_lamp,3.023426229,3,2.601583352,3,2.168841622,2,2.673570967,3
3433_right.jpg,data\raw\slit_lamp\dataset_01\normal\3433_right.jpg,slit_lamp,3.074632915,3,2.577552681,3,2.123619403,2,2.659776486,3
3434_left.jpg,data\raw\slit_lamp\dataset_01\normal\3434_left.jpg,slit_lamp,2.489902478,2,1.855281159,2,2.276347905,2,2.314186366,2
3434_right.jpg,data\raw\slit_lamp\dataset_01\normal\3434_right.jpg,slit_lamp,2.260562255,2,1.752162835,2,2.161489205,2,2.258727245,2
3436_right.jpg,data\raw\slit_lamp\dataset_01\normal\3436_right.jpg,slit_lamp,3.17286211,3,2.687697317,3,2.045100636,2,3.357722745,3
3437_left.jpg,data\raw\slit_lamp\dataset_01\normal\3437_left.jpg,slit_lamp,3.17363187,3,3.093311443,3,2.132620698,2,2.872026179,3
3438_right.jpg,data\raw\slit_lamp\dataset_01\normal\3438_right.jpg,slit_lamp,2.758525735,3,3.706133209,4,2.178734372,2,2.619841131,3
3441_left.jpg,data\raw\slit_lamp\dataset_01\normal\3441_left.jpg,slit_lamp,1.979669751,2,2.060256219,2,2.072211373,2,3.042734934,3
3442_left.jpg,data\raw\slit_lamp\dataset_01\normal\3442_left.jpg,slit_lamp,3.01358192,3,2.967229275,3,2.118702897,2,2.917146639,3
3442_right.jpg,data\raw\slit_lamp\dataset_01\normal\3442_right.jpg,slit_lamp,2.678704597,3,2.742388962,3,2.118223399,2,2.765129815,3
3443_left.jpg,data\raw\slit_lamp\dataset_01\normal\3443_left.jpg,slit_lamp,2.219118755,2,2.166356694,2,2.12637875,2,2.650493541,3
3444_right.jpg,data\raw\slit_lamp\dataset_01\normal\3444_right.jpg,slit_lamp,2.730519815,3,1.990598473,2,2.121460568,2,2.450578519,2
3445_left.jpg,data\raw\slit_lamp\dataset_01\normal\3445_left.jpg,slit_lamp,2.130477233,2,1.86626971,2,2.145719893,2,2.603794032,3
3446_left.jpg,data\raw\slit_lamp\dataset_01\normal\3446_left.jpg,slit_lamp,1.63170208,2,1.680029867,2,2.13021939,2,2.186148861,2
3446_right.jpg,data\raw\slit_lamp\dataset_01\normal\3446_right.jpg,slit_lamp,1.213919009,1,1.627467651,2,2.120021665,2,2.185160036,2
3448_right.jpg,data\raw\slit_lamp\dataset_01\normal\3448_right.jpg,slit_lamp,1.913638479,2,1.906703548,2,2.311820334,2,2.273528803,2
3485_left.jpg,data\raw\slit_lamp\dataset_01\normal\3485_left.jpg,slit_lamp,2.981095991,3,2.824497018,3,2.128658914,2,2.624497895,3
4290_right.jpg,data\raw\slit_lamp\dataset_01\normal\4290_right.jpg,slit_lamp,2.641909574,3,2.765306008,3,2.17837226,2,2.624018996,3
4637_left.jpg,data\raw\slit_lamp\dataset_01\normal\4637_left.jpg,slit_lamp,2.306961567,2,2.237327901,2,2.16197115,2,2.59106894,3
4637_right.jpg,data\raw\slit_lamp\dataset_01\normal\4637_right.jpg,slit_lamp,2.317140798,2,2.053068164,2,2.164140216,2,2.461626796,2
530_left.jpg,data\raw\slit_lamp\dataset_01\normal\530_left.jpg,slit_lamp,2.886687933,3,2.558695844,3,2.181993996,2,2.596872169,3
530_right.jpg,data\raw\slit_lamp\dataset_01\normal\530_right.jpg,slit_lamp,2.937643583,3,2.699995053,3,2.203268368,2,2.550057995,3
695_left.jpg,data\raw\slit_lamp\dataset_01\normal\695_left.jpg,slit_lamp,1.097628709,1,1.881171063,2,2.613432054,3,2.633680004,3
695_right.jpg,data\raw\slit_lamp\dataset_01\normal\695_right.jpg,slit_lamp,1.183473163,1,1.873413173,2,2.503786557,3,2.415707179,2
84_left.jpg,data\raw\slit_lamp\dataset_01\normal\84_left.jpg,slit_lamp,2.489966988,2,2.050451134,2,2.166189252,2,3.006659213,3
84_right.jpg,data\raw\slit_lamp\dataset_01\normal\84_right.jpg,slit_lamp,2.494068125,2,2.102559137,2,2.200485648,2,3.017476828,3
8_left.jpg,data\raw\slit_lamp\dataset_01\normal\8_left.jpg,slit_lamp,2.917492925,3,2.594037209,3,2.126978732,2,2.609598267,3
8_right.jpg,data\raw\slit_lamp\dataset_01\normal\8_right.jpg,slit_lamp,2.794687157,3,2.518829183,3,2.135743433,2,2.460097334,2
939_left.jpg,data\raw\slit_lamp\dataset_01\normal\939_left.jpg,slit_lamp,1.682228298,2,2.186792971,2,2.15438352,2,2.410078223,2
939_right.jpg,data\raw\slit_lamp\dataset_01\normal\939_right.jpg,slit_lamp,2.908942188,3,2.421290753,2,2.145719893,2,2.557576098,3
951_left.jpg,data\raw\slit_lamp\dataset_01\normal\951_left.jpg,slit_lamp,2.679818186,3,2.329965381,2,2.257368143,2,2.603318807,3
951_right.jpg,data\raw\slit_lamp\dataset_01\normal\951_right.jpg,slit_lamp,2.881754964,3,2.32329758,2,2.326104771,2,2.37110295,2
1013_left.jpg,data\raw\slit_lamp\dataset_02\cataract\1013_left.jpg,slit_lamp,2.514746158,3,2.452377587,2,2.461554047,2,2.113506706,2
1032_left.jpg,data\raw\slit_lamp\dataset_02\cataract\1032_left.jpg,slit_lamp,0.881770718,1,2.575905365,3,4.753827061,5,2.014469547,2
103_left.jpg,data\raw\slit_lamp\dataset_02\cataract\103_left.jpg,slit_lamp,2.524852269,3,1.805667041,2,2.780870199,3,2.495002634,2
1056_left.jpg,data\raw\slit_lamp\dataset_02\cataract\1056_left.jpg,slit_lamp,2.055894181,2,2.577227959,3,3.314144071,3,2.191067503,2
1083_left.jpg,data\raw\slit_lamp\dataset_02\cataract\1083_left.jpg,slit_lamp,3.069790916,3,2.296647025,2,2.158605606,2,2.436460404,2
1084_right.jpg,data\raw\slit_lamp\dataset_02\cataract\1084_right.jpg,slit_lamp,2.225641459,2,2.135831183,2,4.810835768,5,2.764196425,3
1097_right.jpg,data\raw\slit_lamp\dataset_02\cataract\1097_right.jpg,slit_lamp,1.626256176,2,2.385607525,2,3.964686814,4,2.039824714,2
1102_left.jpg,data\raw\slit_lamp\dataset_02\cataract\1102_left.jpg,slit_lamp,2.41220872,2,1.791284936,2,2.988774216,3,2.470047491,2
1126_right.jpg,data\raw\slit_lamp\dataset_02\cataract\1126_right.jpg,slit_lamp,2.514917396,3,1.330723283,1,2.615299817,3,2.187157003,2
1146_left.jpg,data\raw\slit_lamp\dataset_02\cataract\1146_left.jpg,slit_lamp,1.64649591,2,2.525803297,3,4.084466722,4,2.035022096,2
1167_right.jpg,data\raw\slit_lamp\dataset_02\cataract\1167_right.jpg,slit_lamp,3.067918495,3,2.551531004,3,2.130271911,2,2.722622624,3
1171_right.jpg,data\raw\slit_lamp\dataset_02\cataract\1171_right.jpg,slit_lamp,1.368261673,1,2.184994588,2,4.746371128,5,1.736671835,2
119_left.jpg,data\raw\slit_lamp\dataset_02\cataract\119_left.jpg,slit_lamp,1.56803558,2,1.778292514,2,4.749814967,5,2.275987656,2
1225_left.jpg,data\raw\slit_lamp\dataset_02\cataract\1225_left.jpg,slit_lamp,1.258839125,1,2.758237117,3,4.893540152,5,1.935898103,2
126_left.jpg,data\raw\slit_lamp\dataset_02\cataract\126_left.jpg,slit_lamp,1.030738726,1,2.497051151,2,4.334717733,4,2.609228772,3
1304_right.jpg,data\raw\slit_lamp\dataset_02\cataract\1304_right.jpg,slit_lamp,0.369220019,0,2.596677655,3,4.979055431,5,2.352938711,2
130_right.jpg,data\raw\slit_lamp\dataset_02\cataract\130_right.jpg,slit_lamp,0.52275824,1,2.432401261,2,4.921427018,5,1.927578273,2
1433_right.jpg,data\raw\slit_lamp\dataset_02\cataract\1433_right.jpg,slit_lamp,0.335387112,0,2.534482965,3,4.960320592,5,2.628376311,3
1460_right.jpg,data\raw\slit_lamp\dataset_02\cataract\1460_right.jpg,slit_lamp,2.033212457,2,2.024801018,2,4.961080259,5,2.613045827,3
1474_left.jpg,data\raw\slit_lamp\dataset_02\cataract\1474_left.jpg,slit_lamp,1.148302132,1,2.639287045,3,4.288116117,4,2.341048231,2
1477_left.jpg,data\raw\slit_lamp\dataset_02\cataract\1477_left.jpg,slit_lamp,3.011965698,3,2.799798584,3,2.086522369,2,2.8088073,3
1558_right.jpg,data\raw\slit_lamp\dataset_02\cataract\1558_right.jpg,slit_lamp,1.180341154,1,1.941933517,2,4.505847307,5,2.551724874,3
1567_left.jpg,data\raw\slit_lamp\dataset_02\cataract\1567_left.jpg,slit_lamp,2.056227565,2,2.651347247,3,3.305884838,3,1.9354632,2
1588_left.jpg,data\raw\slit_lamp\dataset_02\cataract\1588_left.jpg,slit_lamp,0.719692451,1,2.836973626,3,4.194814342,4,1.62758037,2
1662_right.jpg,data\raw\slit_lamp\dataset_02\cataract\1662_right.jpg,slit_lamp,2.903587875,3,2.601661099,3,2.268656931,2,3.822951943,4
1710_left.jpg,data\raw\slit_lamp\dataset_02\cataract\1710_left.jpg,slit_lamp,1.479592392,1,2.72231318,3,3.286661443,3,2.022145907,2
1834_left.jpg,data\raw\slit_lamp\dataset_02\cataract\1834_left.jpg,slit_lamp,0.3138486,0,2.036039885,2,4.933040855,5,2.718490516,3
185_right.jpg,data\raw\slit_lamp\dataset_02\cataract\185_right.jpg,slit_lamp,2.170091087,2,2.404799291,2,3.126344289,3,2.098493755,2
193_left.jpg,data\raw\slit_lamp\dataset_02\cataract\193_left.jpg,slit_lamp,2.111770618,2,1.981893248,2,3.581559443,4,1.806440874,2
1994_left.jpg,data\raw\slit_lamp\dataset_02\cataract\1994_left.jpg,slit_lamp,2.976414907,3,2.427008889,2,2.245998235,2,2.675857018,3
1994_right.jpg,data\raw\slit_lamp\dataset_02\cataract\1994_right.jpg,slit_lamp,0.919730895,1,2.30211533,2,4.585921142,5,1.953863939,2
2052_right.jpg,data\raw\slit_lamp\dataset_02\cataract\2052_right.jpg,slit_lamp,2.612865366,3,2.801799832,3,4.304188934,4,2.772458008,3
2074_right.jpg,data\raw\slit_lamp\dataset_02\cataract\2074_right.jpg,slit_lamp,1.714844629,2,2.47977939,2,4.868366717,5,2.480784201,2
2095_right.jpg,data\raw\slit_lamp\dataset_02\cataract\2095_right.jpg,slit_lamp,2.265314627,2,1.600958759,2,2.332869498,2,2.562572101,3
2098_left.jpg,data\raw\slit_lamp\dataset_02\cataract\2098_left.jpg,slit_lamp,2.569323175,3,1.520703868,2,2.292908057,2,2.271582858,2
2099_left.jpg,data\raw\slit_lamp\dataset_02\cataract\2099_left.jpg,slit_lamp,2.418244658,2,1.749731898,2,2.456216602,2,2.197188908,2
2100_left.jpg,data\raw\slit_lamp\dataset_02\cataract\2100_left.jpg,slit_lamp,2.559470561,3,2.359341686,2,4.273615188,4,2.366358488,2
2100_right.jpg,data\raw\slit_lamp\dataset_02\cataract\2100_right.jpg,slit_lamp,2.757925352,3,1.97079563,2,2.341890397,2,2.557063563,3
2103_left.jpg,data\raw\slit_lamp\dataset_02\cataract\2103_left.jpg,slit_lamp,2.952511537,3,2.299156112,2,2.22575345,2,2.691828535,3
2104_left.jpg,data\raw\slit_lamp\dataset_02\cataract\2104_left.jpg,slit_lamp,3.128808862,3,2.684462574,3,2.163251439,2,3.053821731,3
2104_right.jpg,data\raw\slit_lamp\dataset_02\cataract\2104_right.jpg,slit_lamp,2.861234366,3,2.270163704,2,2.2676683,2,2.695881762,3
2105_left.jpg,data\raw\slit_lamp\dataset_02\cataract\2105_left.jpg,slit_lamp,2.990145771,3,2.382421887,2,2.200878813,2,2.736017812,3
2105_right.jpg,data\raw\slit_lamp\dataset_02\cataract\2105_right.jpg,slit_lamp,2.910974462,3,2.146735674,2,2.226185434,2,2.500064205,3
2107_left.jpg,data\raw\slit_lamp\dataset_02\cataract\2107_left.jpg,slit_lamp,3.043120433,3,2.64882324,3,2.156016425,2,2.652422003,3
2109_right.jpg,data\raw\slit_lamp\dataset_02\cataract\2109_right.jpg,slit_lamp,2.897475995,3,2.179793366,2,2.219919518,2,2.631549639,3
2110_right.jpg,data\raw\slit_lamp\dataset_02\cataract\2110_right.jpg,slit_lamp,2.915699803,3,2.093114375,2,2.241208859,2,2.653387001,3
2111_left.jpg,data\raw\slit_lamp\dataset_02\cataract\2111_left.jpg,slit_lamp,2.370861862,2,1.904708762,2,2.284400993,2,2.433543761,2
2112_left.jpg,data\raw\slit_lamp\dataset_02\cataract\2112_left.jpg,slit_lamp,2.782473999,3,2.38230329,2,2.239812634,2,2.60491234,3
2113_right.jpg,data\raw\slit_lamp\dataset_02\cataract\2113_right.jpg,slit_lamp,3.117927566,3,3.041126808,3,2.106739112,2,3.099797522,3
2114_right.jpg,data\raw\slit_lamp\dataset_02\cataract\2114_right.jpg,slit_lamp,2.275753019,2,2.551338157,3,4.42670058,4,1.939644565,2
2115_left.jpg,data\raw\slit_lamp\dataset_02\cataract\2115_left.jpg,slit_lamp,1.835577344,2,2.08221793,2,4.803438129,5,2.264834762,2
2115_right.jpg,data\raw\slit_lamp\dataset_02\cataract\2115_right.jpg,slit_lamp,2.180349781,2,2.163283799,2,4.560585847,5,2.686558265,3
2116_left.jpg,data\raw\slit_lamp\dataset_02\cataract\2116_left.jpg,slit_lamp,2.731231072,3,3.150420398,3,3.884079001,4,2.852068339,3
2116_right.jpg,data\raw\slit_lamp\dataset_02\cataract\2116_right.jpg,slit_lamp,2.519013352,3,2.944963636,3,4.486063194,4,2.76982069,3
2119_right.jpg,data\raw\slit_lamp\dataset_02\cataract\2119_right.jpg,slit_lamp,2.96190795,3,2.659149661,3,2.186168221,2,3.100106306,3
2120_right.jpg,data\raw\slit_lamp\dataset_02\cataract\2120_right.jpg,slit_lamp,2.936310801,3,2.278598015,2,2.30790034,2,2.726967385,3
2121_left.jpg,data\raw\slit_lamp\dataset_02\cataract\2121_left.jpg,slit_lamp,2.238952768,2,1.749622888,2,2.475604736,2,2.517071237,3
2122_right.jpg,data\raw\slit_lamp\dataset_02\cataract\2122_right.jpg,slit_lamp,2.944577324,3,2.095276836,2,2.338933886,2,2.662781551,3
2123_left.jpg,data\raw\slit_lamp\dataset_02\cataract\2123_left.jpg,slit_lamp,1.311675767,1,1.167681966,1,2.388545028,2,2.125343848,2
2124_left.jpg,data\raw\slit_lamp\dataset_02\cataract\2124_left.jpg,slit_lamp,2.443892794,2,1.613764163,2,2.351175313,2,2.362751458,2
2125_left.jpg,data\raw\slit_lamp\dataset_02\cataract\2125_left.jpg,slit_lamp,3.138342191,3,2.608013178,3,2.172798982,2,2.837841538,3
2126_left.jpg,data\raw\slit_lamp\dataset_02\cataract\2126_left.jpg,slit_lamp,3.178311079,3,2.801946807,3,2.130376955,2,2.901146847,3
2127_right.jpg,data\raw\slit_lamp\dataset_02\cataract\2127_right.jpg,slit_lamp,2.878586453,3,2.370015451,2,2.301564779,2,2.674885282,3
2129_left.jpg,data\raw\slit_lamp\dataset_02\cataract\2129_left.jpg,slit_lamp,2.854436725,3,2.568433563,3,2.297098641,2,2.6674569,3
2130_left.jpg,data\raw\slit_lamp\dataset_02\cataract\2130_left.jpg,slit_lamp,2.115007267,2,1.784013909,2,2.266284339,2,2.387960086,2
2132_left.jpg,data\raw\slit_lamp\dataset_02\cataract\2132_left.jpg,slit_lamp,3.091704353,3,1.231831046,1,2.766910175,3,1.791196873,2
2133_left.jpg,data\raw\slit_lamp\dataset_02\cataract\2133_left.jpg,slit_lamp,3.040690095,3,2.982422901,3,2.533424622,3,1.994155603,2
2133_right.jpg,data\raw\slit_lamp\dataset_02\cataract\2133_right.jpg,slit_lamp,1.152243774,1,2.686874711,3,4.766956669,5,2.229683431,2
2134_left.jpg,data\raw\slit_lamp\dataset_02\cataract\2134_left.jpg,slit_lamp,1.22070461,1,2.709241421,3,4.82552382,5,2.291875604,2
2134_right.jpg,data\raw\slit_lamp\dataset_02\cataract\2134_right.jpg,slit_lamp,2.991969169,3,2.245299702,2,2.390520236,2,1.896028596,2
2135_left.jpg,data\raw\slit_lamp\dataset_02\cataract\2135_left.jpg,slit_lamp,2.299478243,2,1.263549462,1,2.234995406,2,2.143275953,2
2137_left.jpg,data\raw\slit_lamp\dataset_02\cataract\2137_left.jpg,slit_lamp,2.865988507,3,2.009423861,2,2.186130471,2,2.287973949,2
2137_right.jpg,data\raw\slit_lamp\dataset_02\cataract\2137_right.jpg,slit_lamp,2.716783013,3,1.76450805,2,2.29808169,2,2.494856081,2
2138_left.jpg,data\raw\slit_lamp\dataset_02\cataract\2138_left.jpg,slit_lamp,2.968010621,3,1.842856772,2,2.21172694,2,2.381728365,2
2138_right.jpg,data\raw\slit_lamp\dataset_02\cataract\2138_right.jpg,slit_lamp,2.907332359,3,1.913739487,2,2.227640658,2,2.436439641,2
2139_right.jpg,data\raw\slit_lamp\dataset_02\cataract\2139_right.jpg,slit_lamp,2.776231325,3,1.78587984,2,2.287286901,2,2.424790683,2
2140_left.jpg,data\raw\slit_lamp\dataset_02\cataract\2140_left.jpg,slit_lamp,3.095000967,3,2.367310589,2,2.143668058,2,2.597834699,3
2140_right.jpg,data\raw\slit_lamp\dataset_02\cataract\2140_right.jpg,slit_lamp,2.806800837,3,1.943824688,2,2.329769323,2,2.428331185,2
2141_right.jpg,data\raw\slit_lamp\dataset_02\cataract\2141_right.jpg,slit_lamp,1.983351264,2,2.059785195,2,4.974769866,5,2.595548574,3
2143_right.jpg,data\raw\slit_lamp\dataset_02\cataract\2143_right.jpg,slit_lamp,2.85173669,3,1.917710284,2,2.294736533,2,2.444041582,2
2144_right.jpg,data\raw\slit_lamp\dataset_02\cataract\2144_right.jpg,slit_lamp,3.094372702,3,2.220874264,2,2.199805206,2,2.596364502,3
2146_right.jpg,data\raw\slit_lamp\dataset_02\cataract\2146_right.jpg,slit_lamp,2.674658864,3,2.229313342,2,2.275092406,2,2.448744964,2
2147_left.jpg,data\raw\slit_lamp\dataset_02\cataract\2147_left.jpg,slit_lamp,2.487079904,2,2.020546704,2,2.543593704,3,2.491774411,2
2150_left.jpg,data\raw\slit_lamp\dataset_02\cataract\2150_left.jpg,slit_lamp,2.462116587,2,1.559257758,2,2.358315669,2,2.373637955,2
2150_right.jpg,data\raw\slit_lamp\dataset_02\cataract\2150_right.jpg,slit_lamp,1.957501292,2,1.515402244,2,2.359584972,2,2.399959298,2
2151_right.jpg,data\raw\slit_lamp\dataset_02\cataract\2151_right.jpg,slit_lamp,2.406693351,2,1.310480233,1,2.312857688,2,2.075608913,2
2152_left.jpg,data\raw\slit_lamp\dataset_02\cataract\2152_left.jpg,slit_lamp,2.367092406,2,1.948381167,2,2.433913105,2,2.200818844,2
2153_right.jpg,data\raw\slit_lamp\dataset_02\cataract\2153_right.jpg,slit_lamp,2.697455915,3,2.100999648,2,2.690652751,3,2.666600351,3
2155_left.jpg,data\raw\slit_lamp\dataset_02\cataract\2155_left.jpg,slit_lamp,2.786515522,3,2.159588589,2,2.335977827,2,2.704115257,3
2155_right.jpg,data\raw\slit_lamp\dataset_02\cataract\2155_right.jpg,slit_lamp,2.709804945,3,1.862826698,2,2.320647511,2,2.471083502,2
2156_left.jpg,data\raw\slit_lamp\dataset_02\cataract\2156_left.jpg,slit_lamp,2.78840804,3,2.219621902,2,2.315931989,2,2.66111973,3
2157_right.jpg,data\raw\slit_lamp\dataset_02\cataract\2157_right.jpg,slit_lamp,2.701600017,3,1.626062809,2,2.306718426,2,2.364097511,2
2158_left.jpg,data\raw\slit_lamp\dataset_02\cataract\2158_left.jpg,slit_lamp,2.059349524,2,1.987630825,2,2.800937657,3,2.497615047,2
2158_right.jpg,data\raw\slit_lamp\dataset_02\cataract\2158_right.jpg,slit_lamp,2.896446905,3,2.216528261,2,2.240988791,2,2.384432548,2
2161_right.jpg,data\raw\slit_lamp\dataset_02\cataract\2161_right.jpg,slit_lamp,2.754538022,3,2.368696438,2,2.971331275,3,2.608043559,3
2164_left.jpg,data\raw\slit_lamp\dataset_02\cataract\2164_left.jpg,slit_lamp,1.964150309,2,2.174244172,2,4.593815522,5,2.382814883,2
218_left.jpg,data\raw\slit_lamp\dataset_02\cataract\218_left.jpg,slit_lamp,2.891484454,3,2.314646775,2,2.312911083,2,2.255082074,2
220_right.jpg,data\raw\slit_lamp\dataset_02\cataract\220_right.jpg,slit_lamp,3.185229022,3,3.108376054,3,2.066762846,2,2.533895872,3
2210_left.jpg,data\raw\slit_lamp\dataset_02\cataract\2210_left.jpg,slit_lamp,1.672474768,2,2.81562944,3,4.939432004,5,2.487862947,2
2233_right.jpg,data\raw\slit_lamp\dataset_02\cataract\2233_right.jpg,slit_lamp,2.976348156,3,2.402042608,2,2.094382967,2,2.352171324,2
2244_left.jpg,data\raw\slit_lamp\dataset_02\cataract\2244_left.jpg,slit_lamp,1.986079118,2,2.570230688,3,4.352939142,4,2.394646252,2
2248_right.jpg,data\raw\slit_lamp\dataset_02\cataract\2248_right.jpg,slit_lamp,2.466792029,2,2.548818019,3,4.214018521,4,2.660965397,3
2331_left.jpg,data\raw\slit_lamp\dataset_02\cataract\2331_left.jpg,slit_lamp,2.274499469,2,2.25767942,2,2.809287653,3,2.02273198,2
2385_left.jpg,data\raw\slit_lamp\dataset_02\cataract\2385_left.jpg,slit_lamp,3.017152345,3,2.64963996,3,2.13269575,2,2.531386841,3
2413_right.jpg,data\raw\slit_lamp\dataset_02\cataract\2413_right.jpg,slit_lamp,0.841385547,1,2.508663241,3,3.94195607,4,2.017781497,2
2424_right.jpg,data\raw\slit_lamp\dataset_02\cataract\2424_right.jpg,slit_lamp,2.517773132,3,2.270457418,2,2.524259221,3,2.656793058,3
2427_right.jpg,data\raw\slit_lamp\dataset_02\cataract\2427_right.jpg,slit_lamp,2.252617947,2,2.218806111,2,2.95967604,3,1.99507829,2
2446_left.jpg,data\raw\slit_lamp\dataset_02\cataract\2446_left.jpg,slit_lamp,1.862092557,2,2.419572014,2,3.350944326,3,2.108684503,2
2455_left.jpg,data\raw\slit_lamp\dataset_02\cataract\2455_left.jpg,slit_lamp,3.155269868,3,1.989139609,2,2.019326266,2,3.376468092,3
2460_right.jpg,data\raw\slit_lamp\dataset_02\cataract\2460_right.jpg,slit_lamp,1.227623984,1,2.107222288,2,4.790778613,5,1.784856198,2
24_right.jpg,data\raw\slit_lamp\dataset_02\cataract\24_right.jpg,slit_lamp,2.03864104,2,2.120594181,2,4.921384293,5,2.625078725,3
2511_left.jpg,data\raw\slit_lamp\dataset_02\cataract\2511_left.jpg,slit_lamp,0.107562151,0,1.954459612,2,4.993376498,5,3.26115051,3
254_left.jpg,data\raw\slit_lamp\dataset_02\cataract\254_left.jpg,slit_lamp,2.27120569,2,1.579792965,2,3.073247845,3,2.310982026,2
2567_right.jpg,data\raw\slit_lamp\dataset_02\cataract\2567_right.jpg,slit_lamp,2.013623404,2,2.282626027,2,3.436137952,3,1.950272475,2
2570_right.jpg,data\raw\slit_lamp\dataset_02\cataract\2570_right.jpg,slit_lamp,2.865805506,3,2.769191773,3,2.132005297,2,2.714773322,3
2624_left.jpg,data\raw\slit_lamp\dataset_02\cataract\2624_left.jpg,slit_lamp,1.967030974,2,2.214153822,2,3.060790988,3,2.021683085,2
2630_left.jpg,data\raw\slit_lamp\dataset_02\cataract\2630_left.jpg,slit_lamp,1.655691602,2,2.323671713,2,4.080190707,4,2.673923886,3
264_left.jpg,data\raw\slit_lamp\dataset_02\cataract\264_left.jpg,slit_lamp,0.570219178,1,2.408499195,2,4.878327861,5,2.441924389,2
2660_left.jpg,data\raw\slit_lamp\dataset_02\cataract\2660_left.jpg,slit_lamp,1.212348706,1,2.176501052,2,4.740041942,5,2.793896593,3
2740_right.jpg,data\raw\slit_lamp\dataset_02\cataract\2740_right.jpg,slit_lamp,2.977990729,3,2.623943487,3,2.120523753,2,2.812737053,3
2750_right.jpg,data\raw\slit_lamp\dataset_02\cataract\2750_right.jpg,slit_lamp,0.544209165,1,1.865691118,2,4.639769595,5,2.22781217,2
2763_left.jpg,data\raw\slit_lamp\dataset_02\cataract\2763_left.jpg,slit_lamp,0.409812239,0,2.537934283,3,4.972639526,5,2.418898782,2
27_right.jpg,data\raw\slit_lamp\dataset_02\cataract\27_right.jpg,slit_lamp,2.121764685,2,2.062863241,2,3.173533697,3,1.753134617,2
2806_right.jpg,data\raw\slit_lamp\dataset_02\cataract\2806_right.jpg,slit_lamp,2.723802841,3,2.940104569,3,2.317801256,2,2.332278329,2
2816_left.jpg,data\raw\slit_lamp\dataset_02\cataract\2816_left.jpg,slit_lamp,0.815968338,1,2.341262004,2,4.70690836,5,2.626022366,3
281_right.jpg,data\raw\slit_lamp\dataset_02\cataract\281_right.jpg,slit_lamp,2.535342902,3,2.227636096,2,3.048501885,3,3.676080704,4
2859_left.jpg,data\raw\slit_lamp\dataset_02\cataract\2859_left.jpg,slit_lamp,0.77709241,1,2.821354238,3,4.965892601,5,2.579308865,3
285_left.jpg,data\raw\slit_lamp\dataset_02\cataract\285_left.jpg,slit_lamp,2.18001412,2,1.596199727,2,4.122710809,4,3.120077216,3
2868_right.jpg,data\raw\slit_lamp\dataset_02\cataract\2868_right.jpg,slit_lamp,3.030751012,3,2.653162405,3,2.154172844,2,2.763466869,3
2897_left.jpg,data\raw\slit_lamp\dataset_02\cataract\2897_left.jpg,slit_lamp,1.381151221,1,2.498157565,2,4.569545929,5,2.21429478,2
2901_left.jpg,data\raw\slit_lamp\dataset_02\cataract\2901_left.jpg,slit_lamp,2.045183687,2,2.340184248,2,3.246354419,3,2.1205096,2
2907_left.jpg,data\raw\slit_lamp\dataset_02\cataract\2907_left.jpg,slit_lamp,2.890465525,3,2.531984617,3,2.147396296,2,2.66938222,3
2909_left.jpg,data\raw\slit_lamp\dataset_02\cataract\2909_left.jpg,slit_lamp,3.127658641,3,2.810290383,3,2.06584029,2,2.971280177,3
2919_right.jpg,data\raw\slit_lamp\dataset_02\cataract\2919_right.jpg,slit_lamp,1.394098447,1,2.091117764,2,4.125778381,4,1.760869749,2
2921_right.jpg,data\raw\slit_lamp\dataset_02\cataract\2921_right.jpg,slit_lamp,0.483198255,0,2.100923194,2,4.868428838,5,1.748235352,2
2945_left.jpg,data\raw\slit_lamp\dataset_02\cataract\2945_left.jpg,slit_lamp,2.287742067,2,2.923770596,3,4.015519348,4,2.64917102,3
2954_right.jpg,data\raw\slit_lamp\dataset_02\cataract\2954_right.jpg,slit_lamp,0.296016341,0,2.53614282,3,4.802183949,5,2.500400221,3
2974_right.jpg,data\raw\slit_lamp\dataset_02\cataract\2974_right.jpg,slit_lamp,0.246152272,0,2.346474764,2,4.983353596,5,2.327143782,2
2975_right.jpg,data\raw\slit_lamp\dataset_02\cataract\2975_right.jpg,slit_lamp,0.433205113,0,2.312702085,2,4.95581457,5,1.810652478,2
3056_left.jpg,data\raw\slit_lamp\dataset_02\cataract\3056_left.jpg,slit_lamp,1.30678384,1,2.355185081,2,4.336856149,4,2.07237159,2
3063_right.jpg,data\raw\slit_lamp\dataset_02\cataract\3063_right.jpg,slit_lamp,1.156276273,1,2.421992295,2,4.564183094,5,2.000358749,2
3092_right.jpg,data\raw\slit_lamp\dataset_02\cataract\3092_right.jpg,slit_lamp,2.114740618,2,2.256841079,2,3.331612699,3,2.05336085,2
3116_right.jpg,data\raw\slit_lamp\dataset_02\cataract\3116_right.jpg,slit_lamp,1.999535383,2,1.87336445,2,3.828148007,4,3.695124955,4
3134_left.jpg,data\raw\slit_lamp\dataset_02\cataract\3134_left.jpg,slit_lamp,2.794097589,3,2.3722984,2,2.27029974,2,2.543291917,3
3138_left.jpg,data\raw\slit_lamp\dataset_02\cataract\3138_left.jpg,slit_lamp,3.22464363,3,2.930696061,3,2.015161247,2,2.329593336,2
3155_left.jpg,data\raw\slit_lamp\dataset_02\cataract\3155_left.jpg,slit_lamp,3.343718324,3,2.381073487,2,1.941739373,2,2.516567506,3
3156_right.jpg,data\raw\slit_lamp\dataset_02\cataract\3156_right.jpg,slit_lamp,1.758449507,2,1.941209513,2,4.888482398,5,1.406631388,1
3169_right.jpg,data\raw\slit_lamp\dataset_02\cataract\3169_right.jpg,slit_lamp,0.892987523,1,2.0422522,2,4.863355727,5,1.610992489,2
3173_right.jpg,data\raw\slit_lamp\dataset_02\cataract\3173_right.jpg,slit_lamp,2.623086494,3,2.7346864,3,2.303729717,2,2.799259521,3
3183_left.jpg,data\raw\slit_lamp\dataset_02\cataract\3183_left.jpg,slit_lamp,1.511913783,2,2.689542362,3,4.53674211,5,2.727544252,3
3189_left.jpg,data\raw\slit_lamp\dataset_02\cataract\3189_left.jpg,slit_lamp,0.361579897,0,2.590612992,3,4.979820999,5,1.9749702,2
3205_left.jpg,data\raw\slit_lamp\dataset_02\cataract\3205_left.jpg,slit_lamp,2.548213108,3,2.407877352,2,2.656048668,3,2.70206255,3
3217_left.jpg,data\raw\slit_lamp\dataset_02\cataract\3217_left.jpg,slit_lamp,0.229271363,0,2.394009878,2,4.981596328,5,2.352209745,2
3220_left.jpg,data\raw\slit_lamp\dataset_02\cataract\3220_left.jpg,slit_lamp,1.205761412,1,2.335872485,2,4.652514902,5,2.242065564,2
3266_right.jpg,data\raw\slit_lamp\dataset_02\cataract\3266_right.jpg,slit_lamp,2.023938646,2,2.376218888,2,4.005227001,4,2.076568835,2
3284_right.jpg,data\raw\slit_lamp\dataset_02\cataract\3284_right.jpg,slit_lamp,1.651002843,2,2.342720948,2,3.648964052,4,2.568165912,3
330_left.jpg,data\raw\slit_lamp\dataset_02\cataract\330_left.jpg,slit_lamp,2.039662455,2,1.404722844,1,2.490124878,2,2.525506645,3
3336_right.jpg,data\raw\slit_lamp\dataset_02\cataract\3336_right.jpg,slit_lamp,2.90461951,3,2.512444012,3,2.129566655,2,2.472479121,2
3341_right.jpg,data\raw\slit_lamp\dataset_02\cataract\3341_right.jpg,slit_lamp,2.458650243,2,2.420999095,2,2.369344159,2,2.314212559,2
3352_left.jpg,data\raw\slit_lamp\dataset_02\cataract\3352_left.jpg,slit_lamp,2.553454802,3,2.492198397,2,2.520577523,3,2.39971981,2
3376_left.jpg,data\raw\slit_lamp\dataset_02\cataract\3376_left.jpg,slit_lamp,1.315345614,1,1.923915244,2,4.895957311,5,3.472657656,3
33_right.jpg,data\raw\slit_lamp\dataset_02\cataract\33_right.jpg,slit_lamp,0.794565369,1,2.708401711,3,4.741913858,5,2.165498146,2
3400_right.jpg,data\raw\slit_lamp\dataset_02\cataract\3400_right.jpg,slit_lamp,2.560555704,3,2.409263038,2,2.381265544,2,2.437457612,2
3419_left.jpg,data\raw\slit_lamp\dataset_02\cataract\3419_left.jpg,slit_lamp,1.080482768,1,1.984682963,2,4.773829659,5,1.663436118,2
3436_left.jpg,data\raw\slit_lamp\dataset_02\cataract\3436_left.jpg,slit_lamp,2.800214127,3,2.1612415,2,2.543026234,3,3.72233862,4
345_right.jpg,data\raw\slit_lamp\dataset_02\cataract\345_right.jpg,slit_lamp,2.947758397,3,2.261768034,2,2.22417723,2,2.699299484,3
346_right.jpg,data\raw\slit_lamp\dataset_02\cataract\346_right.jpg,slit_lamp,0.959129207,1,2.343272002,2,4.759582151,5,2.023707591,2
347_left.jpg,data\raw\slit_lamp\dataset_02\cataract\347_left.jpg,slit_lamp,1.417310507,1,1.368825842,1,4.691012164,5,3.547543588,4
354_right.jpg,data\raw\slit_lamp\dataset_02\cataract\354_right.jpg,slit_lamp,2.19739122,2,2.086858463,2,3.414178596,3,1.750294844,2
356_right.jpg,data\raw\slit_lamp\dataset_02\cataract\356_right.jpg,slit_lamp,2.44748433,2,2.294658149,2,2.524052128,3,1.951892955,2
357_right.jpg,data\raw\slit_lamp\dataset_02\cataract\357_right.jpg,slit_lamp,2.600104682,3,2.570074608,3,2.516972441,3,2.159487335,2
387_left.jpg,data\raw\slit_lamp\dataset_02\cataract\387_left.jpg,slit_lamp,2.686209402,3,2.140321701,2,2.273091454,2,1.774015728,2
395_right.jpg,data\raw\slit_lamp\dataset_02\cataract\395_right.jpg,slit_lamp,0.758349139,1,2.149212762,2,4.968246621,5,1.753882247,2
3983_right.jpg,data\raw\slit_lamp\dataset_02\cataract\3983_right.jpg,slit_lamp,2.355692055,2,2.683841583,3,3.028920725,3,2.570867191,3
3994_right.jpg,data\raw\slit_lamp\dataset_02\cataract\3994_right.jpg,slit_lamp,2.989120821,3,2.91084046,3,2.115556716,2,2.35532124,2
4048_right.jpg,data\raw\slit_lamp\dataset_02\cataract\4048_right.jpg,slit_lamp,0.643408462,1,2.332466816,2,4.861101413,5,1.869491261,2
4079_right.jpg,data\raw\slit_lamp\dataset_02\cataract\4079_right.jpg,slit_lamp,1.504748087,2,2.145303693,2,4.580210589,5,1.858970366,2
4085_right.jpg,data\raw\slit_lamp\dataset_02\cataract\4085_right.jpg,slit_lamp,0.626798253,1,2.097095886,2,4.811521476,5,1.645370139,2
4091_left.jpg,data\raw\slit_lamp\dataset_02\cataract\4091_left.jpg,slit_lamp,1.528792334,2,1.860462571,2,4.232350122,4,1.940387672,2
409_right.jpg,data\raw\slit_lamp\dataset_02\cataract\409_right.jpg,slit_lamp,3.152161858,3,2.827063385,3,2.06985876,2,2.480679571,2
4102_left.jpg,data\raw\slit_lamp\dataset_02\cataract\4102_left.jpg,slit_lamp,1.828250989,2,2.358133085,2,3.730122949,4,2.419097377,2
4126_right.jpg,data\raw\slit_lamp\dataset_02\cataract\4126_right.jpg,slit_lamp,0.173104603,0,2.422279456,2,4.943531608,5,1.925906673,2
4136_left.jpg,data\raw\slit_lamp\dataset_02\cataract\4136_left.jpg,slit_lamp,2.176594537,2,2.260567767,2,3.099914835,3,1.905281881,2
4164_right.jpg,data\raw\slit_lamp\dataset_02\cataract\4164_right.jpg,slit_lamp,0.36019306,0,2.358677371,2,4.935841141,5,1.94331264,2
4173_left.jpg,data\raw\slit_lamp\dataset_02\cataract\4173_left.jpg,slit_lamp,0.806464487,1,2.974883385,3,4.952799139,5,2.433145774,2
4181_left.jpg,data\raw\slit_lamp\dataset_02\cataract\4181_left.jpg,slit_lamp,1.809707571,2,2.72841834,3,3.878045576,4,2.093689895,2
4188_left.jpg,data\raw\slit_lamp\dataset_02\cataract\4188_left.jpg,slit_lamp,2.965300472,3,2.177970936,2,2.129191543,2,2.209390805,2
4210_right.jpg,data\raw\slit_lamp\dataset_02\cataract\4210_right.jpg,slit_lamp,0.714886618,1,2.912908325,3,4.956650522,5,2.425514674,2
4220_right.jpg,data\raw\slit_lamp\dataset_02\cataract\4220_right.jpg,slit_lamp,2.847487852,3,1.964782043,2,2.931445732,3,2.924200857,3
4222_left.jpg,data\raw\slit_lamp\dataset_02\cataract\4222_left.jpg,slit_lamp,0.137858747,0,2.359058434,2,4.957198227,5,1.878051157,2
4229_left.jpg,data\raw\slit_lamp\dataset_02\cataract\4229_left.jpg,slit_lamp,0.583453953,1,2.679539878,3,4.979398939,5,2.428567286,2
4271_right.jpg,data\raw\slit_lamp\dataset_02\cataract\4271_right.jpg,slit_lamp,1.162245129,1,2.385791256,2,4.454870032,4,2.749691501,3
4277_left.jpg,data\raw\slit_lamp\dataset_02\cataract\4277_left.jpg,slit_lamp,0.981322555,1,2.09919734,2,4.845172029,5,1.756972131,2
4281_left.jpg,data\raw\slit_lamp\dataset_02\cataract\4281_left.jpg,slit_lamp,0.185879659,0,2.005146205,2,4.914597599,5,1.644707142,2
4281_right.jpg,data\raw\slit_lamp\dataset_02\cataract\4281_right.jpg,slit_lamp,0.48799032,0,1.965696437,2,4.844867907,5,1.541179147,2
4300_right.jpg,data\raw\slit_lamp\dataset_02\cataract\4300_right.jpg,slit_lamp,0.208688864,0,2.144378397,2,4.961237297,5,1.694925105,2
4336_right.jpg,data\raw\slit_lamp\dataset_02\cataract\4336_right.jpg,slit_lamp,1.970042852,2,2.718240768,3,3.366465029,3,2.446340096,2
4338_right.jpg,data\raw\slit_lamp\dataset_02\cataract\4338_right.jpg,slit_lamp,1.865708401,2,2.257370816,2,4.044927437,4,1.942418748,2
4348_left.jpg,data\raw\slit_lamp\dataset_02\cataract\4348_left.jpg,slit_lamp,1.74677572,2,2.490798814,2,3.959215177,4,1.948690614,2
4359_left.jpg,data\raw\slit_lamp\dataset_02\cataract\4359_left.jpg,slit_lamp,0.246446509,0,2.40019571,2,4.977636539,5,2.009071776,2
4367_left.jpg,data\raw\slit_lamp\dataset_02\cataract\4367_left.jpg,slit_lamp,0.620600724,1,2.328811271,2,4.767746196,5,2.619823093,3
438_left.jpg,data\raw\slit_lamp\dataset_02\cataract\438_left.jpg,slit_lamp,3.170730097,3,2.929676652,3,2.047927054,2,2.553380887,3
4415_left.jpg,data\raw\slit_lamp\dataset_02\cataract\4415_left.jpg,slit_lamp,2.058845055,2,2.453941105,2,3.405907225,3,1.986238683,2
4429_right.jpg,data\raw\slit_lamp\dataset_02\cataract\4429_right.jpg,slit_lamp,2.68586838,3,2.471416051,2,2.82344008,3,2.47206577,2
443_left.jpg,data\raw\slit_lamp\dataset_02\cataract\443_left.jpg,slit_lamp,0.359248633,0,2.035810437,2,4.927468735,5,2.160340727,2
4476_right.jpg,data\raw\slit_lamp\dataset_02\cataract\4476_right.jpg,slit_lamp,0.820841266,1,2.181361648,2,4.886400187,5,1.83186243,2
449_right.jpg,data\raw\slit_lamp\dataset_02\cataract\449_right.jpg,slit_lamp,0.473929917,0,2.196795624,2,4.680885768,5,2.215271371,2
4528_left.jpg,data\raw\slit_lamp\dataset_02\cataract\4528_left.jpg,slit_lamp,3.016726179,3,2.483134549,2,2.062463587,2,1.800508883,2
4531_left.jpg,data\raw\slit_lamp\dataset_02\cataract\4531_left.jpg,slit_lamp,2.316796884,2,2.516508318,3,3.289763272,3,2.965202696,3
4536_left.jpg,data\raw\slit_lamp\dataset_02\cataract\4536_left.jpg,slit_lamp,0.380174963,0,2.125789099,2,4.898086957,5,1.684144498,2
4542_right.jpg,data\raw\slit_lamp\dataset_02\cataract\4542_right.jpg,slit_lamp,0.339114043,0,2.506521718,3,4.972011284,5,2.363243419,2
4566_right.jpg,data\raw\slit_lamp\dataset_02\cataract\4566_right.jpg,slit_lamp,1.87246089,2,2.252563603,2,3.594356201,4,2.058453722,2
4617_right.jpg,data\raw\slit_lamp\dataset_02\cataract\4617_right.jpg,slit_lamp,1.929763855,2,2.23150911,2,3.805334127,4,1.876860799,2
466_right.jpg,data\raw\slit_lamp\dataset_02\cataract\466_right.jpg,slit_lamp,0.405967563,0,2.666583574,3,4.960508811,5,2.422935665,2
473_left.jpg,data\raw\slit_lamp\dataset_02\cataract\473_left.jpg,slit_lamp,0.049733967,0,1.965101307,2,4.991737316,5,2.530034723,3
477_left.jpg,data\raw\slit_lamp\dataset_02\cataract\477_left.jpg,slit_lamp,1.551146447,2,1.930333111,2,4.870656343,5,3.66992993,4
477_right.jpg,data\raw\slit_lamp\dataset_02\cataract\477_right.jpg,slit_lamp,2.175666786,2,2.101023949,2,4.419075527,4,3.197013453,3
506_right.jpg,data\raw\slit_lamp\dataset_02\cataract\506_right.jpg,slit_lamp,1.558156723,2,2.591794375,3,4.230561996,4,2.071450884,2
529_left.jpg,data\raw\slit_lamp\dataset_02\cataract\529_left.jpg,slit_lamp,0.477752106,0,2.748829136,3,4.502024762,5,2.437439192,2
553_right.jpg,data\raw\slit_lamp\dataset_02\cataract\553_right.jpg,slit_lamp,3.148929208,3,1.575454159,2,2.125478861,2,2.305252754,2
560_right.jpg,data\raw\slit_lamp\dataset_02\cataract\560_right.jpg,slit_lamp,2.34885757,2,2.075692259,2,3.989253732,4,2.639504789,3
574_right.jpg,data\raw\slit_lamp\dataset_02\cataract\574_right.jpg,slit_lamp,1.836854988,2,2.169656317,2,3.734791423,4,2.421186507,2
579_left.jpg,data\raw\slit_lamp\dataset_02\cataract\579_left.jpg,slit_lamp,1.629257943,2,2.340351122,2,4.626566761,5,2.236200403,2
594_left.jpg,data\raw\slit_lamp\dataset_02\cataract\594_left.jpg,slit_lamp,2.699504259,3,1.677210664,2,2.846355802,3,2.220698228,2
596_right.jpg,data\raw\slit_lamp\dataset_02\cataract\596_right.jpg,slit_lamp,2.267788532,2,2.016301196,2,2.582964986,3,1.790081829,2
611_left.jpg,data\raw\slit_lamp\dataset_02\cataract\611_left.jpg,slit_lamp,3.066083905,3,2.363390092,2,2.159125037,2,2.656821055,3
625_left.jpg,data\raw\slit_lamp\dataset_02\cataract\625_left.jpg,slit_lamp,1.571538329,2,1.987892466,2,4.859994992,5,2.957270408,3
625_right.jpg,data\raw\slit_lamp\dataset_02\cataract\625_right.jpg,slit_lamp,1.773377102,2,1.890446559,2,4.161683289,4,2.665177801,3
627_left.jpg,data\raw\slit_lamp\dataset_02\cataract\627_left.jpg,slit_lamp,0.887225186,1,2.016849003,2,4.85375329,5,1.77083376,2
628_right.jpg,data\raw\slit_lamp\dataset_02\cataract\628_right.jpg,slit_lamp,1.684604354,2,2.580807544,3,3.484736935,3,1.962467291,2
646_right.jpg,data\raw\slit_lamp\dataset_02\cataract\646_right.jpg,slit_lamp,3.149624904,3,2.788461959,3,2.07466905,2,2.622699777,3
691_left.jpg,data\raw\slit_lamp\dataset_02\cataract\691_left.jpg,slit_lamp,2.149104717,2,1.680817491,2,2.301183659,2,2.247593847,2
700_right.jpg,data\raw\slit_lamp\dataset_02\cataract\700_right.jpg,slit_lamp,2.028986057,2,1.981410739,2,4.279012457,4,1.675762576,2
710_right.jpg,data\raw\slit_lamp\dataset_02\cataract\710_right.jpg,slit_lamp,1.756864529,2,2.32104888,2,3.538006269,4,2.807702012,3
730_right.jpg,data\raw\slit_lamp\dataset_02\cataract\730_right.jpg,slit_lamp,0.347051303,0,2.321983451,2,4.958031725,5,1.744170163,2
769_left.jpg,data\raw\slit_lamp\dataset_02\cataract\769_left.jpg,slit_lamp,0.513542372,1,2.257707793,2,4.926000628,5,1.900013333,2
769_right.jpg,data\raw\slit_lamp\dataset_02\cataract\769_right.jpg,slit_lamp,2.68025277,3,1.673789627,2,3.008668456,3,2.480137013,2
809_left.jpg,data\raw\slit_lamp\dataset_02\cataract\809_left.jpg,slit_lamp,2.048305578,2,1.97528289,2,4.95499112,5,2.565155116,3
81_right.jpg,data\raw\slit_lamp\dataset_02\cataract\81_right.jpg,slit_lamp,2.326472199,2,2.010239253,2,3.810604403,4,1.977218367,2
820_left.jpg,data\raw\slit_lamp\dataset_02\cataract\820_left.jpg,slit_lamp,2.476887419,2,2.10558872,2,3.859282451,4,3.052917468,3
824_left.jpg,data\raw\slit_lamp\dataset_02\cataract\824_left.jpg,slit_lamp,2.330356214,2,1.362972153,1,2.228974777,2,1.705190268,2
826_right.jpg,data\raw\slit_lamp\dataset_02\cataract\826_right.jpg,slit_lamp,0.315556038,0,2.414721203,2,4.924707866,5,2.097429769,2
849_right.jpg,data\raw\slit_lamp\dataset_02\cataract\849_right.jpg,slit_lamp,0.394902115,0,2.230102515,2,4.951142434,5,1.850976653,2
866_right.jpg,data\raw\slit_lamp\dataset_02\cataract\866_right.jpg,slit_lamp,3.1808697,3,3.099416848,3,2.051355967,2,2.380669661,2
880_left.jpg,data\raw\slit_lamp\dataset_02\cataract\880_left.jpg,slit_lamp,0.684089301,1,2.210219609,2,4.847895036,5,1.888720674,2
881_right.jpg,data\raw\slit_lamp\dataset_02\cataract\881_right.jpg,slit_lamp,2.253416697,2,2.181048801,2,3.290087807,3,1.79177523,2
884_right.jpg,data\raw\slit_lamp\dataset_02\cataract\884_right.jpg,slit_lamp,1.338867264,1,2.664067912,3,4.567101388,5,2.692367436,3
899_left.jpg,data\raw\slit_lamp\dataset_02\cataract\899_left.jpg,slit_lamp,0.232227623,0,2.447012145,2,4.985926123,5,2.088330672,2
921_right.jpg,data\raw\slit_lamp\dataset_02\cataract\921_right.jpg,slit_lamp,2.445074972,2,2.401903228,2,2.606893896,3,2.18462429,2
942_left.jpg,data\raw\slit_lamp\dataset_02\cataract\942_left.jpg,slit_lamp,0.862669608,1,2.991392714,3,4.940777792,5,2.040331135,2
946_left.jpg,data\raw\slit_lamp\dataset_02\cataract\946_left.jpg,slit_lamp,0.085204037,0,2.35657067,2,4.954982908,5,1.904899918,2
955_right.jpg,data\raw\slit_lamp\dataset_02\cataract\955_right.jpg,slit_lamp,2.25753962,2,1.565280859,2,2.344373598,2,2.352278523,2
95_left.jpg,data\raw\slit_lamp\dataset_02\cataract\95_left.jpg,slit_lamp,0.997198475,1,2.35586995,2,4.201634981,4,1.975326241,2
962_right.jpg,data\raw\slit_lamp\dataset_02\cataract\962_right.jpg,slit_lamp,2.301549348,2,2.329913699,2,2.886220049,3,2.113189991,2
999_right.jpg,data\raw\slit_lamp\dataset_02\cataract\999_right.jpg,slit_lamp,1.599002388,2,2.042904899,2,4.922760296,5,2.451562843,2
_100_334408.jpg,data\raw\slit_lamp\dataset_02\cataract\_100_334408.jpg,slit_lamp,3.35105527,3,1.252060448,1,1.940274623,2,2.205658989,2
_101_5139882.jpg,data\raw\slit_lamp\dataset_02\cataract\_101_5139882.jpg,slit_lamp,3.352104491,3,1.843574407,2,1.928542183,2,2.132993536,2
_101_709333.jpg,data\raw\slit_lamp\dataset_02\cataract\_101_709333.jpg,slit_lamp,3.352127457,3,1.882765315,2,1.926209033,2,2.148107599,2
_103_5897328.jpg,data\raw\slit_lamp\dataset_02\cataract\_103_5897328.jpg,slit_lamp,3.350257831,3,1.815372351,2,1.935409609,2,2.410528621,2
_105_5646774.jpg,data\raw\slit_lamp\dataset_02\cataract\_105_5646774.jpg,slit_lamp,3.34957486,3,1.635873337,2,1.928920238,2,2.368101666,2
_109_2006348.jpg,data\raw\slit_lamp\dataset_02\cataract\_109_2006348.jpg,slit_lamp,3.351501987,3,2.171691029,2,1.924058527,2,2.378832625,2
_112_9621689.jpg,data\raw\slit_lamp\dataset_02\cataract\_112_9621689.jpg,slit_lamp,3.35062194,3,2.290998588,2,1.931603764,2,2.597693111,3
_114_9773152.jpg,data\raw\slit_lamp\dataset_02\cataract\_114_9773152.jpg,slit_lamp,3.35142009,3,2.104146259,2,1.926296235,2,2.251071275,2
_117_6521529.jpg,data\raw\slit_lamp\dataset_02\cataract\_117_6521529.jpg,slit_lamp,3.351473262,3,2.210234893,2,1.913109353,2,2.603018478,3
_120_3067914.jpg,data\raw\slit_lamp\dataset_02\cataract\_120_3067914.jpg,slit_lamp,3.351407848,3,1.665806323,2,1.923230531,2,2.369733152,2
_121_3847336.jpg,data\raw\slit_lamp\dataset_02\cataract\_121_3847336.jpg,slit_lamp,3.351374902,3,0.985987321,1,1.957578338,2,1.942592681,2
_122_7237312.jpg,data\raw\slit_lamp\dataset_02\cataract\_122_7237312.jpg,slit_lamp,3.349278988,3,2.139940659,2,1.936057533,2,2.373158918,2
_123_8135331.jpg,data\raw\slit_lamp\dataset_02\cataract\_123_8135331.jpg,slit_lamp,3.345564809,3,2.429743535,2,1.926434307,2,2.667905448,3
_126_4964568.jpg,data\raw\slit_lamp\dataset_02\cataract\_126_4964568.jpg,slit_lamp,3.347183804,3,2.9146376,3,1.915066715,2,2.805384527,3
_128_4502689.jpg,data\raw\slit_lamp\dataset_02\cataract\_128_4502689.jpg,slit_lamp,3.349839472,3,2.049425243,2,1.920108594,2,2.624296626,3
_129_3024383.jpg,data\raw\slit_lamp\dataset_02\cataract\_129_3024383.jpg,slit_lamp,3.351008553,3,2.077556852,2,1.916567873,2,2.561173388,3
_129_5296959.jpg,data\raw\slit_lamp\dataset_02\cataract\_129_5296959.jpg,slit_lamp,3.351171456,3,2.056911565,2,1.915545296,2,2.642216579,3
_144_4907178.jpg,data\raw\slit_lamp\dataset_02\cataract\_144_4907178.jpg,slit_lamp,3.352352604,3,1.782469201,2,1.912710725,2,2.341835759,2
_144_7061237.jpg,data\raw\slit_lamp\dataset_02\cataract\_144_7061237.jpg,slit_lamp,3.352413714,3,1.815215898,2,1.912710725,2,2.205409911,2
_145_6931784.jpg,data\raw\slit_lamp\dataset_02\cataract\_145_6931784.jpg,slit_lamp,3.352929006,3,2.335641939,2,1.912710725,2,2.593670614,3
_146_4268935.jpg,data\raw\slit_lamp\dataset_02\cataract\_146_4268935.jpg,slit_lamp,3.351870211,3,2.566227918,3,1.912710725,2,2.629283034,3
_146_5945090.jpg,data\raw\slit_lamp\dataset_02\cataract\_146_5945090.jpg,slit_lamp,3.351814048,3,2.564247731,3,1.912710725,2,2.623302191,3
_147_3710804.jpg,data\raw\slit_lamp\dataset_02\cataract\_147_3710804.jpg,slit_lamp,3.351603118,3,2.528568132,3,1.912710725,2,2.653959734,3
_147_3796034.jpg,data\raw\slit_lamp\dataset_02\cataract\_147_3796034.jpg,slit_lamp,3.351637359,3,2.507368708,3,1.912710725,2,2.664811702,3
_148_6795884.jpg,data\raw\slit_lamp\dataset_02\cataract\_148_6795884.jpg,slit_lamp,3.352810027,3,1.582197149,2,1.913174586,2,2.958892391,3
_149_3115900.jpg,data\raw\slit_lamp\dataset_02\cataract\_149_3115900.jpg,slit_lamp,3.351426319,3,1.690875074,2,1.912710725,2,2.974706639,3
_150_8876899.jpg,data\raw\slit_lamp\dataset_02\cataract\_150_8876899.jpg,slit_lamp,3.352408546,3,2.321805722,2,1.922046875,2,3.018001271,3
_151_4262050.jpg,data\raw\slit_lamp\dataset_02\cataract\_151_4262050.jpg,slit_lamp,3.349985336,3,1.742568124,2,1.921124829,2,2.761863828,3
_156_6418009.jpg,data\raw\slit_lamp\dataset_02\cataract\_156_6418009.jpg,slit_lamp,3.3516348,3,1.317178965,1,1.93655263,2,2.152554571,2
_158_2964657.jpg,data\raw\slit_lamp\dataset_02\cataract\_158_2964657.jpg,slit_lamp,3.350263862,3,1.186232893,1,1.96121978,2,2.050234055,2
_159_1399279.jpg,data\raw\slit_lamp\dataset_02\cataract\_159_1399279.jpg,slit_lamp,3.350582587,3,1.166263307,1,1.963604836,2,2.1627797,2
_159_5245707.jpg,data\raw\slit_lamp\dataset_02\cataract\_159_5245707.jpg,slit_lamp,3.350392278,3,1.175169116,1,1.959618127,2,2.109894082,2
_160_9941636.jpg,data\raw\slit_lamp\dataset_02\cataract\_160_9941636.jpg,slit_lamp,3.351878283,3,1.625429332,2,1.91957878,2,2.42336756,2
_162_3770706.jpg,data\raw\slit_lamp\dataset_02\cataract\_162_3770706.jpg,slit_lamp,3.350359303,3,1.326083545,1,1.940274623,2,2.292357154,2
_163_2414975.jpg,data\raw\slit_lamp\dataset_02\cataract\_163_2414975.jpg,slit_lamp,3.349973301,3,1.672447794,2,1.944115895,2,2.342604826,2
_163_6585488.jpg,data\raw\slit_lamp\dataset_02\cataract\_163_6585488.jpg,slit_lamp,3.35043871,3,1.668822568,2,1.947784809,2,2.32209286,2
_163_6979961.jpg,data\raw\slit_lamp\dataset_02\cataract\_163_6979961.jpg,slit_lamp,3.350219222,3,1.682119445,2,1.943590928,2,2.261156686,2
_164_4857097.jpg,data\raw\slit_lamp\dataset_02\cataract\_164_4857097.jpg,slit_lamp,3.348583043,3,2.950093406,3,1.91316009,2,2.766704687,3
_165_8028203.jpg,data\raw\slit_lamp\dataset_02\cataract\_165_8028203.jpg,slit_lamp,3.349883933,3,2.844775476,3,1.914783938,2,2.765559191,3
_167_2873590.jpg,data\raw\slit_lamp\dataset_02\cataract\_167_2873590.jpg,slit_lamp,3.351080186,3,1.449885791,1,1.925031956,2,2.432540091,2
_168_4661031.jpg,data\raw\slit_lamp\dataset_02\cataract\_168_4661031.jpg,slit_lamp,3.348645451,3,1.843749573,2,1.952478535,2,2.773594442,3
_169_5886938.jpg,data\raw\slit_lamp\dataset_02\cataract\_169_5886938.jpg,slit_lamp,3.352235458,3,1.962757192,2,1.913979198,2,2.632507519,3
_171_4298450.jpg,data\raw\slit_lamp\dataset_02\cataract\_171_4298450.jpg,slit_lamp,3.350535323,3,2.679037493,3,1.918990969,2,2.900756292,3
_171_5903297.jpg,data\raw\slit_lamp\dataset_02\cataract\_171_5903297.jpg,slit_lamp,3.350645784,3,2.700477384,3,1.919469921,2,2.915636494,3
_172_1350351.jpg,data\raw\slit_lamp\dataset_02\cataract\_172_1350351.jpg,slit_lamp,3.351038354,3,3.043488976,3,1.912928155,2,2.882300687,3
_172_4553386.jpg,data\raw\slit_lamp\dataset_02\cataract\_172_4553386.jpg,slit_lamp,3.351205244,3,3.050230054,3,1.912826686,2,2.807429845,3
_172_5595526.jpg,data\raw\slit_lamp\dataset_02\cataract\_172_5595526.jpg,slit_lamp,3.350637482,3,3.018351285,3,1.913036873,2,2.865799531,3
_173_6477739.jpg,data\raw\slit_lamp\dataset_02\cataract\_173_6477739.jpg,slit_lamp,3.352448266,3,1.997768646,2,1.916234244,2,2.862393067,3
_175_2515467.jpg,data\raw\slit_lamp\dataset_02\cataract\_175_2515467.jpg,slit_lamp,3.351841448,3,1.521466384,2,1.920841715,2,3.04514446,3
_176_2398738.jpg,data\raw\slit_lamp\dataset_02\cataract\_176_2398738.jpg,slit_lamp,3.352204307,3,1.660844517,2,1.914174934,2,2.731650533,3
_176_7840976.jpg,data\raw\slit_lamp\dataset_02\cataract\_176_7840976.jpg,slit_lamp,3.352442436,3,1.653345861,2,1.914037193,2,2.771919022,3
_177_2299576.jpg,data\raw\slit_lamp\dataset_02\cataract\_177_2299576.jpg,slit_lamp,3.35149977,3,1.316655356,1,1.932389447,2,3.269345245,3
_178_8645920.jpg,data\raw\slit_lamp\dataset_02\cataract\_178_8645920.jpg,slit_lamp,3.344717107,3,2.034814857,2,1.926943026,2,2.342243646,2
_181_2009794.jpg,data\raw\slit_lamp\dataset_02\cataract\_181_2009794.jpg,slit_lamp,3.294686157,3,2.654273642,3,1.916466331,2,2.81921492,3
_182_8895927.jpg,data\raw\slit_lamp\dataset_02\cataract\_182_8895927.jpg,slit_lamp,3.338781845,3,3.322105548,3,1.921429739,2,2.593083706,3
_182_9646286.jpg,data\raw\slit_lamp\dataset_02\cataract\_182_9646286.jpg,slit_lamp,3.33775244,3,3.250956759,3,1.918795047,2,2.650678407,3
_183_2869065.jpg,data\raw\slit_lamp\dataset_02\cataract\_183_2869065.jpg,slit_lamp,3.312250862,3,2.602529722,3,1.914522927,2,2.768988035,3
_187_1814280.jpg,data\raw\slit_lamp\dataset_02\cataract\_187_1814280.jpg,slit_lamp,3.347130328,3,2.756760661,3,1.912710725,2,2.764930207,3
_189_1773149.jpg,data\raw\slit_lamp\dataset_02\cataract\_189_1773149.jpg,slit_lamp,3.348593775,3,3.150004032,3,1.912710725,2,2.74136506,3
_189_5910645.jpg,data\raw\slit_lamp\dataset_02\cataract\_189_5910645.jpg,slit_lamp,3.347880983,3,3.145675732,3,1.913036873,2,2.815260054,3
_190_7244239.jpg,data\raw\slit_lamp\dataset_02\cataract\_190_7244239.jpg,slit_lamp,3.347925285,3,3.18212519,3,1.912899163,2,2.789220358,3
_192_7851600.jpg,data\raw\slit_lamp\dataset_02\cataract\_192_7851600.jpg,slit_lamp,3.34698239,3,3.043911399,3,1.912986137,2,2.779658451,3
_196_6946219.jpg,data\raw\slit_lamp\dataset_02\cataract\_196_6946219.jpg,slit_lamp,3.351158946,3,2.159698498,2,1.930665463,2,2.393288784,2
_198_3804403.jpg,data\raw\slit_lamp\dataset_02\cataract\_198_3804403.jpg,slit_lamp,3.352213106,3,2.307909007,2,1.912710725,2,2.622412121,3
_198_6027510.jpg,data\raw\slit_lamp\dataset_02\cataract\_198_6027510.jpg,slit_lamp,3.352041113,3,2.309039819,2,1.912928155,2,2.67801212,3
_19_9976222.jpg,data\raw\slit_lamp\dataset_02\cataract\_19_9976222.jpg,slit_lamp,3.349240717,3,2.371659133,2,1.920994159,2,2.722500773,3
_200_9649683.jpg,data\raw\slit_lamp\dataset_02\cataract\_200_9649683.jpg,slit_lamp,3.350065811,3,2.005541304,2,1.922308273,2,2.537041685,3
_202_4720633.jpg,data\raw\slit_lamp\dataset_02\cataract\_202_4720633.jpg,slit_lamp,3.351876105,3,1.877298018,2,1.913102105,2,2.64060533,3
_203_6969732.jpg,data\raw\slit_lamp\dataset_02\cataract\_203_6969732.jpg,slit_lamp,3.351926017,3,2.093349644,2,1.913334049,2,2.637907614,3
_204_5979635.jpg,data\raw\slit_lamp\dataset_02\cataract\_204_5979635.jpg,slit_lamp,3.352409606,3,2.413926971,2,1.912710725,2,2.615800854,3
_204_6939524.jpg,data\raw\slit_lamp\dataset_02\cataract\_204_6939524.jpg,slit_lamp,3.352360987,3,2.41347546,2,1.912710725,2,2.569356348,3
_205_1775772.jpg,data\raw\slit_lamp\dataset_02\cataract\_205_1775772.jpg,slit_lamp,3.350263987,3,1.684968362,2,1.914029943,2,2.312455891,2
_206_4468888.jpg,data\raw\slit_lamp\dataset_02\cataract\_206_4468888.jpg,slit_lamp,3.349794702,3,2.135100066,2,1.912884668,2,2.278915794,2
_206_6210252.jpg,data\raw\slit_lamp\dataset_02\cataract\_206_6210252.jpg,slit_lamp,3.350018868,3,2.153289427,2,1.912986137,2,2.212966397,2
_207_8213037.jpg,data\raw\slit_lamp\dataset_02\cataract\_207_8213037.jpg,slit_lamp,3.351874162,3,1.286121565,1,1.920144885,2,2.310758834,2
_208_168871.jpg,data\raw\slit_lamp\dataset_02\cataract\_208_168871.jpg,slit_lamp,3.352202465,3,1.368803865,1,1.91294265,2,2.650324436,3
_208_2337200.jpg,data\raw\slit_lamp\dataset_02\cataract\_208_2337200.jpg,slit_lamp,3.351942721,3,1.352827012,1,1.914653431,2,2.737594131,3
_209_2468249.jpg,data\raw\slit_lamp\dataset_02\cataract\_209_2468249.jpg,slit_lamp,3.351514052,3,2.026703095,2,1.923717144,2,2.588792173,3
_20_6629557.jpg,data\raw\slit_lamp\dataset_02\cataract\_20_6629557.jpg,slit_lamp,3.347853926,3,2.454139961,2,1.912957146,2,2.719523918,3
_211_3296609.jpg,data\raw\slit_lamp\dataset_02\cataract\_211_3296609.jpg,slit_lamp,3.350480157,3,2.463397581,2,1.914653431,2,2.811903048,3
_218_2512305.jpg,data\raw\slit_lamp\dataset_02\cataract\_218_2512305.jpg,slit_lamp,3.349685305,3,2.249668813,2,1.942861893,2,2.530761972,3
_218_687151.jpg,data\raw\slit_lamp\dataset_02\cataract\_218_687151.jpg,slit_lamp,3.349046791,3,2.256218872,2,1.950616617,2,2.534069908,3
_219_4968838.jpg,data\raw\slit_lamp\dataset_02\cataract\_219_4968838.jpg,slit_lamp,3.348107009,3,2.131015701,2,1.944896149,2,2.53905389,3
_21_4533748.jpg,data\raw\slit_lamp\dataset_02\cataract\_21_4533748.jpg,slit_lamp,3.351166253,3,3.004654884,3,1.913450024,2,2.76931329,3
_21_8755311.jpg,data\raw\slit_lamp\dataset_02\cataract\_21_8755311.jpg,slit_lamp,3.351403969,3,2.988427937,3,1.913899456,2,2.766722339,3
_221_6907746.jpg,data\raw\slit_lamp\dataset_02\cataract\_221_6907746.jpg,slit_lamp,3.352080745,3,2.222426643,2,1.912710725,2,2.67004615,3
_223_4290439.jpg,data\raw\slit_lamp\dataset_02\cataract\_223_4290439.jpg,slit_lamp,3.349731959,3,2.329940307,2,1.940187188,2,2.407139482,2
_224_4837152.jpg,data\raw\slit_lamp\dataset_02\cataract\_224_4837152.jpg,slit_lamp,3.349423665,3,2.218911125,2,1.939363913,2,2.642840482,3
_227_1163752.jpg,data\raw\slit_lamp\dataset_02\cataract\_227_1163752.jpg,slit_lamp,3.34739603,3,1.82307926,2,1.943117044,2,2.30393154,2
_228_2229739.jpg,data\raw\slit_lamp\dataset_02\cataract\_228_2229739.jpg,slit_lamp,3.350236688,3,1.738994863,2,1.931378265,2,2.449873922,2
_228_4231065.jpg,data\raw\slit_lamp\dataset_02\cataract\_228_4231065.jpg,slit_lamp,3.350775301,3,1.712559431,2,1.923448412,2,2.477710366,2
_229_5185520.jpg,data\raw\slit_lamp\dataset_02\cataract\_229_5185520.jpg,slit_lamp,3.349024609,3,2.056888859,2,1.920972381,2,2.648065543,3
_22_9724179.jpg,data\raw\slit_lamp\dataset_02\cataract\_22_9724179.jpg,slit_lamp,3.348129678,3,1.952652323,2,1.916604138,2,2.651564047,3
_233_8101340.jpg,data\raw\slit_lamp\dataset_02\cataract\_233_8101340.jpg,slit_lamp,3.348452261,3,1.785278007,2,1.919549751,2,2.499519896,2
_233_9763374.jpg,data\raw\slit_lamp\dataset_02\cataract\_233_9763374.jpg,slit_lamp,3.348384398,3,1.790433621,2,1.91960781,2,2.500054944,3
_234_579953.jpg,data\raw\slit_lamp\dataset_02\cataract\_234_579953.jpg,slit_lamp,3.348288491,3,1.556175575,2,1.935475126,2,2.339060382,2
_237_8444315.jpg,data\raw\slit_lamp\dataset_02\cataract\_237_8444315.jpg,slit_lamp,3.349359534,3,1.79690233,2,1.94865317,2,2.478735383,2
_238_358899.jpg,data\raw\slit_lamp\dataset_02\cataract\_238_358899.jpg,slit_lamp,3.350604533,3,1.870834918,2,1.918816816,2,3.161888291,3
_238_9445598.jpg,data\raw\slit_lamp\dataset_02\cataract\_238_9445598.jpg,slit_lamp,3.350634531,3,1.84615986,2,1.920173917,2,3.237556718,3
_23_4636959.jpg,data\raw\slit_lamp\dataset_02\cataract\_23_4636959.jpg,slit_lamp,3.347197013,3,2.304124358,2,1.920195692,2,2.79350143,3
_240_4981563.jpg,data\raw\slit_lamp\dataset_02\cataract\_240_4981563.jpg,slit_lamp,3.348006423,3,1.917746459,2,1.96394146,2,2.842253137,3
_243_1070648.jpg,data\raw\slit_lamp\dataset_02\cataract\_243_1070648.jpg,slit_lamp,3.349247553,3,1.821315945,2,1.93208389,2,3.023840002,3
_244_5451565.jpg,data\raw\slit_lamp\dataset_02\cataract\_244_5451565.jpg,slit_lamp,3.347618306,3,1.848443499,2,1.931734703,2,2.74742378,3
_246_8777337.jpg,data\raw\slit_lamp\dataset_02\cataract\_246_8777337.jpg,slit_lamp,3.352028791,3,1.339193189,1,1.917684965,2,2.722579327,3
_247_9509040.jpg,data\raw\slit_lamp\dataset_02\cataract\_247_9509040.jpg,slit_lamp,3.348076213,3,1.50820353,2,1.917242451,2,2.928793216,3
_248_8765348.jpg,data\raw\slit_lamp\dataset_02\cataract\_248_8765348.jpg,slit_lamp,3.350011965,3,1.671713574,2,1.938948681,2,2.413922794,2
_250_4727436.jpg,data\raw\slit_lamp\dataset_02\cataract\_250_4727436.jpg,slit_lamp,3.348227451,3,1.852515231,2,1.943816949,2,2.467976267,2
_251_1089143.jpg,data\raw\slit_lamp\dataset_02\cataract\_251_1089143.jpg,slit_lamp,3.34856792,3,2.001205311,2,1.941928873,2,2.041817111,2
_252_4692803.jpg,data\raw\slit_lamp\dataset_02\cataract\_252_4692803.jpg,slit_lamp,3.348716017,3,1.545924362,2,1.929923671,2,2.862573345,3
_253_643151.jpg,data\raw\slit_lamp\dataset_02\cataract\_253_643151.jpg,slit_lamp,3.350410792,3,1.341626258,1,1.967001281,2,1.829114604,2
_254_9630074.jpg,data\raw\slit_lamp\dataset_02\cataract\_254_9630074.jpg,slit_lamp,3.34948667,3,1.922983062,2,1.941382258,2,2.534706692,3
_257_8575584.jpg,data\raw\slit_lamp\dataset_02\cataract\_257_8575584.jpg,slit_lamp,3.349881425,3,1.401572787,1,1.943000402,2,2.298282778,2
_257_9976187.jpg,data\raw\slit_lamp\dataset_02\cataract\_257_9976187.jpg,slit_lamp,3.350102938,3,1.406242702,1,1.945042004,2,2.243133858,2
_258_9144081.jpg,data\raw\slit_lamp\dataset_02\cataract\_258_9144081.jpg,slit_lamp,3.352565449,3,1.537032131,2,1.916850749,2,2.994171363,3
_25_4707227.jpg,data\raw\slit_lamp\dataset_02\cataract\_25_4707227.jpg,slit_lamp,3.347932397,3,1.860277717,2,1.928156887,2,2.541458866,3
_262_2214906.jpg,data\raw\slit_lamp\dataset_02\cataract\_262_2214906.jpg,slit_lamp,3.351717358,3,2.448560555,2,1.913232572,2,1.66045043,2
_263_9418780.jpg,data\raw\slit_lamp\dataset_02\cataract\_263_9418780.jpg,slit_lamp,3.353195387,3,2.626836716,3,1.914348927,2,1.987307124,2
_267_7559168.jpg,data\raw\slit_lamp\dataset_02\cataract\_267_7559168.jpg,slit_lamp,3.35108096,3,2.712745413,3,1.91849755,2,1.60735552,2
_268_113112.jpg,data\raw\slit_lamp\dataset_02\cataract\_268_113112.jpg,slit_lamp,3.351840569,3,2.526388641,3,1.912710725,2,1.628982462,2
_268_8496846.jpg,data\raw\slit_lamp\dataset_02\cataract\_268_8496846.jpg,slit_lamp,3.351758605,3,2.516163502,3,1.913145594,2,1.623062696,2
_269_5232883.jpg,data\raw\slit_lamp\dataset_02\cataract\_269_5232883.jpg,slit_lamp,3.351905113,3,2.486375962,2,1.912957146,2,1.566471739,2
_26_1879474.jpg,data\raw\slit_lamp\dataset_02\cataract\_26_1879474.jpg,slit_lamp,3.351190844,3,2.436028148,2,1.914609929,2,2.636652229,3
_270_9344899.jpg,data\raw\slit_lamp\dataset_02\cataract\_270_9344899.jpg,slit_lamp,3.353925031,3,2.469903033,2,1.912710725,2,1.51345621,2
_273_7267841.jpg,data\raw\slit_lamp\dataset_02\cataract\_273_7267841.jpg,slit_lamp,3.353386181,3,2.426632321,2,1.912710725,2,1.782637044,2
_273_9043733.jpg,data\raw\slit_lamp\dataset_02\cataract\_273_9043733.jpg,slit_lamp,3.353130799,3,2.457615877,2,1.912710725,2,1.78876692,2
_277_9501088.jpg,data\raw\slit_lamp\dataset_02\cataract\_277_9501088.jpg,slit_lamp,3.3515417,3,2.542738962,3,1.928731207,2,1.739525989,2
_279_4656331.jpg,data\raw\slit_lamp\dataset_02\cataract\_279_4656331.jpg,slit_lamp,3.353041473,3,2.611926002,3,1.923586408,2,1.946709589,2
_280_4533213.jpg,data\raw\slit_lamp\dataset_02\cataract\_280_4533213.jpg,slit_lamp,3.352189545,3,2.698202465,3,1.93060728,2,1.861169817,2
_28_8675632.jpg,data\raw\slit_lamp\dataset_02\cataract\_28_8675632.jpg,slit_lamp,3.346725071,3,2.312887252,2,1.9135805,2,2.615949555,3
_290_9207731.jpg,data\raw\slit_lamp\dataset_02\cataract\_290_9207731.jpg,slit_lamp,3.351586248,3,2.339769894,2,1.916299517,2,1.539381314,2
_291_9986876.jpg,data\raw\slit_lamp\dataset_02\cataract\_291_9986876.jpg,slit_lamp,3.350376036,3,2.809722299,3,1.925242647,2,2.00935461,2
_292_2084855.jpg,data\raw\slit_lamp\dataset_02\cataract\_292_2084855.jpg,slit_lamp,3.351347886,3,2.763699891,3,1.926463375,2,1.91885848,2
_293_1732996.jpg,data\raw\slit_lamp\dataset_02\cataract\_293_1732996.jpg,slit_lamp,3.352802878,3,2.460389316,2,1.913392036,2,1.726684892,2
_294_4497450.jpg,data\raw\slit_lamp\dataset_02\cataract\_294_4497450.jpg,slit_lamp,3.352500674,3,2.48886643,2,1.912710725,2,1.749933189,2
_296_3277370.jpg,data\raw\slit_lamp\dataset_02\cataract\_296_3277370.jpg,slit_lamp,3.353407288,3,2.598119495,3,1.912855677,2,1.979614828,2
_29_5190417.jpg,data\raw\slit_lamp\dataset_02\cataract\_29_5190417.jpg,slit_lamp,3.349540569,3,2.428148301,2,1.912710725,2,2.738523172,3
_303_1474676.jpg,data\raw\slit_lamp\dataset_02\cataract\_303_1474676.jpg,slit_lamp,3.35240897,3,2.43965441,2,1.9135805,2,1.481341157,1
_307_7425412.jpg,data\raw\slit_lamp\dataset_02\cataract\_307_7425412.jpg,slit_lamp,3.353475795,3,2.259843794,2,1.913667486,2,1.401464931,1
_30_4231084.jpg,data\raw\slit_lamp\dataset_02\cataract\_30_4231084.jpg,slit_lamp,3.350963055,3,2.371701718,2,1.912891916,2,2.720932756,3
_311_3993772.jpg,data\raw\slit_lamp\dataset_02\cataract\_311_3993772.jpg,slit_lamp,3.352999243,3,2.494344621,2,1.912710725,2,1.758370407,2
_315_3140714.jpg,data\raw\slit_lamp\dataset_02\cataract\_315_3140714.jpg,slit_lamp,3.351370723,3,2.470090049,2,1.912710725,2,1.655890415,2
_317_4205093.jpg,data\raw\slit_lamp\dataset_02\cataract\_317_4205093.jpg,slit_lamp,3.353649841,3,2.536489305,3,1.912848429,2,1.806526895,2
_319_3184825.jpg,data\raw\slit_lamp\dataset_02\cataract\_319_3184825.jpg,slit_lamp,3.353379989,3,2.167800758,2,1.913855961,2,1.235315879,1
_320_6448598.jpg,data\raw\slit_lamp\dataset_02\cataract\_320_6448598.jpg,slit_lamp,3.351787305,3,2.398758443,2,1.924182011,2,1.358128625,1
_321_6270889.jpg,data\raw\slit_lamp\dataset_02\cataract\_321_6270889.jpg,slit_lamp,3.352448694,3,2.415096747,2,1.917344008,2,1.568707039,2
_326_3620282.jpg,data\raw\slit_lamp\dataset_02\cataract\_326_3620282.jpg,slit_lamp,3.353722834,3,2.285850696,2,1.913428279,2,1.437425445,1
_326_3940502.jpg,data\raw\slit_lamp\dataset_02\cataract\_326_3940502.jpg,slit_lamp,3.35365819,3,2.289045534,2,1.91323982,2,1.425723122,1
_327_3715152.jpg,data\raw\slit_lamp\dataset_02\cataract\_327_3715152.jpg,slit_lamp,3.352463801,3,2.251676451,2,1.913942951,2,1.410278221,1
_329_5467190.jpg,data\raw\slit_lamp\dataset_02\cataract\_329_5467190.jpg,slit_lamp,3.351938735,3,2.33600879,2,1.912710725,2,1.359965337,1
_32_9062172.jpg,data\raw\slit_lamp\dataset_02\cataract\_32_9062172.jpg,slit_lamp,3.347917262,3,2.854148241,3,1.913602247,2,2.846177978,3
_330_5478095.jpg,data\raw\slit_lamp\dataset_02\cataract\_330_5478095.jpg,slit_lamp,3.352654121,3,2.270819181,2,1.91371098,2,1.290095066,1
_332_7698256.jpg,data\raw\slit_lamp\dataset_02\cataract\_332_7698256.jpg,slit_lamp,3.352716665,3,2.348541451,2,1.913848712,2,1.530444374,2
_332_9730811.jpg,data\raw\slit_lamp\dataset_02\cataract\_332_9730811.jpg,slit_lamp,3.352779485,3,2.351786115,2,1.914066191,2,1.516183708,2
_334_1360238.jpg,data\raw\slit_lamp\dataset_02\cataract\_334_1360238.jpg,slit_lamp,3.349944847,3,2.904518311,3,1.913167338,2,1.827068581,2
_335_2109396.jpg,data\raw\slit_lamp\dataset_02\cataract\_335_2109396.jpg,slit_lamp,3.352245464,3,2.810281441,3,1.912855677,2,1.69876278,2
_335_9176239.jpg,data\raw\slit_lamp\dataset_02\cataract\_335_9176239.jpg,slit_lamp,3.352205972,3,2.79766107,3,1.912710725,2,1.687446189,2
_337_6800255.jpg,data\raw\slit_lamp\dataset_02\cataract\_337_6800255.jpg,slit_lamp,3.351357663,3,2.677123565,3,1.922409931,2,1.939386159,2
_339_9106724.jpg,data\raw\slit_lamp\dataset_02\cataract\_339_9106724.jpg,slit_lamp,3.353103181,3,2.503396333,3,1.913152842,2,1.761015294,2
_342_2775386.jpg,data\raw\slit_lamp\dataset_02\cataract\_342_2775386.jpg,slit_lamp,3.353515975,3,2.079132327,2,1.91663315,2,1.173208977,1
_343_2631213.jpg,data\raw\slit_lamp\dataset_02\cataract\_343_2631213.jpg,slit_lamp,3.353601758,3,2.157876199,2,1.914972454,2,1.260918708,1
_344_5181730.jpg,data\raw\slit_lamp\dataset_02\cataract\_344_5181730.jpg,slit_lamp,3.350280928,3,2.530341851,3,1.91711188,2,1.549852248,2
_347_7413999.jpg,data\raw\slit_lamp\dataset_02\cataract\_347_7413999.jpg,slit_lamp,3.352825311,3,2.540199973,3,1.912710725,2,1.850531876,2
_348_8120738.jpg,data\raw\slit_lamp\dataset_02\cataract\_348_8120738.jpg,slit_lamp,3.35056543,3,2.438371372,2,1.912710725,2,1.692607894,2
_350_7541734.jpg,data\raw\slit_lamp\dataset_02\cataract\_350_7541734.jpg,slit_lamp,3.353317117,3,2.463371115,2,1.912710725,2,1.760455514,2
_351_5778657.jpg,data\raw\slit_lamp\dataset_02\cataract\_351_5778657.jpg,slit_lamp,3.35318911,3,2.373852752,2,1.913015129,2,1.573944881,2
_354_5293531.jpg,data\raw\slit_lamp\dataset_02\cataract\_354_5293531.jpg,slit_lamp,3.352350541,3,2.483075827,2,1.912710725,2,1.59769313,2
_356_7744260.jpg,data\raw\slit_lamp\dataset_02\cataract\_356_7744260.jpg,slit_lamp,3.352791189,3,2.371930047,2,1.913181835,2,1.564789202,2
_358_1004212.jpg,data\raw\slit_lamp\dataset_02\cataract\_358_1004212.jpg,slit_lamp,3.353532957,3,2.351633546,2,1.912826686,2,1.598543013,2
_359_6265965.jpg,data\raw\slit_lamp\dataset_02\cataract\_359_6265965.jpg,slit_lamp,3.353309745,3,2.336844766,2,1.914298179,2,1.547534188,2
_360_3983039.jpg,data\raw\slit_lamp\dataset_02\cataract\_360_3983039.jpg,slit_lamp,3.3532981,3,2.429077304,2,1.913044121,2,1.695531791,2
_361_423366.jpg,data\raw\slit_lamp\dataset_02\cataract\_361_423366.jpg,slit_lamp,3.350556136,3,1.914079999,2,1.917010328,2,2.31859663,2
_362_9739218.jpg,data\raw\slit_lamp\dataset_02\cataract\_362_9739218.jpg,slit_lamp,3.350561358,3,2.119431147,2,1.920805419,2,2.631078204,3
_363_2736933.jpg,data\raw\slit_lamp\dataset_02\cataract\_363_2736933.jpg,slit_lamp,3.351921001,3,2.088524595,2,1.916966806,2,2.259873586,2
_365_6266228.jpg,data\raw\slit_lamp\dataset_02\cataract\_365_6266228.jpg,slit_lamp,3.352587304,3,1.769303869,2,1.912710725,2,2.301212118,2
_366_983964.jpg,data\raw\slit_lamp\dataset_02\cataract\_366_983964.jpg,slit_lamp,3.351898769,3,1.171595926,1,1.919854567,2,2.13002275,2
_367_2864412.jpg,data\raw\slit_lamp\dataset_02\cataract\_367_2864412.jpg,slit_lamp,3.351592409,3,1.176425719,1,1.930025479,2,2.089999365,2
_367_9940827.jpg,data\raw\slit_lamp\dataset_02\cataract\_367_9940827.jpg,slit_lamp,3.351859912,3,1.158660529,1,1.929632801,2,2.208652115,2
_368_3722136.jpg,data\raw\slit_lamp\dataset_02\cataract\_368_3722136.jpg,slit_lamp,3.351047012,3,1.702832952,2,1.923085283,2,2.259414654,2
_368_8153741.jpg,data\raw\slit_lamp\dataset_02\cataract\_368_8153741.jpg,slit_lamp,3.350921607,3,1.660480833,2,1.920994159,2,2.367129881,2
_369_7001529.jpg,data\raw\slit_lamp\dataset_02\cataract\_369_7001529.jpg,slit_lamp,3.350003699,3,1.808109963,2,1.926943026,2,2.78473454,3
_371_8717830.jpg,data\raw\slit_lamp\dataset_02\cataract\_371_8717830.jpg,slit_lamp,3.35188721,3,2.984306278,3,1.912710725,2,2.86349835,3
_372_5630593.jpg,data\raw\slit_lamp\dataset_02\cataract\_372_5630593.jpg,slit_lamp,3.352754419,3,1.640009474,2,1.912710725,2,2.783111809,3
_374_8613138.jpg,data\raw\slit_lamp\dataset_02\cataract\_374_8613138.jpg,slit_lamp,3.311175884,3,2.691357242,3,1.913971949,2,2.874189617,3
_375_8898265.jpg,data\raw\slit_lamp\dataset_02\cataract\_375_8898265.jpg,slit_lamp,3.349969864,3,3.11139852,3,1.912710725,2,2.711091792,3
_376_9321900.jpg,data\raw\slit_lamp\dataset_02\cataract\_376_9321900.jpg,slit_lamp,3.352577822,3,2.327408005,2,1.912710725,2,2.597174641,3
_377_1993330.jpg,data\raw\slit_lamp\dataset_02\cataract\_377_1993330.jpg,slit_lamp,3.349940344,3,2.214297295,2,1.934470625,2,2.652067539,3
_381_6039460.jpg,data\raw\slit_lamp\dataset_02\cataract\_381_6039460.jpg,slit_lamp,3.348549792,3,2.302559548,2,1.91463168,2,2.82371011,3
_389_2605189.jpg,data\raw\slit_lamp\dataset_02\cataract\_389_2605189.jpg,slit_lamp,3.352391349,3,2.486518541,2,1.915001457,2,1.745463082,2
_390_1354382.jpg,data\raw\slit_lamp\dataset_02\cataract\_390_1354382.jpg,slit_lamp,3.353410737,3,2.163896062,2,1.912862925,2,1.228694142,1
_391_3026815.jpg,data\raw\slit_lamp\dataset_02\cataract\_391_3026815.jpg,slit_lamp,3.353329587,3,2.266492066,2,1.913406533,2,1.587725695,2
_392_7918570.jpg,data\raw\slit_lamp\dataset_02\cataract\_392_7918570.jpg,slit_lamp,3.353785562,3,2.295209475,2,1.912710725,2,1.414843317,1
_397_8948757.jpg,data\raw\slit_lamp\dataset_02\cataract\_397_8948757.jpg,slit_lamp,3.35192937,3,2.174672542,2,1.913884957,2,2.430543297,2
_399_6667595.jpg,data\raw\slit_lamp\dataset_02\cataract\_399_6667595.jpg,slit_lamp,3.351525643,3,1.635402178,2,1.914805689,2,2.176578345,2
_3_4674992.jpg,data\raw\slit_lamp\dataset_02\cataract\_3_4674992.jpg,slit_lamp,3.348347123,3,2.054575611,2,1.92190166,2,2.953966854,3
_400_7591244.jpg,data\raw\slit_lamp\dataset_02\cataract\_400_7591244.jpg,slit_lamp,3.351418348,3,1.691413035,2,1.912935402,2,2.470639266,2
_41_7645755.jpg,data\raw\slit_lamp\dataset_02\cataract\_41_7645755.jpg,slit_lamp,3.348041457,3,2.532969893,3,1.924102109,2,2.72386716,3
_42_7486921.jpg,data\raw\slit_lamp\dataset_02\cataract\_42_7486921.jpg,slit_lamp,3.348201293,3,2.202289848,2,1.914399677,2,2.80908349,3
_42_9949990.jpg,data\raw\slit_lamp\dataset_02\cataract\_42_9949990.jpg,slit_lamp,3.348222704,3,2.188361425,2,1.913312304,2,2.832636344,3
_44_6970984.jpg,data\raw\slit_lamp\dataset_02\cataract\_44_6970984.jpg,slit_lamp,3.35062675,3,2.174852296,2,1.934245003,2,2.556088814,3
_47_4608506.jpg,data\raw\slit_lamp\dataset_02\cataract\_47_4608506.jpg,slit_lamp,3.350721008,3,1.986125445,2,1.926121833,2,2.451572071,2
_48_1110786.jpg,data\raw\slit_lamp\dataset_02\cataract\_48_1110786.jpg,slit_lamp,3.351526766,3,1.934099731,2,1.924428989,2,2.339848095,2
_48_7953833.jpg,data\raw\slit_lamp\dataset_02\cataract\_48_7953833.jpg,slit_lamp,3.351301848,3,1.935608403,2,1.933670074,2,2.352220071,2
_49_1539697.jpg,data\raw\slit_lamp\dataset_02\cataract\_49_1539697.jpg,slit_lamp,3.350748497,3,2.210607534,2,1.930920024,2,2.365499573,2
_4_1244424.jpg,data\raw\slit_lamp\dataset_02\cataract\_4_1244424.jpg,slit_lamp,3.349248419,3,1.765705233,2,1.915994914,2,2.576778878,3
_50_1920746.jpg,data\raw\slit_lamp\dataset_02\cataract\_50_1920746.jpg,slit_lamp,3.351397805,3,2.252435742,2,1.931349169,2,2.248016729,2
_52_3704655.jpg,data\raw\slit_lamp\dataset_02\cataract\_52_3704655.jpg,slit_lamp,3.351201441,3,1.927532442,2,1.924668714,2,2.290531723,2
_52_7569766.jpg,data\raw\slit_lamp\dataset_02\cataract\_52_7569766.jpg,slit_lamp,3.351266472,3,1.916272002,2,1.927001168,2,2.267142312,2
_53_8912600.jpg,data\raw\slit_lamp\dataset_02\cataract\_53_8912600.jpg,slit_lamp,3.351454962,3,1.877884491,2,1.92668866,2,2.475874334,2
_57_3959793.jpg,data\raw\slit_lamp\dataset_02\cataract\_57_3959793.jpg,slit_lamp,3.348069,3,2.996152689,3,1.913573252,2,2.83985464,3
_58_7683562.jpg,data\raw\slit_lamp\dataset_02\cataract\_58_7683562.jpg,slit_lamp,3.347219006,3,2.573494785,3,1.932462202,2,2.039612305,2
_59_2574195.jpg,data\raw\slit_lamp\dataset_02\cataract\_59_2574195.jpg,slit_lamp,3.347954919,3,1.766130364,2,1.930614552,2,2.476785466,2
_59_8958387.jpg,data\raw\slit_lamp\dataset_02\cataract\_59_8958387.jpg,slit_lamp,3.347447837,3,1.771484725,2,1.941017879,2,2.417672175,2
_5_9005506.jpg,data\raw\slit_lamp\dataset_02\cataract\_5_9005506.jpg,slit_lamp,3.349416542,3,1.802541346,2,1.914559178,2,2.571626481,3
_60_2561089.jpg,data\raw\slit_lamp\dataset_02\cataract\_60_2561089.jpg,slit_lamp,3.348925953,3,2.88290402,3,1.912710725,2,2.751323471,3
_61_2475173.jpg,data\raw\slit_lamp\dataset_02\cataract\_61_2475173.jpg,slit_lamp,3.349315735,3,2.045724903,2,1.913660237,2,2.838035106,3
_63_7923836.jpg,data\raw\slit_lamp\dataset_02\cataract\_63_7923836.jpg,slit_lamp,3.350219178,3,2.066682776,2,1.922954562,2,2.68641287,3
_66_9729796.jpg,data\raw\slit_lamp\dataset_02\cataract\_66_9729796.jpg,slit_lamp,3.351153853,3,1.430256058,1,1.93218574,2,2.262047055,2
_67_2701502.jpg,data\raw\slit_lamp\dataset_02\cataract\_67_2701502.jpg,slit_lamp,3.351962856,3,2.181061365,2,1.915233488,2,2.425960762,2
_68_6182618.jpg,data\raw\slit_lamp\dataset_02\cataract\_68_6182618.jpg,slit_lamp,3.350114015,3,2.626448093,3,1.912913659,2,2.742547642,3
_69_4758198.jpg,data\raw\slit_lamp\dataset_02\cataract\_69_4758198.jpg,slit_lamp,3.35045994,3,2.451581937,2,1.935773601,2,2.65039307,3
_70_3464173.jpg,data\raw\slit_lamp\dataset_02\cataract\_70_3464173.jpg,slit_lamp,3.351346476,3,1.998754163,2,1.913450024,2,2.558149073,3
_71_5079718.jpg,data\raw\slit_lamp\dataset_02\cataract\_71_5079718.jpg,slit_lamp,3.349657343,3,2.380244527,2,1.946923885,2,2.546299556,3
_71_7808711.jpg,data\raw\slit_lamp\dataset_02\cataract\_71_7808711.jpg,slit_lamp,3.349696284,3,2.381371744,2,1.94682175,2,2.631785451,3
_77_2197698.jpg,data\raw\slit_lamp\dataset_02\cataract\_77_2197698.jpg,slit_lamp,3.331224329,3,2.565297831,3,1.92635437,2,1.806657541,2
_79_1123955.jpg,data\raw\slit_lamp\dataset_02\cataract\_79_1123955.jpg,slit_lamp,3.349074575,3,1.816287714,2,1.932280318,2,2.304652519,2
_81_5591649.jpg,data\raw\slit_lamp\dataset_02\cataract\_81_5591649.jpg,slit_lamp,3.351747058,3,1.797666551,2,1.925816644,2,2.032828807,2
_81_6384668.jpg,data\raw\slit_lamp\dataset_02\cataract\_81_6384668.jpg,slit_lamp,3.352291993,3,1.804146183,2,1.917859079,2,2.035191637,2
_82_1805923.jpg,data\raw\slit_lamp\dataset_02\cataract\_82_1805923.jpg,slit_lamp,3.351469026,3,1.626578856,2,1.917452822,2,2.356484399,2
_85_2405112.jpg,data\raw\slit_lamp\dataset_02\cataract\_85_2405112.jpg,slit_lamp,3.352044391,3,2.121626882,2,1.912710725,2,2.465070968,2
_86_4443360.jpg,data\raw\slit_lamp\dataset_02\cataract\_86_4443360.jpg,slit_lamp,3.348670245,3,1.902798697,2,1.914522927,2,2.509684449,3
_88_1858467.jpg,data\raw\slit_lamp\dataset_02\cataract\_88_1858467.jpg,slit_lamp,3.351075406,3,2.076155272,2,1.932600438,2,2.749027729,3
_89_450120.jpg,data\raw\slit_lamp\dataset_02\cataract\_89_450120.jpg,slit_lamp,3.351252499,3,1.75512398,2,1.923346733,2,2.301503066,2
_90_4479779.jpg,data\raw\slit_lamp\dataset_02\cataract\_90_4479779.jpg,slit_lamp,3.351065628,3,1.706749177,2,1.918381459,2,2.462111142,2
_91_7118539.jpg,data\raw\slit_lamp\dataset_02\cataract\_91_7118539.jpg,slit_lamp,3.352321115,3,2.151598739,2,1.912710725,2,2.629662618,3
_92_5284437.jpg,data\raw\slit_lamp\dataset_02\cataract\_92_5284437.jpg,slit_lamp,3.352480031,3,2.049984156,2,1.912833934,2,2.628213737,3
_93_7584804.jpg,data\raw\slit_lamp\dataset_02\cataract\_93_7584804.jpg,slit_lamp,3.349818978,3,1.913342652,2,1.92569312,2,2.513390222,3
_97_6398110.jpg,data\raw\slit_lamp\dataset_02\cataract\_97_6398110.jpg,slit_lamp,3.351087152,3,1.412442268,1,1.934943736,2,2.322469948,2
_97_761368.jpg,data\raw\slit_lamp\dataset_02\cataract\_97_761368.jpg,slit_lamp,3.351155015,3,1.401181091,1,1.934994689,2,2.334785032,2
_98_9687825.jpg,data\raw\slit_lamp\dataset_02\cataract\_98_9687825.jpg,slit_lamp,3.351121064,3,1.199797369,1,1.941717508,2,2.221075742,2
1006_right.jpg,data\raw\slit_lamp\dataset_02\normal\1006_right.jpg,slit_lamp,0.67695215,1,2.402870237,2,4.956084921,5,2.537984846,3
1008_right.jpg,data\raw\slit_lamp\dataset_02\normal\1008_right.jpg,slit_lamp,2.751741269,3,2.547173377,3,2.345214136,2,2.473515961,2
1010_right.jpg,data\raw\slit_lamp\dataset_02\normal\1010_right.jpg,slit_lamp,1.28252668,1,1.949647086,2,4.456510148,4,1.653582926,2
1011_right.jpg,data\raw\slit_lamp\dataset_02\normal\1011_right.jpg,slit_lamp,2.22949604,2,1.998875156,2,2.860676477,3,1.766965135,2
1017_left.jpg,data\raw\slit_lamp\dataset_02\normal\1017_left.jpg,slit_lamp,3.195961537,3,3.149617438,3,2.040266618,2,2.565097176,3
1017_right.jpg,data\raw\slit_lamp\dataset_02\normal\1017_right.jpg,slit_lamp,3.188480111,3,3.272723244,3,2.062775901,2,2.46193221,2
1019_left.jpg,data\raw\slit_lamp\dataset_02\normal\1019_left.jpg,slit_lamp,2.807346916,3,1.519245974,2,2.103493036,2,1.12148824,1
101_left.jpg,data\raw\slit_lamp\dataset_02\normal\101_left.jpg,slit_lamp,1.939398705,2,2.090810401,2,3.444067621,3,1.735396055,2
101_right.jpg,data\raw\slit_lamp\dataset_02\normal\101_right.jpg,slit_lamp,1.893208834,2,2.145416353,2,3.463226631,3,1.805287843,2
1021_left.jpg,data\raw\slit_lamp\dataset_02\normal\1021_left.jpg,slit_lamp,2.175222354,2,2.520438038,3,3.550127458,4,2.229026251,2
1028_right.jpg,data\raw\slit_lamp\dataset_02\normal\1028_right.jpg,slit_lamp,3.173778921,3,2.802012493,3,2.097565389,2,2.632781512,3
1032_right.jpg,data\raw\slit_lamp\dataset_02\normal\1032_right.jpg,slit_lamp,0.67912279,1,2.595129481,3,4.769173097,5,1.989346037,2
1034_left.jpg,data\raw\slit_lamp\dataset_02\normal\1034_left.jpg,slit_lamp,1.731608962,2,2.316490447,2,3.769413322,4,2.046190428,2
1043_right.jpg,data\raw\slit_lamp\dataset_02\normal\1043_right.jpg,slit_lamp,3.27158891,3,3.000999352,3,2.00917709,2,2.658086914,3
1046_right.jpg,data\raw\slit_lamp\dataset_02\normal\1046_right.jpg,slit_lamp,2.745933327,3,1.9293674,2,2.580796472,3,2.760909685,3
1056_right.jpg,data\raw\slit_lamp\dataset_02\normal\1056_right.jpg,slit_lamp,1.899721562,2,2.553159026,3,3.555655211,4,2.196035076,2
105_left.jpg,data\raw\slit_lamp\dataset_02\normal\105_left.jpg,slit_lamp,0.183902676,0,1.869934127,2,4.970644725,5,1.754867548,2
1061_right.jpg,data\raw\slit_lamp\dataset_02\normal\1061_right.jpg,slit_lamp,0.962792906,1,2.523402813,3,4.701587692,5,2.028842114,2
1064_left.jpg,data\raw\slit_lamp\dataset_02\normal\1064_left.jpg,slit_lamp,1.028245715,1,2.00484245,2,4.767109328,5,1.677571714,2
1066_left.jpg,data\raw\slit_lamp\dataset_02\normal\1066_left.jpg,slit_lamp,3.096587646,3,2.412442891,2,2.078416772,2,2.470425297,2
1071_right.jpg,data\raw\slit_lamp\dataset_02\normal\1071_right.jpg,slit_lamp,0.496941365,0,2.437565661,2,4.972360258,5,1.883134773,2
1074_left.jpg,data\raw\slit_lamp\dataset_02\normal\1074_left.jpg,slit_lamp,2.861937314,3,2.169602665,2,2.174842387,2,1.76015231,2
1085_left.jpg,data\raw\slit_lamp\dataset_02\normal\1085_left.jpg,slit_lamp,0.849456761,1,2.249552278,2,4.442258434,4,1.901612469,2
1085_right.jpg,data\raw\slit_lamp\dataset_02\normal\1085_right.jpg,slit_lamp,1.079561395,1,2.294076837,2,4.288745314,4,1.878833282,2
1086_left.jpg,data\raw\slit_lamp\dataset_02\normal\1086_left.jpg,slit_lamp,3.134324655,3,2.450155775,2,2.062418972,2,2.582636335,3
108_left.jpg,data\raw\slit_lamp\dataset_02\normal\108_left.jpg,slit_lamp,2.717116068,3,2.265181547,2,2.148208302,2,2.236886106,2
108_right.jpg,data\raw\slit_lamp\dataset_02\normal\108_right.jpg,slit_lamp,1.683158224,2,1.772078979,2,3.934982743,4,2.154978635,2
1091_right.jpg,data\raw\slit_lamp\dataset_02\normal\1091_right.jpg,slit_lamp,0.927555869,1,2.150874081,2,4.883262879,5,1.847824846,2
1095_left.jpg,data\raw\slit_lamp\dataset_02\normal\1095_left.jpg,slit_lamp,3.22733519,3,2.677628522,3,1.98716566,2,2.747117281,3
1096_left.jpg,data\raw\slit_lamp\dataset_02\normal\1096_left.jpg,slit_lamp,0.033694949,0,2.374280852,2,4.990669402,5,2.355280785,2
109_right.jpg,data\raw\slit_lamp\dataset_02\normal\109_right.jpg,slit_lamp,2.511563633,3,1.984438916,2,2.393965692,2,1.728972977,2
1109_left.jpg,data\raw\slit_lamp\dataset_02\normal\1109_left.jpg,slit_lamp,0.770456328,1,2.037258493,2,4.809199424,5,1.653483724,2
1116_right.jpg,data\raw\slit_lamp\dataset_02\normal\1116_right.jpg,slit_lamp,1.470298213,1,2.567473584,3,4.075099227,4,2.14147798,2
1119_left.jpg,data\raw\slit_lamp\dataset_02\normal\1119_left.jpg,slit_lamp,2.339168428,2,2.233617393,2,2.883509021,3,2.057252082,2
1124_right.jpg,data\raw\slit_lamp\dataset_02\normal\1124_right.jpg,slit_lamp,0.23036699,0,2.781498423,3,4.975423242,5,1.98221142,2
1147_left.jpg,data\raw\slit_lamp\dataset_02\normal\1147_left.jpg,slit_lamp,2.635223527,3,1.964518117,2,2.988958654,3,2.765977858,3
1148_left.jpg,data\raw\slit_lamp\dataset_02\normal\1148_left.jpg,slit_lamp,2.714394092,3,2.50428821,3,2.477322847,2,1.956074516,2
1148_right.jpg,data\raw\slit_lamp\dataset_02\normal\1148_right.jpg,slit_lamp,2.502278819,3,2.553024455,3,2.662290322,3,1.909565063,2
1151_right.jpg,data\raw\slit_lamp\dataset_02\normal\1151_right.jpg,slit_lamp,0.373159624,0,2.584152716,3,4.963494119,5,1.761312642,2
1152_left.jpg,data\raw\slit_lamp\dataset_02\normal\1152_left.jpg,slit_lamp,1.665078366,2,2.241845447,2,3.848679429,4,1.924594096,2
1156_right.jpg,data\raw\slit_lamp\dataset_02\normal\1156_right.jpg,slit_lamp,1.385199427,1,2.504670496,3,4.515523206,5,2.13511828,2
1157_right.jpg,data\raw\slit_lamp\dataset_02\normal\1157_right.jpg,slit_lamp,0.107286286,0,2.34881781,2,4.984248121,5,2.008199588,2
1165_right.jpg,data\raw\slit_lamp\dataset_02\normal\1165_right.jpg,slit_lamp,3.172685506,3,2.932987312,3,2.054534093,2,2.413707916,2
1168_right.jpg,data\raw\slit_lamp\dataset_02\normal\1168_right.jpg,slit_lamp,1.910039554,2,2.476933194,2,3.689414776,4,2.059495904,2
116_right.jpg,data\raw\slit_lamp\dataset_02\normal\116_right.jpg,slit_lamp,1.882345781,2,2.36748575,2,3.553668933,4,2.122751249,2
1176_right.jpg,data\raw\slit_lamp\dataset_02\normal\1176_right.jpg,slit_lamp,0.60251325,1,1.715307505,2,4.97540838,5,3.73664844,4
1186_left.jpg,data\raw\slit_lamp\dataset_02\normal\1186_left.jpg,slit_lamp,0.023515702,0,1.961505551,2,4.991153305,5,2.545565944,3
118_right.jpg,data\raw\slit_lamp\dataset_02\normal\118_right.jpg,slit_lamp,0.163639297,0,2.007842786,2,4.990090498,5,2.647146019,3
1195_right.jpg,data\raw\slit_lamp\dataset_02\normal\1195_right.jpg,slit_lamp,0.31589931,0,1.935870623,2,4.982677573,5,2.80665397,3
1197_right.jpg,data\raw\slit_lamp\dataset_02\normal\1197_right.jpg,slit_lamp,2.812189908,3,2.32445332,2,2.108415039,2,2.317735969,2
11_right.jpg,data\raw\slit_lamp\dataset_02\normal\11_right.jpg,slit_lamp,0.954432905,1,2.155658596,2,4.518319107,5,1.438580124,1
1200_right.jpg,data\raw\slit_lamp\dataset_02\normal\1200_right.jpg,slit_lamp,1.425145321,1,2.491144429,2,4.63804472,5,2.133004398,2
1208_right.jpg,data\raw\slit_lamp\dataset_02\normal\1208_right.jpg,slit_lamp,1.963160819,2,1.96272088,2,3.119883827,3,1.727411398,2
1211_right.jpg,data\raw\slit_lamp\dataset_02\normal\1211_right.jpg,slit_lamp,2.876231889,3,2.823626066,3,2.359080301,2,2.669459286,3
1213_left.jpg,data\raw\slit_lamp\dataset_02\normal\1213_left.jpg,slit_lamp,3.021108952,3,2.584345846,3,2.122772291,2,2.659710601,3
1218_right.jpg,data\raw\slit_lamp\dataset_02\normal\1218_right.jpg,slit_lamp,3.046933091,3,2.527963869,3,2.312079667,2,3.038439272,3
1226_right.jpg,data\raw\slit_lamp\dataset_02\normal\1226_right.jpg,slit_lamp,2.552604898,3,2.421072471,2,4.57171369,5,3.416186532,3
1237_left.jpg,data\raw\slit_lamp\dataset_02\normal\1237_left.jpg,slit_lamp,2.888214577,3,2.094772692,2,2.089395411,2,2.91425338,3
1238_left.jpg,data\raw\slit_lamp\dataset_02\normal\1238_left.jpg,slit_lamp,0.555734767,1,2.634340566,3,4.951330601,5,2.40531583,2
1241_left.jpg,data\raw\slit_lamp\dataset_02\normal\1241_left.jpg,slit_lamp,0.883262143,1,2.465320739,2,4.961279759,5,2.314102326,2
1242_right.jpg,data\raw\slit_lamp\dataset_02\normal\1242_right.jpg,slit_lamp,2.151047001,2,2.467013188,2,2.835733714,3,2.465808001,2
1246_left.jpg,data\raw\slit_lamp\dataset_02\normal\1246_left.jpg,slit_lamp,3.27075013,3,2.594647947,3,1.978017228,2,3.007057433,3
1251_left.jpg,data\raw\slit_lamp\dataset_02\normal\1251_left.jpg,slit_lamp,2.724761965,3,2.321113796,2,2.301458065,2,1.843197766,2
1255_left.jpg,data\raw\slit_lamp\dataset_02\normal\1255_left.jpg,slit_lamp,1.44367389,1,1.814942669,2,4.141329979,4,2.597238429,3
1260_left.jpg,data\raw\slit_lamp\dataset_02\normal\1260_left.jpg,slit_lamp,2.538781383,3,2.256651014,2,2.495670835,2,2.614242161,3
1261_left.jpg,data\raw\slit_lamp\dataset_02\normal\1261_left.jpg,slit_lamp,2.509513055,3,2.106612582,2,4.47408228,4,2.828640086,3
1263_left.jpg,data\raw\slit_lamp\dataset_02\normal\1263_left.jpg,slit_lamp,1.222287491,1,1.679187814,2,4.859283402,5,3.583519744,4
1271_right.jpg,data\raw\slit_lamp\dataset_02\normal\1271_right.jpg,slit_lamp,0.729335856,1,1.534575185,2,4.835843339,5,3.956321425,4
1273_left.jpg,data\raw\slit_lamp\dataset_02\normal\1273_left.jpg,slit_lamp,3.138813444,3,2.650402668,3,2.061757216,2,2.524700803,3
1273_right.jpg,data\raw\slit_lamp\dataset_02\normal\1273_right.jpg,slit_lamp,2.885005547,3,2.436966954,2,2.253417502,2,2.472665706,2
1277_left.jpg,data\raw\slit_lamp\dataset_02\normal\1277_left.jpg,slit_lamp,2.272500784,2,2.598661935,3,3.091167097,3,2.182322474,2
1287_right.jpg,data\raw\slit_lamp\dataset_02\normal\1287_right.jpg,slit_lamp,2.574866102,3,2.605017351,3,2.466293626,2,2.283796546,2
1288_left.jpg,data\raw\slit_lamp\dataset_02\normal\1288_left.jpg,slit_lamp,1.480287689,1,2.769938548,3,4.745696548,5,2.435981945,2
1290_right.jpg,data\raw\slit_lamp\dataset_02\normal\1290_right.jpg,slit_lamp,1.12862973,1,2.033892812,2,4.741051834,5,1.586670923,2
1291_right.jpg,data\raw\slit_lamp\dataset_02\normal\1291_right.jpg,slit_lamp,2.108606211,2,2.09028908,2,3.920566978,4,2.985205809,3
1295_right.jpg,data\raw\slit_lamp\dataset_02\normal\1295_right.jpg,slit_lamp,0.718332673,1,2.474043809,2,4.900488007,5,2.226478764,2
1299_right.jpg,data\raw\slit_lamp\dataset_02\normal\1299_right.jpg,slit_lamp,1.082141537,1,2.994835834,3,4.966611909,5,2.071604903,2
1303_right.jpg,data\raw\slit_lamp\dataset_02\normal\1303_right.jpg,slit_lamp,0.745060562,1,3.002009119,3,4.958230456,5,2.315325551,2
1308_left.jpg,data\raw\slit_lamp\dataset_02\normal\1308_left.jpg,slit_lamp,2.241420366,2,2.309809768,2,3.1297005,3,2.076562843,2
1308_right.jpg,data\raw\slit_lamp\dataset_02\normal\1308_right.jpg,slit_lamp,1.657738315,2,2.212876667,2,4.297624,4,2.027088656,2
1309_right.jpg,data\raw\slit_lamp\dataset_02\normal\1309_right.jpg,slit_lamp,1.387464481,1,1.869050203,2,4.708324022,5,1.49199799,1
1311_left.jpg,data\raw\slit_lamp\dataset_02\normal\1311_left.jpg,slit_lamp,0.895533267,1,1.724072516,2,4.993883899,5,3.419352952,3
131_left.jpg,data\raw\slit_lamp\dataset_02\normal\131_left.jpg,slit_lamp,0.586919848,1,2.237751883,2,4.822647132,5,1.831590811,2
1344_left.jpg,data\raw\slit_lamp\dataset_02\normal\1344_left.jpg,slit_lamp,2.434815474,2,2.855120335,3,3.768422456,4,2.741449435,3
1364_left.jpg,data\raw\slit_lamp\dataset_02\normal\1364_left.jpg,slit_lamp,0.128963418,0,2.783410841,3,4.957946597,5,2.45332984,2
1365_right.jpg,data\raw\slit_lamp\dataset_02\normal\1365_right.jpg,slit_lamp,2.702154266,3,2.389209339,2,3.014415886,3,2.192272465,2
1366_right.jpg,data\raw\slit_lamp\dataset_02\normal\1366_right.jpg,slit_lamp,2.969190539,3,1.28420892,1,2.070461729,2,3.529675087,4
1373_left.jpg,data\raw\slit_lamp\dataset_02\normal\1373_left.jpg,slit_lamp,1.994225372,2,2.373444614,2,3.050691915,3,2.823413449,3
1373_right.jpg,data\raw\slit_lamp\dataset_02\normal\1373_right.jpg,slit_lamp,2.471473949,2,2.515865391,3,2.712517104,3,2.749191453,3
137_right.jpg,data\raw\slit_lamp\dataset_02\normal\137_right.jpg,slit_lamp,1.605410995,2,2.20957962,2,4.336125149,4,1.870416453,2
1388_right.jpg,data\raw\slit_lamp\dataset_02\normal\1388_right.jpg,slit_lamp,0.472000517,0,2.430178528,2,4.975042593,5,2.166878219,2
139_left.jpg,data\raw\slit_lamp\dataset_02\normal\139_left.jpg,slit_lamp,1.330411814,1,2.405047964,2,4.745783925,5,2.140481677,2
13_right.jpg,data\raw\slit_lamp\dataset_02\normal\13_right.jpg,slit_lamp,2.639212805,3,2.689747647,3,2.206672164,2,2.59089691,3
1401_left.jpg,data\raw\slit_lamp\dataset_02\normal\1401_left.jpg,slit_lamp,0.011189379,0,1.714567673,2,4.996376593,5,2.813689374,3
1402_right.jpg,data\raw\slit_lamp\dataset_02\normal\1402_right.jpg,slit_lamp,2.965431568,3,2.222090247,2,2.089037153,2,2.067688622,2
1408_right.jpg,data\raw\slit_lamp\dataset_02\normal\1408_right.jpg,slit_lamp,0.430268205,0,2.543552028,3,4.972730548,5,2.318277152,2
1409_left.jpg,data\raw\slit_lamp\dataset_02\normal\1409_left.jpg,slit_lamp,0.794866798,1,2.779551762,3,4.972462289,5,2.107974112,2
1410_left.jpg,data\raw\slit_lamp\dataset_02\normal\1410_left.jpg,slit_lamp,3.02182136,3,2.78857308,3,2.311316936,2,2.864765574,3
1411_left.jpg,data\raw\slit_lamp\dataset_02\normal\1411_left.jpg,slit_lamp,1.940700201,2,2.897131039,3,4.358151493,4,2.67354304,3
1413_right.jpg,data\raw\slit_lamp\dataset_02\normal\1413_right.jpg,slit_lamp,0.996422258,1,2.750716074,3,4.892329483,5,2.550282339,3
1416_left.jpg,data\raw\slit_lamp\dataset_02\normal\1416_left.jpg,slit_lamp,2.033481829,2,2.511380394,3,3.573971563,4,1.858977488,2
1418_left.jpg,data\raw\slit_lamp\dataset_02\normal\1418_left.jpg,slit_lamp,2.390914393,2,2.423163104,2,4.770821232,5,3.276214239,3
1420_right.jpg,data\raw\slit_lamp\dataset_02\normal\1420_right.jpg,slit_lamp,2.374594796,2,2.878607081,3,3.474042074,3,2.700474301,3
1422_right.jpg,data\raw\slit_lamp\dataset_02\normal\1422_right.jpg,slit_lamp,2.211792324,2,2.804795651,3,3.133729061,3,2.06530346,2
1423_left.jpg,data\raw\slit_lamp\dataset_02\normal\1423_left.jpg,slit_lamp,1.698652598,2,2.471747451,2,4.364196923,4,2.168859085,2
1424_left.jpg,data\raw\slit_lamp\dataset_02\normal\1424_left.jpg,slit_lamp,1.2086345,1,2.298878536,2,4.802476383,5,3.289358014,3
1425_right.jpg,data\raw\slit_lamp\dataset_02\normal\1425_right.jpg,slit_lamp,0.788075228,1,2.306009139,2,4.867169874,5,3.318628281,3
1440_right.jpg,data\raw\slit_lamp\dataset_02\normal\1440_right.jpg,slit_lamp,1.514866428,2,2.358125679,2,4.051826046,4,1.944657476,2
1444_right.jpg,data\raw\slit_lamp\dataset_02\normal\1444_right.jpg,slit_lamp,0.667897662,1,2.499991106,2,4.966568123,5,2.127216892,2
144_left.jpg,data\raw\slit_lamp\dataset_02\normal\144_left.jpg,slit_lamp,2.840780093,3,2.663374762,3,2.372358397,2,2.125466873,2
1456_left.jpg,data\raw\slit_lamp\dataset_02\normal\1456_left.jpg,slit_lamp,2.618372485,3,3.006901915,3,3.037267826,3,2.838915516,3
1456_right.jpg,data\raw\slit_lamp\dataset_02\normal\1456_right.jpg,slit_lamp,2.820566238,3,3.044185977,3,2.588159709,3,2.699600557,3
1465_left.jpg,data\raw\slit_lamp\dataset_02\normal\1465_left.jpg,slit_lamp,2.229665563,2,2.671617449,3,4.113202112,4,2.142264616,2
1469_left.jpg,data\raw\slit_lamp\dataset_02\normal\1469_left.jpg,slit_lamp,0.305302676,0,2.01275184,2,4.995698024,5,3.254735498,3
146_right.jpg,data\raw\slit_lamp\dataset_02\normal\146_right.jpg,slit_lamp,2.348951277,2,2.593092181,3,3.141911761,3,2.095775247,2
1470_left.jpg,data\raw\slit_lamp\dataset_02\normal\1470_left.jpg,slit_lamp,1.362135002,1,2.15020334,2,4.332850259,4,2.397384215,2
1488_right.jpg,data\raw\slit_lamp\dataset_02\normal\1488_right.jpg,slit_lamp,0.604024009,1,2.380575872,2,4.773341503,5,1.939802786,2
1492_left.jpg,data\raw\slit_lamp\dataset_02\normal\1492_left.jpg,slit_lamp,1.903090631,2,1.783084155,2,3.892778923,4,2.453995935,2
1494_left.jpg,data\raw\slit_lamp\dataset_02\normal\1494_left.jpg,slit_lamp,1.057631873,1,1.992538162,2,4.81357311,5,2.559613696,3
149_left.jpg,data\raw\slit_lamp\dataset_02\normal\149_left.jpg,slit_lamp,2.97714429,3,2.517272155,3,2.147245933,2,2.66677269,3
1503_right.jpg,data\raw\slit_lamp\dataset_02\normal\1503_right.jpg,slit_lamp,0.017807304,0,2.235188737,2,4.98841302,5,2.360114373,2
1510_left.jpg,data\raw\slit_lamp\dataset_02\normal\1510_left.jpg,slit_lamp,1.176466717,1,2.063344039,2,4.814572782,5,1.828906706,2
1515_right.jpg,data\raw\slit_lamp\dataset_02\normal\1515_right.jpg,slit_lamp,2.186556712,2,3.302667453,3,4.490954769,4,2.455769324,2
1519_left.jpg,data\raw\slit_lamp\dataset_02\normal\1519_left.jpg,slit_lamp,2.615377443,3,2.765005467,3,2.304720808,2,2.555316817,3
151_left.jpg,data\raw\slit_lamp\dataset_02\normal\151_left.jpg,slit_lamp,1.141819526,1,2.431967863,2,4.392228635,4,2.084492725,2
1523_right.jpg,data\raw\slit_lamp\dataset_02\normal\1523_right.jpg,slit_lamp,0.056255556,0,2.187876782,2,4.994372241,5,2.66966513,3
1527_left.jpg,data\raw\slit_lamp\dataset_02\normal\1527_left.jpg,slit_lamp,2.73382401,3,2.289178903,2,2.222927021,2,1.776104992,2
1529_left.jpg,data\raw\slit_lamp\dataset_02\normal\1529_left.jpg,slit_lamp,2.979778076,3,2.6913388,3,2.121010883,2,2.581792386,3
152_left.jpg,data\raw\slit_lamp\dataset_02\normal\152_left.jpg,slit_lamp,1.645940298,2,2.449713256,2,3.937228736,4,2.246609551,2
1534_left.jpg,data\raw\slit_lamp\dataset_02\normal\1534_left.jpg,slit_lamp,0.689082201,1,1.853993832,2,4.988222345,5,2.896199025,3
1536_right.jpg,data\raw\slit_lamp\dataset_02\normal\1536_right.jpg,slit_lamp,1.208027108,1,2.927825889,3,4.961747535,5,2.160352038,2
1537_right.jpg,data\raw\slit_lamp\dataset_02\normal\1537_right.jpg,slit_lamp,0.764371429,1,2.301027012,2,3.676370748,4,1.538372836,2
1538_left.jpg,data\raw\slit_lamp\dataset_02\normal\1538_left.jpg,slit_lamp,1.596349231,2,2.701507358,3,4.190477098,4,2.126292068,2
1541_left.jpg,data\raw\slit_lamp\dataset_02\normal\1541_left.jpg,slit_lamp,2.016527926,2,1.866440769,2,3.149064043,3,1.396649508,1
1553_right.jpg,data\raw\slit_lamp\dataset_02\normal\1553_right.jpg,slit_lamp,1.787072271,2,2.04824489,2,3.472082949,3,1.607114342,2
1557_right.jpg,data\raw\slit_lamp\dataset_02\normal\1557_right.jpg,slit_lamp,1.511437643,2,2.738981054,3,4.775586894,5,2.056975445,2
155_left.jpg,data\raw\slit_lamp\dataset_02\normal\155_left.jpg,slit_lamp,0.985287579,1,2.833309958,3,4.980603683,5,1.853078178,2
1563_right.jpg,data\raw\slit_lamp\dataset_02\normal\1563_right.jpg,slit_lamp,2.141513515,2,2.300423828,2,2.452934574,2,2.080613214,2
156_right.jpg,data\raw\slit_lamp\dataset_02\normal\156_right.jpg,slit_lamp,2.148319667,2,2.853881617,3,3.384125761,3,2.059002534,2
1578_left.jpg,data\raw\slit_lamp\dataset_02\normal\1578_left.jpg,slit_lamp,2.596007299,3,1.587596759,2,2.289236544,2,3.373184135,3
1589_left.jpg,data\raw\slit_lamp\dataset_02\normal\1589_left.jpg,slit_lamp,0.592289114,1,2.673745399,3,4.581850107,5,1.692645627,2
1600_left.jpg,data\raw\slit_lamp\dataset_02\normal\1600_left.jpg,slit_lamp,3.032874841,3,2.544504913,3,2.20578707,2,1.731753386,2
1607_left.jpg,data\raw\slit_lamp\dataset_02\normal\1607_left.jpg,slit_lamp,0.099416679,0,2.085828809,2,4.986365181,5,2.759932882,3
1611_left.jpg,data\raw\slit_lamp\dataset_02\normal\1611_left.jpg,slit_lamp,2.773836828,3,1.791987798,2,2.132928416,2,1.348889307,1
1612_right.jpg,data\raw\slit_lamp\dataset_02\normal\1612_right.jpg,slit_lamp,1.306117773,1,2.569889182,3,3.856058975,4,1.604479072,2
1613_left.jpg,data\raw\slit_lamp\dataset_02\normal\1613_left.jpg,slit_lamp,3.193411964,3,2.137580556,2,2.00914759,2,2.917527434,3
1614_right.jpg,data\raw\slit_lamp\dataset_02\normal\1614_right.jpg,slit_lamp,1.09711797,1,2.775364957,3,4.880146627,5,1.722168128,2
1615_left.jpg,data\raw\slit_lamp\dataset_02\normal\1615_left.jpg,slit_lamp,2.9485282,3,1.807792209,2,2.272886049,2,2.059901953,2
1619_left.jpg,data\raw\slit_lamp\dataset_02\normal\1619_left.jpg,slit_lamp,2.060558149,2,2.224567697,2,3.309677063,3,3.143707825,3
161_left.jpg,data\raw\slit_lamp\dataset_02\normal\161_left.jpg,slit_lamp,1.286313949,1,2.358940643,2,4.786840193,5,2.19269174,2
1621_left.jpg,data\raw\slit_lamp\dataset_02\normal\1621_left.jpg,slit_lamp,1.42749757,1,1.450267369,1,3.676723089,4,3.279418789,3
1623_right.jpg,data\raw\slit_lamp\dataset_02\normal\1623_right.jpg,slit_lamp,3.161449897,3,1.496320217,1,2.040614964,2,3.565576699,4
1626_left.jpg,data\raw\slit_lamp\dataset_02\normal\1626_left.jpg,slit_lamp,2.468180952,2,1.821507533,2,3.494052826,3,3.057366597,3
1626_right.jpg,data\raw\slit_lamp\dataset_02\normal\1626_right.jpg,slit_lamp,2.871205251,3,1.511223979,2,2.36867863,2,3.400409476,3
1629_left.jpg,data\raw\slit_lamp\dataset_02\normal\1629_left.jpg,slit_lamp,3.038387932,3,1.608687195,2,2.128328851,2,3.284430718,3
1638_right.jpg,data\raw\slit_lamp\dataset_02\normal\1638_right.jpg,slit_lamp,2.460886259,2,1.787815434,2,2.649025432,3,3.698083672,4
163_right.jpg,data\raw\slit_lamp\dataset_02\normal\163_right.jpg,slit_lamp,1.266284811,1,2.252861609,2,4.663052865,5,1.889308737,2
1657_right.jpg,data\raw\slit_lamp\dataset_02\normal\1657_right.jpg,slit_lamp,0.759713604,1,2.106232825,2,4.733904013,5,1.591432048,2
171_left.jpg,data\raw\slit_lamp\dataset_02\normal\171_left.jpg,slit_lamp,1.169458882,1,2.424949188,2,4.562645039,5,2.069301408,2
174_left.jpg,data\raw\slit_lamp\dataset_02\normal\174_left.jpg,slit_lamp,2.694409751,3,2.494135431,2,2.09741595,2,2.152069138,2
174_right.jpg,data\raw\slit_lamp\dataset_02\normal\174_right.jpg,slit_lamp,2.699435569,3,2.603564612,3,2.142833935,2,2.555076107,3
177_right.jpg,data\raw\slit_lamp\dataset_02\normal\177_right.jpg,slit_lamp,0.099519563,0,2.191826757,2,4.971513679,5,1.652971391,2
17_right.jpg,data\raw\slit_lamp\dataset_02\normal\17_right.jpg,slit_lamp,1.98448177,2,1.885579352,2,3.104972596,3,1.677133965,2
1801_right.jpg,data\raw\slit_lamp\dataset_02\normal\1801_right.jpg,slit_lamp,1.412334367,1,2.801970564,3,4.311868507,4,1.902732157,2
180_right.jpg,data\raw\slit_lamp\dataset_02\normal\180_right.jpg,slit_lamp,1.502651629,2,2.234789495,2,4.214875875,4,1.945641433,2
1833_left.jpg,data\raw\slit_lamp\dataset_02\normal\1833_left.jpg,slit_lamp,1.134478958,1,2.115816853,2,4.831596815,5,1.727146366,2
1836_left.jpg,data\raw\slit_lamp\dataset_02\normal\1836_left.jpg,slit_lamp,2.04559137,2,1.74492039,2,2.9023768,3,3.742163638,4
1837_right.jpg,data\raw\slit_lamp\dataset_02\normal\1837_right.jpg,slit_lamp,1.3770814,1,2.086213036,2,4.058250266,4,1.952342279,2
1841_left.jpg,data\raw\slit_lamp\dataset_02\normal\1841_left.jpg,slit_lamp,0.298989531,0,1.896981134,2,4.663143487,5,3.231538237,3
1844_left.jpg,data\raw\slit_lamp\dataset_02\normal\1844_left.jpg,slit_lamp,3.126389523,3,2.382987591,2,2.049522542,2,3.080930772,3
1854_left.jpg,data\raw\slit_lamp\dataset_02\normal\1854_left.jpg,slit_lamp,1.977856925,2,2.49930925,2,2.962313997,3,2.126278484,2
1856_right.jpg,data\raw\slit_lamp\dataset_02\normal\1856_right.jpg,slit_lamp,0.393049783,0,2.025647441,2,4.983453177,5,2.924615929,3
1865_left.jpg,data\raw\slit_lamp\dataset_02\normal\1865_left.jpg,slit_lamp,2.560215816,3,2.645128801,3,2.573086941,3,2.380362445,2
1867_left.jpg,data\raw\slit_lamp\dataset_02\normal\1867_left.jpg,slit_lamp,0.127649433,0,2.468861137,2,4.953360751,5,1.851362707,2
1868_left.jpg,data\raw\slit_lamp\dataset_02\normal\1868_left.jpg,slit_lamp,0.020002137,0,2.100267457,2,4.997270304,5,3.404246653,3
1869_left.jpg,data\raw\slit_lamp\dataset_02\normal\1869_left.jpg,slit_lamp,0.120658216,0,2.254769532,2,4.757004653,5,1.837385649,2
1872_left.jpg,data\raw\slit_lamp\dataset_02\normal\1872_left.jpg,slit_lamp,0.090720924,0,2.358437723,2,4.977718091,5,1.990651165,2
1874_right.jpg,data\raw\slit_lamp\dataset_02\normal\1874_right.jpg,slit_lamp,0.260680216,0,2.436261969,2,4.944619532,5,2.07158002,2
1885_left.jpg,data\raw\slit_lamp\dataset_02\normal\1885_left.jpg,slit_lamp,1.922833246,2,1.72393694,2,3.478138004,3,3.836224281,4
188_right.jpg,data\raw\slit_lamp\dataset_02\normal\188_right.jpg,slit_lamp,3.252660894,3,1.178198569,1,2.057854892,2,3.700753949,4
1890_right.jpg,data\raw\slit_lamp\dataset_02\normal\1890_right.jpg,slit_lamp,2.318062632,2,2.070665892,2,2.891601895,3,1.780800637,2
1892_right.jpg,data\raw\slit_lamp\dataset_02\normal\1892_right.jpg,slit_lamp,2.296471554,2,2.669638706,3,2.673141485,3,2.692534394,3
1927_left.jpg,data\raw\slit_lamp\dataset_02\normal\1927_left.jpg,slit_lamp,2.32461269,2,2.505031612,3,2.906134334,3,2.219258963,2
1927_right.jpg,data\raw\slit_lamp\dataset_02\normal\1927_right.jpg,slit_lamp,1.969490587,2,2.342245455,2,3.410614676,3,1.941986278,2
192_right.jpg,data\raw\slit_lamp\dataset_02\normal\192_right.jpg,slit_lamp,0.298089658,0,2.493519001,2,4.979338544,5,2.272880193,2
194_left.jpg,data\raw\slit_lamp\dataset_02\normal\194_left.jpg,slit_lamp,0.263744592,0,2.474566253,2,4.98077332,5,2.169595335,2
195_right.jpg,data\raw\slit_lamp\dataset_02\normal\195_right.jpg,slit_lamp,0.253935973,0,2.285487351,2,4.931219294,5,1.826706827,2
1963_right.jpg,data\raw\slit_lamp\dataset_02\normal\1963_right.jpg,slit_lamp,2.966973586,3,2.650790228,3,2.148682008,2,2.671722683,3
1964_left.jpg,data\raw\slit_lamp\dataset_02\normal\1964_left.jpg,slit_lamp,1.360510146,1,2.577399321,3,4.539782036,5,2.043565546,2
1974_left.jpg,data\raw\slit_lamp\dataset_02\normal\1974_left.jpg,slit_lamp,2.920939398,3,2.205621859,2,2.029787892,2,2.828838589,3
197_left.jpg,data\raw\slit_lamp\dataset_02\normal\197_left.jpg,slit_lamp,3.210729749,3,2.816524349,3,2.007105025,2,2.606847755,3
1994_left.jpg,data\raw\slit_lamp\dataset_02\normal\1994_left.jpg,slit_lamp,2.895082274,3,2.613233238,3,2.216950699,2,2.251017041,2
2004_left.jpg,data\raw\slit_lamp\dataset_02\normal\2004_left.jpg,slit_lamp,1.21318526,1,2.401953066,2,4.455683191,4,1.992647095,2
2010_right.jpg,data\raw\slit_lamp\dataset_02\normal\2010_right.jpg,slit_lamp,1.045121729,1,2.012581311,2,3.645385169,4,1.770845416,2
202_right.jpg,data\raw\slit_lamp\dataset_02\normal\202_right.jpg,slit_lamp,0.434475108,0,2.544062241,3,4.882494304,5,2.42642967,2
2032_left.jpg,data\raw\slit_lamp\dataset_02\normal\2032_left.jpg,slit_lamp,2.55185712,3,2.521612771,3,2.447229761,2,3.133602693,3
204_right.jpg,data\raw\slit_lamp\dataset_02\normal\204_right.jpg,slit_lamp,1.745395714,2,2.246873457,2,3.727126607,4,1.992460911,2
2053_left.jpg,data\raw\slit_lamp\dataset_02\normal\2053_left.jpg,slit_lamp,0.398118793,0,2.659819746,3,4.980201559,5,2.408164884,2
2066_left.jpg,data\raw\slit_lamp\dataset_02\normal\2066_left.jpg,slit_lamp,0.232355371,0,2.341345993,2,4.978684739,5,1.990617912,2
2070_right.jpg,data\raw\slit_lamp\dataset_02\normal\2070_right.jpg,slit_lamp,3.147329787,3,2.573762713,3,2.096511904,2,2.211251919,2
2078_left.jpg,data\raw\slit_lamp\dataset_02\normal\2078_left.jpg,slit_lamp,2.233428773,2,2.069549177,2,3.188120985,3,1.886560601,2
207_left.jpg,data\raw\slit_lamp\dataset_02\normal\207_left.jpg,slit_lamp,0.244263065,0,2.146804427,2,4.907143282,5,1.963334141,2
208_right.jpg,data\raw\slit_lamp\dataset_02\normal\208_right.jpg,slit_lamp,2.236208555,2,2.304287821,2,2.654963626,3,2.607061054,3
2098_right.jpg,data\raw\slit_lamp\dataset_02\normal\2098_right.jpg,slit_lamp,2.817138721,3,1.944621755,2,2.206089658,2,3.095833107,3
2101_right.jpg,data\raw\slit_lamp\dataset_02\normal\2101_right.jpg,slit_lamp,2.285840729,2,2.68330141,3,4.667480211,5,2.916189632,3
2103_left.jpg,data\raw\slit_lamp\dataset_02\normal\2103_left.jpg,slit_lamp,2.993025775,3,2.376607375,2,2.062091804,2,2.501557382,3
2105_right.jpg,data\raw\slit_lamp\dataset_02\normal\2105_right.jpg,slit_lamp,2.992847453,3,2.239157359,2,2.060604871,2,2.285872364,2
2106_right.jpg,data\raw\slit_lamp\dataset_02\normal\2106_right.jpg,slit_lamp,2.51602905,3,2.367599732,2,2.565330025,3,2.007573235,2
2125_right.jpg,data\raw\slit_lamp\dataset_02\normal\2125_right.jpg,slit_lamp,1.061000889,1,2.624567742,3,3.437858795,3,1.967400486,2
212_right.jpg,data\raw\slit_lamp\dataset_02\normal\212_right.jpg,slit_lamp,1.243816617,1,2.701524959,3,4.230813657,4,2.189729985,2
2132_left.jpg,data\raw\slit_lamp\dataset_02\normal\2132_left.jpg,slit_lamp,2.337060324,2,1.118734705,1,3.925627747,4,2.282303734,2
2138_right.jpg,data\raw\slit_lamp\dataset_02\normal\2138_right.jpg,slit_lamp,3.042521987,3,2.150384437,2,2.093673456,2,1.811132626,2
2141_right.jpg,data\raw\slit_lamp\dataset_02\normal\2141_right.jpg,slit_lamp,2.546526937,3,2.213270804,2,4.768153573,5,2.23716945,2
2142_right.jpg,data\raw\slit_lamp\dataset_02\normal\2142_right.jpg,slit_lamp,2.749287133,3,2.330054433,2,2.371784592,2,2.200915656,2
2143_left.jpg,data\raw\slit_lamp\dataset_02\normal\2143_left.jpg,slit_lamp,2.572594558,3,2.539274621,3,3.692865723,4,2.392651919,2
2146_right.jpg,data\raw\slit_lamp\dataset_02\normal\2146_right.jpg,slit_lamp,2.670741593,3,2.421153926,2,2.300070842,2,2.031549693,2
2153_right.jpg,data\raw\slit_lamp\dataset_02\normal\2153_right.jpg,slit_lamp,2.657287759,3,2.280216118,2,3.337726442,3,2.18023161,2
2154_right.jpg,data\raw\slit_lamp\dataset_02\normal\2154_right.jpg,slit_lamp,1.896532383,2,2.278495187,2,2.870480333,3,2.061225333,2
2159_left.jpg,data\raw\slit_lamp\dataset_02\normal\2159_left.jpg,slit_lamp,2.114221995,2,1.889342311,2,4.857587551,5,3.475132927,3
2160_left.jpg,data\raw\slit_lamp\dataset_02\normal\2160_left.jpg,slit_lamp,0.940141845,1,1.907372008,2,4.970264971,5,3.444762288,3
2163_left.jpg,data\raw\slit_lamp\dataset_02\normal\2163_left.jpg,slit_lamp,2.30396924,2,2.329432539,2,4.548859995,5,1.929506654,2
2169_right.jpg,data\raw\slit_lamp\dataset_02\normal\2169_right.jpg,slit_lamp,2.491487522,2,2.844216982,3,4.496600133,4,2.882515951,3
216_right.jpg,data\raw\slit_lamp\dataset_02\normal\216_right.jpg,slit_lamp,1.871584198,2,2.282257043,2,3.270883046,3,2.506090237,3
2172_left.jpg,data\raw\slit_lamp\dataset_02\normal\2172_left.jpg,slit_lamp,3.166459019,3,2.642043247,3,2.030113477,2,2.909372307,3
2173_left.jpg,data\raw\slit_lamp\dataset_02\normal\2173_left.jpg,slit_lamp,3.255504424,3,2.76419015,3,1.993804692,2,3.048507563,3
2174_right.jpg,data\raw\slit_lamp\dataset_02\normal\2174_right.jpg,slit_lamp,1.644216038,2,2.160448733,2,3.900135612,4,2.84727154,3
2177_left.jpg,data\raw\slit_lamp\dataset_02\normal\2177_left.jpg,slit_lamp,2.89835689,3,1.555721333,2,2.308014723,2,3.092862628,3
2178_left.jpg,data\raw\slit_lamp\dataset_02\normal\2178_left.jpg,slit_lamp,2.734998956,3,2.749400292,3,2.832561992,3,3.039501459,3
2182_right.jpg,data\raw\slit_lamp\dataset_02\normal\2182_right.jpg,slit_lamp,2.387072907,2,1.956414763,2,3.174508211,3,2.377310066,2
2187_right.jpg,data\raw\slit_lamp\dataset_02\normal\2187_right.jpg,slit_lamp,2.532367469,3,1.957599922,2,3.485035029,3,3.459608512,3
2190_left.jpg,data\raw\slit_lamp\dataset_02\normal\2190_left.jpg,slit_lamp,2.940486534,3,1.347720316,1,2.153601036,2,3.562946836,4
2193_right.jpg,data\raw\slit_lamp\dataset_02\normal\2193_right.jpg,slit_lamp,2.772830873,3,1.808142112,2,2.265759689,2,1.43267371,1
2195_right.jpg,data\raw\slit_lamp\dataset_02\normal\2195_right.jpg,slit_lamp,2.811787007,3,2.298682987,2,2.609481778,3,2.150208237,2
2197_left.jpg,data\raw\slit_lamp\dataset_02\normal\2197_left.jpg,slit_lamp,0.608733349,1,2.378629569,2,4.93637761,5,2.4164698,2
2205_right.jpg,data\raw\slit_lamp\dataset_02\normal\2205_right.jpg,slit_lamp,2.406792118,2,3.350111932,3,4.360078469,4,2.656255126,3
2210_right.jpg,data\raw\slit_lamp\dataset_02\normal\2210_right.jpg,slit_lamp,1.781022563,2,2.842003238,3,4.912617887,5,2.638425192,3
2212_right.jpg,data\raw\slit_lamp\dataset_02\normal\2212_right.jpg,slit_lamp,0.570398945,1,2.76262141,3,4.952893729,5,2.15704604,2
2213_right.jpg,data\raw\slit_lamp\dataset_02\normal\2213_right.jpg,slit_lamp,2.295773092,2,1.904654818,2,3.415447541,3,2.51101416,3
221_left.jpg,data\raw\slit_lamp\dataset_02\normal\221_left.jpg,slit_lamp,1.058886045,1,1.979277416,2,4.827910454,5,1.625290586,2
2222_right.jpg,data\raw\slit_lamp\dataset_02\normal\2222_right.jpg,slit_lamp,1.344976781,1,2.460278132,2,3.563332789,4,1.943074752,2
2223_left.jpg,data\raw\slit_lamp\dataset_02\normal\2223_left.jpg,slit_lamp,2.718827022,3,2.011361374,2,2.533186869,3,2.191162597,2
2223_right.jpg,data\raw\slit_lamp\dataset_02\normal\2223_right.jpg,slit_lamp,2.343295573,2,2.40454226,2,3.704697484,4,2.444969429,2
222_left.jpg,data\raw\slit_lamp\dataset_02\normal\222_left.jpg,slit_lamp,0.611971003,1,2.463367152,2,4.895616037,5,2.054811962,2
2231_right.jpg,data\raw\slit_lamp\dataset_02\normal\2231_right.jpg,slit_lamp,0.483471413,0,1.865270775,2,4.996185437,5,3.501349705,4
2233_left.jpg,data\raw\slit_lamp\dataset_02\normal\2233_left.jpg,slit_lamp,3.04550385,3,2.431757499,2,2.073626295,2,2.622058989,3
2239_left.jpg,data\raw\slit_lamp\dataset_02\normal\2239_left.jpg,slit_lamp,2.656210845,3,1.760430764,2,3.608401672,4,3.364329437,3
2239_right.jpg,data\raw\slit_lamp\dataset_02\normal\2239_right.jpg,slit_lamp,2.268860005,2,2.035990751,2,4.200378494,4,3.630294467,4
2244_right.jpg,data\raw\slit_lamp\dataset_02\normal\2244_right.jpg,slit_lamp,2.357222713,2,2.360108065,2,4.388454081,4,2.32222694,2
2246_right.jpg,data\raw\slit_lamp\dataset_02\normal\2246_right.jpg,slit_lamp,2.721618564,3,2.597867135,3,3.680880937,4,2.830101283,3
2248_left.jpg,data\raw\slit_lamp\dataset_02\normal\2248_left.jpg,slit_lamp,2.235140655,2,2.109388824,2,3.99671557,4,2.165978104,2
224_right.jpg,data\raw\slit_lamp\dataset_02\normal\224_right.jpg,slit_lamp,3.184416979,3,1.962790747,2,2.034473456,2,3.21618124,3
2262_right.jpg,data\raw\slit_lamp\dataset_02\normal\2262_right.jpg,slit_lamp,2.507541715,3,1.730466523,2,2.832772972,3,1.412154217,1
227_left.jpg,data\raw\slit_lamp\dataset_02\normal\227_left.jpg,slit_lamp,1.593738028,2,2.423466746,2,3.875774399,4,2.010032599,2
2329_right.jpg,data\raw\slit_lamp\dataset_02\normal\2329_right.jpg,slit_lamp,1.922200736,2,2.072720697,2,3.756908696,4,2.34371896,2
232_right.jpg,data\raw\slit_lamp\dataset_02\normal\232_right.jpg,slit_lamp,3.250570966,3,3.122788812,3,1.97133767,2,2.763005689,3
2333_right.jpg,data\raw\slit_lamp\dataset_02\normal\2333_right.jpg,slit_lamp,1.635006355,2,2.66119186,3,3.942053326,4,2.015754005,2
2334_left.jpg,data\raw\slit_lamp\dataset_02\normal\2334_left.jpg,slit_lamp,0.431767994,0,2.258223499,2,4.936435788,5,1.856487414,2
2336_left.jpg,data\raw\slit_lamp\dataset_02\normal\2336_left.jpg,slit_lamp,1.07184939,1,2.602397279,3,4.525361881,5,2.291889738,2
2337_right.jpg,data\raw\slit_lamp\dataset_02\normal\2337_right.jpg,slit_lamp,2.819079092,3,2.45206036,2,2.342119602,2,2.041216752,2
233_right.jpg,data\raw\slit_lamp\dataset_02\normal\233_right.jpg,slit_lamp,1.949915345,2,2.241802156,2,3.038460295,3,1.731801148,2
2340_right.jpg,data\raw\slit_lamp\dataset_02\normal\2340_right.jpg,slit_lamp,1.623935103,2,2.20157468,2,4.221122416,4,2.748099561,3
2351_right.jpg,data\raw\slit_lamp\dataset_02\normal\2351_right.jpg,slit_lamp,0.834622273,1,2.782266623,3,4.964042403,5,2.363814739,2
2352_right.jpg,data\raw\slit_lamp\dataset_02\normal\2352_right.jpg,slit_lamp,2.657790093,3,2.395708178,2,2.587516156,3,2.111991554,2
2354_right.jpg,data\raw\slit_lamp\dataset_02\normal\2354_right.jpg,slit_lamp,1.620079359,2,2.545543793,3,4.118717433,4,2.215082687,2
2355_right.jpg,data\raw\slit_lamp\dataset_02\normal\2355_right.jpg,slit_lamp,3.061196189,3,1.538746236,2,2.165722152,2,3.717443996,4
2357_right.jpg,data\raw\slit_lamp\dataset_02\normal\2357_right.jpg,slit_lamp,0.796872342,1,2.655547378,3,4.74952165,5,2.15445267,2
2359_left.jpg,data\raw\slit_lamp\dataset_02\normal\2359_left.jpg,slit_lamp,2.172289285,2,2.379587885,2,2.554520398,3,2.091487046,2
2359_right.jpg,data\raw\slit_lamp\dataset_02\normal\2359_right.jpg,slit_lamp,2.345187019,2,2.424216164,2,2.546607355,3,2.055343566,2
2361_left.jpg,data\raw\slit_lamp\dataset_02\normal\2361_left.jpg,slit_lamp,1.499772378,1,2.099711162,2,4.588259715,5,3.196280399,3
2365_right.jpg,data\raw\slit_lamp\dataset_02\normal\2365_right.jpg,slit_lamp,0.666298955,1,3.175722582,3,4.929385638,5,2.341975468,2
2368_left.jpg,data\raw\slit_lamp\dataset_02\normal\2368_left.jpg,slit_lamp,2.818717935,3,2.883176978,3,2.727884289,3,2.675030314,3
2371_left.jpg,data\raw\slit_lamp\dataset_02\normal\2371_left.jpg,slit_lamp,0.787219989,1,2.341763604,2,4.586261285,5,2.066594541,2
2372_left.jpg,data\raw\slit_lamp\dataset_02\normal\2372_left.jpg,slit_lamp,1.628362633,2,2.527830316,3,3.627969893,4,2.553917458,3
2372_right.jpg,data\raw\slit_lamp\dataset_02\normal\2372_right.jpg,slit_lamp,2.778608968,3,2.762182704,3,2.254063196,2,2.50808981,3
2373_right.jpg,data\raw\slit_lamp\dataset_02\normal\2373_right.jpg,slit_lamp,0.782533684,1,2.487483432,2,4.916207741,5,1.999137093,2
2374_left.jpg,data\raw\slit_lamp\dataset_02\normal\2374_left.jpg,slit_lamp,2.8814835,3,2.705274228,3,2.264748465,2,2.672582049,3
2376_right.jpg,data\raw\slit_lamp\dataset_02\normal\2376_right.jpg,slit_lamp,0.590695234,1,2.524189731,3,4.983168397,5,2.182842014,2
2377_left.jpg,data\raw\slit_lamp\dataset_02\normal\2377_left.jpg,slit_lamp,0.541422246,1,2.252571572,2,4.982160819,5,3.157063388,3
2382_right.jpg,data\raw\slit_lamp\dataset_02\normal\2382_right.jpg,slit_lamp,1.972616416,2,2.276725861,2,3.209885755,3,2.909756318,3
2384_left.jpg,data\raw\slit_lamp\dataset_02\normal\2384_left.jpg,slit_lamp,0.48496153,0,3.025400929,3,4.988275869,5,3.407185077,3
2386_left.jpg,data\raw\slit_lamp\dataset_02\normal\2386_left.jpg,slit_lamp,0.245655389,0,2.657451311,3,4.983684227,5,2.17299527,2
238_right.jpg,data\raw\slit_lamp\dataset_02\normal\238_right.jpg,slit_lamp,2.572833078,3,2.209089558,2,2.6040148,3,1.963652857,2
2397_right.jpg,data\raw\slit_lamp\dataset_02\normal\2397_right.jpg,slit_lamp,2.671891362,3,2.370925502,2,2.436611423,2,1.920457504,2
2399_left.jpg,data\raw\slit_lamp\dataset_02\normal\2399_left.jpg,slit_lamp,2.927305974,3,2.428637728,2,2.056851796,2,2.492229379,2
2402_left.jpg,data\raw\slit_lamp\dataset_02\normal\2402_left.jpg,slit_lamp,2.00816692,2,2.057223495,2,2.913748185,3,1.770500532,2
2402_right.jpg,data\raw\slit_lamp\dataset_02\normal\2402_right.jpg,slit_lamp,1.625751537,2,2.144604271,2,3.93854799,4,1.885461801,2
2413_left.jpg,data\raw\slit_lamp\dataset_02\normal\2413_left.jpg,slit_lamp,0.431819603,0,2.460964997,2,4.547505628,5,2.03568774,2
2417_left.jpg,data\raw\slit_lamp\dataset_02\normal\2417_left.jpg,slit_lamp,1.716166182,2,2.376394364,2,3.999576766,4,2.074888148,2
2418_left.jpg,data\raw\slit_lamp\dataset_02\normal\2418_left.jpg,slit_lamp,0.487909158,0,2.913387987,3,4.975799297,5,1.982887669,2
2418_right.jpg,data\raw\slit_lamp\dataset_02\normal\2418_right.jpg,slit_lamp,0.457911999,0,2.872375926,3,4.975624572,5,1.993926073,2
2420_right.jpg,data\raw\slit_lamp\dataset_02\normal\2420_right.jpg,slit_lamp,0.627981602,1,1.988056267,2,4.8363871,5,1.591152294,2
2425_left.jpg,data\raw\slit_lamp\dataset_02\normal\2425_left.jpg,slit_lamp,1.456014558,1,2.238087677,2,4.081134596,4,2.475790633,2
242_left.jpg,data\raw\slit_lamp\dataset_02\normal\242_left.jpg,slit_lamp,2.594995617,3,2.695190539,3,2.542918874,3,2.699355314,3
2432_right.jpg,data\raw\slit_lamp\dataset_02\normal\2432_right.jpg,slit_lamp,0.464822313,0,2.439544389,2,4.909315248,5,2.07746109,2
2433_right.jpg,data\raw\slit_lamp\dataset_02\normal\2433_right.jpg,slit_lamp,2.851182623,3,2.368827218,2,2.154375996,2,2.629743166,3
2436_right.jpg,data\raw\slit_lamp\dataset_02\normal\2436_right.jpg,slit_lamp,0.476314957,0,2.37772496,2,4.925776152,5,1.977817809,2
243_right.jpg,data\raw\slit_lamp\dataset_02\normal\243_right.jpg,slit_lamp,0.853690347,1,2.089435012,2,4.729588825,5,1.661487407,2
2441_right.jpg,data\raw\slit_lamp\dataset_02\normal\2441_right.jpg,slit_lamp,1.878723471,2,1.819682752,2,3.728744628,4,1.444833528,1
2450_left.jpg,data\raw\slit_lamp\dataset_02\normal\2450_left.jpg,slit_lamp,1.001123463,1,1.957048544,2,4.81269,5,2.30818536,2
2457_left.jpg,data\raw\slit_lamp\dataset_02\normal\2457_left.jpg,slit_lamp,3.137756845,3,2.731802515,3,2.067864121,2,2.436976395,2
2457_right.jpg,data\raw\slit_lamp\dataset_02\normal\2457_right.jpg,slit_lamp,3.162707849,3,2.229586777,2,2.059266906,2,2.432110445,2
2459_right.jpg,data\raw\slit_lamp\dataset_02\normal\2459_right.jpg,slit_lamp,2.407597163,2,2.226458062,2,2.863492694,3,2.361602032,2
2461_right.jpg,data\raw\slit_lamp\dataset_02\normal\2461_right.jpg,slit_lamp,1.430451557,1,2.955889337,3,4.944138894,5,2.225477591,2
2467_right.jpg,data\raw\slit_lamp\dataset_02\normal\2467_right.jpg,slit_lamp,0.444700834,0,2.636257227,3,4.702145119,5,2.174108731,2
2469_right.jpg,data\raw\slit_lamp\dataset_02\normal\2469_right.jpg,slit_lamp,1.306332484,1,2.084617377,2,4.851644279,5,1.83924927,2
2472_left.jpg,data\raw\slit_lamp\dataset_02\normal\2472_left.jpg,slit_lamp,0.487243728,0,2.290945378,2,4.874031064,5,1.755682634,2
2474_left.jpg,data\raw\slit_lamp\dataset_02\normal\2474_left.jpg,slit_lamp,0.727463455,1,2.583164151,3,4.832337219,5,2.213479875,2
2475_right.jpg,data\raw\slit_lamp\dataset_02\normal\2475_right.jpg,slit_lamp,2.298765471,2,2.494462106,2,2.679033977,3,2.67592823,3
2479_right.jpg,data\raw\slit_lamp\dataset_02\normal\2479_right.jpg,slit_lamp,3.041414467,3,2.801136608,3,2.067320903,2,2.732560431,3
2480_left.jpg,data\raw\slit_lamp\dataset_02\normal\2480_left.jpg,slit_lamp,0.893916329,1,2.006189127,2,4.767457906,5,1.83457181,2
2481_right.jpg,data\raw\slit_lamp\dataset_02\normal\2481_right.jpg,slit_lamp,0.714175751,1,2.185967096,2,4.897594443,5,1.902169107,2
2482_left.jpg,data\raw\slit_lamp\dataset_02\normal\2482_left.jpg,slit_lamp,1.255147662,1,1.860977698,2,4.391733737,4,1.495671332,1
249_left.jpg,data\raw\slit_lamp\dataset_02\normal\249_left.jpg,slit_lamp,2.530794652,3,2.437631165,2,2.613730599,3,2.464965312,2
249_right.jpg,data\raw\slit_lamp\dataset_02\normal\249_right.jpg,slit_lamp,2.566873302,3,2.39467667,2,2.550924384,3,2.202502538,2
251_left.jpg,data\raw\slit_lamp\dataset_02\normal\251_left.jpg,slit_lamp,1.148013708,1,2.479606675,2,4.930301242,5,2.020123838,2
252_right.jpg,data\raw\slit_lamp\dataset_02\normal\252_right.jpg,slit_lamp,2.896554584,3,2.810948888,3,2.148614334,2,2.606163081,3
253_left.jpg,data\raw\slit_lamp\dataset_02\normal\253_left.jpg,slit_lamp,2.399804307,2,2.353101758,2,3.747311851,4,2.325254602,2
255_right.jpg,data\raw\slit_lamp\dataset_02\normal\255_right.jpg,slit_lamp,0.894640059,1,3.15376279,3,4.932344474,5,1.833295364,2
256_left.jpg,data\raw\slit_lamp\dataset_02\normal\256_left.jpg,slit_lamp,1.67123338,2,2.64598124,3,4.160535106,4,2.255052849,2
259_right.jpg,data\raw\slit_lamp\dataset_02\normal\259_right.jpg,slit_lamp,2.119111018,2,2.548281267,3,3.126531208,3,1.981768246,2
260_right.jpg,data\raw\slit_lamp\dataset_02\normal\260_right.jpg,slit_lamp,2.233935329,2,1.845175812,2,4.921645508,5,3.676727885,4
272_left.jpg,data\raw\slit_lamp\dataset_02\normal\272_left.jpg,slit_lamp,2.724755709,3,1.913847558,2,2.530732607,3,2.766408217,3
274_right.jpg,data\raw\slit_lamp\dataset_02\normal\274_right.jpg,slit_lamp,1.912709008,2,2.46899497,2,3.749517156,4,2.100059666,2
280_right.jpg,data\raw\slit_lamp\dataset_02\normal\280_right.jpg,slit_lamp,1.501354338,2,2.254442867,2,4.05763094,4,1.951326049,2
282_right.jpg,data\raw\slit_lamp\dataset_02\normal\282_right.jpg,slit_lamp,3.118537431,3,2.881016187,3,2.178319453,2,2.463308229,2
292_right.jpg,data\raw\slit_lamp\dataset_02\normal\292_right.jpg,slit_lamp,2.950667364,3,2.497452269,2,2.104240858,2,2.441300621,2
294_right.jpg,data\raw\slit_lamp\dataset_02\normal\294_right.jpg,slit_lamp,2.929528088,3,1.967459822,2,2.516588917,3,3.063734762,3
295_right.jpg,data\raw\slit_lamp\dataset_02\normal\295_right.jpg,slit_lamp,1.800834615,2,2.186308528,2,3.45876161,3,1.854949738,2
297_left.jpg,data\raw\slit_lamp\dataset_02\normal\297_left.jpg,slit_lamp,0.522399233,1,2.366326151,2,4.790633402,5,2.113300953,2
303_right.jpg,data\raw\slit_lamp\dataset_02\normal\303_right.jpg,slit_lamp,0.124654964,0,1.944595506,2,4.99346324,5,2.607944908,3
308_right.jpg,data\raw\slit_lamp\dataset_02\normal\308_right.jpg,slit_lamp,2.343479101,2,2.433025093,2,2.841780283,3,2.071510121,2
311_left.jpg,data\raw\slit_lamp\dataset_02\normal\311_left.jpg,slit_lamp,0.774993097,1,2.201752821,2,4.809963764,5,1.898554048,2
313_right.jpg,data\raw\slit_lamp\dataset_02\normal\313_right.jpg,slit_lamp,2.421202858,2,1.993829856,2,2.715578169,3,1.711710013,2
314_left.jpg,data\raw\slit_lamp\dataset_02\normal\314_left.jpg,slit_lamp,2.18678288,2,2.595836418,3,3.222749738,3,2.384297327,2
319_left.jpg,data\raw\slit_lamp\dataset_02\normal\319_left.jpg,slit_lamp,1.433169195,1,2.451864719,2,4.1912096,4,1.992571699,2
32_left.jpg,data\raw\slit_lamp\dataset_02\normal\32_left.jpg,slit_lamp,3.078860629,3,2.805532388,3,2.124399124,2,2.404184686,2
330_left.jpg,data\raw\slit_lamp\dataset_02\normal\330_left.jpg,slit_lamp,1.506230037,2,1.342636654,1,4.375796677,4,2.914700947,3
332_right.jpg,data\raw\slit_lamp\dataset_02\normal\332_right.jpg,slit_lamp,1.043060345,1,1.973862512,2,4.705979124,5,1.46729699,1
333_right.jpg,data\raw\slit_lamp\dataset_02\normal\333_right.jpg,slit_lamp,2.970311436,3,2.757928216,3,2.109066055,2,2.848495719,3
337_right.jpg,data\raw\slit_lamp\dataset_02\normal\337_right.jpg,slit_lamp,2.975941908,3,2.298378667,2,2.116785077,2,2.44412797,2
338_left.jpg,data\raw\slit_lamp\dataset_02\normal\338_left.jpg,slit_lamp,0.278665521,0,2.410924621,2,4.985237395,5,2.064764961,2
339_left.jpg,data\raw\slit_lamp\dataset_02\normal\339_left.jpg,slit_lamp,0.637381158,1,2.300157448,2,4.754661644,5,2.646312126,3
342_right.jpg,data\raw\slit_lamp\dataset_02\normal\342_right.jpg,slit_lamp,2.439426046,2,2.156248863,2,2.678843189,3,1.882150196,2
344_right.jpg,data\raw\slit_lamp\dataset_02\normal\344_right.jpg,slit_lamp,0.677861674,1,2.730487514,3,4.872482357,5,2.257672397,2
345_left.jpg,data\raw\slit_lamp\dataset_02\normal\345_left.jpg,slit_lamp,2.864772417,3,2.537247186,3,2.275084798,2,2.583817022,3
345_right.jpg,data\raw\slit_lamp\dataset_02\normal\345_right.jpg,slit_lamp,2.974725123,3,2.347172094,2,2.084157616,2,2.491461319,2
351_left.jpg,data\raw\slit_lamp\dataset_02\normal\351_left.jpg,slit_lamp,2.596534098,3,2.479903189,2,2.449376672,2,2.141731173,2
357_left.jpg,data\raw\slit_lamp\dataset_02\normal\357_left.jpg,slit_lamp,2.160268975,2,2.611604073,3,3.145299588,3,2.158425487,2
364_right.jpg,data\raw\slit_lamp\dataset_02\normal\364_right.jpg,slit_lamp,0.060195018,0,2.192258889,2,4.996722577,5,2.587369788,3
365_right.jpg,data\raw\slit_lamp\dataset_02\normal\365_right.jpg,slit_lamp,2.859408739,3,1.948580948,2,2.360426116,2,2.830730423,3
368_left.jpg,data\raw\slit_lamp\dataset_02\normal\368_left.jpg,slit_lamp,2.861014687,3,2.094600765,2,2.436235796,2,3.645830656,4
373_right.jpg,data\raw\slit_lamp\dataset_02\normal\373_right.jpg,slit_lamp,1.181168015,1,2.901710614,3,4.948841453,5,2.591828212,3
375_left.jpg,data\raw\slit_lamp\dataset_02\normal\375_left.jpg,slit_lamp,3.218480772,3,2.974311307,3,2.007650625,2,2.540539478,3
377_right.jpg,data\raw\slit_lamp\dataset_02\normal\377_right.jpg,slit_lamp,2.620492625,3,2.345981303,2,2.519265896,3,2.471734548,2
37_left.jpg,data\raw\slit_lamp\dataset_02\normal\37_left.jpg,slit_lamp,2.185513552,2,2.418113297,2,2.821969193,3,2.079246318,2
37_right.jpg,data\raw\slit_lamp\dataset_02\normal\37_right.jpg,slit_lamp,1.871003148,2,2.395890044,2,3.284421481,3,2.090057884,2
384_left.jpg,data\raw\slit_lamp\dataset_02\normal\384_left.jpg,slit_lamp,0.905179261,1,1.989164576,2,4.698326956,5,1.542723495,2
388_left.jpg,data\raw\slit_lamp\dataset_02\normal\388_left.jpg,slit_lamp,2.10692451,2,2.403684089,2,4.959107286,5,2.38093812,2
38_left.jpg,data\raw\slit_lamp\dataset_02\normal\38_left.jpg,slit_lamp,0.438439535,0,2.094617609,2,4.952627827,5,2.806159217,3
38_right.jpg,data\raw\slit_lamp\dataset_02\normal\38_right.jpg,slit_lamp,0.309606299,0,2.262936737,2,4.99007896,5,2.776907054,3
393_left.jpg,data\raw\slit_lamp\dataset_02\normal\393_left.jpg,slit_lamp,0.734411662,1,2.649292909,3,4.942890432,5,2.533749761,3
400_left.jpg,data\raw\slit_lamp\dataset_02\normal\400_left.jpg,slit_lamp,1.561266525,2,2.01953849,2,4.530062335,5,1.727004161,2
409_left.jpg,data\raw\slit_lamp\dataset_02\normal\409_left.jpg,slit_lamp,3.175380689,3,2.802186474,3,2.041897333,2,2.541651395,3
412_right.jpg,data\raw\slit_lamp\dataset_02\normal\412_right.jpg,slit_lamp,3.283724439,3,3.477393474,3,1.956313903,2,2.683563239,3
413_right.jpg,data\raw\slit_lamp\dataset_02\normal\413_right.jpg,slit_lamp,2.677005782,3,2.033784478,2,2.560638464,3,2.691745667,3
414_right.jpg,data\raw\slit_lamp\dataset_02\normal\414_right.jpg,slit_lamp,0.325991769,0,2.611554604,3,4.694396126,5,2.104185161,2
416_left.jpg,data\raw\slit_lamp\dataset_02\normal\416_left.jpg,slit_lamp,1.15526732,1,1.899579003,2,4.683275359,5,1.522712932,2
417_left.jpg,data\raw\slit_lamp\dataset_02\normal\417_left.jpg,slit_lamp,0.526064971,1,1.677697767,2,4.928723833,5,3.149324183,3
418_left.jpg,data\raw\slit_lamp\dataset_02\normal\418_left.jpg,slit_lamp,3.345520679,3,2.387185184,2,1.922823846,2,2.43569041,2
420_right.jpg,data\raw\slit_lamp\dataset_02\normal\420_right.jpg,slit_lamp,2.830534373,3,2.02273957,2,2.487371109,2,2.739708965,3
421_left.jpg,data\raw\slit_lamp\dataset_02\normal\421_left.jpg,slit_lamp,2.080523238,2,2.232515083,2,3.325269041,3,1.923130428,2
423_left.jpg,data\raw\slit_lamp\dataset_02\normal\423_left.jpg,slit_lamp,0.339140897,0,2.606600054,3,4.895062674,5,2.248424847,2
424_right.jpg,data\raw\slit_lamp\dataset_02\normal\424_right.jpg,slit_lamp,2.293720189,2,2.096303057,2,2.971915703,3,1.83006567,2
42_right.jpg,data\raw\slit_lamp\dataset_02\normal\42_right.jpg,slit_lamp,2.815064053,3,2.219851587,2,2.15632498,2,2.291439866,2
430_right.jpg,data\raw\slit_lamp\dataset_02\normal\430_right.jpg,slit_lamp,0.315816705,0,1.98493422,2,4.985493929,5,2.830840467,3
432_left.jpg,data\raw\slit_lamp\dataset_02\normal\432_left.jpg,slit_lamp,3.09601619,3,2.768671798,3,2.132328001,2,3.026745045,3
432_right.jpg,data\raw\slit_lamp\dataset_02\normal\432_right.jpg,slit_lamp,3.127695447,3,2.706423617,3,2.085366006,2,2.84311023,3
435_right.jpg,data\raw\slit_lamp\dataset_02\normal\435_right.jpg,slit_lamp,1.139099351,1,2.187226431,2,4.663077933,5,1.558296383,2
436_left.jpg,data\raw\slit_lamp\dataset_02\normal\436_left.jpg,slit_lamp,1.010652787,1,2.873528888,3,4.957360678,5,2.286103441,2
441_right.jpg,data\raw\slit_lamp\dataset_02\normal\441_right.jpg,slit_lamp,0.481334882,0,2.253077276,2,4.936575048,5,1.890225567,2
442_right.jpg,data\raw\slit_lamp\dataset_02\normal\442_right.jpg,slit_lamp,2.404653201,2,2.135028071,2,2.606993434,3,2.009669292,2
44_right.jpg,data\raw\slit_lamp\dataset_02\normal\44_right.jpg,slit_lamp,0.256758146,0,2.343569524,2,4.956178316,5,1.915084054,2
454_right.jpg,data\raw\slit_lamp\dataset_02\normal\454_right.jpg,slit_lamp,0.128629159,0,2.29754849,2,4.977023072,5,1.817721567,2
455_left.jpg,data\raw\slit_lamp\dataset_02\normal\455_left.jpg,slit_lamp,2.404866152,2,2.548449776,3,2.633465189,3,2.493042402,2
460_right.jpg,data\raw\slit_lamp\dataset_02\normal\460_right.jpg,slit_lamp,2.417446595,2,1.952327527,2,3.147532876,3,1.692217313,2
462_right.jpg,data\raw\slit_lamp\dataset_02\normal\462_right.jpg,slit_lamp,1.015172641,1,2.329599043,2,4.617510529,5,1.878350054,2
463_right.jpg,data\raw\slit_lamp\dataset_02\normal\463_right.jpg,slit_lamp,2.178732247,2,1.981459547,2,2.9397093,3,1.74203994,2
469_right.jpg,data\raw\slit_lamp\dataset_02\normal\469_right.jpg,slit_lamp,0.427068439,0,1.85762477,2,4.859213729,5,1.733442828,2
472_left.jpg,data\raw\slit_lamp\dataset_02\normal\472_left.jpg,slit_lamp,0.368686803,0,2.593376152,3,4.835536157,5,1.958504562,2
474_right.jpg,data\raw\slit_lamp\dataset_02\normal\474_right.jpg,slit_lamp,3.144179731,3,1.907476496,2,2.037317537,2,3.451582056,3
476_left.jpg,data\raw\slit_lamp\dataset_02\normal\476_left.jpg,slit_lamp,2.55448122,3,2.767888102,3,2.473464799,2,2.585723245,3
478_left.jpg,data\raw\slit_lamp\dataset_02\normal\478_left.jpg,slit_lamp,2.748990979,3,2.325103493,2,2.194234847,2,2.457788761,2
47_left.jpg,data\raw\slit_lamp\dataset_02\normal\47_left.jpg,slit_lamp,1.405732802,1,1.88801634,2,4.956934147,5,3.386699805,3
483_right.jpg,data\raw\slit_lamp\dataset_02\normal\483_right.jpg,slit_lamp,0.345132224,0,2.8173864,3,4.9784548,5,2.060911186,2
485_left.jpg,data\raw\slit_lamp\dataset_02\normal\485_left.jpg,slit_lamp,0.385363998,0,2.543195563,3,4.891059585,5,2.024855885,2
486_left.jpg,data\raw\slit_lamp\dataset_02\normal\486_left.jpg,slit_lamp,0.216627001,0,2.405589832,2,4.976697564,5,2.026272804,2
487_right.jpg,data\raw\slit_lamp\dataset_02\normal\487_right.jpg,slit_lamp,2.418147861,2,2.394315791,2,2.874958023,3,2.097847391,2
489_right.jpg,data\raw\slit_lamp\dataset_02\normal\489_right.jpg,slit_lamp,1.413960234,1,2.481162138,2,4.49692231,4,1.994859146,2
494_left.jpg,data\raw\slit_lamp\dataset_02\normal\494_left.jpg,slit_lamp,2.796801784,3,2.618592594,3,2.211976714,2,1.97425207,2
49_left.jpg,data\raw\slit_lamp\dataset_02\normal\49_left.jpg,slit_lamp,2.262792146,2,2.382341743,2,3.324776891,3,2.168171821,2
512_left.jpg,data\raw\slit_lamp\dataset_02\normal\512_left.jpg,slit_lamp,0.977960092,1,2.442454844,2,4.325772802,4,2.385050422,2
515_left.jpg,data\raw\slit_lamp\dataset_02\normal\515_left.jpg,slit_lamp,2.72992903,3,2.183339852,2,2.567821274,3,2.138488307,2
516_right.jpg,data\raw\slit_lamp\dataset_02\normal\516_right.jpg,slit_lamp,1.551376996,2,2.111464888,2,4.133471863,4,1.838574445,2
521_right.jpg,data\raw\slit_lamp\dataset_02\normal\521_right.jpg,slit_lamp,2.639998721,3,2.82227495,3,2.390114465,2,2.582337153,3
522_right.jpg,data\raw\slit_lamp\dataset_02\normal\522_right.jpg,slit_lamp,2.442751828,2,2.379003476,2,2.953781278,3,1.727924287,2
526_left.jpg,data\raw\slit_lamp\dataset_02\normal\526_left.jpg,slit_lamp,0.143727368,0,2.061378467,2,4.990988508,5,2.690489746,3
528_left.jpg,data\raw\slit_lamp\dataset_02\normal\528_left.jpg,slit_lamp,2.306108467,2,2.286816622,2,3.0167588,3,2.061513642,2
531_left.jpg,data\raw\slit_lamp\dataset_02\normal\531_left.jpg,slit_lamp,0.423446049,0,2.770002336,3,4.956196705,5,1.993646765,2
532_right.jpg,data\raw\slit_lamp\dataset_02\normal\532_right.jpg,slit_lamp,2.557894117,3,2.53892451,3,2.455848516,2,2.142811274,2
533_right.jpg,data\raw\slit_lamp\dataset_02\normal\533_right.jpg,slit_lamp,1.216728651,1,2.537565397,3,4.332946044,4,2.176429165,2
534_left.jpg,data\raw\slit_lamp\dataset_02\normal\534_left.jpg,slit_lamp,0.473143502,0,2.812760281,3,4.977512966,5,1.93772565,2
536_right.jpg,data\raw\slit_lamp\dataset_02\normal\536_right.jpg,slit_lamp,1.020690363,1,2.173743412,2,4.670856726,5,1.774429494,2
53_right.jpg,data\raw\slit_lamp\dataset_02\normal\53_right.jpg,slit_lamp,3.217182094,3,2.160905704,2,2.018705768,2,3.378193034,3
542_left.jpg,data\raw\slit_lamp\dataset_02\normal\542_left.jpg,slit_lamp,1.969755862,2,2.283364986,2,3.483213545,3,2.024541189,2
546_left.jpg,data\raw\slit_lamp\dataset_02\normal\546_left.jpg,slit_lamp,0.22202799,0,2.506156237,3,4.88382547,5,2.545062756,3
548_left.jpg,data\raw\slit_lamp\dataset_02\normal\548_left.jpg,slit_lamp,2.078305914,2,1.9012681,2,3.644863888,4,3.33670968,3
548_right.jpg,data\raw\slit_lamp\dataset_02\normal\548_right.jpg,slit_lamp,1.949986787,2,1.987945982,2,3.925969349,4,3.317881794,3
555_right.jpg,data\raw\slit_lamp\dataset_02\normal\555_right.jpg,slit_lamp,2.055835806,2,2.351377795,2,3.511463978,4,2.823270321,3
557_right.jpg,data\raw\slit_lamp\dataset_02\normal\557_right.jpg,slit_lamp,1.611423999,2,2.049203764,2,4.124037287,4,1.744272258,2
559_right.jpg,data\raw\slit_lamp\dataset_02\normal\559_right.jpg,slit_lamp,0.445739469,0,3.094138448,3,4.963267477,5,2.038035733,2
55_left.jpg,data\raw\slit_lamp\dataset_02\normal\55_left.jpg,slit_lamp,0.018283192,0,2.30109382,2,4.962907725,5,1.928526876,2
560_right.jpg,data\raw\slit_lamp\dataset_02\normal\560_right.jpg,slit_lamp,1.832459515,2,2.031769502,2,4.69839827,5,2.883108764,3
561_left.jpg,data\raw\slit_lamp\dataset_02\normal\561_left.jpg,slit_lamp,2.660487618,3,1.958387402,2,2.775733834,3,2.684601264,3
562_left.jpg,data\raw\slit_lamp\dataset_02\normal\562_left.jpg,slit_lamp,1.282552469,1,2.300685147,2,4.843871338,5,1.973218179,2
564_right.jpg,data\raw\slit_lamp\dataset_02\normal\564_right.jpg,slit_lamp,2.036659077,2,2.516316283,3,3.523624017,4,1.93479461,2
568_left.jpg,data\raw\slit_lamp\dataset_02\normal\568_left.jpg,slit_lamp,3.213836071,3,1.988791467,2,2.012120481,2,3.367676096,3
569_left.jpg,data\raw\slit_lamp\dataset_02\normal\569_left.jpg,slit_lamp,1.26530739,1,2.247821514,2,4.434016634,4,2.381169687,2
572_left.jpg,data\raw\slit_lamp\dataset_02\normal\572_left.jpg,slit_lamp,2.540189902,3,2.545212954,3,2.633220421,3,2.07544282,2
572_right.jpg,data\raw\slit_lamp\dataset_02\normal\572_right.jpg,slit_lamp,2.959031285,3,2.401616429,2,2.133596427,2,2.184394161,2
577_left.jpg,data\raw\slit_lamp\dataset_02\normal\577_left.jpg,slit_lamp,0.977377309,1,2.519612148,3,4.559571454,5,2.202476897,2
578_right.jpg,data\raw\slit_lamp\dataset_02\normal\578_right.jpg,slit_lamp,0.501671239,1,2.074679909,2,4.934185676,5,2.883892141,3
581_right.jpg,data\raw\slit_lamp\dataset_02\normal\581_right.jpg,slit_lamp,0.433056356,0,2.214884824,2,4.867732873,5,1.886718469,2
582_left.jpg,data\raw\slit_lamp\dataset_02\normal\582_left.jpg,slit_lamp,2.634117504,3,1.824802672,2,3.002459049,3,2.761064696,3
584_left.jpg,data\raw\slit_lamp\dataset_02\normal\584_left.jpg,slit_lamp,2.221509208,2,2.106740455,2,3.230201214,3,1.806377817,2
584_right.jpg,data\raw\slit_lamp\dataset_02\normal\584_right.jpg,slit_lamp,1.954370497,2,2.137014097,2,3.647590126,4,1.85056121,2
586_right.jpg,data\raw\slit_lamp\dataset_02\normal\586_right.jpg,slit_lamp,0.500583879,1,2.249879374,2,4.974428531,5,1.85057882,2
588_left.jpg,data\raw\slit_lamp\dataset_02\normal\588_left.jpg,slit_lamp,0.097673296,0,1.953835734,2,4.992837428,5,2.609808028,3
588_right.jpg,data\raw\slit_lamp\dataset_02\normal\588_right.jpg,slit_lamp,0.275407144,0,2.108197203,2,4.963873104,5,2.139810974,2
58_left.jpg,data\raw\slit_lamp\dataset_02\normal\58_left.jpg,slit_lamp,1.767406924,2,1.970509252,2,4.497801806,4,1.776635414,2
58_right.jpg,data\raw\slit_lamp\dataset_02\normal\58_right.jpg,slit_lamp,0.651085544,1,2.192109587,2,4.894039014,5,1.883672712,2
594_left.jpg,data\raw\slit_lamp\dataset_02\normal\594_left.jpg,slit_lamp,2.086693861,2,1.987572365,2,3.906230589,4,1.356012055,1
599_right.jpg,data\raw\slit_lamp\dataset_02\normal\599_right.jpg,slit_lamp,1.731183884,2,2.318544095,2,3.738731016,4,1.881374945,2
5_right.jpg,data\raw\slit_lamp\dataset_02\normal\5_right.jpg,slit_lamp,0.78524059,1,2.115561979,2,4.533484333,5,2.797681533,3
600_right.jpg,data\raw\slit_lamp\dataset_02\normal\600_right.jpg,slit_lamp,0.606762683,1,2.667983823,3,4.704254117,5,2.561173673,3
601_right.jpg,data\raw\slit_lamp\dataset_02\normal\601_right.jpg,slit_lamp,1.508539956,2,2.511833217,3,4.082261675,4,1.951625621,2
602_left.jpg,data\raw\slit_lamp\dataset_02\normal\602_left.jpg,slit_lamp,0.308665386,0,2.281100238,2,4.956654214,5,1.949656004,2
608_right.jpg,data\raw\slit_lamp\dataset_02\normal\608_right.jpg,slit_lamp,3.193301004,3,3.146296683,3,2.049730355,2,2.35001757,2
610_right.jpg,data\raw\slit_lamp\dataset_02\normal\610_right.jpg,slit_lamp,0.545676271,1,2.284400041,2,4.946367548,5,1.867849325,2
616_right.jpg,data\raw\slit_lamp\dataset_02\normal\616_right.jpg,slit_lamp,0.34741702,0,2.726101172,3,4.974793578,5,1.922011053,2
61_left.jpg,data\raw\slit_lamp\dataset_02\normal\61_left.jpg,slit_lamp,1.807317759,2,2.517146873,3,3.795946447,4,2.061712891,2
620_left.jpg,data\raw\slit_lamp\dataset_02\normal\620_left.jpg,slit_lamp,2.492076392,2,1.894852328,2,3.213290592,3,3.34415642,3
627_right.jpg,data\raw\slit_lamp\dataset_02\normal\627_right.jpg,slit_lamp,0.708924091,1,2.231615601,2,4.780096813,5,1.825783911,2
629_right.jpg,data\raw\slit_lamp\dataset_02\normal\629_right.jpg,slit_lamp,1.071886724,1,2.864448506,3,4.915106088,5,2.43577994,2
631_right.jpg,data\raw\slit_lamp\dataset_02\normal\631_right.jpg,slit_lamp,0.656640091,1,2.394420912,2,4.874859567,5,1.649179634,2
637_left.jpg,data\raw\slit_lamp\dataset_02\normal\637_left.jpg,slit_lamp,0.291801141,0,2.108804341,2,4.92655823,5,2.218019439,2
644_left.jpg,data\raw\slit_lamp\dataset_02\normal\644_left.jpg,slit_lamp,2.814099954,3,2.225591307,2,2.403232106,2,2.004740697,2
647_right.jpg,data\raw\slit_lamp\dataset_02\normal\647_right.jpg,slit_lamp,2.511892733,3,2.105079045,2,2.466094222,2,1.790349359,2
65_right.jpg,data\raw\slit_lamp\dataset_02\normal\65_right.jpg,slit_lamp,2.212969686,2,2.370170312,2,3.062123946,3,2.098893166,2
665_left.jpg,data\raw\slit_lamp\dataset_02\normal\665_left.jpg,slit_lamp,0.824532645,1,2.288609101,2,4.550778077,5,1.985409026,2
669_right.jpg,data\raw\slit_lamp\dataset_02\normal\669_right.jpg,slit_lamp,0.114021091,0,1.920512897,2,4.992364064,5,2.720612841,3
673_right.jpg,data\raw\slit_lamp\dataset_02\normal\673_right.jpg,slit_lamp,3.055658872,3,2.676015457,3,2.163846458,2,2.509393374,3
67_right.jpg,data\raw\slit_lamp\dataset_02\normal\67_right.jpg,slit_lamp,2.3767917,2,2.684788104,3,2.862388849,3,2.836391032,3
680_left.jpg,data\raw\slit_lamp\dataset_02\normal\680_left.jpg,slit_lamp,2.027275768,2,2.180410496,2,2.634574262,3,2.373026511,2
685_left.jpg,data\raw\slit_lamp\dataset_02\normal\685_left.jpg,slit_lamp,0.240634089,0,2.57911376,3,4.98447523,5,2.360719651,2
687_left.jpg,data\raw\slit_lamp\dataset_02\normal\687_left.jpg,slit_lamp,1.369108016,1,2.206032078,2,4.214514335,4,1.789469295,2
688_right.jpg,data\raw\slit_lamp\dataset_02\normal\688_right.jpg,slit_lamp,0.787215303,1,2.411322877,2,4.875559953,5,1.947321257,2
691_left.jpg,data\raw\slit_lamp\dataset_02\normal\691_left.jpg,slit_lamp,2.442789771,2,1.932252248,2,2.410968931,2,1.631420367,2
693_right.jpg,data\raw\slit_lamp\dataset_02\normal\693_right.jpg,slit_lamp,2.162711503,2,1.791680097,2,3.463376865,3,1.4265598,1
6_right.jpg,data\raw\slit_lamp\dataset_02\normal\6_right.jpg,slit_lamp,1.342831443,1,2.017875228,2,4.634713428,5,1.652910435,2
701_right.jpg,data\raw\slit_lamp\dataset_02\normal\701_right.jpg,slit_lamp,0.66169837,1,2.123812883,2,4.90470944,5,1.685621911,2
704_right.jpg,data\raw\slit_lamp\dataset_02\normal\704_right.jpg,slit_lamp,0.619029988,1,2.667838551,3,4.979721969,5,2.367843912,2
707_right.jpg,data\raw\slit_lamp\dataset_02\normal\707_right.jpg,slit_lamp,0.403191846,0,2.21200493,2,4.810140939,5,1.729873628,2
709_right.jpg,data\raw\slit_lamp\dataset_02\normal\709_right.jpg,slit_lamp,2.191331368,2,2.063384914,2,2.417083004,2,1.454027764,1
714_left.jpg,data\raw\slit_lamp\dataset_02\normal\714_left.jpg,slit_lamp,0.883721865,1,2.163428445,2,4.73560107,5,1.967475882,2
726_right.jpg,data\raw\slit_lamp\dataset_02\normal\726_right.jpg,slit_lamp,0.44067608,0,1.545272842,2,4.9956155,5,3.462897393,3
727_right.jpg,data\raw\slit_lamp\dataset_02\normal\727_right.jpg,slit_lamp,2.578658666,3,1.977413302,2,2.337994314,2,1.738863794,2
728_right.jpg,data\raw\slit_lamp\dataset_02\normal\728_right.jpg,slit_lamp,2.24367865,2,2.120750811,2,2.60458911,3,2.456533185,2
730_left.jpg,data\raw\slit_lamp\dataset_02\normal\730_left.jpg,slit_lamp,0.425418151,0,2.392884941,2,4.95990757,5,1.906297432,2
732_right.jpg,data\raw\slit_lamp\dataset_02\normal\732_right.jpg,slit_lamp,1.988617823,2,2.258822874,2,3.316406236,3,2.05134606,2
734_left.jpg,data\raw\slit_lamp\dataset_02\normal\734_left.jpg,slit_lamp,0.3170678,0,2.951763524,3,4.938457179,5,1.752090165,2
735_right.jpg,data\raw\slit_lamp\dataset_02\normal\735_right.jpg,slit_lamp,0.402689229,0,1.903492277,2,4.986589455,5,3.465744436,3
741_left.jpg,data\raw\slit_lamp\dataset_02\normal\741_left.jpg,slit_lamp,0.63450698,1,2.41321356,2,4.459703454,4,1.603183466,2
743_left.jpg,data\raw\slit_lamp\dataset_02\normal\743_left.jpg,slit_lamp,2.939126762,3,2.329000113,2,2.14633629,2,2.485328318,2
747_right.jpg,data\raw\slit_lamp\dataset_02\normal\747_right.jpg,slit_lamp,1.305695693,1,1.846211832,2,4.970305031,5,3.445706944,3
748_right.jpg,data\raw\slit_lamp\dataset_02\normal\748_right.jpg,slit_lamp,0.525690127,1,2.526113289,3,4.960116189,5,2.23138094,2
754_left.jpg,data\raw\slit_lamp\dataset_02\normal\754_left.jpg,slit_lamp,1.956857572,2,2.044722656,2,4.384457344,4,1.721728089,2
756_left.jpg,data\raw\slit_lamp\dataset_02\normal\756_left.jpg,slit_lamp,1.335202249,1,2.45063389,2,3.668346294,4,2.025899079,2
758_right.jpg,data\raw\slit_lamp\dataset_02\normal\758_right.jpg,slit_lamp,1.654527335,2,2.333015962,2,3.643475211,4,2.31559503,2
760_right.jpg,data\raw\slit_lamp\dataset_02\normal\760_right.jpg,slit_lamp,0.269341706,0,2.7561831,3,4.925707915,5,1.6140132,2
762_right.jpg,data\raw\slit_lamp\dataset_02\normal\762_right.jpg,slit_lamp,1.982376036,2,2.280987879,2,3.536272546,4,2.898365282,3
764_left.jpg,data\raw\slit_lamp\dataset_02\normal\764_left.jpg,slit_lamp,1.481586301,1,2.360695676,2,3.790800619,4,2.026853382,2
76_left.jpg,data\raw\slit_lamp\dataset_02\normal\76_left.jpg,slit_lamp,2.797338707,3,1.875968684,2,2.252346485,2,2.733579453,3
771_right.jpg,data\raw\slit_lamp\dataset_02\normal\771_right.jpg,slit_lamp,2.222231491,2,2.182327959,2,2.636295131,3,1.847202,2
772_left.jpg,data\raw\slit_lamp\dataset_02\normal\772_left.jpg,slit_lamp,1.815017753,2,2.627046863,3,3.185816211,3,2.310673994,2
777_right.jpg,data\raw\slit_lamp\dataset_02\normal\777_right.jpg,slit_lamp,1.048383384,1,2.669406464,3,4.705929872,5,2.274696069,2
778_left.jpg,data\raw\slit_lamp\dataset_02\normal\778_left.jpg,slit_lamp,1.587746092,2,2.11890105,2,4.270206248,4,2.860420324,3
779_left.jpg,data\raw\slit_lamp\dataset_02\normal\779_left.jpg,slit_lamp,1.28127045,1,2.426252062,2,4.166889987,4,2.422913952,2
784_left.jpg,data\raw\slit_lamp\dataset_02\normal\784_left.jpg,slit_lamp,2.259373574,2,2.071938827,2,3.286032459,3,1.851284589,2
785_left.jpg,data\raw\slit_lamp\dataset_02\normal\785_left.jpg,slit_lamp,2.222077402,2,2.644986552,3,2.513221547,3,1.869843266,2
788_right.jpg,data\raw\slit_lamp\dataset_02\normal\788_right.jpg,slit_lamp,3.186590534,3,3.263715442,3,2.051897925,2,2.517569578,3
792_right.jpg,data\raw\slit_lamp\dataset_02\normal\792_right.jpg,slit_lamp,2.608203013,3,2.55042198,3,2.22208605,2,2.151477184,2
793_right.jpg,data\raw\slit_lamp\dataset_02\normal\793_right.jpg,slit_lamp,1.865326908,2,2.1531465,2,3.761351292,4,2.836020157,3
799_left.jpg,data\raw\slit_lamp\dataset_02\normal\799_left.jpg,slit_lamp,0.654622961,1,2.880653843,3,4.972950679,5,1.916833781,2
79_right.jpg,data\raw\slit_lamp\dataset_02\normal\79_right.jpg,slit_lamp,0.794253534,1,3.033376535,3,4.955892709,5,2.50163598,3
802_left.jpg,data\raw\slit_lamp\dataset_02\normal\802_left.jpg,slit_lamp,2.500966266,3,2.166217413,2,2.547550532,3,1.833272086,2
803_left.jpg,data\raw\slit_lamp\dataset_02\normal\803_left.jpg,slit_lamp,1.004515863,1,2.068435361,2,4.881529299,5,1.700076187,2
804_right.jpg,data\raw\slit_lamp\dataset_02\normal\804_right.jpg,slit_lamp,0.171722353,0,2.085740842,2,4.972666898,5,2.093779169,2
808_right.jpg,data\raw\slit_lamp\dataset_02\normal\808_right.jpg,slit_lamp,3.248206394,3,3.296083074,3,2.001416009,2,3.055500038,3
80_left.jpg,data\raw\slit_lamp\dataset_02\normal\80_left.jpg,slit_lamp,3.141206207,3,2.074350509,2,2.058969616,2,3.376683238,3
810_left.jpg,data\raw\slit_lamp\dataset_02\normal\810_left.jpg,slit_lamp,1.93195683,2,2.391113723,2,3.66912556,4,2.044640123,2
811_left.jpg,data\raw\slit_lamp\dataset_02\normal\811_left.jpg,slit_lamp,2.451553148,2,2.408832344,2,2.863605323,3,2.203636059,2
813_right.jpg,data\raw\slit_lamp\dataset_02\normal\813_right.jpg,slit_lamp,1.832049668,2,2.526088852,3,3.381681831,3,2.11537035,2
817_right.jpg,data\raw\slit_lamp\dataset_02\normal\817_right.jpg,slit_lamp,3.161006377,3,3.200975387,3,2.102423776,2,2.525235154,3
828_right.jpg,data\raw\slit_lamp\dataset_02\normal\828_right.jpg,slit_lamp,0.180470838,0,2.144129554,2,4.992495931,5,2.584939595,3
830_left.jpg,data\raw\slit_lamp\dataset_02\normal\830_left.jpg,slit_lamp,0.334452572,0,2.439239529,2,4.847302036,5,1.975833486,2
831_left.jpg,data\raw\slit_lamp\dataset_02\normal\831_left.jpg,slit_lamp,0.526494616,1,2.765196134,3,4.790194723,5,2.050903146,2
837_left.jpg,data\raw\slit_lamp\dataset_02\normal\837_left.jpg,slit_lamp,2.00810244,2,1.955443987,2,3.293221147,3,1.739385732,2
840_right.jpg,data\raw\slit_lamp\dataset_02\normal\840_right.jpg,slit_lamp,2.422068301,2,2.47951331,2,2.876869857,3,2.402527928,2
842_left.jpg,data\raw\slit_lamp\dataset_02\normal\842_left.jpg,slit_lamp,2.507964021,3,2.573586274,3,2.781991093,3,2.905647725,3
843_left.jpg,data\raw\slit_lamp\dataset_02\normal\843_left.jpg,slit_lamp,0.971629786,1,2.506162038,3,4.904370989,5,2.250285269,2
855_right.jpg,data\raw\slit_lamp\dataset_02\normal\855_right.jpg,slit_lamp,0.238919026,0,2.442464308,2,4.949518719,5,1.701919773,2
856_left.jpg,data\raw\slit_lamp\dataset_02\normal\856_left.jpg,slit_lamp,2.136055321,2,2.271187192,2,3.157297591,3,1.889456373,2
858_left.jpg,data\raw\slit_lamp\dataset_02\normal\858_left.jpg,slit_lamp,1.906709912,2,2.004884051,2,3.206675678,3,1.728819009,2
859_right.jpg,data\raw\slit_lamp\dataset_02\normal\859_right.jpg,slit_lamp,2.227371784,2,2.240560281,2,3.384286831,3,2.42602983,2
863_right.jpg,data\raw\slit_lamp\dataset_02\normal\863_right.jpg,slit_lamp,0.679314013,1,2.775861472,3,4.974068992,5,2.002445792,2
869_right.jpg,data\raw\slit_lamp\dataset_02\normal\869_right.jpg,slit_lamp,0.246734778,0,2.532506599,3,4.98557792,5,2.410655233,2
874_left.jpg,data\raw\slit_lamp\dataset_02\normal\874_left.jpg,slit_lamp,2.646620316,3,2.272717559,2,2.44093517,2,2.098386079,2
878_left.jpg,data\raw\slit_lamp\dataset_02\normal\878_left.jpg,slit_lamp,1.30401904,1,2.196572885,2,4.601750201,5,1.853693286,2
881_left.jpg,data\raw\slit_lamp\dataset_02\normal\881_left.jpg,slit_lamp,1.908298346,2,2.088949498,2,3.76492737,4,1.791086196,2
887_left.jpg,data\raw\slit_lamp\dataset_02\normal\887_left.jpg,slit_lamp,0.410186416,0,2.221660033,2,4.977646373,5,2.345837783,2
887_right.jpg,data\raw\slit_lamp\dataset_02\normal\887_right.jpg,slit_lamp,0.399325423,0,2.29140014,2,4.978318514,5,2.307487362,2
889_left.jpg,data\raw\slit_lamp\dataset_02\normal\889_left.jpg,slit_lamp,2.068953932,2,2.807163828,3,3.435465159,3,2.31184964,2
88_right.jpg,data\raw\slit_lamp\dataset_02\normal\88_right.jpg,slit_lamp,1.649331171,2,2.584050684,3,4.123425262,4,2.258232182,2
892_right.jpg,data\raw\slit_lamp\dataset_02\normal\892_right.jpg,slit_lamp,1.54340718,2,2.130438868,2,3.987327299,4,1.848602442,2
896_right.jpg,data\raw\slit_lamp\dataset_02\normal\896_right.jpg,slit_lamp,2.613315043,3,2.883341641,3,2.617389416,3,2.737306913,3
89_right.jpg,data\raw\slit_lamp\dataset_02\normal\89_right.jpg,slit_lamp,3.179747954,3,3.184239512,3,2.059437854,2,2.487142684,2
902_left.jpg,data\raw\slit_lamp\dataset_02\normal\902_left.jpg,slit_lamp,2.661552093,3,2.454718579,2,2.369956156,2,2.07973628,2
903_left.jpg,data\raw\slit_lamp\dataset_02\normal\903_left.jpg,slit_lamp,2.102255973,2,2.695153776,3,3.435643266,3,1.991370583,2
907_left.jpg,data\raw\slit_lamp\dataset_02\normal\907_left.jpg,slit_lamp,2.588846968,3,1.698083736,2,2.85213954,3,2.861849806,3
912_left.jpg,data\raw\slit_lamp\dataset_02\normal\912_left.jpg,slit_lamp,2.209763808,2,2.449813019,2,2.579309859,3,2.592641621,3
918_left.jpg,data\raw\slit_lamp\dataset_02\normal\918_left.jpg,slit_lamp,0.216575545,0,2.303071872,2,4.98260826,5,2.049705599,2
923_left.jpg,data\raw\slit_lamp\dataset_02\normal\923_left.jpg,slit_lamp,0.913578143,1,2.759206344,3,4.97471126,5,2.469629811,2
924_right.jpg,data\raw\slit_lamp\dataset_02\normal\924_right.jpg,slit_lamp,2.746623756,3,2.143495264,2,2.20038736,2,1.477284171,1
92_left.jpg,data\raw\slit_lamp\dataset_02\normal\92_left.jpg,slit_lamp,2.153132461,2,2.100649709,2,2.765886373,3,2.869201439,3
931_left.jpg,data\raw\slit_lamp\dataset_02\normal\931_left.jpg,slit_lamp,2.886542389,3,2.54098238,3,2.181043159,2,2.35733296,2
933_right.jpg,data\raw\slit_lamp\dataset_02\normal\933_right.jpg,slit_lamp,0.486965262,0,2.568201081,3,4.984890149,5,2.236846176,2
934_left.jpg,data\raw\slit_lamp\dataset_02\normal\934_left.jpg,slit_lamp,0.233249006,0,1.970993383,2,4.984122259,5,2.12357197,2
93_right.jpg,data\raw\slit_lamp\dataset_02\normal\93_right.jpg,slit_lamp,1.096377033,1,2.223451111,2,4.225370012,4,2.704066573,3
940_right.jpg,data\raw\slit_lamp\dataset_02\normal\940_right.jpg,slit_lamp,0.588918746,1,2.561698113,3,4.978527084,5,2.36352811,2
949_left.jpg,data\raw\slit_lamp\dataset_02\normal\949_left.jpg,slit_lamp,0.441035946,0,2.198293444,2,4.879691375,5,1.792798547,2
949_right.jpg,data\raw\slit_lamp\dataset_02\normal\949_right.jpg,slit_lamp,2.408526101,2,2.226639853,2,4.794450323,5,2.033327825,2
951_right.jpg,data\raw\slit_lamp\dataset_02\normal\951_right.jpg,slit_lamp,1.41607787,1,2.399604269,2,4.351613987,4,1.964580044,2
954_right.jpg,data\raw\slit_lamp\dataset_02\normal\954_right.jpg,slit_lamp,2.616526266,3,1.691284772,2,2.451132595,2,3.326429458,3
957_left.jpg,data\raw\slit_lamp\dataset_02\normal\957_left.jpg,slit_lamp,1.931254874,2,2.404644069,2,3.853029797,4,1.998723068,2
970_left.jpg,data\raw\slit_lamp\dataset_02\normal\970_left.jpg,slit_lamp,3.170773217,3,1.487382699,1,2.080242911,2,3.660473132,4
972_left.jpg,data\raw\slit_lamp\dataset_02\normal\972_left.jpg,slit_lamp,2.322463811,2,2.538239024,3,3.202890886,3,2.211968514,2
975_right.jpg,data\raw\slit_lamp\dataset_02\normal\975_right.jpg,slit_lamp,0.26073638,0,2.725030484,3,4.937573635,5,2.121131577,2
978_left.jpg,data\raw\slit_lamp\dataset_02\normal\978_left.jpg,slit_lamp,1.206539546,1,1.950242427,2,4.52243822,5,1.578750168,2
987_left.jpg,data\raw\slit_lamp\dataset_02\normal\987_left.jpg,slit_lamp,2.357790115,2,2.039785722,2,2.830836297,3,1.588562449,2
989_right.jpg,data\raw\slit_lamp\dataset_02\normal\989_right.jpg,slit_lamp,0.113580219,0,2.55298717,3,4.988449992,5,2.44759729,2
98_left.jpg,data\raw\slit_lamp\dataset_02\normal\98_left.jpg,slit_lamp,0.383337349,0,2.298699331,2,4.86685609,5,2.038404581,2
990_right.jpg,data\raw\slit_lamp\dataset_02\normal\990_right.jpg,slit_lamp,0.315250722,0,2.556458707,3,4.981006033,5,2.372000442,2
994_left.jpg,data\raw\slit_lamp\dataset_02\normal\994_left.jpg,slit_lamp,0.997272374,1,2.964720608,3,4.947574877,5,2.14140062,2
9_right.jpg,data\raw\slit_lamp\dataset_02\normal\9_right.jpg,slit_lamp,0.224893795,0,2.674704241,3,4.979637893,5,1.989591436,2
1020_left.jpg,data\raw\slit_lamp\dataset_03\train\mild\1020_left.jpg,slit_lamp,3.162548522,3,2.930708177,3,2.129739212,2,2.465785679,2
1209_left.jpg,data\raw\slit_lamp\dataset_03\train\mild\1209_left.jpg,slit_lamp,3.240468643,3,3.891398378,4,1.919557008,2,3.239137013,3
1210_left.jpg,data\raw\slit_lamp\dataset_03\train\mild\1210_left.jpg,slit_lamp,2.458921699,2,2.790077809,3,2.068280864,2,2.780028841,3
1210_right.jpg,data\raw\slit_lamp\dataset_03\train\mild\1210_right.jpg,slit_lamp,2.539125507,3,2.919921393,3,2.126738734,2,3.104415578,3
1211_right.jpg,data\raw\slit_lamp\dataset_03\train\mild\1211_right.jpg,slit_lamp,3.298655681,3,3.380338594,3,1.98357358,2,2.694126952,3
1212_left.jpg,data\raw\slit_lamp\dataset_03\train\mild\1212_left.jpg,slit_lamp,3.227892713,3,2.686286013,3,2.084612604,2,2.634806006,3
1212_right.jpg,data\raw\slit_lamp\dataset_03\train\mild\1212_right.jpg,slit_lamp,3.332272636,3,3.398819769,3,1.9260637,2,2.831947259,3
1213_left.jpg,data\raw\slit_lamp\dataset_03\train\mild\1213_left.jpg,slit_lamp,3.105339489,3,2.74459122,3,2.120141564,2,2.954406625,3
1213_right.jpg,data\raw\slit_lamp\dataset_03\train\mild\1213_right.jpg,slit_lamp,3.001249898,3,2.658439753,3,2.202058398,2,2.812095336,3
1214_right.jpg,data\raw\slit_lamp\dataset_03\train\mild\1214_right.jpg,slit_lamp,2.80140025,3,2.396456639,2,2.122539913,2,2.802437382,3
1215_left.jpg,data\raw\slit_lamp\dataset_03\train\mild\1215_left.jpg,slit_lamp,1.065815648,1,1.512259349,2,2.122899727,2,2.116549754,2
1216_left.jpg,data\raw\slit_lamp\dataset_03\train\mild\1216_left.jpg,slit_lamp,2.870315983,3,2.697432132,3,2.12553885,2,2.833815157,3
1216_right.jpg,data\raw\slit_lamp\dataset_03\train\mild\1216_right.jpg,slit_lamp,3.049043725,3,2.642131131,3,2.14547936,2,2.731748418,3
1217_left.jpg,data\raw\slit_lamp\dataset_03\train\mild\1217_left.jpg,slit_lamp,2.433268601,2,2.064403186,2,2.121940259,2,2.657238242,3
1220_left.jpg,data\raw\slit_lamp\dataset_03\train\mild\1220_left.jpg,slit_lamp,2.600529496,3,2.801350872,3,2.177648076,2,2.603994582,3
1220_right.jpg,data\raw\slit_lamp\dataset_03\train\mild\1220_right.jpg,slit_lamp,2.5310841,3,2.775784984,3,2.228709457,2,2.621338388,3
1221_right.jpg,data\raw\slit_lamp\dataset_03\train\mild\1221_right.jpg,slit_lamp,3.286603681,3,3.820715126,4,2.080675289,2,3.080560931,3
1222_left.jpg,data\raw\slit_lamp\dataset_03\train\mild\1222_left.jpg,slit_lamp,3.269482155,3,3.121459098,3,2.048068035,2,3.022357468,3
1222_right.jpg,data\raw\slit_lamp\dataset_03\train\mild\1222_right.jpg,slit_lamp,3.317968278,3,3.570885005,4,1.954742903,2,2.845484792,3
1225_right.jpg,data\raw\slit_lamp\dataset_03\train\mild\1225_right.jpg,slit_lamp,2.93222236,3,4.06168758,4,2.023656687,2,2.263368732,2
1226_left.jpg,data\raw\slit_lamp\dataset_03\train\mild\1226_left.jpg,slit_lamp,2.859012812,3,2.099666025,2,2.066494995,2,2.771481118,3
1226_right.jpg,data\raw\slit_lamp\dataset_03\train\mild\1226_right.jpg,slit_lamp,3.089326123,3,2.627895259,3,2.066375953,2,3.195425408,3
1227_left.jpg,data\raw\slit_lamp\dataset_03\train\mild\1227_left.jpg,slit_lamp,3.087978873,3,2.588832225,3,2.208593905,2,2.589675924,3
1228_left.jpg,data\raw\slit_lamp\dataset_03\train\mild\1228_left.jpg,slit_lamp,1.638639602,2,1.672433899,2,2.12265985,2,2.268600158,2
1229_left.jpg,data\raw\slit_lamp\dataset_03\train\mild\1229_left.jpg,slit_lamp,2.485257495,2,2.972249624,3,2.120021665,2,2.905335173,3
1229_right.jpg,data\raw\slit_lamp\dataset_03\train\mild\1229_right.jpg,slit_lamp,2.64218985,3,3.605698712,4,2.139348033,2,2.849404136,3
1230_left.jpg,data\raw\slit_lamp\dataset_03\train\mild\1230_left.jpg,slit_lamp,2.988870293,3,2.418912474,2,2.143675573,2,2.685153881,3
1230_right.jpg,data\raw\slit_lamp\dataset_03\train\mild\1230_right.jpg,slit_lamp,2.786011924,3,2.322383208,2,2.128298846,2,2.690748617,3
1231_left.jpg,data\raw\slit_lamp\dataset_03\train\mild\1231_left.jpg,slit_lamp,2.895529212,3,2.414629156,2,2.145719893,2,2.65373151,3
1231_right.jpg,data\raw\slit_lamp\dataset_03\train\mild\1231_right.jpg,slit_lamp,2.669869994,3,2.251170308,2,2.125058946,2,2.636513572,3
1232_right.jpg,data\raw\slit_lamp\dataset_03\train\mild\1232_right.jpg,slit_lamp,3.194623126,3,3.982361922,4,2.148125595,2,2.593581015,3
1234_right.jpg,data\raw\slit_lamp\dataset_03\train\mild\1234_right.jpg,slit_lamp,3.155167302,3,3.000070655,3,2.259313524,2,2.594261576,3
1237_left.jpg,data\raw\slit_lamp\dataset_03\train\mild\1237_left.jpg,slit_lamp,2.848998539,3,2.155756839,2,2.224950157,2,3.057980778,3
1239_left.jpg,data\raw\slit_lamp\dataset_03\train\mild\1239_left.jpg,slit_lamp,2.029124555,2,2.267975269,2,2.126258759,2,2.422502878,2
1241_left.jpg,data\raw\slit_lamp\dataset_03\train\mild\1241_left.jpg,slit_lamp,2.453708225,2,2.654119995,3,2.121820334,2,2.643454938,3
1241_right.jpg,data\raw\slit_lamp\dataset_03\train\mild\1241_right.jpg,slit_lamp,2.745591559,3,2.774822113,3,2.12637875,2,2.686425188,3
1243_right.jpg,data\raw\slit_lamp\dataset_03\train\mild\1243_right.jpg,slit_lamp,2.801621046,3,2.023845638,2,2.123259557,2,2.368483889,2
1246_left.jpg,data\raw\slit_lamp\dataset_03\train\mild\1246_left.jpg,slit_lamp,3.30850231,3,2.72672637,3,1.991451132,2,3.164974659,3
1247_left.jpg,data\raw\slit_lamp\dataset_03\train\mild\1247_left.jpg,slit_lamp,2.82190313,3,2.366502544,2,2.11906254,2,2.656450464,3
1251_left.jpg,data\raw\slit_lamp\dataset_03\train\mild\1251_left.jpg,slit_lamp,1.992632183,2,2.151961575,2,2.123979265,2,2.012916822,2
1255_left.jpg,data\raw\slit_lamp\dataset_03\train\mild\1255_left.jpg,slit_lamp,2.140616287,2,1.86418918,2,4.102555847,4,2.288558358,2
1255_right.jpg,data\raw\slit_lamp\dataset_03\train\mild\1255_right.jpg,slit_lamp,2.828011042,3,2.151509422,2,2.193109055,2,3.006480926,3
1256_right.jpg,data\raw\slit_lamp\dataset_03\train\mild\1256_right.jpg,slit_lamp,1.241306628,1,1.628788214,2,2.121100818,2,2.444431637,2
1258_left.jpg,data\raw\slit_lamp\dataset_03\train\mild\1258_left.jpg,slit_lamp,3.192084659,3,2.579593691,3,2.101698558,2,2.642832656,3
1258_right.jpg,data\raw\slit_lamp\dataset_03\train\mild\1258_right.jpg,slit_lamp,3.039762895,3,2.33149532,2,2.075190484,2,2.793575946,3
1259_left.jpg,data\raw\slit_lamp\dataset_03\train\mild\1259_left.jpg,slit_lamp,2.56859667,3,2.404156627,2,2.102775194,2,1.867407274,2
1259_right.jpg,data\raw\slit_lamp\dataset_03\train\mild\1259_right.jpg,slit_lamp,2.853447885,3,2.382285463,2,2.125418871,2,2.72394887,3
1260_right.jpg,data\raw\slit_lamp\dataset_03\train\mild\1260_right.jpg,slit_lamp,3.326580201,3,3.77180032,4,1.916190728,2,3.015962234,3
1261_right.jpg,data\raw\slit_lamp\dataset_03\train\mild\1261_right.jpg,slit_lamp,2.974548399,3,2.164523414,2,2.054838618,2,2.787360354,3
1265_left.jpg,data\raw\slit_lamp\dataset_03\train\mild\1265_left.jpg,slit_lamp,2.87965079,3,1.846103427,2,2.063400569,2,3.115562345,3
1265_right.jpg,data\raw\slit_lamp\dataset_03\train\mild\1265_right.jpg,slit_lamp,2.749820218,3,1.923214762,2,2.062686667,2,3.105737319,3
1266_right.jpg,data\raw\slit_lamp\dataset_03\train\mild\1266_right.jpg,slit_lamp,2.933139383,3,2.604740925,3,2.126978732,2,2.782441923,3
1267_left.jpg,data\raw\slit_lamp\dataset_03\train\mild\1267_left.jpg,slit_lamp,1.976387973,2,1.434041367,1,2.062210773,2,3.172126098,3
1267_right.jpg,data\raw\slit_lamp\dataset_03\train\mild\1267_right.jpg,slit_lamp,1.569153949,2,1.382444073,1,2.071139199,2,2.771616862,3
1268_left.jpg,data\raw\slit_lamp\dataset_03\train\mild\1268_left.jpg,slit_lamp,1.902502383,2,1.735364406,2,2.06102118,2,2.674014547,3
1268_right.jpg,data\raw\slit_lamp\dataset_03\train\mild\1268_right.jpg,slit_lamp,2.173075351,2,2.26494547,2,2.075786455,2,3.075952329,3
1269_left.jpg,data\raw\slit_lamp\dataset_03\train\mild\1269_left.jpg,slit_lamp,2.588238261,3,2.094510218,2,2.15438352,2,2.335644864,2
1270_left.jpg,data\raw\slit_lamp\dataset_03\train\mild\1270_left.jpg,slit_lamp,2.729501934,3,2.38043559,2,2.171374139,2,2.523207475,3
1271_left.jpg,data\raw\slit_lamp\dataset_03\train\mild\1271_left.jpg,slit_lamp,2.991512441,3,2.423997205,2,2.065304669,2,3.250398416,3
1271_right.jpg,data\raw\slit_lamp\dataset_03\train\mild\1271_right.jpg,slit_lamp,1.914555125,2,1.601986295,2,2.076620899,2,3.147336213,3
1272_left.jpg,data\raw\slit_lamp\dataset_03\train\mild\1272_left.jpg,slit_lamp,3.17889349,3,2.67310282,3,2.045456654,2,2.655991523,3
1272_right.jpg,data\raw\slit_lamp\dataset_03\train\mild\1272_right.jpg,slit_lamp,2.917056848,3,2.225567653,2,2.115227189,2,2.615202794,3
1276_left.jpg,data\raw\slit_lamp\dataset_03\train\mild\1276_left.jpg,slit_lamp,3.301817492,3,4.925109746,5,1.954392229,2,2.843286668,3
1276_right.jpg,data\raw\slit_lamp\dataset_03\train\mild\1276_right.jpg,slit_lamp,3.06997343,3,4.321236003,4,2.124819004,2,2.612027584,3
1277_left.jpg,data\raw\slit_lamp\dataset_03\train\mild\1277_left.jpg,slit_lamp,3.181645617,3,2.706122537,3,2.11426864,2,2.5238293,3
1277_right.jpg,data\raw\slit_lamp\dataset_03\train\mild\1277_right.jpg,slit_lamp,2.807666323,3,2.285308749,2,2.123379504,2,2.534895618,3
1279_left.jpg,data\raw\slit_lamp\dataset_03\train\mild\1279_left.jpg,slit_lamp,3.223592287,3,2.832047853,3,2.04343947,2,2.673250695,3
1279_right.jpg,data\raw\slit_lamp\dataset_03\train\mild\1279_right.jpg,slit_lamp,3.225179357,3,2.717757021,3,2.116066014,2,2.902027968,3
1280_left.jpg,data\raw\slit_lamp\dataset_03\train\mild\1280_left.jpg,slit_lamp,3.260268763,3,2.662173302,3,2.02708766,2,2.548055489,3
1281_left.jpg,data\raw\slit_lamp\dataset_03\train\mild\1281_left.jpg,slit_lamp,3.041867411,3,2.24366787,2,2.082822651,2,3.117330992,3
1281_right.jpg,data\raw\slit_lamp\dataset_03\train\mild\1281_right.jpg,slit_lamp,2.769684812,3,1.979042046,2,2.087955019,2,2.97914023,3
1282_left.jpg,data\raw\slit_lamp\dataset_03\train\mild\1282_left.jpg,slit_lamp,2.751335744,3,2.871344494,3,2.130699596,2,2.846158394,3
1282_right.jpg,data\raw\slit_lamp\dataset_03\train\mild\1282_right.jpg,slit_lamp,2.494024825,2,2.312434175,2,2.121820334,2,2.678120361,3
1284_left.jpg,data\raw\slit_lamp\dataset_03\train\mild\1284_left.jpg,slit_lamp,2.619770098,3,2.459278663,2,2.118702897,2,2.690675585,3
1284_right.jpg,data\raw\slit_lamp\dataset_03\train\mild\1284_right.jpg,slit_lamp,2.979665345,3,2.564342702,3,2.118702897,2,2.794521226,3
1286_left.jpg,data\raw\slit_lamp\dataset_03\train\mild\1286_left.jpg,slit_lamp,2.628606788,3,1.854479406,2,2.147283523,2,3.132988625,3
1286_right.jpg,data\raw\slit_lamp\dataset_03\train\mild\1286_right.jpg,slit_lamp,2.661572746,3,1.865879598,2,2.131900233,2,3.207862279,3
1287_left.jpg,data\raw\slit_lamp\dataset_03\train\mild\1287_left.jpg,slit_lamp,3.179208401,3,3.220373912,3,2.11930231,2,2.904785541,3
1287_right.jpg,data\raw\slit_lamp\dataset_03\train\mild\1287_right.jpg,slit_lamp,2.694762237,3,2.88927178,3,2.140549907,2,2.547230429,3
1288_right.jpg,data\raw\slit_lamp\dataset_03\train\mild\1288_right.jpg,slit_lamp,2.890456704,3,3.325814204,3,2.158357192,2,2.616673209,3
1289_right.jpg,data\raw\slit_lamp\dataset_03\train\mild\1289_right.jpg,slit_lamp,3.211972911,3,2.716385449,3,2.045100636,2,2.609694469,3
1290_left.jpg,data\raw\slit_lamp\dataset_03\train\mild\1290_left.jpg,slit_lamp,1.641028135,2,1.650180052,2,2.146561813,2,2.21241542,2
1290_right.jpg,data\raw\slit_lamp\dataset_03\train\mild\1290_right.jpg,slit_lamp,1.591711549,2,1.704411639,2,2.138266491,2,2.225473772,2
1291_right.jpg,data\raw\slit_lamp\dataset_03\train\mild\1291_right.jpg,slit_lamp,2.904696981,3,2.264274646,2,2.073879522,2,2.689915987,3
1294_left.jpg,data\raw\slit_lamp\dataset_03\train\mild\1294_left.jpg,slit_lamp,2.849443762,3,3.749651112,4,2.131780161,2,2.588803672,3
1294_right.jpg,data\raw\slit_lamp\dataset_03\train\mild\1294_right.jpg,slit_lamp,2.789726616,3,3.905418833,4,2.148967747,2,2.689562757,3
1297_left.jpg,data\raw\slit_lamp\dataset_03\train\mild\1297_left.jpg,slit_lamp,2.423943755,2,2.029970222,2,2.150050635,2,2.405918029,2
1301_left.jpg,data\raw\slit_lamp\dataset_03\train\mild\1301_left.jpg,slit_lamp,3.203487625,3,2.865665998,3,2.043320831,2,2.948061966,3
1301_right.jpg,data\raw\slit_lamp\dataset_03\train\mild\1301_right.jpg,slit_lamp,3.16120488,3,2.748976218,3,2.129619172,2,2.907142028,3
1302_left.jpg,data\raw\slit_lamp\dataset_03\train\mild\1302_left.jpg,slit_lamp,2.360100034,2,2.358509136,2,2.11930231,2,2.420218695,2
1302_right.jpg,data\raw\slit_lamp\dataset_03\train\mild\1302_right.jpg,slit_lamp,2.453360048,2,2.322370715,2,2.119901768,2,2.627924081,3
1306_left.jpg,data\raw\slit_lamp\dataset_03\train\mild\1306_left.jpg,slit_lamp,2.588341019,3,1.87873309,2,2.122779788,2,2.333329525,2
1306_right.jpg,data\raw\slit_lamp\dataset_03\train\mild\1306_right.jpg,slit_lamp,2.284657689,2,1.836396175,2,2.12170041,2,2.441777944,2
1307_left.jpg,data\raw\slit_lamp\dataset_03\train\mild\1307_left.jpg,slit_lamp,2.887046832,3,4.986117669,5,2.129018998,2,2.77187146,3
1307_right.jpg,data\raw\slit_lamp\dataset_03\train\mild\1307_right.jpg,slit_lamp,2.949623706,3,4.967703373,5,2.124459105,2,2.933822823,3
1309_left.jpg,data\raw\slit_lamp\dataset_03\train\mild\1309_left.jpg,slit_lamp,1.641372464,2,1.681419083,2,2.138747159,2,2.233400611,2
1309_right.jpg,data\raw\slit_lamp\dataset_03\train\mild\1309_right.jpg,slit_lamp,0.974502837,1,1.50511976,2,2.120021665,2,2.068894601,2
1314_left.jpg,data\raw\slit_lamp\dataset_03\train\mild\1314_left.jpg,slit_lamp,2.232326216,2,1.819357677,2,2.121100818,2,2.331234333,2
1314_right.jpg,data\raw\slit_lamp\dataset_03\train\mild\1314_right.jpg,slit_lamp,2.056801504,2,1.68196356,2,2.122060186,2,2.104561795,2
1318_left.jpg,data\raw\slit_lamp\dataset_03\train\mild\1318_left.jpg,slit_lamp,3.065854945,3,3.311504176,3,2.143555334,2,2.585542557,3
1318_right.jpg,data\raw\slit_lamp\dataset_03\train\mild\1318_right.jpg,slit_lamp,3.283146271,3,3.005816796,3,2.122779788,2,3.037852734,3
1319_right.jpg,data\raw\slit_lamp\dataset_03\train\mild\1319_right.jpg,slit_lamp,3.067685984,3,2.670576689,3,2.050680436,2,3.349277266,3
1325_right.jpg,data\raw\slit_lamp\dataset_03\train\mild\1325_right.jpg,slit_lamp,2.425827337,2,2.906365644,3,2.096915349,2,2.939207764,3
1327_left.jpg,data\raw\slit_lamp\dataset_03\train\mild\1327_left.jpg,slit_lamp,2.118822221,2,1.930248992,2,2.120261464,2,2.498725208,2
1327_right.jpg,data\raw\slit_lamp\dataset_03\train\mild\1327_right.jpg,slit_lamp,2.658507829,3,2.19201116,2,2.122180116,2,2.520116641,3
1330_left.jpg,data\raw\slit_lamp\dataset_03\train\mild\1330_left.jpg,slit_lamp,3.16466014,3,2.605773257,3,2.146080706,2,2.807666848,3
1330_right.jpg,data\raw\slit_lamp\dataset_03\train\mild\1330_right.jpg,slit_lamp,3.088836514,3,2.506921661,3,2.125778813,2,2.954256283,3
1334_right.jpg,data\raw\slit_lamp\dataset_03\train\mild\1334_right.jpg,slit_lamp,2.778857639,3,2.709449364,3,2.13021939,2,2.67559836,3
1344_left.jpg,data\raw\slit_lamp\dataset_03\train\mild\1344_left.jpg,slit_lamp,3.249970738,3,3.825838296,4,2.078051599,2,3.1006397,3
1345_left.jpg,data\raw\slit_lamp\dataset_03\train\mild\1345_left.jpg,slit_lamp,3.154122587,3,3.587237176,4,2.14139132,2,2.841637753,3
1345_right.jpg,data\raw\slit_lamp\dataset_03\train\mild\1345_right.jpg,slit_lamp,3.118436393,3,3.232640417,3,2.153420473,2,2.701744458,3
1351_left.jpg,data\raw\slit_lamp\dataset_03\train\mild\1351_left.jpg,slit_lamp,3.000286636,3,3.045090649,3,2.164863353,2,2.900656597,3
1351_right.jpg,data\raw\slit_lamp\dataset_03\train\mild\1351_right.jpg,slit_lamp,3.100609965,3,3.029087815,3,2.134662355,2,2.825677555,3
1352_right.jpg,data\raw\slit_lamp\dataset_03\train\mild\1352_right.jpg,slit_lamp,2.71087988,3,3.777805928,4,2.130099343,2,2.945358961,3
1353_left.jpg,data\raw\slit_lamp\dataset_03\train\mild\1353_left.jpg,slit_lamp,2.642221882,3,3.245659152,3,2.123619403,2,2.828248487,3
1353_right.jpg,data\raw\slit_lamp\dataset_03\train\mild\1353_right.jpg,slit_lamp,2.609425501,3,2.998910342,3,2.125778813,2,2.64309684,3
1365_right.jpg,data\raw\slit_lamp\dataset_03\train\mild\1365_right.jpg,slit_lamp,2.953544861,3,2.357802297,2,2.107562067,2,2.538564949,3
1369_left.jpg,data\raw\slit_lamp\dataset_03\train\mild\1369_left.jpg,slit_lamp,3.298000622,3,3.206228729,3,1.912710725,2,2.951258412,3
1371_right.jpg,data\raw\slit_lamp\dataset_03\train\mild\1371_right.jpg,slit_lamp,3.147716669,3,2.622936019,3,2.051987018,2,3.272228206,3
1374_left.jpg,data\raw\slit_lamp\dataset_03\train\mild\1374_left.jpg,slit_lamp,3.210303252,3,3.433079056,3,2.20980463,2,2.971636143,3
1377_right.jpg,data\raw\slit_lamp\dataset_03\train\mild\1377_right.jpg,slit_lamp,2.983914927,3,4.576068244,5,2.121820334,2,2.998363212,3
1378_right.jpg,data\raw\slit_lamp\dataset_03\train\mild\1378_right.jpg,slit_lamp,2.939608799,3,2.49523289,2,2.123979265,2,2.702855516,3
1386_right.jpg,data\raw\slit_lamp\dataset_03\train\mild\1386_right.jpg,slit_lamp,3.29061559,3,2.788372544,3,2.129018998,2,2.754405657,3
1388_right.jpg,data\raw\slit_lamp\dataset_03\train\mild\1388_right.jpg,slit_lamp,2.325736997,2,2.44585794,2,2.180907332,2,2.601594796,3
1389_right.jpg,data\raw\slit_lamp\dataset_03\train\mild\1389_right.jpg,slit_lamp,2.3887752,2,3.531159864,4,2.240601785,2,2.479804081,2
1392_left.jpg,data\raw\slit_lamp\dataset_03\train\mild\1392_left.jpg,slit_lamp,2.66112663,3,3.626637156,4,2.10672415,2,2.519906003,3
1393_right.jpg,data\raw\slit_lamp\dataset_03\train\mild\1393_right.jpg,slit_lamp,1.145940987,1,2.183390104,2,2.213558753,2,1.801429025,2
1396_left.jpg,data\raw\slit_lamp\dataset_03\train\mild\1396_left.jpg,slit_lamp,3.185271382,3,3.256594048,3,2.123859309,2,3.103680847,3
1397_left.jpg,data\raw\slit_lamp\dataset_03\train\mild\1397_left.jpg,slit_lamp,2.41839644,2,2.237718428,2,2.119422198,2,2.303486605,2
1402_left.jpg,data\raw\slit_lamp\dataset_03\train\mild\1402_left.jpg,slit_lamp,2.852027768,3,2.532479904,3,2.120141564,2,2.707892973,3
1406_left.jpg,data\raw\slit_lamp\dataset_03\train\mild\1406_left.jpg,slit_lamp,3.253907937,3,2.687197908,3,2.049849107,2,2.803879632,3
1408_right.jpg,data\raw\slit_lamp\dataset_03\train\mild\1408_right.jpg,slit_lamp,2.567574059,3,3.753357879,4,2.12457907,2,2.674591333,3
1409_right.jpg,data\raw\slit_lamp\dataset_03\train\mild\1409_right.jpg,slit_lamp,1.36581496,1,4.364174338,4,2.173666055,2,2.554139404,3
1411_left.jpg,data\raw\slit_lamp\dataset_03\train\mild\1411_left.jpg,slit_lamp,3.208975535,3,3.999586671,4,2.067447402,2,2.859526252,3
1411_right.jpg,data\raw\slit_lamp\dataset_03\train\mild\1411_right.jpg,slit_lamp,3.194781521,3,3.201378424,3,2.125778813,2,2.977915264,3
1412_right.jpg,data\raw\slit_lamp\dataset_03\train\mild\1412_right.jpg,slit_lamp,3.075983079,3,2.318565991,2,2.050917978,2,3.302328999,3
1413_right.jpg,data\raw\slit_lamp\dataset_03\train\mild\1413_right.jpg,slit_lamp,2.859454617,3,3.880846663,4,2.124339143,2,2.906553696,3
1414_left.jpg,data\raw\slit_lamp\dataset_03\train\mild\1414_left.jpg,slit_lamp,3.092837247,3,2.696312049,3,2.068280864,2,3.181190154,3
1416_right.jpg,data\raw\slit_lamp\dataset_03\train\mild\1416_right.jpg,slit_lamp,2.611670582,3,3.222599531,3,2.082464713,2,2.022596069,2
1417_right.jpg,data\raw\slit_lamp\dataset_03\train\mild\1417_right.jpg,slit_lamp,3.005926549,3,2.330429491,2,2.123859309,2,2.677706736,3
1418_left.jpg,data\raw\slit_lamp\dataset_03\train\mild\1418_left.jpg,slit_lamp,3.082922443,3,2.648220372,3,2.068519015,2,3.232565257,3
1420_right.jpg,data\raw\slit_lamp\dataset_03\train\mild\1420_right.jpg,slit_lamp,3.110233513,3,4.393332946,4,2.063638553,2,2.92663961,3
1421_left.jpg,data\raw\slit_lamp\dataset_03\train\mild\1421_left.jpg,slit_lamp,2.229611768,2,3.351731378,3,2.124938974,2,2.909411929,3
1423_left.jpg,data\raw\slit_lamp\dataset_03\train\mild\1423_left.jpg,slit_lamp,2.92474004,3,2.528732129,3,2.122419979,2,2.684788883,3
1424_left.jpg,data\raw\slit_lamp\dataset_03\train\mild\1424_left.jpg,slit_lamp,3.110969567,3,2.580910833,3,2.066971182,2,3.12476225,3
1425_right.jpg,data\raw\slit_lamp\dataset_03\train\mild\1425_right.jpg,slit_lamp,3.105189197,3,2.606912658,3,2.066852132,2,3.206046202,3
1426_left.jpg,data\raw\slit_lamp\dataset_03\train\mild\1426_left.jpg,slit_lamp,2.843674092,3,2.083656909,2,2.077336214,2,2.837140317,3
1429_left.jpg,data\raw\slit_lamp\dataset_03\train\mild\1429_left.jpg,slit_lamp,2.090415859,2,4.402345702,4,2.123859309,2,3.037160916,3
1433_right.jpg,data\raw\slit_lamp\dataset_03\train\mild\1433_right.jpg,slit_lamp,2.914716918,3,2.831341879,3,2.143675573,2,2.917824039,3
1434_left.jpg,data\raw\slit_lamp\dataset_03\train\mild\1434_left.jpg,slit_lamp,2.491832063,2,2.494610268,2,2.123379504,2,2.414587539,2
1434_right.jpg,data\raw\slit_lamp\dataset_03\train\mild\1434_right.jpg,slit_lamp,3.170495626,3,2.890150445,3,2.033836671,2,2.704375632,3
1436_right.jpg,data\raw\slit_lamp\dataset_03\train\mild\1436_right.jpg,slit_lamp,2.736622512,3,3.071513641,3,2.127458749,2,2.661140326,3
1439_left.jpg,data\raw\slit_lamp\dataset_03\train\mild\1439_left.jpg,slit_lamp,3.263726007,3,3.896154295,4,2.072092235,2,2.93761987,3
1440_left.jpg,data\raw\slit_lamp\dataset_03\train\mild\1440_left.jpg,slit_lamp,2.911284201,3,2.617542572,3,2.123619403,2,2.475282205,2
1441_left.jpg,data\raw\slit_lamp\dataset_03\train\mild\1441_left.jpg,slit_lamp,2.018733681,2,2.097360716,2,2.075190484,2,3.070072915,3
1442_left.jpg,data\raw\slit_lamp\dataset_03\train\mild\1442_left.jpg,slit_lamp,2.908294969,3,2.453669389,2,2.046762217,2,2.154664784,2
1443_left.jpg,data\raw\slit_lamp\dataset_03\train\mild\1443_left.jpg,slit_lamp,1.536423861,2,4.167044963,4,2.129379097,2,2.390802377,2
1447_left.jpg,data\raw\slit_lamp\dataset_03\train\mild\1447_left.jpg,slit_lamp,1.902965897,2,4.066344632,4,2.118702897,2,2.880875127,3
1450_left.jpg,data\raw\slit_lamp\dataset_03\train\mild\1450_left.jpg,slit_lamp,3.213942149,3,2.234112387,2,2.079244067,2,2.850348172,3
1453_right.jpg,data\raw\slit_lamp\dataset_03\train\mild\1453_right.jpg,slit_lamp,1.591932355,2,2.456850246,2,2.121580488,2,2.323219383,2
1462_left.jpg,data\raw\slit_lamp\dataset_03\train\mild\1462_left.jpg,slit_lamp,2.823931063,3,2.463564661,2,2.118822776,2,2.74448315,3
1465_right.jpg,data\raw\slit_lamp\dataset_03\train\mild\1465_right.jpg,slit_lamp,3.128837789,3,2.962668207,3,2.107681777,2,2.736991999,3
1469_left.jpg,data\raw\slit_lamp\dataset_03\train\mild\1469_left.jpg,slit_lamp,2.444881118,2,2.204652404,2,2.073164553,2,3.054466044,3
1469_right.jpg,data\raw\slit_lamp\dataset_03\train\mild\1469_right.jpg,slit_lamp,2.286034112,2,2.211063934,2,2.073522028,2,3.076664092,3
1470_left.jpg,data\raw\slit_lamp\dataset_03\train\mild\1470_left.jpg,slit_lamp,2.284358065,2,2.221556423,2,2.142112597,2,2.587307204,3
1470_right.jpg,data\raw\slit_lamp\dataset_03\train\mild\1470_right.jpg,slit_lamp,2.308120932,2,2.088728093,2,2.204962563,2,2.560405594,3
1471_left.jpg,data\raw\slit_lamp\dataset_03\train\mild\1471_left.jpg,slit_lamp,2.120891399,2,2.064875168,2,2.093210442,2,3.029029606,3
1473_right.jpg,data\raw\slit_lamp\dataset_03\train\mild\1473_right.jpg,slit_lamp,1.855017899,2,1.874955732,2,2.148486507,2,1.934350025,2
1476_right.jpg,data\raw\slit_lamp\dataset_03\train\mild\1476_right.jpg,slit_lamp,2.354872669,2,3.084776147,3,2.162212132,2,2.684459101,3
1477_right.jpg,data\raw\slit_lamp\dataset_03\train\mild\1477_right.jpg,slit_lamp,3.217511042,3,3.098301071,3,2.102177045,2,2.830928829,3
1478_left.jpg,data\raw\slit_lamp\dataset_03\train\mild\1478_left.jpg,slit_lamp,3.277953925,3,2.814685143,3,2.064471561,2,3.09902054,3
1479_left.jpg,data\raw\slit_lamp\dataset_03\train\mild\1479_left.jpg,slit_lamp,2.550730599,3,2.330496566,2,2.123739355,2,2.693542302,3
1482_left.jpg,data\raw\slit_lamp\dataset_03\train\mild\1482_left.jpg,slit_lamp,3.255501464,3,3.032726999,3,2.100741676,2,2.671203066,3
1485_right.jpg,data\raw\slit_lamp\dataset_03\train\mild\1485_right.jpg,slit_lamp,3.225132045,3,3.15817756,3,2.004525146,2,3.001135953,3
1486_left.jpg,data\raw\slit_lamp\dataset_03\train\mild\1486_left.jpg,slit_lamp,1.932046511,2,2.267467994,2,2.124339143,2,1.816952253,2
1487_left.jpg,data\raw\slit_lamp\dataset_03\train\mild\1487_left.jpg,slit_lamp,2.449517251,2,2.638806802,3,2.136103824,2,2.691830412,3
1487_right.jpg,data\raw\slit_lamp\dataset_03\train\mild\1487_right.jpg,slit_lamp,2.689075557,3,3.469319599,3,2.119422198,2,2.713190003,3
1488_left.jpg,data\raw\slit_lamp\dataset_03\train\mild\1488_left.jpg,slit_lamp,2.79171534,3,2.246136944,2,2.211499877,2,2.425179014,2
1488_right.jpg,data\raw\slit_lamp\dataset_03\train\mild\1488_right.jpg,slit_lamp,2.899675613,3,2.28980801,2,2.233076653,2,2.368506094,2
1491_left.jpg,data\raw\slit_lamp\dataset_03\train\mild\1491_left.jpg,slit_lamp,2.768443039,3,4.942411327,5,2.119422198,2,2.884709969,3
1492_left.jpg,data\raw\slit_lamp\dataset_03\train\mild\1492_left.jpg,slit_lamp,2.546330711,3,2.034738622,2,2.131540023,2,1.600469961,2
1492_right.jpg,data\raw\slit_lamp\dataset_03\train\mild\1492_right.jpg,slit_lamp,2.769451179,3,2.358484823,2,2.142112597,2,1.848078242,2
1493_left.jpg,data\raw\slit_lamp\dataset_03\train\mild\1493_left.jpg,slit_lamp,2.772358488,3,2.203655179,2,2.131059769,2,1.773320167,2
1494_left.jpg,data\raw\slit_lamp\dataset_03\train\mild\1494_left.jpg,slit_lamp,2.725927942,3,2.283421784,2,2.13045949,2,1.888031573,2
1495_right.jpg,data\raw\slit_lamp\dataset_03\train\mild\1495_right.jpg,slit_lamp,2.916914889,3,2.03531374,2,2.121940259,2,1.769958133,2
1496_right.jpg,data\raw\slit_lamp\dataset_03\train\mild\1496_right.jpg,slit_lamp,2.839254678,3,3.068003473,3,2.15920032,2,2.787517626,3
1497_left.jpg,data\raw\slit_lamp\dataset_03\train\mild\1497_left.jpg,slit_lamp,3.119542982,3,3.701378795,4,2.186462673,2,2.976410102,3
1498_left.jpg,data\raw\slit_lamp\dataset_03\train\mild\1498_left.jpg,slit_lamp,3.13046768,3,3.064520958,3,2.147163234,2,2.828179431,3
1503_right.jpg,data\raw\slit_lamp\dataset_03\train\mild\1503_right.jpg,slit_lamp,1.999381706,2,2.43302349,2,2.174510586,2,2.60386638,3
1507_right.jpg,data\raw\slit_lamp\dataset_03\train\mild\1507_right.jpg,slit_lamp,3.201811167,3,3.266714338,3,2.140429712,2,2.978442128,3
1510_right.jpg,data\raw\slit_lamp\dataset_03\train\mild\1510_right.jpg,slit_lamp,2.367115856,2,4.245789324,4,2.08198749,2,2.814795063,3
1514_left.jpg,data\raw\slit_lamp\dataset_03\train\mild\1514_left.jpg,slit_lamp,3.005103455,3,2.70888635,3,2.133581415,2,2.846703975,3
167_left.jpg,data\raw\slit_lamp\dataset_03\train\mild\167_left.jpg,slit_lamp,2.756343332,3,2.188952155,2,2.157755007,2,2.53791053,3
167_right.jpg,data\raw\slit_lamp\dataset_03\train\mild\167_right.jpg,slit_lamp,1.586794202,2,2.068824234,2,2.1447578,2,2.238866931,2
178_left.jpg,data\raw\slit_lamp\dataset_03\train\mild\178_left.jpg,slit_lamp,3.122731964,3,3.950378229,4,2.132740782,2,2.72453387,3
1881_right.jpg,data\raw\slit_lamp\dataset_03\train\mild\1881_right.jpg,slit_lamp,2.957480197,3,2.301829805,2,2.12805881,2,2.31121633,2
1959_left.jpg,data\raw\slit_lamp\dataset_03\train\mild\1959_left.jpg,slit_lamp,2.788421499,3,2.556486183,3,2.123379504,2,2.918482832,3
1959_right.jpg,data\raw\slit_lamp\dataset_03\train\mild\1959_right.jpg,slit_lamp,2.510361741,3,2.460142733,2,2.136344093,2,2.612903081,3
1963_right.jpg,data\raw\slit_lamp\dataset_03\train\mild\1963_right.jpg,slit_lamp,3.029038297,3,2.999207557,3,2.129739212,2,2.950868353,3
1967_left.jpg,data\raw\slit_lamp\dataset_03\train\mild\1967_left.jpg,slit_lamp,2.469519375,2,2.326434216,2,2.183080783,2,2.40939239,2
1970_left.jpg,data\raw\slit_lamp\dataset_03\train\mild\1970_left.jpg,slit_lamp,3.129289031,3,2.33481568,2,2.075190484,2,3.033159857,3
1971_left.jpg,data\raw\slit_lamp\dataset_03\train\mild\1971_left.jpg,slit_lamp,3.19414606,3,2.586788442,3,2.114148829,2,2.57595685,3
1975_left.jpg,data\raw\slit_lamp\dataset_03\train\mild\1975_left.jpg,slit_lamp,3.233922409,3,3.706178505,4,2.173907342,2,3.02201832,3
1977_left.jpg,data\raw\slit_lamp\dataset_03\train\mild\1977_left.jpg,slit_lamp,2.502849938,3,2.341154595,2,2.122419979,2,2.714790073,3
1977_right.jpg,data\raw\slit_lamp\dataset_03\train\mild\1977_right.jpg,slit_lamp,2.565724143,3,2.285906253,2,2.121340649,2,2.633141585,3
1985_left.jpg,data\raw\slit_lamp\dataset_03\train\mild\1985_left.jpg,slit_lamp,2.790762016,3,2.368440539,2,2.249711109,2,2.473723769,2
1986_left.jpg,data\raw\slit_lamp\dataset_03\train\mild\1986_left.jpg,slit_lamp,3.067898545,3,2.660269821,3,2.066733085,2,3.154110095,3
1990_right.jpg,data\raw\slit_lamp\dataset_03\train\mild\1990_right.jpg,slit_lamp,2.822961362,3,2.198492921,2,2.169685718,2,2.416836264,2
1999_right.jpg,data\raw\slit_lamp\dataset_03\train\mild\1999_right.jpg,slit_lamp,2.743065801,3,1.995856742,2,2.166671444,2,3.148165934,3
2030_left.jpg,data\raw\slit_lamp\dataset_03\train\mild\2030_left.jpg,slit_lamp,2.371679132,2,2.05058768,2,2.122180116,2,2.348840892,2
2030_right.jpg,data\raw\slit_lamp\dataset_03\train\mild\2030_right.jpg,slit_lamp,2.509252457,3,2.055565577,2,2.124219182,2,2.480510928,2
2032_right.jpg,data\raw\slit_lamp\dataset_03\train\mild\2032_right.jpg,slit_lamp,3.210380186,3,2.819882494,3,2.079244067,2,2.881443925,3
2041_left.jpg,data\raw\slit_lamp\dataset_03\train\mild\2041_left.jpg,slit_lamp,2.52522421,3,2.204096194,2,2.126258759,2,2.28951795,2
2048_right.jpg,data\raw\slit_lamp\dataset_03\train\mild\2048_right.jpg,slit_lamp,2.789861687,3,2.254893502,2,2.119901768,2,2.656553454,3
2063_left.jpg,data\raw\slit_lamp\dataset_03\train\mild\2063_left.jpg,slit_lamp,2.881581958,3,2.531680557,3,2.144637545,2,3.066854252,3
2063_right.jpg,data\raw\slit_lamp\dataset_03\train\mild\2063_right.jpg,slit_lamp,3.233268222,3,2.628334683,3,2.145840162,2,3.213685239,3
238_right.jpg,data\raw\slit_lamp\dataset_03\train\mild\238_right.jpg,slit_lamp,2.472136384,2,2.029464743,2,2.121460568,2,2.37220149,2
247_left.jpg,data\raw\slit_lamp\dataset_03\train\mild\247_left.jpg,slit_lamp,2.948696749,3,2.420438051,2,2.141271113,2,2.620726141,3
365_left.jpg,data\raw\slit_lamp\dataset_03\train\mild\365_left.jpg,slit_lamp,1.256352866,1,1.941438509,2,2.255423058,2,2.561467901,3
365_right.jpg,data\raw\slit_lamp\dataset_03\train\mild\365_right.jpg,slit_lamp,1.50235455,2,1.948831296,2,2.174148635,2,2.573582163,3
43_right.jpg,data\raw\slit_lamp\dataset_03\train\mild\43_right.jpg,slit_lamp,2.192963088,2,1.87023012,2,2.123859309,2,2.507433184,3
583_left.jpg,data\raw\slit_lamp\dataset_03\train\mild\583_left.jpg,slit_lamp,2.893118003,3,2.26833285,2,2.126858732,2,2.65235976,3
583_right.jpg,data\raw\slit_lamp\dataset_03\train\mild\583_right.jpg,slit_lamp,2.674277134,3,2.212798043,2,2.18827488,2,2.508481441,3
625_left.jpg,data\raw\slit_lamp\dataset_03\train\mild\625_left.jpg,slit_lamp,2.406418732,2,2.039740395,2,2.072330514,2,3.002967764,3
746_left.jpg,data\raw\slit_lamp\dataset_03\train\mild\746_left.jpg,slit_lamp,2.246776268,2,1.767593687,2,2.155226272,2,2.23041757,2
746_right.jpg,data\raw\slit_lamp\dataset_03\train\mild\746_right.jpg,slit_lamp,2.355145852,2,1.862690526,2,2.153540848,2,2.211722727,2
931_right.jpg,data\raw\slit_lamp\dataset_03\train\mild\931_right.jpg,slit_lamp,2.856025421,3,2.70758776,3,2.128898968,2,2.511362817,3
95_left.jpg,data\raw\slit_lamp\dataset_03\train\mild\95_left.jpg,slit_lamp,2.275870175,2,2.217877517,2,2.162694114,2,2.485913251,2
_100_3108233.jpg,data\raw\slit_lamp\dataset_03\train\mild\_100_3108233.jpg,slit_lamp,3.135350175,3,2.561856098,3,2.384204658,2,2.814176476,3
_100_965860.jpg,data\raw\slit_lamp\dataset_03\train\mild\_100_965860.jpg,slit_lamp,3.16415181,3,2.566107274,3,2.396454329,2,2.791726355,3
_101_9321817.jpg,data\raw\slit_lamp\dataset_03\train\mild\_101_9321817.jpg,slit_lamp,2.631727805,3,1.868429516,2,2.472981592,2,3.115610474,3
_104_4154423.jpg,data\raw\slit_lamp\dataset_03\train\mild\_104_4154423.jpg,slit_lamp,2.937331796,3,2.87065753,3,2.367064607,2,2.503705884,3
_105_3766522.jpg,data\raw\slit_lamp\dataset_03\train\mild\_105_3766522.jpg,slit_lamp,2.863453907,3,3.350843959,3,2.471999846,2,2.755598649,3
_106_1940079.jpg,data\raw\slit_lamp\dataset_03\train\mild\_106_1940079.jpg,slit_lamp,3.161480545,3,3.331472442,3,2.482799463,2,2.604388416,3
_106_4788402.jpg,data\raw\slit_lamp\dataset_03\train\mild\_106_4788402.jpg,slit_lamp,3.174409781,3,3.33478109,3,2.511273205,3,2.611989035,3
_107_1720806.jpg,data\raw\slit_lamp\dataset_03\train\mild\_107_1720806.jpg,slit_lamp,3.172506112,3,2.451861726,2,2.280122694,2,2.377888744,2
_107_7535300.jpg,data\raw\slit_lamp\dataset_03\train\mild\_107_7535300.jpg,slit_lamp,3.113251747,3,2.450046399,2,2.262110525,2,2.387955972,2
_108_4678854.jpg,data\raw\slit_lamp\dataset_03\train\mild\_108_4678854.jpg,slit_lamp,3.208706722,3,2.595622648,3,2.221313322,2,2.41905027,2
_108_9870998.jpg,data\raw\slit_lamp\dataset_03\train\mild\_108_9870998.jpg,slit_lamp,3.204020682,3,2.586264763,3,2.192746411,2,2.425395063,2
_109_6854077.jpg,data\raw\slit_lamp\dataset_03\train\mild\_109_6854077.jpg,slit_lamp,2.233954543,2,1.634406788,2,2.402826164,2,2.325471152,2
_109_7080739.jpg,data\raw\slit_lamp\dataset_03\train\mild\_109_7080739.jpg,slit_lamp,2.128918429,2,1.637240975,2,2.433230884,2,2.314627356,2
_10_1472170.jpg,data\raw\slit_lamp\dataset_03\train\mild\_10_1472170.jpg,slit_lamp,2.669247459,3,2.11423493,2,2.409689552,2,2.594493168,3
_110_299285.jpg,data\raw\slit_lamp\dataset_03\train\mild\_110_299285.jpg,slit_lamp,2.357200756,2,1.704415686,2,2.373429536,2,2.277971255,2
_110_8391204.jpg,data\raw\slit_lamp\dataset_03\train\mild\_110_8391204.jpg,slit_lamp,2.308777276,2,1.691320656,2,2.340156162,2,2.328088523,2
_111_1685203.jpg,data\raw\slit_lamp\dataset_03\train\mild\_111_1685203.jpg,slit_lamp,3.264740049,3,2.402288038,2,2.288406391,2,2.877299147,3
_112_6810179.jpg,data\raw\slit_lamp\dataset_03\train\mild\_112_6810179.jpg,slit_lamp,2.797563893,3,2.148888468,2,2.249468105,2,2.565475391,3
_113_3440509.jpg,data\raw\slit_lamp\dataset_03\train\mild\_113_3440509.jpg,slit_lamp,3.107305624,3,3.758392677,4,2.40772844,2,2.611712805,3
_113_8738972.jpg,data\raw\slit_lamp\dataset_03\train\mild\_113_8738972.jpg,slit_lamp,3.116231913,3,3.762975022,4,2.388123975,2,2.622435895,3
_114_4182799.jpg,data\raw\slit_lamp\dataset_03\train\mild\_114_4182799.jpg,slit_lamp,3.042403663,3,3.925164782,4,2.442062164,2,2.708740539,3
_115_501708.jpg,data\raw\slit_lamp\dataset_03\train\mild\_115_501708.jpg,slit_lamp,2.638850021,3,2.020286887,2,2.388613929,2,2.444464254,2
_116_5760701.jpg,data\raw\slit_lamp\dataset_03\train\mild\_116_5760701.jpg,slit_lamp,2.527000799,3,2.036806389,2,2.434702654,2,2.510446559,3
_119_16937.jpg,data\raw\slit_lamp\dataset_03\train\mild\_119_16937.jpg,slit_lamp,2.523513507,3,2.230095622,2,2.373919215,2,2.310412592,2
_11_7116915.jpg,data\raw\slit_lamp\dataset_03\train\mild\_11_7116915.jpg,slit_lamp,1.903098798,2,1.510746054,2,2.316214274,2,2.160961101,2
_120_7137220.jpg,data\raw\slit_lamp\dataset_03\train\mild\_120_7137220.jpg,slit_lamp,2.698085167,3,2.228280326,2,2.389593862,2,2.560108867,3
_120_7704110.jpg,data\raw\slit_lamp\dataset_03\train\mild\_120_7704110.jpg,slit_lamp,2.665063763,3,2.224661022,2,2.354340016,2,2.569203322,3
_121_1901719.jpg,data\raw\slit_lamp\dataset_03\train\mild\_121_1901719.jpg,slit_lamp,3.021485425,3,4.162383461,4,2.33722283,2,2.782957022,3
_122_7081164.jpg,data\raw\slit_lamp\dataset_03\train\mild\_122_7081164.jpg,slit_lamp,2.842679614,3,1.891413947,2,2.340645093,2,2.322196253,2
_123_2897373.jpg,data\raw\slit_lamp\dataset_03\train\mild\_123_2897373.jpg,slit_lamp,2.345449991,2,1.730664872,2,2.337711688,2,2.399295557,2
_124_7084348.jpg,data\raw\slit_lamp\dataset_03\train\mild\_124_7084348.jpg,slit_lamp,3.103779452,3,4.961160772,5,2.395474164,2,2.827833116,3
_125_8676573.jpg,data\raw\slit_lamp\dataset_03\train\mild\_125_8676573.jpg,slit_lamp,3.113196088,3,4.935583565,5,2.37538831,2,2.891502852,3
_127_5473291.jpg,data\raw\slit_lamp\dataset_03\train\mild\_127_5473291.jpg,slit_lamp,1.503518581,2,1.52584418,2,2.361190821,2,2.04002411,2
_128_2241332.jpg,data\raw\slit_lamp\dataset_03\train\mild\_128_2241332.jpg,slit_lamp,2.612622087,3,1.829760201,2,2.346024142,2,2.331922619,2
_129_2098170.jpg,data\raw\slit_lamp\dataset_03\train\mild\_129_2098170.jpg,slit_lamp,2.48621289,2,1.680552935,2,2.425872748,2,2.149194696,2
_12_3840622.jpg,data\raw\slit_lamp\dataset_03\train\mild\_12_3840622.jpg,slit_lamp,1.839864427,2,1.634985801,2,2.307427564,2,2.346983821,2
_12_5295071.jpg,data\raw\slit_lamp\dataset_03\train\mild\_12_5295071.jpg,slit_lamp,1.453782374,1,1.615847842,2,2.340645093,2,2.289558042,2
_130_3806382.jpg,data\raw\slit_lamp\dataset_03\train\mild\_130_3806382.jpg,slit_lamp,3.207615145,3,3.331095669,3,2.350915431,2,2.599720551,3
_130_4811607.jpg,data\raw\slit_lamp\dataset_03\train\mild\_130_4811607.jpg,slit_lamp,3.217914558,3,3.329079129,3,2.33722283,2,2.595377855,3
_131_7117664.jpg,data\raw\slit_lamp\dataset_03\train\mild\_131_7117664.jpg,slit_lamp,3.285934148,3,2.909747476,3,2.348469641,2,2.918170944,3
_133_3238309.jpg,data\raw\slit_lamp\dataset_03\train\mild\_133_3238309.jpg,slit_lamp,3.165905775,3,2.825456639,3,2.280122694,2,2.638363082,3
_133_9343456.jpg,data\raw\slit_lamp\dataset_03\train\mild\_133_9343456.jpg,slit_lamp,3.152903223,3,2.826378861,3,2.262110525,2,2.633931906,3
_134_8496063.jpg,data\raw\slit_lamp\dataset_03\train\mild\_134_8496063.jpg,slit_lamp,2.855338309,3,2.686611735,3,2.354829288,2,2.738111485,3
_136_9296374.jpg,data\raw\slit_lamp\dataset_03\train\mild\_136_9296374.jpg,slit_lamp,2.800370969,3,2.11612974,2,2.345046026,2,2.489240677,2
_137_1824460.jpg,data\raw\slit_lamp\dataset_03\train\mild\_137_1824460.jpg,slit_lamp,3.244631596,3,2.59823764,3,2.432740304,2,2.801902767,3
_13_697490.jpg,data\raw\slit_lamp\dataset_03\train\mild\_13_697490.jpg,slit_lamp,2.899154759,3,2.701781382,3,2.360701407,2,2.857664415,3
_13_8126689.jpg,data\raw\slit_lamp\dataset_03\train\mild\_13_8126689.jpg,slit_lamp,3.044845962,3,2.700781337,3,2.366575068,2,2.861358005,3
_140_1036922.jpg,data\raw\slit_lamp\dataset_03\train\mild\_140_1036922.jpg,slit_lamp,2.97613373,3,2.71399171,3,2.42538225,2,2.709008582,3
_141_1074732.jpg,data\raw\slit_lamp\dataset_03\train\mild\_141_1074732.jpg,slit_lamp,3.267212561,3,3.749254816,4,2.3582545,2,2.96180093,3
_143_7392909.jpg,data\raw\slit_lamp\dataset_03\train\mild\_143_7392909.jpg,slit_lamp,3.238080387,3,3.559722136,4,2.44304351,2,2.78013481,3
_143_7549980.jpg,data\raw\slit_lamp\dataset_03\train\mild\_143_7549980.jpg,slit_lamp,3.23322152,3,3.564301876,4,2.411160459,2,2.779784254,3
_145_2135273.jpg,data\raw\slit_lamp\dataset_03\train\mild\_145_2135273.jpg,slit_lamp,3.148432638,3,3.05355596,3,2.439118232,2,2.926968183,3
_145_9843041.jpg,data\raw\slit_lamp\dataset_03\train\mild\_145_9843041.jpg,slit_lamp,3.129101073,3,3.055707149,3,2.471508976,2,2.918450889,3
_146_6435949.jpg,data\raw\slit_lamp\dataset_03\train\mild\_146_6435949.jpg,slit_lamp,3.201117258,3,3.036239241,3,2.456293286,2,2.846383622,3
_146_8129711.jpg,data\raw\slit_lamp\dataset_03\train\mild\_146_8129711.jpg,slit_lamp,3.214056468,3,3.034591519,3,2.451876385,2,2.864408562,3
_147_9123662.jpg,data\raw\slit_lamp\dataset_03\train\mild\_147_9123662.jpg,slit_lamp,2.789898955,3,3.350343928,3,2.406257681,2,2.721746649,3
_147_9725919.jpg,data\raw\slit_lamp\dataset_03\train\mild\_147_9725919.jpg,slit_lamp,2.873589985,3,3.378198899,3,2.420477591,2,2.687207408,3
_148_3847249.jpg,data\raw\slit_lamp\dataset_03\train\mild\_148_3847249.jpg,slit_lamp,3.108612803,3,3.662458751,4,2.371470917,2,2.836340062,3
_148_9432356.jpg,data\raw\slit_lamp\dataset_03\train\mild\_148_9432356.jpg,slit_lamp,3.088698515,3,3.664727372,4,2.38273506,2,2.81557388,3
_149_7432879.jpg,data\raw\slit_lamp\dataset_03\train\mild\_149_7432879.jpg,slit_lamp,2.347397842,2,2.787541661,3,2.401355625,2,2.343515852,2
_14_3746939.jpg,data\raw\slit_lamp\dataset_03\train\mild\_14_3746939.jpg,slit_lamp,3.07614583,3,2.643801651,3,2.412141098,2,2.76655477,3
_150_5894989.jpg,data\raw\slit_lamp\dataset_03\train\mild\_150_5894989.jpg,slit_lamp,2.438844659,2,2.575023079,3,2.350915431,2,2.19668324,2
_151_3685359.jpg,data\raw\slit_lamp\dataset_03\train\mild\_151_3685359.jpg,slit_lamp,3.223377554,3,2.679266368,3,2.490654157,2,2.691685617,3
_152_3014051.jpg,data\raw\slit_lamp\dataset_03\train\mild\_152_3014051.jpg,slit_lamp,3.181956605,3,2.538196984,3,2.478381337,2,2.615452947,3
_153_9723315.jpg,data\raw\slit_lamp\dataset_03\train\mild\_153_9723315.jpg,slit_lamp,3.050162073,3,2.109437399,2,2.333801179,2,2.458682359,2
_155_1218981.jpg,data\raw\slit_lamp\dataset_03\train\mild\_155_1218981.jpg,slit_lamp,3.257948812,3,2.819951389,3,2.348958776,2,2.559501955,3
_155_4972319.jpg,data\raw\slit_lamp\dataset_03\train\mild\_155_4972319.jpg,slit_lamp,3.267654465,3,2.830494605,3,2.34993708,2,2.527577112,3
_156_1243799.jpg,data\raw\slit_lamp\dataset_03\train\mild\_156_1243799.jpg,slit_lamp,3.08107074,3,2.230284908,2,2.203873406,2,3.148136458,3
_158_2390292.jpg,data\raw\slit_lamp\dataset_03\train\mild\_158_2390292.jpg,slit_lamp,3.268363377,3,3.432656423,3,2.47592688,2,2.967925072,3
_158_8802624.jpg,data\raw\slit_lamp\dataset_03\train\mild\_158_8802624.jpg,slit_lamp,3.263077283,3,3.444659409,3,2.487217696,2,2.95130516,3
_15_1523968.jpg,data\raw\slit_lamp\dataset_03\train\mild\_15_1523968.jpg,slit_lamp,2.121896006,2,1.599271019,2,2.327448354,2,2.361209702,2
_15_5946153.jpg,data\raw\slit_lamp\dataset_03\train\mild\_15_5946153.jpg,slit_lamp,1.899941922,2,1.603547126,2,2.345535078,2,2.35155497,2
_160_6175019.jpg,data\raw\slit_lamp\dataset_03\train\mild\_160_6175019.jpg,slit_lamp,3.200085558,3,4.520049303,5,2.403316359,2,2.899810664,3
_161_5855059.jpg,data\raw\slit_lamp\dataset_03\train\mild\_161_5855059.jpg,slit_lamp,3.086933143,3,2.479004825,2,2.448931949,2,2.724992341,3
_162_6327245.jpg,data\raw\slit_lamp\dataset_03\train\mild\_162_6327245.jpg,slit_lamp,3.208125131,3,2.447396823,2,2.203389373,2,3.25629374,3
_163_4618487.jpg,data\raw\slit_lamp\dataset_03\train\mild\_163_4618487.jpg,slit_lamp,3.286010249,3,2.716128606,3,2.33477873,2,2.545459883,3
_163_6292807.jpg,data\raw\slit_lamp\dataset_03\train\mild\_163_6292807.jpg,slit_lamp,3.288509687,3,2.72013179,3,2.291331176,2,2.542818245,3
_164_2916527.jpg,data\raw\slit_lamp\dataset_03\train\mild\_164_2916527.jpg,slit_lamp,3.224095784,3,2.651738024,3,2.44696907,2,2.592108357,3
_164_5685997.jpg,data\raw\slit_lamp\dataset_03\train\mild\_164_5685997.jpg,slit_lamp,3.241992178,3,2.637111344,3,2.428325323,2,2.620602916,3
_165_3717126.jpg,data\raw\slit_lamp\dataset_03\train\mild\_165_3717126.jpg,slit_lamp,2.823615844,3,2.453483093,2,2.478872234,2,2.619108121,3
_166_613935.jpg,data\raw\slit_lamp\dataset_03\train\mild\_166_613935.jpg,slit_lamp,3.284546734,3,4.57494705,5,2.172459714,2,2.981509311,3
_167_1325871.jpg,data\raw\slit_lamp\dataset_03\train\mild\_167_1325871.jpg,slit_lamp,3.154999971,3,3.537162124,4,2.496545306,2,2.480297006,2
_168_211365.jpg,data\raw\slit_lamp\dataset_03\train\mild\_168_211365.jpg,slit_lamp,2.797144379,3,3.553142643,4,2.32305155,2,2.395389916,2
_169_5017005.jpg,data\raw\slit_lamp\dataset_03\train\mild\_169_5017005.jpg,slit_lamp,1.946027364,2,1.977259314,2,2.326471192,2,2.448873306,2
_16_2996330.jpg,data\raw\slit_lamp\dataset_03\train\mild\_16_2996330.jpg,slit_lamp,2.513484413,3,2.166391289,2,2.387144093,2,2.598890522,3
_16_8305794.jpg,data\raw\slit_lamp\dataset_03\train\mild\_16_8305794.jpg,slit_lamp,2.500418953,3,2.170254251,2,2.384694542,2,2.592264258,3
_170_2345909.jpg,data\raw\slit_lamp\dataset_03\train\mild\_170_2345909.jpg,slit_lamp,2.122670529,2,2.19652473,2,2.500472765,3,1.831076239,2
_171_4736817.jpg,data\raw\slit_lamp\dataset_03\train\mild\_171_4736817.jpg,slit_lamp,3.083729836,3,3.066007764,3,2.325005551,2,2.938866242,3
_171_8366749.jpg,data\raw\slit_lamp\dataset_03\train\mild\_171_8366749.jpg,slit_lamp,3.162585755,3,3.068094068,3,2.322074631,2,2.955980438,3
_172_2814012.jpg,data\raw\slit_lamp\dataset_03\train\mild\_172_2814012.jpg,slit_lamp,2.839295163,3,2.236909031,2,2.350915431,2,2.348436508,2
_172_4383599.jpg,data\raw\slit_lamp\dataset_03\train\mild\_172_4383599.jpg,slit_lamp,2.742694972,3,2.240274073,2,2.36559602,2,2.33312369,2
_173_7165688.jpg,data\raw\slit_lamp\dataset_03\train\mild\_173_7165688.jpg,slit_lamp,2.776182933,3,2.336192869,2,2.38273506,2,2.500381872,3
_174_2440424.jpg,data\raw\slit_lamp\dataset_03\train\mild\_174_2440424.jpg,slit_lamp,3.193444871,3,2.91467489,3,2.325494085,2,2.928829867,3
_175_9511671.jpg,data\raw\slit_lamp\dataset_03\train\mild\_175_9511671.jpg,slit_lamp,2.826679774,3,2.44714543,2,2.329891488,2,2.75271122,3
_176_88942.jpg,data\raw\slit_lamp\dataset_03\train\mild\_176_88942.jpg,slit_lamp,3.260826361,3,2.559088627,3,2.275739164,2,2.629292532,3
_177_4666662.jpg,data\raw\slit_lamp\dataset_03\train\mild\_177_4666662.jpg,slit_lamp,2.660995452,3,3.506068541,4,2.35923323,2,2.371647156,2
_178_2720223.jpg,data\raw\slit_lamp\dataset_03\train\mild\_178_2720223.jpg,slit_lamp,2.840859042,3,4.300154269,4,2.465127881,2,2.576892974,3
_179_3204648.jpg,data\raw\slit_lamp\dataset_03\train\mild\_179_3204648.jpg,slit_lamp,3.234204455,3,2.675827849,3,2.376857492,2,2.8896742,3
_179_5369827.jpg,data\raw\slit_lamp\dataset_03\train\mild\_179_5369827.jpg,slit_lamp,3.183513834,3,2.679887834,3,2.40429677,2,2.894013431,3
_181_552191.jpg,data\raw\slit_lamp\dataset_03\train\mild\_181_552191.jpg,slit_lamp,3.274083068,3,3.11760901,3,2.380775723,2,2.899772669,3
_182_8751077.jpg,data\raw\slit_lamp\dataset_03\train\mild\_182_8751077.jpg,slit_lamp,3.214851139,3,2.326021941,2,2.214043251,2,3.306578362,3
_183_3784240.jpg,data\raw\slit_lamp\dataset_03\train\mild\_183_3784240.jpg,slit_lamp,3.012729699,3,3.768144781,4,2.362659126,2,2.795928165,3
_184_4892495.jpg,data\raw\slit_lamp\dataset_03\train\mild\_184_4892495.jpg,slit_lamp,3.215784293,3,2.477576519,2,2.319144202,2,3.09008007,3
_184_7806010.jpg,data\raw\slit_lamp\dataset_03\train\mild\_184_7806010.jpg,slit_lamp,3.230511583,3,2.480530213,2,2.335267525,2,3.067886148,3
_186_2505679.jpg,data\raw\slit_lamp\dataset_03\train\mild\_186_2505679.jpg,slit_lamp,2.656944985,3,3.225022046,3,2.350915431,2,2.03359536,2
_186_3309365.jpg,data\raw\slit_lamp\dataset_03\train\mild\_186_3309365.jpg,slit_lamp,2.55399757,3,3.22435671,3,2.34357894,2,2.043622327,2
_187_6167645.jpg,data\raw\slit_lamp\dataset_03\train\mild\_187_6167645.jpg,slit_lamp,2.961122725,3,2.011326164,2,2.369022867,2,2.359126323,2
_187_9314717.jpg,data\raw\slit_lamp\dataset_03\train\mild\_187_9314717.jpg,slit_lamp,2.510784031,3,2.01617977,2,2.337711688,2,2.374658278,2
_189_1240865.jpg,data\raw\slit_lamp\dataset_03\train\mild\_189_1240865.jpg,slit_lamp,3.280083902,3,4.622373958,5,2.314261269,2,2.925376402,3
_18_2435759.jpg,data\raw\slit_lamp\dataset_03\train\mild\_18_2435759.jpg,slit_lamp,3.293632084,3,2.731303548,3,2.240237555,2,2.9282654,3
_190_7463607.jpg,data\raw\slit_lamp\dataset_03\train\mild\_190_7463607.jpg,slit_lamp,3.141806114,3,4.306471783,4,2.292306232,2,2.820445997,3
_191_4454313.jpg,data\raw\slit_lamp\dataset_03\train\mild\_191_4454313.jpg,slit_lamp,2.686716526,3,3.099501697,3,2.406257681,2,2.551751808,3
_192_8262976.jpg,data\raw\slit_lamp\dataset_03\train\mild\_192_8262976.jpg,slit_lamp,3.036934151,3,2.363791441,2,2.351893827,2,2.570363232,3
_193_8669043.jpg,data\raw\slit_lamp\dataset_03\train\mild\_193_8669043.jpg,slit_lamp,3.176638194,3,2.386762119,2,2.336733985,2,3.037443801,3
_194_8950727.jpg,data\raw\slit_lamp\dataset_03\train\mild\_194_8950727.jpg,slit_lamp,3.113971817,3,2.249280044,2,2.305963572,2,3.111979821,3
_195_1040294.jpg,data\raw\slit_lamp\dataset_03\train\mild\_195_1040294.jpg,slit_lamp,2.781168713,3,1.765123733,2,2.282071368,2,2.727029532,3
_197_5727246.jpg,data\raw\slit_lamp\dataset_03\train\mild\_197_5727246.jpg,slit_lamp,2.880119225,3,3.911405955,4,2.354340016,2,2.785243987,3
_197_9225516.jpg,data\raw\slit_lamp\dataset_03\train\mild\_197_9225516.jpg,slit_lamp,2.734006658,3,3.905692759,4,2.367554157,2,2.766817092,3
_198_8291898.jpg,data\raw\slit_lamp\dataset_03\train\mild\_198_8291898.jpg,slit_lamp,3.033968373,3,4.283952209,4,2.382245212,2,2.904891814,3
_199_7083786.jpg,data\raw\slit_lamp\dataset_03\train\mild\_199_7083786.jpg,slit_lamp,3.255630636,3,4.676813521,5,2.33184623,2,2.940155075,3
_19_6182574.jpg,data\raw\slit_lamp\dataset_03\train\mild\_19_6182574.jpg,slit_lamp,3.039812753,3,2.807572543,3,2.45874724,2,2.62723988,3
_19_7932720.jpg,data\raw\slit_lamp\dataset_03\train\mild\_19_7932720.jpg,slit_lamp,3.038309047,3,2.796158783,3,2.510782282,3,2.681163029,3
_1_4540560.jpg,data\raw\slit_lamp\dataset_03\train\mild\_1_4540560.jpg,slit_lamp,3.224305656,3,3.851823592,4,2.117144633,2,2.945870648,3
_200_8005975.jpg,data\raw\slit_lamp\dataset_03\train\mild\_200_8005975.jpg,slit_lamp,3.044592983,3,2.80932928,3,2.366575068,2,2.868690871,3
_201_387458.jpg,data\raw\slit_lamp\dataset_03\train\mild\_201_387458.jpg,slit_lamp,3.093318273,3,2.746731681,3,2.370491667,2,2.932274765,3
_201_9193232.jpg,data\raw\slit_lamp\dataset_03\train\mild\_201_9193232.jpg,slit_lamp,3.087594101,3,2.746158436,3,2.379306317,2,2.931673063,3
_202_7508135.jpg,data\raw\slit_lamp\dataset_03\train\mild\_202_7508135.jpg,slit_lamp,3.114388786,3,2.823663082,3,2.42391079,2,2.936672843,3
_203_5167688.jpg,data\raw\slit_lamp\dataset_03\train\mild\_203_5167688.jpg,slit_lamp,2.284009285,2,2.434431612,2,2.38273506,2,2.387532008,2
_205_310538.jpg,data\raw\slit_lamp\dataset_03\train\mild\_205_310538.jpg,slit_lamp,2.412338776,2,2.595840868,3,2.361190821,2,2.449079234,2
_205_8557164.jpg,data\raw\slit_lamp\dataset_03\train\mild\_205_8557164.jpg,slit_lamp,2.234624255,2,2.601931417,3,2.367554157,2,2.446091105,2
_206_1459040.jpg,data\raw\slit_lamp\dataset_03\train\mild\_206_1459040.jpg,slit_lamp,2.959797218,3,3.084579832,3,2.433721469,2,2.674085664,3
_206_5637335.jpg,data\raw\slit_lamp\dataset_03\train\mild\_206_5637335.jpg,slit_lamp,3.012294989,3,3.080020233,3,2.39155383,2,2.691964587,3
_207_6246518.jpg,data\raw\slit_lamp\dataset_03\train\mild\_207_6246518.jpg,slit_lamp,3.286360074,3,3.84687592,4,2.305963572,2,2.825913741,3
_208_7827214.jpg,data\raw\slit_lamp\dataset_03\train\mild\_208_7827214.jpg,slit_lamp,3.036026258,3,2.573937339,3,2.375878028,2,2.472486492,2
_210_840898.jpg,data\raw\slit_lamp\dataset_03\train\mild\_210_840898.jpg,slit_lamp,2.562227477,3,1.873356698,2,2.320120957,2,3.076021249,3
_211_3554467.jpg,data\raw\slit_lamp\dataset_03\train\mild\_211_3554467.jpg,slit_lamp,3.091264807,3,2.465451755,2,2.186945896,2,2.147657964,2
_213_2572866.jpg,data\raw\slit_lamp\dataset_03\train\mild\_213_2572866.jpg,slit_lamp,3.08460402,3,4.580682687,5,2.402335977,2,2.898694485,3
_213_4395697.jpg,data\raw\slit_lamp\dataset_03\train\mild\_213_4395697.jpg,slit_lamp,3.133915936,3,4.581678099,5,2.39155383,2,2.93795191,3
_214_6540926.jpg,data\raw\slit_lamp\dataset_03\train\mild\_214_6540926.jpg,slit_lamp,3.207701124,3,4.07290198,4,2.206778078,2,2.906462006,3
_215_6808791.jpg,data\raw\slit_lamp\dataset_03\train\mild\_215_6808791.jpg,slit_lamp,3.258752622,3,2.208817782,2,2.23295532,2,2.872647537,3
_216_1547406.jpg,data\raw\slit_lamp\dataset_03\train\mild\_216_1547406.jpg,slit_lamp,2.394069123,2,2.45138622,2,2.367064607,2,2.38974327,2
_218_8917311.jpg,data\raw\slit_lamp\dataset_03\train\mild\_218_8917311.jpg,slit_lamp,2.997448932,3,2.929595016,3,2.623595998,3,2.66584242,3
_219_4035148.jpg,data\raw\slit_lamp\dataset_03\train\mild\_219_4035148.jpg,slit_lamp,2.993613104,3,2.429769433,2,2.351404623,2,2.701396556,3
_21_1293428.jpg,data\raw\slit_lamp\dataset_03\train\mild\_21_1293428.jpg,slit_lamp,3.29400919,3,3.609002,4,2.250926198,2,2.940143257,3
_220_1375140.jpg,data\raw\slit_lamp\dataset_03\train\mild\_220_1375140.jpg,slit_lamp,3.239203872,3,2.919801428,3,2.340645093,2,2.688941073,3
_220_7711405.jpg,data\raw\slit_lamp\dataset_03\train\mild\_220_7711405.jpg,slit_lamp,3.246423466,3,2.921774669,3,2.267949672,2,2.702074611,3
_221_3079640.jpg,data\raw\slit_lamp\dataset_03\train\mild\_221_3079640.jpg,slit_lamp,3.037857239,3,2.166107718,2,2.232469999,2,3.115548492,3
_221_5014924.jpg,data\raw\slit_lamp\dataset_03\train\mild\_221_5014924.jpg,slit_lamp,3.126671541,3,2.178434141,2,2.250440148,2,3.04423652,3
_223_380742.jpg,data\raw\slit_lamp\dataset_03\train\mild\_223_380742.jpg,slit_lamp,2.686020672,3,2.219684184,2,2.388613929,2,2.640329734,3
_225_247208.jpg,data\raw\slit_lamp\dataset_03\train\mild\_225_247208.jpg,slit_lamp,2.820842295,3,2.00523784,2,2.345046026,2,2.994020215,3
_227_2716085.jpg,data\raw\slit_lamp\dataset_03\train\mild\_227_2716085.jpg,slit_lamp,2.178070419,2,1.887415522,2,2.441571497,2,1.928017588,2
_228_775182.jpg,data\raw\slit_lamp\dataset_03\train\mild\_228_775182.jpg,slit_lamp,3.261580304,3,2.83700355,3,2.376367755,2,2.599481172,3
_229_5944044.jpg,data\raw\slit_lamp\dataset_03\train\mild\_229_5944044.jpg,slit_lamp,2.823026907,3,3.099735933,3,2.434212059,2,2.662994044,3
_22_1469685.jpg,data\raw\slit_lamp\dataset_03\train\mild\_22_1469685.jpg,slit_lamp,3.291003141,3,3.661195609,4,2.258219211,2,2.942356986,3
_231_7452050.jpg,data\raw\slit_lamp\dataset_03\train\mild\_231_7452050.jpg,slit_lamp,3.278092122,3,3.108476052,3,2.330380154,2,2.834247178,3
_232_7378783.jpg,data\raw\slit_lamp\dataset_03\train\mild\_232_7378783.jpg,slit_lamp,3.24626837,3,2.572048962,3,2.382245212,2,2.925463498,3
_233_3404764.jpg,data\raw\slit_lamp\dataset_03\train\mild\_233_3404764.jpg,slit_lamp,2.027637663,2,1.909765509,2,2.460710461,2,2.323362622,2
_236_6447023.jpg,data\raw\slit_lamp\dataset_03\train\mild\_236_6447023.jpg,slit_lamp,3.292104932,3,3.139080315,3,2.167153662,2,2.956369404,3
_237_8364169.jpg,data\raw\slit_lamp\dataset_03\train\mild\_237_8364169.jpg,slit_lamp,1.886264164,2,2.266709577,2,2.318655846,2,1.847643837,2
_23_8081299.jpg,data\raw\slit_lamp\dataset_03\train\mild\_23_8081299.jpg,slit_lamp,3.298363797,3,3.084510038,3,2.130579542,2,2.992851563,3
_240_968094.jpg,data\raw\slit_lamp\dataset_03\train\mild\_240_968094.jpg,slit_lamp,3.011699357,3,2.247775146,2,2.652961494,3,2.455864227,2
_241_1530591.jpg,data\raw\slit_lamp\dataset_03\train\mild\_241_1530591.jpg,slit_lamp,3.087487749,3,2.291600899,2,2.594196273,3,2.398218157,2
_241_994470.jpg,data\raw\slit_lamp\dataset_03\train\mild\_241_994470.jpg,slit_lamp,3.038759189,3,2.300686947,2,2.603019303,3,2.369308965,2
_242_9104523.jpg,data\raw\slit_lamp\dataset_03\train\mild\_242_9104523.jpg,slit_lamp,3.0159424,3,2.020876007,2,2.368043717,2,2.631631327,3
_243_5417546.jpg,data\raw\slit_lamp\dataset_03\train\mild\_243_5417546.jpg,slit_lamp,3.167074217,3,4.890703127,5,2.370002057,2,2.915806544,3
_244_2165755.jpg,data\raw\slit_lamp\dataset_03\train\mild\_244_2165755.jpg,slit_lamp,2.590471557,3,2.040109193,2,2.342111962,2,1.597875436,2
_247_651494.jpg,data\raw\slit_lamp\dataset_03\train\mild\_247_651494.jpg,slit_lamp,2.980078833,3,2.284658576,2,2.35629717,2,1.904887993,2
_249_6890690.jpg,data\raw\slit_lamp\dataset_03\train\mild\_249_6890690.jpg,slit_lamp,2.934279115,3,2.026482417,2,2.340645093,2,1.811406056,2
_24_5854972.jpg,data\raw\slit_lamp\dataset_03\train\mild\_24_5854972.jpg,slit_lamp,3.310896953,3,3.502774152,4,2.061259082,2,2.650527067,3
_250_1327645.jpg,data\raw\slit_lamp\dataset_03\train\mild\_250_1327645.jpg,slit_lamp,3.135450166,3,3.080741938,3,2.427834797,2,2.808363559,3
_253_8425650.jpg,data\raw\slit_lamp\dataset_03\train\mild\_253_8425650.jpg,slit_lamp,3.22635217,3,3.080147722,3,2.404786987,2,2.862224668,3
_255_4450651.jpg,data\raw\slit_lamp\dataset_03\train\mild\_255_4450651.jpg,slit_lamp,3.244011907,3,3.215051734,3,2.386164246,2,2.902329757,3
_255_7511159.jpg,data\raw\slit_lamp\dataset_03\train\mild\_255_7511159.jpg,slit_lamp,3.235319235,3,3.213699121,3,2.396944423,2,2.932336332,3
_256_1230567.jpg,data\raw\slit_lamp\dataset_03\train\mild\_256_1230567.jpg,slit_lamp,3.077808405,3,4.18075466,4,2.274765235,2,2.759891817,3
_258_6391320.jpg,data\raw\slit_lamp\dataset_03\train\mild\_258_6391320.jpg,slit_lamp,2.339770186,2,2.726521259,3,2.338200558,2,1.877614411,2
_259_7069358.jpg,data\raw\slit_lamp\dataset_03\train\mild\_259_7069358.jpg,slit_lamp,3.145634096,3,2.360323381,2,2.418515897,2,2.635942573,3
_25_9900235.jpg,data\raw\slit_lamp\dataset_03\train\mild\_25_9900235.jpg,slit_lamp,2.743007742,3,3.692908886,4,2.331357525,2,2.370298969,2
_260_4814230.jpg,data\raw\slit_lamp\dataset_03\train\mild\_260_4814230.jpg,slit_lamp,2.933437203,3,2.181816804,2,2.435683859,2,2.519759482,3
_261_1504984.jpg,data\raw\slit_lamp\dataset_03\train\mild\_261_1504984.jpg,slit_lamp,2.023831233,2,2.070816775,2,2.418515897,2,2.284084874,2
_261_6037248.jpg,data\raw\slit_lamp\dataset_03\train\mild\_261_6037248.jpg,slit_lamp,1.709782288,2,2.071381395,2,2.418515897,2,2.277072973,2
_262_3994169.jpg,data\raw\slit_lamp\dataset_03\train\mild\_262_3994169.jpg,slit_lamp,3.162604794,3,3.943367318,4,2.369022867,2,2.761871731,3
_264_1649776.jpg,data\raw\slit_lamp\dataset_03\train\mild\_264_1649776.jpg,slit_lamp,2.914820429,3,2.29226021,2,2.341134037,2,2.380712698,2
_264_8423794.jpg,data\raw\slit_lamp\dataset_03\train\mild\_264_8423794.jpg,slit_lamp,2.922617142,3,2.306373927,2,2.361680245,2,2.335014542,2
_265_1562215.jpg,data\raw\slit_lamp\dataset_03\train\mild\_265_1562215.jpg,slit_lamp,2.05384393,2,2.042636499,2,2.368043717,2,2.569258946,3
_267_8024092.jpg,data\raw\slit_lamp\dataset_03\train\mild\_267_8024092.jpg,slit_lamp,2.964985073,3,2.781521519,3,2.421458475,2,2.729969948,3
_268_5781265.jpg,data\raw\slit_lamp\dataset_03\train\mild\_268_5781265.jpg,slit_lamp,3.19894244,3,2.758300201,3,2.482799463,2,2.446721361,2
_26_8418608.jpg,data\raw\slit_lamp\dataset_03\train\mild\_26_8418608.jpg,slit_lamp,3.294945106,3,4.067171911,4,2.135383058,2,2.271817974,2
_271_3328342.jpg,data\raw\slit_lamp\dataset_03\train\mild\_271_3328342.jpg,slit_lamp,2.483866724,2,2.183806533,2,2.474454227,2,2.01400731,2
_272_1072395.jpg,data\raw\slit_lamp\dataset_03\train\mild\_272_1072395.jpg,slit_lamp,3.245289538,3,2.342963106,2,2.283533049,2,3.036430222,3
_273_4238500.jpg,data\raw\slit_lamp\dataset_03\train\mild\_273_4238500.jpg,slit_lamp,3.279772741,3,2.593012191,3,2.35042625,2,2.577315675,3
_275_5075268.jpg,data\raw\slit_lamp\dataset_03\train\mild\_275_5075268.jpg,slit_lamp,2.283522403,2,2.145403432,2,2.391063825,2,2.603401413,3
_276_4038569.jpg,data\raw\slit_lamp\dataset_03\train\mild\_276_4038569.jpg,slit_lamp,2.638838443,3,2.294076403,2,2.385674336,2,2.645083989,3
_277_4980424.jpg,data\raw\slit_lamp\dataset_03\train\mild\_277_4980424.jpg,slit_lamp,3.115258392,3,2.373832192,2,2.566732806,3,2.494218677,2
_277_6049716.jpg,data\raw\slit_lamp\dataset_03\train\mild\_277_6049716.jpg,slit_lamp,3.080213319,3,2.384288404,2,2.573109934,3,2.460314536,2
_278_2942123.jpg,data\raw\slit_lamp\dataset_03\train\mild\_278_2942123.jpg,slit_lamp,3.150061398,3,2.283806175,2,2.224707664,2,2.952035301,3
_278_5245975.jpg,data\raw\slit_lamp\dataset_03\train\mild\_278_5245975.jpg,slit_lamp,3.104382132,3,2.274819517,2,2.233440661,2,3.012030554,3
_279_2768381.jpg,data\raw\slit_lamp\dataset_03\train\mild\_279_2768381.jpg,slit_lamp,2.87476722,3,2.19550628,2,2.444024875,2,2.409285446,2
_27_4220822.jpg,data\raw\slit_lamp\dataset_03\train\mild\_27_4220822.jpg,slit_lamp,3.102683776,3,2.104476071,2,2.281584175,2,2.772237871,3
_27_8607848.jpg,data\raw\slit_lamp\dataset_03\train\mild\_27_8607848.jpg,slit_lamp,3.12269158,3,2.109760306,2,2.308891689,2,2.766286394,3
_280_1941804.jpg,data\raw\slit_lamp\dataset_03\train\mild\_280_1941804.jpg,slit_lamp,2.841674491,3,1.949688409,2,2.416063921,2,3.108763746,3
_281_5653321.jpg,data\raw\slit_lamp\dataset_03\train\mild\_281_5653321.jpg,slit_lamp,2.795407279,3,2.014473141,2,2.490163231,2,2.263933886,2
_282_487789.jpg,data\raw\slit_lamp\dataset_03\train\mild\_282_487789.jpg,slit_lamp,2.841294822,3,2.100200246,2,2.532381571,3,2.612407182,3
_283_6275047.jpg,data\raw\slit_lamp\dataset_03\train\mild\_283_6275047.jpg,slit_lamp,2.993521581,3,2.141188856,2,2.438627593,2,2.516097967,3
_283_8286295.jpg,data\raw\slit_lamp\dataset_03\train\mild\_283_8286295.jpg,slit_lamp,2.909970183,3,2.140246433,2,2.502927426,3,2.519821757,3
_286_2346496.jpg,data\raw\slit_lamp\dataset_03\train\mild\_286_2346496.jpg,slit_lamp,3.277460314,3,2.838978143,3,2.288893815,2,2.869219856,3
_286_579920.jpg,data\raw\slit_lamp\dataset_03\train\mild\_286_579920.jpg,slit_lamp,3.274732488,3,2.828403232,3,2.29571943,2,2.904006292,3
_287_8369950.jpg,data\raw\slit_lamp\dataset_03\train\mild\_287_8369950.jpg,slit_lamp,3.019747393,3,2.197851175,2,2.400865461,2,2.348053839,2
_288_1071282.jpg,data\raw\slit_lamp\dataset_03\train\mild\_288_1071282.jpg,slit_lamp,2.671205057,3,1.965712394,2,2.346024142,2,2.382173305,2
_289_8793154.jpg,data\raw\slit_lamp\dataset_03\train\mild\_289_8793154.jpg,slit_lamp,2.494017887,2,2.239993885,2,2.468563804,2,2.892281782,3
_289_9163087.jpg,data\raw\slit_lamp\dataset_03\train\mild\_289_9163087.jpg,slit_lamp,2.488087959,2,2.249945084,2,2.395474164,2,2.871817018,3
_28_7296137.jpg,data\raw\slit_lamp\dataset_03\train\mild\_28_7296137.jpg,slit_lamp,3.155818418,3,2.328416614,2,2.232469999,2,3.045652056,3
_28_7928893.jpg,data\raw\slit_lamp\dataset_03\train\mild\_28_7928893.jpg,slit_lamp,3.063877576,3,2.327626362,2,2.244609044,2,3.054291051,3
_291_1967456.jpg,data\raw\slit_lamp\dataset_03\train\mild\_291_1967456.jpg,slit_lamp,2.930615536,3,2.294551167,2,2.421948926,2,2.618245795,3
_292_3819069.jpg,data\raw\slit_lamp\dataset_03\train\mild\_292_3819069.jpg,slit_lamp,2.866368803,3,2.027304109,2,2.360701407,2,2.417429478,2
_293_1537842.jpg,data\raw\slit_lamp\dataset_03\train\mild\_293_1537842.jpg,slit_lamp,3.12351296,3,2.428763588,2,2.370002057,2,2.626630763,3
_293_8683971.jpg,data\raw\slit_lamp\dataset_03\train\mild\_293_8683971.jpg,slit_lamp,3.124978021,3,2.431633514,2,2.365106512,2,2.619664519,3
_294_5527908.jpg,data\raw\slit_lamp\dataset_03\train\mild\_294_5527908.jpg,slit_lamp,3.004163862,3,2.451745048,2,2.435683859,2,2.670886577,3
_295_3084570.jpg,data\raw\slit_lamp\dataset_03\train\mild\_295_3084570.jpg,slit_lamp,1.787953777,2,1.929498953,2,2.489181383,2,2.558950718,3
_297_2792482.jpg,data\raw\slit_lamp\dataset_03\train\mild\_297_2792482.jpg,slit_lamp,2.691570418,3,1.866503793,2,2.344067956,2,2.564831843,3
_298_2374039.jpg,data\raw\slit_lamp\dataset_03\train\mild\_298_2374039.jpg,slit_lamp,3.044155448,3,2.206057304,2,2.387144093,2,2.575117699,3
_298_4611384.jpg,data\raw\slit_lamp\dataset_03\train\mild\_298_4611384.jpg,slit_lamp,3.031985093,3,2.20567669,2,2.405277211,2,2.585580673,3
_299_8359089.jpg,data\raw\slit_lamp\dataset_03\train\mild\_299_8359089.jpg,slit_lamp,2.919446995,3,2.216065594,2,2.51470964,3,2.52845964,3
_2_5194189.jpg,data\raw\slit_lamp\dataset_03\train\mild\_2_5194189.jpg,slit_lamp,3.259395214,3,4.221034547,4,2.246552437,2,2.655277514,3
_2_8820241.jpg,data\raw\slit_lamp\dataset_03\train\mild\_2_8820241.jpg,slit_lamp,3.262580183,3,4.222557676,4,2.240237555,2,2.658172484,3
_300_7639707.jpg,data\raw\slit_lamp\dataset_03\train\mild\_300_7639707.jpg,slit_lamp,2.498360871,2,1.898288372,2,2.249468105,2,2.953783357,3
_301_6075675.jpg,data\raw\slit_lamp\dataset_03\train\mild\_301_6075675.jpg,slit_lamp,2.464139278,2,1.768961387,2,2.440590177,2,2.266381493,2
_302_4887010.jpg,data\raw\slit_lamp\dataset_03\train\mild\_302_4887010.jpg,slit_lamp,2.712398537,3,1.861625591,2,2.451876385,2,2.253434273,2
_303_8778566.jpg,data\raw\slit_lamp\dataset_03\train\mild\_303_8778566.jpg,slit_lamp,2.914724966,3,2.506819074,3,2.353850756,2,2.594220816,3
_304_434670.jpg,data\raw\slit_lamp\dataset_03\train\mild\_304_434670.jpg,slit_lamp,2.934447354,3,2.711399161,3,2.352383042,2,2.53678159,3
_305_3318957.jpg,data\raw\slit_lamp\dataset_03\train\mild\_305_3318957.jpg,slit_lamp,2.660558285,3,2.209376077,2,2.40723818,2,2.560043406,3
_306_2695664.jpg,data\raw\slit_lamp\dataset_03\train\mild\_306_2695664.jpg,slit_lamp,3.210797797,3,2.759774991,3,2.373429536,2,2.055803343,2
_308_7087674.jpg,data\raw\slit_lamp\dataset_03\train\mild\_308_7087674.jpg,slit_lamp,3.236911347,3,2.747336588,3,2.290356183,2,2.062294237,2
_309_4110303.jpg,data\raw\slit_lamp\dataset_03\train\mild\_309_4110303.jpg,slit_lamp,2.871061536,3,2.683259994,3,2.303523883,2,1.962223275,2
_30_6734224.jpg,data\raw\slit_lamp\dataset_03\train\mild\_30_6734224.jpg,slit_lamp,3.134733658,3,2.58656079,3,2.469545519,2,2.798979368,3
_310_4668441.jpg,data\raw\slit_lamp\dataset_03\train\mild\_310_4668441.jpg,slit_lamp,3.189169776,3,2.670667186,3,2.319632573,2,1.921075705,2
_310_6988275.jpg,data\raw\slit_lamp\dataset_03\train\mild\_310_6988275.jpg,slit_lamp,3.191080694,3,2.674850939,3,2.32451703,2,1.918144854,2
_311_6101039.jpg,data\raw\slit_lamp\dataset_03\train\mild\_311_6101039.jpg,slit_lamp,2.744864713,3,2.399348057,2,2.322563084,2,1.358254154,1
_311_7054330.jpg,data\raw\slit_lamp\dataset_03\train\mild\_311_7054330.jpg,slit_lamp,2.778629186,3,2.412712347,2,2.304499713,2,1.347107611,1
_313_8583918.jpg,data\raw\slit_lamp\dataset_03\train\mild\_313_8583918.jpg,slit_lamp,2.86749201,3,2.688381,3,2.32451703,2,1.853076134,2
_314_8127541.jpg,data\raw\slit_lamp\dataset_03\train\mild\_314_8127541.jpg,slit_lamp,3.177809982,3,2.762674296,3,2.304987651,2,1.983534815,2
_315_4482636.jpg,data\raw\slit_lamp\dataset_03\train\mild\_315_4482636.jpg,slit_lamp,3.186673955,3,2.585759138,3,2.266489643,2,1.811013674,2
_316_4359949.jpg,data\raw\slit_lamp\dataset_03\train\mild\_316_4359949.jpg,slit_lamp,3.266476331,3,2.908877292,3,2.308403633,2,2.255317773,2
_317_2537690.jpg,data\raw\slit_lamp\dataset_03\train\mild\_317_2537690.jpg,slit_lamp,2.793001759,3,2.495311065,2,2.307915591,2,1.560890442,2
_317_5485211.jpg,data\raw\slit_lamp\dataset_03\train\mild\_317_5485211.jpg,slit_lamp,2.774037898,3,2.508761101,3,2.287431592,2,1.545791491,2
_318_5873639.jpg,data\raw\slit_lamp\dataset_03\train\mild\_318_5873639.jpg,slit_lamp,3.244607757,3,2.876288328,3,2.312796665,2,2.109716027,2
_319_532632.jpg,data\raw\slit_lamp\dataset_03\train\mild\_319_532632.jpg,slit_lamp,3.135084087,3,2.793584451,3,2.275739164,2,1.995169365,2
_31_1950556.jpg,data\raw\slit_lamp\dataset_03\train\mild\_31_1950556.jpg,slit_lamp,1.989157325,2,1.674404479,2,2.341134037,2,2.311561318,2
_320_5280427.jpg,data\raw\slit_lamp\dataset_03\train\mild\_320_5280427.jpg,slit_lamp,3.133209574,3,2.680696049,3,2.300108951,2,1.748957612,2
_322_2070844.jpg,data\raw\slit_lamp\dataset_03\train\mild\_322_2070844.jpg,slit_lamp,2.938938139,3,2.860593424,3,2.380775723,2,1.879711758,2
_323_8497084.jpg,data\raw\slit_lamp\dataset_03\train\mild\_323_8497084.jpg,slit_lamp,2.963483366,3,2.814778899,3,2.438627593,2,1.765690288,2
_324_1040139.jpg,data\raw\slit_lamp\dataset_03\train\mild\_324_1040139.jpg,slit_lamp,2.945964967,3,2.737845112,3,2.282071368,2,1.743407066,2
_324_9547288.jpg,data\raw\slit_lamp\dataset_03\train\mild\_324_9547288.jpg,slit_lamp,2.891396873,3,2.74973093,3,2.303523883,2,1.729678926,2
_325_4867292.jpg,data\raw\slit_lamp\dataset_03\train\mild\_325_4867292.jpg,slit_lamp,2.832406919,3,2.694335839,3,2.455802505,2,1.621729583,2
_325_5401809.jpg,data\raw\slit_lamp\dataset_03\train\mild\_325_5401809.jpg,slit_lamp,3.019020375,3,2.698426976,3,2.442062164,2,1.618961645,2
_326_7155812.jpg,data\raw\slit_lamp\dataset_03\train\mild\_326_7155812.jpg,slit_lamp,3.250361106,3,2.876199308,3,2.318167504,2,2.229614549,2
_327_1055218.jpg,data\raw\slit_lamp\dataset_03\train\mild\_327_1055218.jpg,slit_lamp,2.978372191,3,2.620899222,3,2.490163231,2,1.74432766,2
_328_7261567.jpg,data\raw\slit_lamp\dataset_03\train\mild\_328_7261567.jpg,slit_lamp,3.036859929,3,2.505013358,3,2.297670173,2,1.445174891,1
_329_1138512.jpg,data\raw\slit_lamp\dataset_03\train\mild\_329_1138512.jpg,slit_lamp,3.104177313,3,3.196244062,3,2.345535078,2,2.028407643,2
_329_3845498.jpg,data\raw\slit_lamp\dataset_03\train\mild\_329_3845498.jpg,slit_lamp,3.078491008,3,3.187197801,3,2.307915591,2,2.034846418,2
_331_8594715.jpg,data\raw\slit_lamp\dataset_03\train\mild\_331_8594715.jpg,slit_lamp,2.733243349,3,2.437916708,2,2.264056619,2,1.450572103,1
_332_7068969.jpg,data\raw\slit_lamp\dataset_03\train\mild\_332_7068969.jpg,slit_lamp,2.954917684,3,2.509715918,3,2.26940986,2,1.559980471,2
_333_5771277.jpg,data\raw\slit_lamp\dataset_03\train\mild\_333_5771277.jpg,slit_lamp,3.030245636,3,2.990426626,3,2.349447922,2,1.875366727,2
_333_8764431.jpg,data\raw\slit_lamp\dataset_03\train\mild\_333_8764431.jpg,slit_lamp,3.065179574,3,2.996761484,3,2.389593862,2,1.868839124,2
_334_2912159.jpg,data\raw\slit_lamp\dataset_03\train\mild\_334_2912159.jpg,slit_lamp,3.080001768,3,2.623150766,3,2.337711688,2,1.699597153,2
_334_7538158.jpg,data\raw\slit_lamp\dataset_03\train\mild\_334_7538158.jpg,slit_lamp,3.083638052,3,2.624628127,3,2.327448354,2,1.69825537,2
_335_5326545.jpg,data\raw\slit_lamp\dataset_03\train\mild\_335_5326545.jpg,slit_lamp,3.131228846,3,2.684079416,3,2.316214274,2,1.811062061,2
_336_4442986.jpg,data\raw\slit_lamp\dataset_03\train\mild\_336_4442986.jpg,slit_lamp,2.835323167,3,2.374249874,2,2.298157898,2,1.285750656,1
_336_783196.jpg,data\raw\slit_lamp\dataset_03\train\mild\_336_783196.jpg,slit_lamp,2.849724383,3,2.350145199,2,2.32354003,2,1.307724996,1
_337_28720.jpg,data\raw\slit_lamp\dataset_03\train\mild\_337_28720.jpg,slit_lamp,2.938027557,3,2.438865188,2,2.284507586,2,1.389337543,1
_338_7660594.jpg,data\raw\slit_lamp\dataset_03\train\mild\_338_7660594.jpg,slit_lamp,2.935161581,3,2.437383205,2,2.304987651,2,1.486556895,1
_339_938566.jpg,data\raw\slit_lamp\dataset_03\train\mild\_339_938566.jpg,slit_lamp,2.975921721,3,2.405786237,2,2.264056619,2,1.418648482,1
_340_6897424.jpg,data\raw\slit_lamp\dataset_03\train\mild\_340_6897424.jpg,slit_lamp,3.146232575,3,2.659733909,3,2.318655846,2,1.773472347,2
_341_3343251.jpg,data\raw\slit_lamp\dataset_03\train\mild\_341_3343251.jpg,slit_lamp,3.109542982,3,2.55942163,3,2.280609837,2,1.652008751,2
_344_6025727.jpg,data\raw\slit_lamp\dataset_03\train\mild\_344_6025727.jpg,slit_lamp,3.018194704,3,2.526716614,3,2.286456858,2,1.462115353,1
_345_7680672.jpg,data\raw\slit_lamp\dataset_03\train\mild\_345_7680672.jpg,slit_lamp,3.140693024,3,2.683640354,3,2.305963572,2,1.702404053,2
_347_1718283.jpg,data\raw\slit_lamp\dataset_03\train\mild\_347_1718283.jpg,slit_lamp,2.921867399,3,3.000974303,3,2.276713163,2,1.817335186,2
_34_2817660.jpg,data\raw\slit_lamp\dataset_03\train\mild\_34_2817660.jpg,slit_lamp,3.09555424,3,2.363244132,2,2.436665084,2,2.679948718,3
_34_836194.jpg,data\raw\slit_lamp\dataset_03\train\mild\_34_836194.jpg,slit_lamp,3.070601509,3,2.376691782,2,2.423420315,2,2.630477194,3
_352_8525027.jpg,data\raw\slit_lamp\dataset_03\train\mild\_352_8525027.jpg,slit_lamp,3.065629069,3,2.45796594,2,2.349447922,2,1.468220709,1
_353_9347543.jpg,data\raw\slit_lamp\dataset_03\train\mild\_353_9347543.jpg,slit_lamp,3.015140958,3,2.817703623,3,2.33868944,2,1.843749731,2
_354_7736360.jpg,data\raw\slit_lamp\dataset_03\train\mild\_354_7736360.jpg,slit_lamp,3.111936146,3,2.611200359,3,2.318655846,2,1.780783439,2
_355_9019995.jpg,data\raw\slit_lamp\dataset_03\train\mild\_355_9019995.jpg,slit_lamp,2.989369198,3,2.53580481,3,2.304499713,2,1.625126141,2
_356_7024951.jpg,data\raw\slit_lamp\dataset_03\train\mild\_356_7024951.jpg,slit_lamp,3.166994344,3,2.590225844,3,2.282071368,2,1.721349557,2
_357_2893291.jpg,data\raw\slit_lamp\dataset_03\train\mild\_357_2893291.jpg,slit_lamp,3.223628776,3,2.569479244,3,2.290843672,2,1.793637038,2
_357_7848484.jpg,data\raw\slit_lamp\dataset_03\train\mild\_357_7848484.jpg,slit_lamp,3.180029446,3,2.568232179,3,2.294744152,2,1.794343269,2
_358_2954052.jpg,data\raw\slit_lamp\dataset_03\train\mild\_358_2954052.jpg,slit_lamp,3.083293109,3,2.603802422,3,2.27768723,2,1.718535697,2
_358_8144492.jpg,data\raw\slit_lamp\dataset_03\train\mild\_358_8144492.jpg,slit_lamp,3.054911503,3,2.60651421,3,2.278661365,2,1.714710577,2
_359_8939038.jpg,data\raw\slit_lamp\dataset_03\train\mild\_359_8939038.jpg,slit_lamp,3.087766937,3,2.436606874,2,2.267949672,2,1.599079923,2
_360_4768102.jpg,data\raw\slit_lamp\dataset_03\train\mild\_360_4768102.jpg,slit_lamp,3.149605894,3,2.672267598,3,2.31670256,2,1.781815941,2
_361_5450086.jpg,data\raw\slit_lamp\dataset_03\train\mild\_361_5450086.jpg,slit_lamp,3.152414697,3,2.673528221,3,2.386164246,2,1.738729872,2
_361_9282542.jpg,data\raw\slit_lamp\dataset_03\train\mild\_361_9282542.jpg,slit_lamp,3.160276317,3,2.669400279,3,2.34357894,2,1.742518942,2
_363_2466087.jpg,data\raw\slit_lamp\dataset_03\train\mild\_363_2466087.jpg,slit_lamp,3.18504419,3,2.779877657,3,2.346024142,2,1.949905898,2
_366_3572426.jpg,data\raw\slit_lamp\dataset_03\train\mild\_366_3572426.jpg,slit_lamp,2.962084719,3,2.820020271,3,2.290356183,2,1.66935959,2
_366_5412727.jpg,data\raw\slit_lamp\dataset_03\train\mild\_366_5412727.jpg,slit_lamp,2.907028354,3,2.82196247,3,2.293281353,2,1.665991589,2
_367_403099.jpg,data\raw\slit_lamp\dataset_03\train\mild\_367_403099.jpg,slit_lamp,3.023925776,3,2.574413731,3,2.26551638,2,1.547008459,2
_367_7784563.jpg,data\raw\slit_lamp\dataset_03\train\mild\_367_7784563.jpg,slit_lamp,3.028679613,3,2.572516818,3,2.288406391,2,1.549285521,2
_369_874276.jpg,data\raw\slit_lamp\dataset_03\train\mild\_369_874276.jpg,slit_lamp,2.892414459,3,2.529622879,3,2.26551638,2,1.438608708,1
_36_9662569.jpg,data\raw\slit_lamp\dataset_03\train\mild\_36_9662569.jpg,slit_lamp,3.028559495,3,2.418484143,2,2.395964242,2,2.677510434,3
_370_7370377.jpg,data\raw\slit_lamp\dataset_03\train\mild\_370_7370377.jpg,slit_lamp,2.988032788,3,2.72042642,3,2.266003002,2,1.777300439,2
_372_153571.jpg,data\raw\slit_lamp\dataset_03\train\mild\_372_153571.jpg,slit_lamp,2.969068656,3,2.554030318,3,2.26940986,2,1.535846457,2
_374_8172135.jpg,data\raw\slit_lamp\dataset_03\train\mild\_374_8172135.jpg,slit_lamp,3.207020102,3,3.203051782,3,2.432249729,2,2.213706342,2
_375_1575212.jpg,data\raw\slit_lamp\dataset_03\train\mild\_375_1575212.jpg,slit_lamp,3.198475958,3,3.278894023,3,2.424401271,2,2.258993699,2
_375_3812551.jpg,data\raw\slit_lamp\dataset_03\train\mild\_375_3812551.jpg,slit_lamp,3.184890151,3,3.277447019,3,2.46267373,2,2.260657651,2
_376_7730949.jpg,data\raw\slit_lamp\dataset_03\train\mild\_376_7730949.jpg,slit_lamp,2.934279174,3,2.968319666,3,2.300596753,2,1.7656428,2
_377_2444638.jpg,data\raw\slit_lamp\dataset_03\train\mild\_377_2444638.jpg,slit_lamp,2.816626516,3,3.027714274,3,2.304499713,2,1.763149748,2
_377_8059232.jpg,data\raw\slit_lamp\dataset_03\train\mild\_377_8059232.jpg,slit_lamp,2.807506291,3,3.03211546,3,2.32354003,2,1.760391388,2
_379_852244.jpg,data\raw\slit_lamp\dataset_03\train\mild\_379_852244.jpg,slit_lamp,2.985913733,3,2.449213647,2,2.27184386,2,1.473687433,1
_37_8813329.jpg,data\raw\slit_lamp\dataset_03\train\mild\_37_8813329.jpg,slit_lamp,2.874636864,3,2.244189104,2,2.348469641,2,2.593674066,3
_380_3524868.jpg,data\raw\slit_lamp\dataset_03\train\mild\_380_3524868.jpg,slit_lamp,3.185267417,3,2.790837633,3,2.295231783,2,2.128948618,2
_381_6602928.jpg,data\raw\slit_lamp\dataset_03\train\mild\_381_6602928.jpg,slit_lamp,2.889976987,3,2.497240364,2,2.366575068,2,1.528320159,2
_382_9740496.jpg,data\raw\slit_lamp\dataset_03\train\mild\_382_9740496.jpg,slit_lamp,2.839144266,3,2.395634677,2,2.400375304,2,1.331160651,1
_383_1676788.jpg,data\raw\slit_lamp\dataset_03\train\mild\_383_1676788.jpg,slit_lamp,2.895217642,3,2.453471963,2,2.265029775,2,1.278209238,1
_383_5927182.jpg,data\raw\slit_lamp\dataset_03\train\mild\_383_5927182.jpg,slit_lamp,2.974658408,3,2.429779024,2,2.268923113,2,1.301885136,1
_384_1145376.jpg,data\raw\slit_lamp\dataset_03\train\mild\_384_1145376.jpg,slit_lamp,3.143043698,3,2.868202357,3,2.405277211,2,2.000905638,2
_385_2935625.jpg,data\raw\slit_lamp\dataset_03\train\mild\_385_2935625.jpg,slit_lamp,3.164044345,3,2.831985047,3,2.36559602,2,1.998035898,2
_386_7977995.jpg,data\raw\slit_lamp\dataset_03\train\mild\_386_7977995.jpg,slit_lamp,2.811965774,3,2.788723597,3,2.391063825,2,1.704643899,2
_386_8829500.jpg,data\raw\slit_lamp\dataset_03\train\mild\_386_8829500.jpg,slit_lamp,2.762451906,3,2.7847063,3,2.395964242,2,1.709753303,2
_387_7675254.jpg,data\raw\slit_lamp\dataset_03\train\mild\_387_7675254.jpg,slit_lamp,2.59159181,3,2.741806416,3,2.376367755,2,1.575062845,2
_388_7162342.jpg,data\raw\slit_lamp\dataset_03\train\mild\_388_7162342.jpg,slit_lamp,3.074480133,3,2.61509463,3,2.447459783,2,1.787597028,2
_389_1548771.jpg,data\raw\slit_lamp\dataset_03\train\mild\_389_1548771.jpg,slit_lamp,3.027342179,3,2.646336186,3,2.437646329,2,1.729229748,2
_389_5976725.jpg,data\raw\slit_lamp\dataset_03\train\mild\_389_5976725.jpg,slit_lamp,2.859483069,3,2.665024639,3,2.380285912,2,1.706937409,2
_38_3483571.jpg,data\raw\slit_lamp\dataset_03\train\mild\_38_3483571.jpg,slit_lamp,3.170501058,3,3.70470196,4,2.458256443,2,2.636408463,3
_390_5579051.jpg,data\raw\slit_lamp\dataset_03\train\mild\_390_5579051.jpg,slit_lamp,3.159176532,3,3.128619157,3,2.426363252,2,2.179617079,2
_391_1332495.jpg,data\raw\slit_lamp\dataset_03\train\mild\_391_1332495.jpg,slit_lamp,2.985953857,3,2.845233054,3,2.490163231,2,1.905565118,2
_392_9636183.jpg,data\raw\slit_lamp\dataset_03\train\mild\_392_9636183.jpg,slit_lamp,2.948186294,3,2.421759998,2,2.330380154,2,1.422232701,1
_393_2129148.jpg,data\raw\slit_lamp\dataset_03\train\mild\_393_2129148.jpg,slit_lamp,2.991331152,3,2.379126013,2,2.320609355,2,1.361512998,1
_393_7224423.jpg,data\raw\slit_lamp\dataset_03\train\mild\_393_7224423.jpg,slit_lamp,2.943921466,3,2.380016461,2,2.341622994,2,1.360971082,1
_395_9075896.jpg,data\raw\slit_lamp\dataset_03\train\mild\_395_9075896.jpg,slit_lamp,3.018314562,3,2.735598643,3,2.286944217,2,1.911171575,2
_396_2615481.jpg,data\raw\slit_lamp\dataset_03\train\mild\_396_2615481.jpg,slit_lamp,3.031500137,3,2.477846213,2,2.291331176,2,1.44610453,1
_398_8823411.jpg,data\raw\slit_lamp\dataset_03\train\mild\_398_8823411.jpg,slit_lamp,2.924703659,3,2.431610706,2,2.291331176,2,1.426248952,1
_399_8219023.jpg,data\raw\slit_lamp\dataset_03\train\mild\_399_8219023.jpg,slit_lamp,2.860516702,3,2.405679376,2,2.264056619,2,1.48051853,1
_39_2691222.jpg,data\raw\slit_lamp\dataset_03\train\mild\_39_2691222.jpg,slit_lamp,3.228734774,3,3.998595227,4,2.422929846,2,2.633869357,3
_39_2936171.jpg,data\raw\slit_lamp\dataset_03\train\mild\_39_2936171.jpg,slit_lamp,3.242656935,3,4.006581894,4,2.437155704,2,2.586251898,3
_400_1780834.jpg,data\raw\slit_lamp\dataset_03\train\mild\_400_1780834.jpg,slit_lamp,3.017878285,3,2.453937977,2,2.268923113,2,1.568804666,2
_401_4906161.jpg,data\raw\slit_lamp\dataset_03\train\mild\_401_4906161.jpg,slit_lamp,2.847142076,3,2.748853936,3,2.326471192,2,1.86910526,2
_401_6044320.jpg,data\raw\slit_lamp\dataset_03\train\mild\_401_6044320.jpg,slit_lamp,2.83687621,3,2.756694472,3,2.30303599,2,1.859469589,2
_402_3641116.jpg,data\raw\slit_lamp\dataset_03\train\mild\_402_3641116.jpg,slit_lamp,3.236861259,3,2.956740058,3,2.265029775,2,2.324698713,2
_403_4411201.jpg,data\raw\slit_lamp\dataset_03\train\mild\_403_4411201.jpg,slit_lamp,2.934786294,3,2.550279896,3,2.285969515,2,1.44598531,1
_405_2674974.jpg,data\raw\slit_lamp\dataset_03\train\mild\_405_2674974.jpg,slit_lamp,2.874895721,3,2.735119792,3,2.281584175,2,1.703400678,2
_406_3482388.jpg,data\raw\slit_lamp\dataset_03\train\mild\_406_3482388.jpg,slit_lamp,2.870585811,3,2.642613204,3,2.280609837,2,1.617859837,2
_40_4972458.jpg,data\raw\slit_lamp\dataset_03\train\mild\_40_4972458.jpg,slit_lamp,3.234270199,3,2.997069866,3,2.548578042,3,2.719780467,3
_41_2520996.jpg,data\raw\slit_lamp\dataset_03\train\mild\_41_2520996.jpg,slit_lamp,3.214538215,3,3.017678212,3,2.612819645,3,2.587868157,3
_43_5688154.jpg,data\raw\slit_lamp\dataset_03\train\mild\_43_5688154.jpg,slit_lamp,1.941858745,2,1.812602982,2,2.299621165,2,3.120609593,3
_44_8455804.jpg,data\raw\slit_lamp\dataset_03\train\mild\_44_8455804.jpg,slit_lamp,3.256383054,3,4.260170326,4,2.388123975,2,2.819180825,3
_45_7744209.jpg,data\raw\slit_lamp\dataset_03\train\mild\_45_7744209.jpg,slit_lamp,2.188435277,2,2.217695642,2,2.377836993,2,2.37314902,2
_47_6549840.jpg,data\raw\slit_lamp\dataset_03\train\mild\_47_6549840.jpg,slit_lamp,2.801441077,3,2.667183529,3,2.352383042,2,2.647235866,3
_47_787901.jpg,data\raw\slit_lamp\dataset_03\train\mild\_47_787901.jpg,slit_lamp,2.866457875,3,2.65440944,3,2.349447922,2,2.687665795,3
_48_3684538.jpg,data\raw\slit_lamp\dataset_03\train\mild\_48_3684538.jpg,slit_lamp,3.134509896,3,2.771804778,3,2.369512457,2,2.735617188,3
_48_5270520.jpg,data\raw\slit_lamp\dataset_03\train\mild\_48_5270520.jpg,slit_lamp,3.157050957,3,2.788208268,3,2.390083841,2,2.686561472,3
_49_249201.jpg,data\raw\slit_lamp\dataset_03\train\mild\_49_249201.jpg,slit_lamp,2.840378458,3,1.989658724,2,2.405277211,2,2.309734032,2
_4_5317326.jpg,data\raw\slit_lamp\dataset_03\train\mild\_4_5317326.jpg,slit_lamp,3.013396334,3,2.645421828,3,2.375878028,2,2.891138407,3
_50_8908104.jpg,data\raw\slit_lamp\dataset_03\train\mild\_50_8908104.jpg,slit_lamp,3.268141797,3,2.525741075,3,2.356786486,2,3.028704165,3
_51_5395739.jpg,data\raw\slit_lamp\dataset_03\train\mild\_51_5395739.jpg,slit_lamp,3.206462134,3,2.436931957,2,2.387144093,2,3.145601026,3
_52_3659415.jpg,data\raw\slit_lamp\dataset_03\train\mild\_52_3659415.jpg,slit_lamp,3.028246866,3,2.322875458,2,2.368533287,2,2.623055449,3
_53_1457470.jpg,data\raw\slit_lamp\dataset_03\train\mild\_53_1457470.jpg,slit_lamp,2.77622912,3,2.091876691,2,2.333801179,2,2.537577432,3
_54_4840369.jpg,data\raw\slit_lamp\dataset_03\train\mild\_54_4840369.jpg,slit_lamp,2.92885744,3,2.658160088,3,2.361680245,2,2.529553389,3
_55_1027321.jpg,data\raw\slit_lamp\dataset_03\train\mild\_55_1027321.jpg,slit_lamp,3.077608845,3,2.432413779,2,2.346513219,2,2.757553813,3
_57_1814825.jpg,data\raw\slit_lamp\dataset_03\train\mild\_57_1814825.jpg,slit_lamp,3.111626562,3,2.159760659,2,2.344556985,2,2.155299163,2
_58_180622.jpg,data\raw\slit_lamp\dataset_03\train\mild\_58_180622.jpg,slit_lamp,1.959254142,2,1.869983476,2,4.497954261,4,2.321392248,2
_59_1911492.jpg,data\raw\slit_lamp\dataset_03\train\mild\_59_1911492.jpg,slit_lamp,3.051160828,3,2.16633983,2,2.448931949,2,2.9938579,3
_59_9153525.jpg,data\raw\slit_lamp\dataset_03\train\mild\_59_9153525.jpg,slit_lamp,3.014290375,3,2.157053583,2,2.404786987,2,3.021123461,3
_60_6481590.jpg,data\raw\slit_lamp\dataset_03\train\mild\_60_6481590.jpg,slit_lamp,1.62845674,2,1.559498564,2,2.318655846,2,2.259750289,2
_61_1340813.jpg,data\raw\slit_lamp\dataset_03\train\mild\_61_1340813.jpg,slit_lamp,1.672143533,2,1.593820804,2,2.326471192,2,2.454524602,2
_62_3878139.jpg,data\raw\slit_lamp\dataset_03\train\mild\_62_3878139.jpg,slit_lamp,3.268019666,3,2.587987397,3,2.287431592,2,2.646796555,3
_62_731940.jpg,data\raw\slit_lamp\dataset_03\train\mild\_62_731940.jpg,slit_lamp,3.263636516,3,2.592759117,3,2.30108457,2,2.63695318,3
_64_3530889.jpg,data\raw\slit_lamp\dataset_03\train\mild\_64_3530889.jpg,slit_lamp,2.036784192,2,2.291617239,2,2.31670256,2,1.61418663,2
_65_9130585.jpg,data\raw\slit_lamp\dataset_03\train\mild\_65_9130585.jpg,slit_lamp,2.990308624,3,2.231509529,2,2.325005551,2,2.623006552,3
_66_8732996.jpg,data\raw\slit_lamp\dataset_03\train\mild\_66_8732996.jpg,slit_lamp,3.211601345,3,2.517170988,3,2.291331176,2,2.459984166,2
_67_5997765.jpg,data\raw\slit_lamp\dataset_03\train\mild\_67_5997765.jpg,slit_lamp,3.329030699,3,3.796025024,4,2.004878893,2,2.844771696,3
_6_2143075.jpg,data\raw\slit_lamp\dataset_03\train\mild\_6_2143075.jpg,slit_lamp,3.224013122,3,2.696070447,3,2.241208859,2,2.637019653,3
_70_4843073.jpg,data\raw\slit_lamp\dataset_03\train\mild\_70_4843073.jpg,slit_lamp,2.498126991,2,1.463671112,1,2.315237743,2,2.658569708,3
_71_5256438.jpg,data\raw\slit_lamp\dataset_03\train\mild\_71_5256438.jpg,slit_lamp,3.056187752,3,1.853308137,2,2.218404714,2,3.127519062,3
_71_9012457.jpg,data\raw\slit_lamp\dataset_03\train\mild\_71_9012457.jpg,slit_lamp,3.014201751,3,1.840777891,2,2.22325282,2,3.187542695,3
_72_3474284.jpg,data\raw\slit_lamp\dataset_03\train\mild\_72_3474284.jpg,slit_lamp,2.921991676,3,1.926500288,2,2.262597021,2,3.13285499,3
_73_1527609.jpg,data\raw\slit_lamp\dataset_03\train\mild\_73_1527609.jpg,slit_lamp,3.191051711,3,2.691124223,3,2.47003638,2,2.700127765,3
_73_2704407.jpg,data\raw\slit_lamp\dataset_03\train\mild\_73_2704407.jpg,slit_lamp,3.220984087,3,2.691073717,3,2.458256443,2,2.695762668,3
_74_2774709.jpg,data\raw\slit_lamp\dataset_03\train\mild\_74_2774709.jpg,slit_lamp,3.073218681,3,2.556937086,3,2.434702654,2,2.735401274,3
_75_820784.jpg,data\raw\slit_lamp\dataset_03\train\mild\_75_820784.jpg,slit_lamp,2.463415854,2,1.422964367,1,2.197582743,2,3.28868893,3
_76_8587652.jpg,data\raw\slit_lamp\dataset_03\train\mild\_76_8587652.jpg,slit_lamp,2.13369971,2,1.385797217,1,2.251898355,2,2.833213353,3
_77_3641818.jpg,data\raw\slit_lamp\dataset_03\train\mild\_77_3641818.jpg,slit_lamp,2.404284875,2,1.63694551,2,2.228588169,2,2.670829458,3
_77_7357873.jpg,data\raw\slit_lamp\dataset_03\train\mild\_77_7357873.jpg,slit_lamp,2.632535094,3,1.62121107,2,2.266003002,2,2.659125944,3
_79_266127.jpg,data\raw\slit_lamp\dataset_03\train\mild\_79_266127.jpg,slit_lamp,2.89345182,3,2.113555446,2,2.44353419,2,2.313180366,2
_79_7226209.jpg,data\raw\slit_lamp\dataset_03\train\mild\_79_7226209.jpg,slit_lamp,2.932852243,3,2.1071471,2,2.451385636,2,2.332648363,2
_7_5314686.jpg,data\raw\slit_lamp\dataset_03\train\mild\_7_5314686.jpg,slit_lamp,3.327925486,3,3.357255755,3,2.050799206,2,2.53247312,3
_81_2700389.jpg,data\raw\slit_lamp\dataset_03\train\mild\_81_2700389.jpg,slit_lamp,2.988127909,3,2.316366722,2,2.453839417,2,2.457331447,2
_82_3719382.jpg,data\raw\slit_lamp\dataset_03\train\mild\_82_3719382.jpg,slit_lamp,3.049303609,3,2.387350803,2,2.450404149,2,2.584296943,3
_83_9155730.jpg,data\raw\slit_lamp\dataset_03\train\mild\_83_9155730.jpg,slit_lamp,3.068469794,3,2.077130109,2,2.322563084,2,3.210437993,3
_84_2885250.jpg,data\raw\slit_lamp\dataset_03\train\mild\_84_2885250.jpg,slit_lamp,2.353436948,2,1.613712644,2,2.23052892,2,3.134313733,3
_86_1386374.jpg,data\raw\slit_lamp\dataset_03\train\mild\_86_1386374.jpg,slit_lamp,3.071585349,3,2.220508661,2,2.383714783,2,2.670297135,3
_88_3424776.jpg,data\raw\slit_lamp\dataset_03\train\mild\_88_3424776.jpg,slit_lamp,3.325341969,3,4.846600671,5,2.04082991,2,2.832944694,3
_88_3707930.jpg,data\raw\slit_lamp\dataset_03\train\mild\_88_3707930.jpg,slit_lamp,3.327959315,3,4.867421997,5,2.041304299,2,2.825238669,3
_89_751322.jpg,data\raw\slit_lamp\dataset_03\train\mild\_89_751322.jpg,slit_lamp,3.234413154,3,4.309956305,4,2.334289949,2,2.635366965,3
_8_4875579.jpg,data\raw\slit_lamp\dataset_03\train\mild\_8_4875579.jpg,slit_lamp,3.076931542,3,2.631579369,3,2.33477873,2,2.875608003,3
_8_5210275.jpg,data\raw\slit_lamp\dataset_03\train\mild\_8_5210275.jpg,slit_lamp,3.143864445,3,2.64469353,3,2.331357525,2,2.861419124,3
_90_7427306.jpg,data\raw\slit_lamp\dataset_03\train\mild\_90_7427306.jpg,slit_lamp,3.253265014,3,2.641447394,3,2.278661365,2,2.467532073,2
_91_4030510.jpg,data\raw\slit_lamp\dataset_03\train\mild\_91_4030510.jpg,slit_lamp,2.839793376,3,2.172314258,2,2.350915431,2,2.386924952,2
_92_2709771.jpg,data\raw\slit_lamp\dataset_03\train\mild\_92_2709771.jpg,slit_lamp,3.207481547,3,2.711881402,3,2.321586192,2,2.451821932,2
_93_8742749.jpg,data\raw\slit_lamp\dataset_03\train\mild\_93_8742749.jpg,slit_lamp,3.252243593,3,2.652267543,3,2.290356183,2,2.795493524,3
_94_8906983.jpg,data\raw\slit_lamp\dataset_03\train\mild\_94_8906983.jpg,slit_lamp,3.286929524,3,2.648585847,3,2.180182957,2,2.53940165,3
_95_6242980.jpg,data\raw\slit_lamp\dataset_03\train\mild\_95_6242980.jpg,slit_lamp,2.754855676,3,1.728213026,2,2.31670256,2,2.882375652,3
_96_982046.jpg,data\raw\slit_lamp\dataset_03\train\mild\_96_982046.jpg,slit_lamp,2.757639809,3,1.802039414,2,2.257732879,2,2.941252139,3
_97_139770.jpg,data\raw\slit_lamp\dataset_03\train\mild\_97_139770.jpg,slit_lamp,3.015610593,3,2.708920908,3,2.426363252,2,2.719427125,3
_97_3920460.jpg,data\raw\slit_lamp\dataset_03\train\mild\_97_3920460.jpg,slit_lamp,2.993513975,3,2.709321657,3,2.432740304,2,2.709717032,3
_98_4213035.jpg,data\raw\slit_lamp\dataset_03\train\mild\_98_4213035.jpg,slit_lamp,2.482172095,2,2.059259693,2,2.361190821,2,2.509934549,3
_98_763638.jpg,data\raw\slit_lamp\dataset_03\train\mild\_98_763638.jpg,slit_lamp,2.470157067,2,2.056582207,2,2.345535078,2,2.525377946,3
_99_5348098.jpg,data\raw\slit_lamp\dataset_03\train\mild\_99_5348098.jpg,slit_lamp,2.798933445,3,2.364844958,2,2.313773054,2,2.638360232,3
_99_9780664.jpg,data\raw\slit_lamp\dataset_03\train\mild\_99_9780664.jpg,slit_lamp,2.889124499,3,2.374176263,2,2.359722612,2,2.631984197,3
_9_9966988.jpg,data\raw\slit_lamp\dataset_03\train\mild\_9_9966988.jpg,slit_lamp,3.027234548,3,2.644994944,3,2.513236888,3,2.796927415,3
0_left.jpg,data\raw\slit_lamp\dataset_03\train\moderate\0_left.jpg,slit_lamp,2.553049273,3,2.200677863,2,2.123979265,2,2.810057275,3
103_left.jpg,data\raw\slit_lamp\dataset_03\train\moderate\103_left.jpg,slit_lamp,2.19821887,2,1.829150296,2,2.122300046,2,2.473144283,2
1083_left.jpg,data\raw\slit_lamp\dataset_03\train\moderate\1083_left.jpg,slit_lamp,2.952586893,3,2.478267969,2,2.12637875,2,2.367569683,2
1084_right.jpg,data\raw\slit_lamp\dataset_03\train\moderate\1084_right.jpg,slit_lamp,2.071139873,2,2.144280813,2,2.087955019,2,2.820271089,3
1102_left.jpg,data\raw\slit_lamp\dataset_03\train\moderate\1102_left.jpg,slit_lamp,2.236760053,2,1.799902625,2,2.120980905,2,2.392258857,2
1102_right.jpg,data\raw\slit_lamp\dataset_03\train\moderate\1102_right.jpg,slit_lamp,2.392381851,2,1.855758697,2,2.120860994,2,2.435302958,2
1115_left.jpg,data\raw\slit_lamp\dataset_03\train\moderate\1115_left.jpg,slit_lamp,1.409899811,1,1.74305557,2,2.12265985,2,1.456949725,1
1126_right.jpg,data\raw\slit_lamp\dataset_03\train\moderate\1126_right.jpg,slit_lamp,1.205272085,1,1.285692057,1,2.119901768,2,2.079469473,2
112_right.jpg,data\raw\slit_lamp\dataset_03\train\moderate\112_right.jpg,slit_lamp,2.40862579,2,1.971560127,2,2.11906254,2,2.581957102,3
1144_left.jpg,data\raw\slit_lamp\dataset_03\train\moderate\1144_left.jpg,slit_lamp,1.766198161,2,1.65063915,2,2.121220733,2,2.230088674,2
1144_right.jpg,data\raw\slit_lamp\dataset_03\train\moderate\1144_right.jpg,slit_lamp,1.438679469,1,1.598647491,2,2.120021665,2,2.167521398,2
1167_right.jpg,data\raw\slit_lamp\dataset_03\train\moderate\1167_right.jpg,slit_lamp,3.040699308,3,2.795957459,3,2.124459105,2,2.703260589,3
119_left.jpg,data\raw\slit_lamp\dataset_03\train\moderate\119_left.jpg,slit_lamp,2.119858276,2,1.726960133,2,2.123619403,2,2.198316044,2
1444_left.jpg,data\raw\slit_lamp\dataset_03\train\moderate\1444_left.jpg,slit_lamp,2.557114126,3,2.350469036,2,2.123379504,2,2.573636133,3
1452_left.jpg,data\raw\slit_lamp\dataset_03\train\moderate\1452_left.jpg,slit_lamp,2.606945189,3,2.610987691,3,2.124219182,2,2.703489146,3
1456_left.jpg,data\raw\slit_lamp\dataset_03\train\moderate\1456_left.jpg,slit_lamp,3.183709458,3,4.966756993,5,2.083657908,2,2.995282915,3
1460_right.jpg,data\raw\slit_lamp\dataset_03\train\moderate\1460_right.jpg,slit_lamp,2.153640003,2,2.129002022,2,2.123139612,2,2.685872099,3
1468_left.jpg,data\raw\slit_lamp\dataset_03\train\moderate\1468_left.jpg,slit_lamp,2.624867843,3,2.716930484,3,2.116425537,2,2.881280987,3
1484_left.jpg,data\raw\slit_lamp\dataset_03\train\moderate\1484_left.jpg,slit_lamp,2.374163674,2,2.684618169,3,2.121100818,2,2.659742184,3
1484_right.jpg,data\raw\slit_lamp\dataset_03\train\moderate\1484_right.jpg,slit_lamp,1.743261334,2,2.109500882,2,2.120261464,2,2.586607674,3
1490_right.jpg,data\raw\slit_lamp\dataset_03\train\moderate\1490_right.jpg,slit_lamp,3.122652763,3,2.78624156,3,2.100741676,2,2.722798987,3
188_right.jpg,data\raw\slit_lamp\dataset_03\train\moderate\188_right.jpg,slit_lamp,2.787002878,3,1.31237691,1,2.119901768,2,2.684398833,3
1987_left.jpg,data\raw\slit_lamp\dataset_03\train\moderate\1987_left.jpg,slit_lamp,2.710137092,3,2.737188219,3,2.126978732,2,2.667348215,3
1994_left.jpg,data\raw\slit_lamp\dataset_03\train\moderate\1994_left.jpg,slit_lamp,3.002625455,3,2.57294998,3,2.122060186,2,2.654012037,3
2052_left.jpg,data\raw\slit_lamp\dataset_03\train\moderate\2052_left.jpg,slit_lamp,2.963360452,3,4.365682233,4,2.11906254,2,2.996191152,3
2052_right.jpg,data\raw\slit_lamp\dataset_03\train\moderate\2052_right.jpg,slit_lamp,2.914283067,3,4.397035905,4,2.124099222,2,2.907825547,3
2074_right.jpg,data\raw\slit_lamp\dataset_03\train\moderate\2074_right.jpg,slit_lamp,2.557593208,3,2.730510906,3,2.117264489,2,2.62285051,3
2095_right.jpg,data\raw\slit_lamp\dataset_03\train\moderate\2095_right.jpg,slit_lamp,2.101944714,2,1.595717686,2,2.089387947,2,2.424317633,2
2096_right.jpg,data\raw\slit_lamp\dataset_03\train\moderate\2096_right.jpg,slit_lamp,3.100342405,3,2.588892873,3,2.094285872,2,3.123489682,3
2098_left.jpg,data\raw\slit_lamp\dataset_03\train\moderate\2098_left.jpg,slit_lamp,1.869559714,2,1.448259003,1,2.090343387,2,2.252047581,2
2099_left.jpg,data\raw\slit_lamp\dataset_03\train\moderate\2099_left.jpg,slit_lamp,1.208982896,1,1.67676613,2,2.121100818,2,2.076028027,2
2100_right.jpg,data\raw\slit_lamp\dataset_03\train\moderate\2100_right.jpg,slit_lamp,2.607575366,3,2.040031592,2,2.12265985,2,2.503910383,3
2103_left.jpg,data\raw\slit_lamp\dataset_03\train\moderate\2103_left.jpg,slit_lamp,2.778149218,3,2.405268124,2,2.124219182,2,2.63889031,3
2104_left.jpg,data\raw\slit_lamp\dataset_03\train\moderate\2104_left.jpg,slit_lamp,3.193273628,3,2.865479493,3,2.121940259,2,3.049381625,3
2104_right.jpg,data\raw\slit_lamp\dataset_03\train\moderate\2104_right.jpg,slit_lamp,2.577319345,3,2.356512225,2,2.121940259,2,2.695188695,3
2105_left.jpg,data\raw\slit_lamp\dataset_03\train\moderate\2105_left.jpg,slit_lamp,2.923949644,3,2.515923814,3,2.119901768,2,2.693514513,3
2105_right.jpg,data\raw\slit_lamp\dataset_03\train\moderate\2105_right.jpg,slit_lamp,2.522573709,3,2.235766286,2,2.123619403,2,2.405166689,2
2107_left.jpg,data\raw\slit_lamp\dataset_03\train\moderate\2107_left.jpg,slit_lamp,2.952011957,3,2.926433248,3,2.101339713,2,2.697517684,3
2109_right.jpg,data\raw\slit_lamp\dataset_03\train\moderate\2109_right.jpg,slit_lamp,2.570492459,3,2.269041651,2,2.11858302,2,2.566420811,3
2110_right.jpg,data\raw\slit_lamp\dataset_03\train\moderate\2110_right.jpg,slit_lamp,2.696990443,3,2.173686529,2,2.125178919,2,2.594656382,3
2111_left.jpg,data\raw\slit_lamp\dataset_03\train\moderate\2111_left.jpg,slit_lamp,2.361777512,2,1.94613745,2,2.124099222,2,2.336380631,2
2113_right.jpg,data\raw\slit_lamp\dataset_03\train\moderate\2113_right.jpg,slit_lamp,3.275336273,3,4.086762901,4,2.120381367,2,3.166896899,3
2114_left.jpg,data\raw\slit_lamp\dataset_03\train\moderate\2114_left.jpg,slit_lamp,2.587291246,3,4.673891398,5,2.12637875,2,2.865934848,3
2114_right.jpg,data\raw\slit_lamp\dataset_03\train\moderate\2114_right.jpg,slit_lamp,1.867404114,2,3.038469425,3,2.067209288,2,1.605906023,2
2115_right.jpg,data\raw\slit_lamp\dataset_03\train\moderate\2115_right.jpg,slit_lamp,2.411778385,2,2.290534284,2,2.119182424,2,2.751370484,3
2116_left.jpg,data\raw\slit_lamp\dataset_03\train\moderate\2116_left.jpg,slit_lamp,2.811836704,3,4.985072911,5,2.11966198,2,2.902575747,3
2116_right.jpg,data\raw\slit_lamp\dataset_03\train\moderate\2116_right.jpg,slit_lamp,2.743319254,3,4.13773816,4,2.120141564,2,2.842625108,3
2117_left.jpg,data\raw\slit_lamp\dataset_03\train\moderate\2117_left.jpg,slit_lamp,3.105889682,3,2.341168635,2,2.025076175,2,2.516371979,3
2119_right.jpg,data\raw\slit_lamp\dataset_03\train\moderate\2119_right.jpg,slit_lamp,3.179314458,3,2.804371506,3,2.11966198,2,3.158297642,3
2120_right.jpg,data\raw\slit_lamp\dataset_03\train\moderate\2120_right.jpg,slit_lamp,2.943667695,3,2.402642153,2,2.123979265,2,2.680598231,3
2121_left.jpg,data\raw\slit_lamp\dataset_03\train\moderate\2121_left.jpg,slit_lamp,2.274010533,2,1.77696809,2,2.123139612,2,2.472179116,2
2122_right.jpg,data\raw\slit_lamp\dataset_03\train\moderate\2122_right.jpg,slit_lamp,2.827180585,3,2.190198794,2,2.123019669,2,2.613783952,3
2123_left.jpg,data\raw\slit_lamp\dataset_03\train\moderate\2123_left.jpg,slit_lamp,0.752752589,1,1.135257557,1,2.122779788,2,2.013921325,2
2124_left.jpg,data\raw\slit_lamp\dataset_03\train\moderate\2124_left.jpg,slit_lamp,1.838277561,2,1.629046095,2,2.121580488,2,2.278245324,2
2125_left.jpg,data\raw\slit_lamp\dataset_03\train\moderate\2125_left.jpg,slit_lamp,3.112320074,3,2.950660352,3,2.119182424,2,2.783832182,3
2126_left.jpg,data\raw\slit_lamp\dataset_03\train\moderate\2126_left.jpg,slit_lamp,3.231270633,3,3.258062311,3,2.060188588,2,2.967803347,3
2126_right.jpg,data\raw\slit_lamp\dataset_03\train\moderate\2126_right.jpg,slit_lamp,3.130223202,3,2.471200273,2,2.111393692,2,2.792187564,3
2127_right.jpg,data\raw\slit_lamp\dataset_03\train\moderate\2127_right.jpg,slit_lamp,2.43065111,2,2.48960528,2,2.122899727,2,2.670396599,3
2129_left.jpg,data\raw\slit_lamp\dataset_03\train\moderate\2129_left.jpg,slit_lamp,2.661932116,3,2.771076537,3,2.123979265,2,2.8080281,3
2129_right.jpg,data\raw\slit_lamp\dataset_03\train\moderate\2129_right.jpg,slit_lamp,2.698605986,3,2.135188085,2,2.123259557,2,2.433751773,2
2130_left.jpg,data\raw\slit_lamp\dataset_03\train\moderate\2130_left.jpg,slit_lamp,1.295788336,1,1.74067818,2,2.118223399,2,2.335834309,2
2132_left.jpg,data\raw\slit_lamp\dataset_03\train\moderate\2132_left.jpg,slit_lamp,2.891163246,3,1.227641206,1,2.240480374,2,1.510216367,2
2133_left.jpg,data\raw\slit_lamp\dataset_03\train\moderate\2133_left.jpg,slit_lamp,2.987027771,3,3.086467181,3,2.122899727,2,1.769923069,2
2133_right.jpg,data\raw\slit_lamp\dataset_03\train\moderate\2133_right.jpg,slit_lamp,2.639491327,3,2.996332479,3,2.006058199,2,2.643110468,3
2134_left.jpg,data\raw\slit_lamp\dataset_03\train\moderate\2134_left.jpg,slit_lamp,2.538936114,3,3.316145004,3,2.011485947,2,2.740073362,3
2134_right.jpg,data\raw\slit_lamp\dataset_03\train\moderate\2134_right.jpg,slit_lamp,3.015570316,3,2.126511361,2,2.230650228,2,1.711393817,2
2135_left.jpg,data\raw\slit_lamp\dataset_03\train\moderate\2135_left.jpg,slit_lamp,0.566744733,1,1.194458854,1,2.122899727,2,2.036529151,2
2135_right.jpg,data\raw\slit_lamp\dataset_03\train\moderate\2135_right.jpg,slit_lamp,2.710496541,3,2.270018009,2,2.11858302,2,2.657407805,3
2136_left.jpg,data\raw\slit_lamp\dataset_03\train\moderate\2136_left.jpg,slit_lamp,2.267915868,2,1.650547517,2,2.122779788,2,2.276156112,2
2137_left.jpg,data\raw\slit_lamp\dataset_03\train\moderate\2137_left.jpg,slit_lamp,2.705524062,3,2.127020196,2,2.092374104,2,2.122299178,2
2137_right.jpg,data\raw\slit_lamp\dataset_03\train\moderate\2137_right.jpg,slit_lamp,2.35172667,2,1.785504724,2,2.122779788,2,2.434401363,2
2138_left.jpg,data\raw\slit_lamp\dataset_03\train\moderate\2138_left.jpg,slit_lamp,2.537066172,3,1.925451361,2,2.123259557,2,2.30008582,2
2138_right.jpg,data\raw\slit_lamp\dataset_03\train\moderate\2138_right.jpg,slit_lamp,2.514681944,3,1.98922893,2,2.122539913,2,2.35533812,2
2139_right.jpg,data\raw\slit_lamp\dataset_03\train\moderate\2139_right.jpg,slit_lamp,2.090433407,2,1.792509876,2,2.121460568,2,2.339155433,2
2140_left.jpg,data\raw\slit_lamp\dataset_03\train\moderate\2140_left.jpg,slit_lamp,2.944698192,3,2.671985575,3,2.123139612,2,2.562409915,3
2140_right.jpg,data\raw\slit_lamp\dataset_03\train\moderate\2140_right.jpg,slit_lamp,2.304715558,2,1.971837588,2,2.122539913,2,2.365201063,2
2141_right.jpg,data\raw\slit_lamp\dataset_03\train\moderate\2141_right.jpg,slit_lamp,2.484572512,2,2.133552916,2,2.123739355,2,2.668872426,3
2143_right.jpg,data\raw\slit_lamp\dataset_03\train\moderate\2143_right.jpg,slit_lamp,2.410529169,2,1.982966807,2,2.121940259,2,2.368726476,2
2144_right.jpg,data\raw\slit_lamp\dataset_03\train\moderate\2144_right.jpg,slit_lamp,3.088201845,3,2.343251527,2,2.124219182,2,2.586414406,3
2146_left.jpg,data\raw\slit_lamp\dataset_03\train\moderate\2146_left.jpg,slit_lamp,2.661813352,3,2.272042929,2,2.122180116,2,2.656209723,3
2146_right.jpg,data\raw\slit_lamp\dataset_03\train\moderate\2146_right.jpg,slit_lamp,2.171166961,2,2.291306094,2,2.120860994,2,2.372495258,2
2147_left.jpg,data\raw\slit_lamp\dataset_03\train\moderate\2147_left.jpg,slit_lamp,2.193912287,2,2.06306658,2,2.120501271,2,2.514129355,3
2149_right.jpg,data\raw\slit_lamp\dataset_03\train\moderate\2149_right.jpg,slit_lamp,3.175662173,3,2.479699255,2,2.12457907,2,2.422439866,2
2150_left.jpg,data\raw\slit_lamp\dataset_03\train\moderate\2150_left.jpg,slit_lamp,1.707473274,2,1.56505876,2,2.120860994,2,2.284807467,2
2150_right.jpg,data\raw\slit_lamp\dataset_03\train\moderate\2150_right.jpg,slit_lamp,1.733568814,2,1.531426377,2,2.121220733,2,2.336753124,2
2151_right.jpg,data\raw\slit_lamp\dataset_03\train\moderate\2151_right.jpg,slit_lamp,1.129603045,1,1.26817681,1,2.120381367,2,1.961349078,2
2152_left.jpg,data\raw\slit_lamp\dataset_03\train\moderate\2152_left.jpg,slit_lamp,2.244734775,2,2.013477268,2,2.123259557,2,2.043373448,2
2153_left.jpg,data\raw\slit_lamp\dataset_03\train\moderate\2153_left.jpg,slit_lamp,2.571802583,3,2.178539247,2,2.122539913,2,2.52027509,3
2153_right.jpg,data\raw\slit_lamp\dataset_03\train\moderate\2153_right.jpg,slit_lamp,2.834732941,3,2.200040571,2,2.123259557,2,2.692170272,3
2155_left.jpg,data\raw\slit_lamp\dataset_03\train\moderate\2155_left.jpg,slit_lamp,2.690163933,3,2.224291709,2,2.121580488,2,2.704608743,3
2155_right.jpg,data\raw\slit_lamp\dataset_03\train\moderate\2155_right.jpg,slit_lamp,2.182426486,2,1.871905997,2,2.120021665,2,2.420059054,2
2156_left.jpg,data\raw\slit_lamp\dataset_03\train\moderate\2156_left.jpg,slit_lamp,2.341739248,2,2.307114091,2,2.120381367,2,2.697265906,3
2157_left.jpg,data\raw\slit_lamp\dataset_03\train\moderate\2157_left.jpg,slit_lamp,2.106054386,2,1.919714168,2,2.121100818,2,2.376414903,2
2157_right.jpg,data\raw\slit_lamp\dataset_03\train\moderate\2157_right.jpg,slit_lamp,1.786815831,2,1.642682346,2,2.120860994,2,2.290408625,2
2158_left.jpg,data\raw\slit_lamp\dataset_03\train\moderate\2158_left.jpg,slit_lamp,1.527365898,2,1.968799024,2,2.12170041,2,2.386911999,2
2158_right.jpg,data\raw\slit_lamp\dataset_03\train\moderate\2158_right.jpg,slit_lamp,2.439499038,2,2.298830074,2,2.123979265,2,2.206900776,2
2159_left.jpg,data\raw\slit_lamp\dataset_03\train\moderate\2159_left.jpg,slit_lamp,2.279090329,2,2.013446337,2,2.074237033,2,3.048075636,3
2160_right.jpg,data\raw\slit_lamp\dataset_03\train\moderate\2160_right.jpg,slit_lamp,2.524167975,3,2.054878222,2,2.073522028,2,3.127273038,3
2161_right.jpg,data\raw\slit_lamp\dataset_03\train\moderate\2161_right.jpg,slit_lamp,2.54686166,3,2.484493709,2,2.12265985,2,2.584917728,3
2162_right.jpg,data\raw\slit_lamp\dataset_03\train\moderate\2162_right.jpg,slit_lamp,1.941318783,2,2.214518407,2,2.124459105,2,2.399683031,2
2163_right.jpg,data\raw\slit_lamp\dataset_03\train\moderate\2163_right.jpg,slit_lamp,1.972532998,2,2.186067314,2,2.122779788,2,1.940516973,2
2164_left.jpg,data\raw\slit_lamp\dataset_03\train\moderate\2164_left.jpg,slit_lamp,2.012043686,2,2.188118749,2,2.121940259,2,2.330590402,2
2164_right.jpg,data\raw\slit_lamp\dataset_03\train\moderate\2164_right.jpg,slit_lamp,3.060485054,3,2.907673137,3,2.125178919,2,2.845580182,3
2165_right.jpg,data\raw\slit_lamp\dataset_03\train\moderate\2165_right.jpg,slit_lamp,2.838868317,3,2.382871366,2,2.121940259,2,2.468858199,2
2166_left.jpg,data\raw\slit_lamp\dataset_03\train\moderate\2166_left.jpg,slit_lamp,0.591106893,1,0.976239694,1,2.120261464,2,1.79325957,2
2167_right.jpg,data\raw\slit_lamp\dataset_03\train\moderate\2167_right.jpg,slit_lamp,2.01869272,2,1.741910974,2,2.120741084,2,2.289451764,2
2168_left.jpg,data\raw\slit_lamp\dataset_03\train\moderate\2168_left.jpg,slit_lamp,0.602460165,1,0.950919251,1,2.120141564,2,1.812510306,2
2169_left.jpg,data\raw\slit_lamp\dataset_03\train\moderate\2169_left.jpg,slit_lamp,2.967009837,3,3.117055343,3,2.112711246,2,2.949511964,3
2169_right.jpg,data\raw\slit_lamp\dataset_03\train\moderate\2169_right.jpg,slit_lamp,3.092343966,3,3.539980841,4,2.122300046,2,3.039602122,3
2170_left.jpg,data\raw\slit_lamp\dataset_03\train\moderate\2170_left.jpg,slit_lamp,2.434602661,2,2.459756934,2,2.120141564,2,2.571078681,3
2170_right.jpg,data\raw\slit_lamp\dataset_03\train\moderate\2170_right.jpg,slit_lamp,3.031422922,3,4.073703599,4,2.118702897,2,3.016333419,3
2172_left.jpg,data\raw\slit_lamp\dataset_03\train\moderate\2172_left.jpg,slit_lamp,3.241542847,3,2.731763277,3,2.127458749,2,3.04006475,3
2173_right.jpg,data\raw\slit_lamp\dataset_03\train\moderate\2173_right.jpg,slit_lamp,2.82588494,3,2.449563282,2,2.124459105,2,2.692190479,3
2174_right.jpg,data\raw\slit_lamp\dataset_03\train\moderate\2174_right.jpg,slit_lamp,0.8357178,1,1.676722391,2,2.220464899,2,1.399742614,1
2177_right.jpg,data\raw\slit_lamp\dataset_03\train\moderate\2177_right.jpg,slit_lamp,1.067046946,1,1.590377697,2,2.221434531,2,1.622524805,2
2178_left.jpg,data\raw\slit_lamp\dataset_03\train\moderate\2178_left.jpg,slit_lamp,3.201334738,3,3.574301584,4,2.0584048,2,2.923786408,3
2179_left.jpg,data\raw\slit_lamp\dataset_03\train\moderate\2179_left.jpg,slit_lamp,0.567571988,1,2.533408342,3,2.190691674,2,1.485919542,1
2179_right.jpg,data\raw\slit_lamp\dataset_03\train\moderate\2179_right.jpg,slit_lamp,0.931896673,1,1.736816312,2,2.220222504,2,1.202873147,1
2181_left.jpg,data\raw\slit_lamp\dataset_03\train\moderate\2181_left.jpg,slit_lamp,0.945053653,1,1.602994582,2,2.233440661,2,1.507815287,2
2182_right.jpg,data\raw\slit_lamp\dataset_03\train\moderate\2182_right.jpg,slit_lamp,0.813655544,1,1.949605644,2,2.17595853,2,1.142312106,1
2183_left.jpg,data\raw\slit_lamp\dataset_03\train\moderate\2183_left.jpg,slit_lamp,3.298105404,3,2.290025194,2,2.127098734,2,2.523183833,3
2184_left.jpg,data\raw\slit_lamp\dataset_03\train\moderate\2184_left.jpg,slit_lamp,3.315486426,3,3.318724383,3,1.943765911,2,3.06791683,3
2184_right.jpg,data\raw\slit_lamp\dataset_03\train\moderate\2184_right.jpg,slit_lamp,3.299634156,3,3.292848571,3,1.976762839,2,2.993706016,3
2185_left.jpg,data\raw\slit_lamp\dataset_03\train\moderate\2185_left.jpg,slit_lamp,2.909068387,3,1.823714121,2,2.076501687,2,2.959397957,3
2187_right.jpg,data\raw\slit_lamp\dataset_03\train\moderate\2187_right.jpg,slit_lamp,3.006743583,3,2.110486733,2,2.078170837,2,3.067885688,3
2189_left.jpg,data\raw\slit_lamp\dataset_03\train\moderate\2189_left.jpg,slit_lamp,2.970132293,3,2.494906008,2,2.07721699,2,3.059898087,3
2189_right.jpg,data\raw\slit_lamp\dataset_03\train\moderate\2189_right.jpg,slit_lamp,3.108620397,3,2.377438653,2,2.057691414,2,2.993584361,3
2192_left.jpg,data\raw\slit_lamp\dataset_03\train\moderate\2192_left.jpg,slit_lamp,1.633601614,2,1.709338546,2,2.119781873,2,2.241010784,2
2192_right.jpg,data\raw\slit_lamp\dataset_03\train\moderate\2192_right.jpg,slit_lamp,1.128515345,1,1.342229763,1,2.119422198,2,2.045677985,2
2193_right.jpg,data\raw\slit_lamp\dataset_03\train\moderate\2193_right.jpg,slit_lamp,1.074564509,1,1.46637427,1,2.120021665,2,2.144666391,2
2194_right.jpg,data\raw\slit_lamp\dataset_03\train\moderate\2194_right.jpg,slit_lamp,0.780125238,1,1.165973484,1,2.11966198,2,1.924970257,2
2195_left.jpg,data\raw\slit_lamp\dataset_03\train\moderate\2195_left.jpg,slit_lamp,2.442876279,2,1.889457504,2,2.122419979,2,2.488909771,2
2195_right.jpg,data\raw\slit_lamp\dataset_03\train\moderate\2195_right.jpg,slit_lamp,2.818040515,3,2.144659328,2,2.122539913,2,2.563842428,3
2196_right.jpg,data\raw\slit_lamp\dataset_03\train\moderate\2196_right.jpg,slit_lamp,2.154598435,2,1.762874579,2,2.12170041,2,2.507045915,3
2197_right.jpg,data\raw\slit_lamp\dataset_03\train\moderate\2197_right.jpg,slit_lamp,1.304163165,1,1.648882527,2,2.12265985,2,2.067684321,2
2198_right.jpg,data\raw\slit_lamp\dataset_03\train\moderate\2198_right.jpg,slit_lamp,2.933548778,3,4.516545431,5,2.124459105,2,2.919418053,3
2199_left.jpg,data\raw\slit_lamp\dataset_03\train\moderate\2199_left.jpg,slit_lamp,2.442167021,2,2.08804454,2,2.123859309,2,2.567081371,3
2200_left.jpg,data\raw\slit_lamp\dataset_03\train\moderate\2200_left.jpg,slit_lamp,2.996579532,3,2.212742036,2,2.129259062,2,2.817404826,3
2203_left.jpg,data\raw\slit_lamp\dataset_03\train\moderate\2203_left.jpg,slit_lamp,2.643978702,3,2.071354595,2,2.124219182,2,2.554965325,3
2203_right.jpg,data\raw\slit_lamp\dataset_03\train\moderate\2203_right.jpg,slit_lamp,1.844448705,2,1.650162753,2,2.121460568,2,2.349390581,2
2204_left.jpg,data\raw\slit_lamp\dataset_03\train\moderate\2204_left.jpg,slit_lamp,2.688960937,3,3.493136573,3,2.120741084,2,2.915790395,3
2205_right.jpg,data\raw\slit_lamp\dataset_03\train\moderate\2205_right.jpg,slit_lamp,2.897359088,3,4.997856741,5,2.121460568,2,2.935280548,3
2206_left.jpg,data\raw\slit_lamp\dataset_03\train\moderate\2206_left.jpg,slit_lamp,2.857168626,3,2.189056775,2,2.066137876,2,2.642487611,3
2206_right.jpg,data\raw\slit_lamp\dataset_03\train\moderate\2206_right.jpg,slit_lamp,2.367350676,2,1.819787964,2,2.066494995,2,2.375376227,2
2210_right.jpg,data\raw\slit_lamp\dataset_03\train\moderate\2210_right.jpg,slit_lamp,1.85773353,2,3.768458871,4,1.912710725,2,3.23131258,3
2211_left.jpg,data\raw\slit_lamp\dataset_03\train\moderate\2211_left.jpg,slit_lamp,1.381817387,1,4.485860528,4,2.123379504,2,2.746882857,3
2211_right.jpg,data\raw\slit_lamp\dataset_03\train\moderate\2211_right.jpg,slit_lamp,1.513042431,2,4.643393417,5,2.123739355,2,2.722640253,3
2212_right.jpg,data\raw\slit_lamp\dataset_03\train\moderate\2212_right.jpg,slit_lamp,1.211823586,1,4.078501493,4,2.073402868,2,2.865393186,3
2213_left.jpg,data\raw\slit_lamp\dataset_03\train\moderate\2213_left.jpg,slit_lamp,2.288122576,2,2.065510721,2,2.124459105,2,2.12339852,2
2213_right.jpg,data\raw\slit_lamp\dataset_03\train\moderate\2213_right.jpg,slit_lamp,2.092407492,2,1.912806276,2,2.124099222,2,2.450377813,2
2215_left.jpg,data\raw\slit_lamp\dataset_03\train\moderate\2215_left.jpg,slit_lamp,2.96054535,3,4.78333084,5,1.912710725,2,3.23967917,3
2216_left.jpg,data\raw\slit_lamp\dataset_03\train\moderate\2216_left.jpg,slit_lamp,2.651038822,3,3.93703531,4,2.005586449,2,2.914212034,3
2216_right.jpg,data\raw\slit_lamp\dataset_03\train\moderate\2216_right.jpg,slit_lamp,2.670364875,3,3.327181515,3,2.068757173,2,2.793868179,3
2217_left.jpg,data\raw\slit_lamp\dataset_03\train\moderate\2217_left.jpg,slit_lamp,2.79629934,3,4.980540923,5,2.123139612,2,2.905233595,3
2218_right.jpg,data\raw\slit_lamp\dataset_03\train\moderate\2218_right.jpg,slit_lamp,2.465351319,2,3.196832682,3,2.123859309,2,2.74108865,3
2219_left.jpg,data\raw\slit_lamp\dataset_03\train\moderate\2219_left.jpg,slit_lamp,2.722099474,3,4.956208948,5,2.123499453,2,2.940982996,3
2219_right.jpg,data\raw\slit_lamp\dataset_03\train\moderate\2219_right.jpg,slit_lamp,2.621217221,3,3.727564993,4,2.124339143,2,2.868269067,3
2221_right.jpg,data\raw\slit_lamp\dataset_03\train\moderate\2221_right.jpg,slit_lamp,2.443996121,2,4.856837018,5,2.126978732,2,2.857250064,3
2222_left.jpg,data\raw\slit_lamp\dataset_03\train\moderate\2222_left.jpg,slit_lamp,2.635501274,3,2.402848454,2,2.123859309,2,2.436395874,2
2223_left.jpg,data\raw\slit_lamp\dataset_03\train\moderate\2223_left.jpg,slit_lamp,2.409484465,2,2.011333706,2,2.121220733,2,2.365047257,2
2223_right.jpg,data\raw\slit_lamp\dataset_03\train\moderate\2223_right.jpg,slit_lamp,2.894225547,3,2.511869296,3,2.123019669,2,2.524658008,3
2225_right.jpg,data\raw\slit_lamp\dataset_03\train\moderate\2225_right.jpg,slit_lamp,2.819665752,3,2.354465518,2,2.119422198,2,2.736215333,3
2226_left.jpg,data\raw\slit_lamp\dataset_03\train\moderate\2226_left.jpg,slit_lamp,2.266927149,2,1.905419986,2,2.118702897,2,2.636454956,3
2227_left.jpg,data\raw\slit_lamp\dataset_03\train\moderate\2227_left.jpg,slit_lamp,2.662735858,3,2.262454859,2,2.118942657,2,2.793942573,3
2228_right.jpg,data\raw\slit_lamp\dataset_03\train\moderate\2228_right.jpg,slit_lamp,3.160268573,3,2.695242582,3,2.121460568,2,2.545349371,3
2231_right.jpg,data\raw\slit_lamp\dataset_03\train\moderate\2231_right.jpg,slit_lamp,2.456438664,2,2.291650604,2,2.11858302,2,2.111157433,2
2232_left.jpg,data\raw\slit_lamp\dataset_03\train\moderate\2232_left.jpg,slit_lamp,2.783961216,3,1.388252269,1,2.068042722,2,2.059066292,2
2232_right.jpg,data\raw\slit_lamp\dataset_03\train\moderate\2232_right.jpg,slit_lamp,3.025239459,3,1.453238755,1,2.075786455,2,2.548511975,3
2233_right.jpg,data\raw\slit_lamp\dataset_03\train\moderate\2233_right.jpg,slit_lamp,2.446352619,2,2.424710488,2,2.122300046,2,2.463770672,2
2234_left.jpg,data\raw\slit_lamp\dataset_03\train\moderate\2234_left.jpg,slit_lamp,3.130724013,3,2.782778297,3,2.122060186,2,2.993666843,3
2234_right.jpg,data\raw\slit_lamp\dataset_03\train\moderate\2234_right.jpg,slit_lamp,2.93817888,3,2.704856026,3,2.12170041,2,2.769109252,3
2235_left.jpg,data\raw\slit_lamp\dataset_03\train\moderate\2235_left.jpg,slit_lamp,2.904803252,3,2.118039781,2,2.065661745,2,2.79275672,3
2236_left.jpg,data\raw\slit_lamp\dataset_03\train\moderate\2236_left.jpg,slit_lamp,2.772249573,3,1.834438938,2,2.065304669,2,3.027749678,3
2236_right.jpg,data\raw\slit_lamp\dataset_03\train\moderate\2236_right.jpg,slit_lamp,2.828818878,3,1.789024788,2,2.065780775,2,2.872028568,3
2237_right.jpg,data\raw\slit_lamp\dataset_03\train\moderate\2237_right.jpg,slit_lamp,3.006995661,3,2.288622333,2,2.06601884,2,3.109718118,3
2239_right.jpg,data\raw\slit_lamp\dataset_03\train\moderate\2239_right.jpg,slit_lamp,2.975925619,3,2.206106664,2,2.066256913,2,3.104993033,3
2240_left.jpg,data\raw\slit_lamp\dataset_03\train\moderate\2240_left.jpg,slit_lamp,2.546254997,3,2.724107271,3,2.118463145,2,2.774713035,3
2240_right.jpg,data\raw\slit_lamp\dataset_03\train\moderate\2240_right.jpg,slit_lamp,2.109807121,2,2.352516824,2,2.118343271,2,2.562604205,3
2241_left.jpg,data\raw\slit_lamp\dataset_03\train\moderate\2241_left.jpg,slit_lamp,3.135584089,3,2.538705852,3,2.12457907,2,2.927671765,3
2242_left.jpg,data\raw\slit_lamp\dataset_03\train\moderate\2242_left.jpg,slit_lamp,3.052124994,3,2.46341276,2,2.120860994,2,2.608832442,3
2243_left.jpg,data\raw\slit_lamp\dataset_03\train\moderate\2243_left.jpg,slit_lamp,3.188716894,3,2.793403109,3,2.017863762,2,3.034998044,3
2243_right.jpg,data\raw\slit_lamp\dataset_03\train\moderate\2243_right.jpg,slit_lamp,3.139429947,3,2.822023,3,2.036443442,2,2.822889921,3
2244_right.jpg,data\raw\slit_lamp\dataset_03\train\moderate\2244_right.jpg,slit_lamp,2.341108491,2,2.337763331,2,2.124219182,2,2.578515156,3
2246_right.jpg,data\raw\slit_lamp\dataset_03\train\moderate\2246_right.jpg,slit_lamp,3.228663348,3,2.684307789,3,2.12457907,2,3.073941672,3
2247_left.jpg,data\raw\slit_lamp\dataset_03\train\moderate\2247_left.jpg,slit_lamp,2.633165916,3,2.162781411,2,2.141271113,2,2.505610057,3
2247_right.jpg,data\raw\slit_lamp\dataset_03\train\moderate\2247_right.jpg,slit_lamp,1.884548929,2,1.697147814,2,2.121460568,2,2.355922979,2
2248_left.jpg,data\raw\slit_lamp\dataset_03\train\moderate\2248_left.jpg,slit_lamp,2.567140077,3,2.046079207,2,2.123979265,2,2.490808954,2
2248_right.jpg,data\raw\slit_lamp\dataset_03\train\moderate\2248_right.jpg,slit_lamp,3.154733775,3,2.605427212,3,2.125778813,2,2.977403843,3
2282_right.jpg,data\raw\slit_lamp\dataset_03\train\moderate\2282_right.jpg,slit_lamp,2.308701146,2,2.170096501,2,2.122180116,2,2.493525827,2
24_right.jpg,data\raw\slit_lamp\dataset_03\train\moderate\24_right.jpg,slit_lamp,2.44322942,2,2.21299448,2,2.123979265,2,2.658594592,3
254_left.jpg,data\raw\slit_lamp\dataset_03\train\moderate\254_left.jpg,slit_lamp,1.342639146,1,1.51632944,2,2.121100818,2,2.194128121,2
330_left.jpg,data\raw\slit_lamp\dataset_03\train\moderate\330_left.jpg,slit_lamp,0.585783831,1,1.2540264,1,2.08759683,2,2.402676598,2
345_right.jpg,data\raw\slit_lamp\dataset_03\train\moderate\345_right.jpg,slit_lamp,2.76390791,3,2.351978077,2,2.123499453,2,2.635566604,3
354_right.jpg,data\raw\slit_lamp\dataset_03\train\moderate\354_right.jpg,slit_lamp,1.424483231,1,1.803771073,2,2.120741084,2,2.249532456,2
448_left.jpg,data\raw\slit_lamp\dataset_03\train\moderate\448_left.jpg,slit_lamp,1.869415206,2,1.78405834,2,2.123379504,2,2.374885646,2
477_right.jpg,data\raw\slit_lamp\dataset_03\train\moderate\477_right.jpg,slit_lamp,2.684860165,3,2.139840278,2,2.055908276,2,3.301528154,3
553_right.jpg,data\raw\slit_lamp\dataset_03\train\moderate\553_right.jpg,slit_lamp,2.794754781,3,1.574310593,2,2.097034892,2,2.084260315,2
560_left.jpg,data\raw\slit_lamp\dataset_03\train\moderate\560_left.jpg,slit_lamp,1.569703049,2,2.067159261,2,2.087835621,2,2.803972003,3
560_right.jpg,data\raw\slit_lamp\dataset_03\train\moderate\560_right.jpg,slit_lamp,1.263955737,1,2.011975426,2,2.087835621,2,2.650773602,3
594_left.jpg,data\raw\slit_lamp\dataset_03\train\moderate\594_left.jpg,slit_lamp,1.230068101,1,1.620679706,2,2.120741084,2,2.116025003,2
611_left.jpg,data\raw\slit_lamp\dataset_03\train\moderate\611_left.jpg,slit_lamp,3.027460036,3,2.517798483,3,2.126978732,2,2.644937642,3
625_left.jpg,data\raw\slit_lamp\dataset_03\train\moderate\625_left.jpg,slit_lamp,2.406418732,2,2.039740395,2,2.072330514,2,3.002967764,3
625_right.jpg,data\raw\slit_lamp\dataset_03\train\moderate\625_right.jpg,slit_lamp,1.968700545,2,1.855945079,2,2.07411786,2,2.658168247,3
629_left.jpg,data\raw\slit_lamp\dataset_03\train\moderate\629_left.jpg,slit_lamp,2.706258957,3,4.089782093,4,2.118702897,2,2.780272838,3
691_left.jpg,data\raw\slit_lamp\dataset_03\train\moderate\691_left.jpg,slit_lamp,0.929191575,1,1.608406259,2,2.123259557,2,2.104351907,2
769_right.jpg,data\raw\slit_lamp\dataset_03\train\moderate\769_right.jpg,slit_lamp,1.675238017,2,1.701145941,2,2.122060186,2,2.426013375,2
809_left.jpg,data\raw\slit_lamp\dataset_03\train\moderate\809_left.jpg,slit_lamp,2.544540122,3,2.044104633,2,2.123379504,2,2.615907273,3
81_left.jpg,data\raw\slit_lamp\dataset_03\train\moderate\81_left.jpg,slit_lamp,1.636579759,2,1.885036858,2,2.12265985,2,2.295262497,2
81_right.jpg,data\raw\slit_lamp\dataset_03\train\moderate\81_right.jpg,slit_lamp,1.56660994,2,1.991143523,2,2.122300046,2,1.787789203,2
820_left.jpg,data\raw\slit_lamp\dataset_03\train\moderate\820_left.jpg,slit_lamp,2.785093957,3,2.196719476,2,2.081748891,2,3.073913938,3
824_left.jpg,data\raw\slit_lamp\dataset_03\train\moderate\824_left.jpg,slit_lamp,1.200875935,1,1.261097268,1,2.127698768,2,1.710584137,2
874_left.jpg,data\raw\slit_lamp\dataset_03\train\moderate\874_left.jpg,slit_lamp,2.181659701,2,2.125047981,2,2.121940259,2,2.5791374,3
949_right.jpg,data\raw\slit_lamp\dataset_03\train\moderate\949_right.jpg,slit_lamp,2.085573817,2,2.049919917,2,2.124339143,2,2.513681934,3
955_right.jpg,data\raw\slit_lamp\dataset_03\train\moderate\955_right.jpg,slit_lamp,1.597923999,2,1.567692275,2,2.120141564,2,2.267953192,2
970_right.jpg,data\raw\slit_lamp\dataset_03\train\moderate\970_right.jpg,slit_lamp,2.866114395,3,1.465474909,1,2.07781313,2,2.84943867,3
999_left.jpg,data\raw\slit_lamp\dataset_03\train\moderate\999_left.jpg,slit_lamp,2.363699812,2,2.064832524,2,2.120980905,2,2.584032676,3
999_right.jpg,data\raw\slit_lamp\dataset_03\train\moderate\999_right.jpg,slit_lamp,2.430389495,2,2.091640592,2,2.12170041,2,2.478642791,2
_0_4015166.jpg,data\raw\slit_lamp\dataset_03\train\moderate\_0_4015166.jpg,slit_lamp,1.951652246,2,1.507988339,2,2.32305155,2,2.324387575,2
_100_334408.jpg,data\raw\slit_lamp\dataset_03\train\moderate\_100_334408.jpg,slit_lamp,1.667567332,2,1.231223859,1,2.353361507,2,2.065712784,2
_101_5139882.jpg,data\raw\slit_lamp\dataset_03\train\moderate\_101_5139882.jpg,slit_lamp,2.389133136,2,1.908906442,2,2.342600942,2,1.900927413,2
_101_709333.jpg,data\raw\slit_lamp\dataset_03\train\moderate\_101_709333.jpg,slit_lamp,2.410648115,2,1.944969093,2,2.346024142,2,1.926508139,2
_102_3990401.jpg,data\raw\slit_lamp\dataset_03\train\moderate\_102_3990401.jpg,slit_lamp,2.523882661,3,1.949977185,2,2.341134037,2,2.298076882,2
_103_5897328.jpg,data\raw\slit_lamp\dataset_03\train\moderate\_103_5897328.jpg,slit_lamp,2.093967749,2,1.857515149,2,2.343089935,2,2.295937414,2
_105_5646774.jpg,data\raw\slit_lamp\dataset_03\train\moderate\_105_5646774.jpg,slit_lamp,2.236571061,2,1.629667772,2,2.347980518,2,2.241106766,2
_106_5284713.jpg,data\raw\slit_lamp\dataset_03\train\moderate\_106_5284713.jpg,slit_lamp,1.810403581,2,1.862625987,2,2.351893827,2,2.37042964,2
_107_5060742.jpg,data\raw\slit_lamp\dataset_03\train\moderate\_107_5060742.jpg,slit_lamp,2.334029889,2,1.848527092,2,2.343089935,2,2.284710895,2
_108_750835.jpg,data\raw\slit_lamp\dataset_03\train\moderate\_108_750835.jpg,slit_lamp,2.004248306,2,1.988318988,2,2.360701407,2,2.373274647,2
_109_2006348.jpg,data\raw\slit_lamp\dataset_03\train\moderate\_109_2006348.jpg,slit_lamp,2.70929706,3,2.291429761,2,2.351404623,2,2.197267211,2
_10_3215668.jpg,data\raw\slit_lamp\dataset_03\train\moderate\_10_3215668.jpg,slit_lamp,1.758203711,2,1.595638654,2,2.348469641,2,2.228252664,2
_110_5076150.jpg,data\raw\slit_lamp\dataset_03\train\moderate\_110_5076150.jpg,slit_lamp,2.843400113,3,1.980643166,2,2.223737747,2,3.094590958,3
_111_9826667.jpg,data\raw\slit_lamp\dataset_03\train\moderate\_111_9826667.jpg,slit_lamp,2.818053665,3,1.852973711,2,2.22325282,2,3.148660486,3
_112_9621689.jpg,data\raw\slit_lamp\dataset_03\train\moderate\_112_9621689.jpg,slit_lamp,2.645984778,3,2.407654618,2,2.344067956,2,2.501443508,3
_114_9773152.jpg,data\raw\slit_lamp\dataset_03\train\moderate\_114_9773152.jpg,slit_lamp,2.606385684,3,2.189183366,2,2.337711688,2,1.972261593,2
_115_1763401.jpg,data\raw\slit_lamp\dataset_03\train\moderate\_115_1763401.jpg,slit_lamp,2.560798953,3,2.199823768,2,2.345046026,2,2.337195644,2
_115_6901151.jpg,data\raw\slit_lamp\dataset_03\train\moderate\_115_6901151.jpg,slit_lamp,2.435211658,2,2.178989786,2,2.333801179,2,2.400950182,2
_116_4683353.jpg,data\raw\slit_lamp\dataset_03\train\moderate\_116_4683353.jpg,slit_lamp,3.246216043,3,2.903866318,3,2.337711688,2,2.836546326,3
_117_6521529.jpg,data\raw\slit_lamp\dataset_03\train\moderate\_117_6521529.jpg,slit_lamp,3.086794351,3,2.388192079,2,2.349447922,2,2.488798522,2
_119_6929742.jpg,data\raw\slit_lamp\dataset_03\train\moderate\_119_6929742.jpg,slit_lamp,2.340024727,2,2.168587671,2,2.35629717,2,1.898963051,2
_119_9887385.jpg,data\raw\slit_lamp\dataset_03\train\moderate\_119_9887385.jpg,slit_lamp,2.322598893,2,2.14981527,2,2.33868944,2,1.943192281,2
_11_7158929.jpg,data\raw\slit_lamp\dataset_03\train\moderate\_11_7158929.jpg,slit_lamp,2.346612495,2,1.882694555,2,2.348469641,2,2.429121621,2
_120_2375814.jpg,data\raw\slit_lamp\dataset_03\train\moderate\_120_2375814.jpg,slit_lamp,2.556324381,3,1.753749584,2,2.342111962,2,2.289094254,2
_120_3067914.jpg,data\raw\slit_lamp\dataset_03\train\moderate\_120_3067914.jpg,slit_lamp,2.210113661,2,1.747411333,2,2.325005551,2,2.30918439,2
_121_3847336.jpg,data\raw\slit_lamp\dataset_03\train\moderate\_121_3847336.jpg,slit_lamp,1.374517023,1,0.958201215,1,2.35923323,2,1.817516312,2
_122_7237312.jpg,data\raw\slit_lamp\dataset_03\train\moderate\_122_7237312.jpg,slit_lamp,2.441604309,2,2.221440077,2,2.342600942,2,2.225213834,2
_123_8135331.jpg,data\raw\slit_lamp\dataset_03\train\moderate\_123_8135331.jpg,slit_lamp,2.638094007,3,2.593099007,3,2.34357894,2,2.457708421,2
_125_6571967.jpg,data\raw\slit_lamp\dataset_03\train\moderate\_125_6571967.jpg,slit_lamp,2.298315247,2,2.029986111,2,2.321097766,2,2.225868249,2
_126_4964568.jpg,data\raw\slit_lamp\dataset_03\train\moderate\_126_4964568.jpg,slit_lamp,2.95324305,3,3.809572712,4,2.308403633,2,2.729504043,3
_127_2102071.jpg,data\raw\slit_lamp\dataset_03\train\moderate\_127_2102071.jpg,slit_lamp,1.747841291,2,1.072528305,1,2.352872269,2,1.790175767,2
_128_4502689.jpg,data\raw\slit_lamp\dataset_03\train\moderate\_128_4502689.jpg,slit_lamp,2.846243494,3,2.125970434,2,2.355807865,2,2.549422554,3
_129_3024383.jpg,data\raw\slit_lamp\dataset_03\train\moderate\_129_3024383.jpg,slit_lamp,2.603209895,3,2.193946178,2,2.353850756,2,2.45954138,2
_129_5296959.jpg,data\raw\slit_lamp\dataset_03\train\moderate\_129_5296959.jpg,slit_lamp,2.740405081,3,2.166142248,2,2.33184623,2,2.547984131,3
_12_5233869.jpg,data\raw\slit_lamp\dataset_03\train\moderate\_12_5233869.jpg,slit_lamp,3.105930326,3,2.760543711,3,2.32354003,2,2.686559215,3
_130_3561448.jpg,data\raw\slit_lamp\dataset_03\train\moderate\_130_3561448.jpg,slit_lamp,0.978932634,1,1.694356661,2,2.52305501,3,1.428486913,1
_130_7837321.jpg,data\raw\slit_lamp\dataset_03\train\moderate\_130_7837321.jpg,slit_lamp,0.879190893,1,1.686895193,2,2.533363267,3,1.428925464,1
_131_863673.jpg,data\raw\slit_lamp\dataset_03\train\moderate\_131_863673.jpg,slit_lamp,0.96699338,1,1.827877506,2,2.44353419,2,0.957609965,1
_132_7102134.jpg,data\raw\slit_lamp\dataset_03\train\moderate\_132_7102134.jpg,slit_lamp,1.115388543,1,1.992168832,2,2.539744022,3,1.614486989,2
_133_1300923.jpg,data\raw\slit_lamp\dataset_03\train\moderate\_133_1300923.jpg,slit_lamp,0.951378201,1,1.564063012,2,2.529436426,3,1.638690511,2
_134_4903477.jpg,data\raw\slit_lamp\dataset_03\train\moderate\_134_4903477.jpg,slit_lamp,2.908957281,3,3.118408596,3,2.264056619,2,2.444739439,2
_135_7789155.jpg,data\raw\slit_lamp\dataset_03\train\moderate\_135_7789155.jpg,slit_lamp,1.038000652,1,1.778861175,2,2.500472765,3,1.098975338,1
_137_7856304.jpg,data\raw\slit_lamp\dataset_03\train\moderate\_137_7856304.jpg,slit_lamp,1.704027339,2,1.732867095,2,2.557410848,3,1.228780546,1
_138_1949117.jpg,data\raw\slit_lamp\dataset_03\train\moderate\_138_1949117.jpg,slit_lamp,0.948955462,1,1.695703607,2,2.530909009,3,1.265047026,1
_140_1534199.jpg,data\raw\slit_lamp\dataset_03\train\moderate\_140_1534199.jpg,slit_lamp,1.056611269,1,1.610020752,2,2.578014773,3,1.534917467,2
_141_3457945.jpg,data\raw\slit_lamp\dataset_03\train\moderate\_141_3457945.jpg,slit_lamp,0.84790319,1,1.947107476,2,2.47592688,2,0.919452669,1
_142_7918627.jpg,data\raw\slit_lamp\dataset_03\train\moderate\_142_7918627.jpg,slit_lamp,1.003703,1,1.884110488,2,2.380775723,2,0.96932137,1
_143_1247400.jpg,data\raw\slit_lamp\dataset_03\train\moderate\_143_1247400.jpg,slit_lamp,0.939751333,1,1.922160022,2,2.466600404,2,1.146915288,1
_144_4907178.jpg,data\raw\slit_lamp\dataset_03\train\moderate\_144_4907178.jpg,slit_lamp,3.163194821,3,1.880806489,2,2.347491406,2,2.227743158,2
_144_6424765.jpg,data\raw\slit_lamp\dataset_03\train\moderate\_144_6424765.jpg,slit_lamp,3.179591822,3,1.89693308,2,2.346024142,2,2.178358306,2
_144_7061237.jpg,data\raw\slit_lamp\dataset_03\train\moderate\_144_7061237.jpg,slit_lamp,3.179464534,3,1.923160824,2,2.340156162,2,2.100615915,2
_145_6931784.jpg,data\raw\slit_lamp\dataset_03\train\moderate\_145_6931784.jpg,slit_lamp,3.279940428,3,2.557702407,3,2.325005551,2,2.498820774,2
_146_4268935.jpg,data\raw\slit_lamp\dataset_03\train\moderate\_146_4268935.jpg,slit_lamp,3.270795796,3,2.930990666,3,2.319632573,2,2.632680149,3
_146_5945090.jpg,data\raw\slit_lamp\dataset_03\train\moderate\_146_5945090.jpg,slit_lamp,3.265702551,3,2.932961568,3,2.350915431,2,2.625355487,3
_147_3710804.jpg,data\raw\slit_lamp\dataset_03\train\moderate\_147_3710804.jpg,slit_lamp,3.282920123,3,2.932743868,3,2.347491406,2,2.62246609,3
_147_3796034.jpg,data\raw\slit_lamp\dataset_03\train\moderate\_147_3796034.jpg,slit_lamp,3.283157011,3,2.921357143,3,2.34993708,2,2.640117412,3
_148_6795884.jpg,data\raw\slit_lamp\dataset_03\train\moderate\_148_6795884.jpg,slit_lamp,2.877010474,3,1.637583914,2,2.264056619,2,2.898394326,3
_149_3115900.jpg,data\raw\slit_lamp\dataset_03\train\moderate\_149_3115900.jpg,slit_lamp,3.071741368,3,1.71426454,2,2.264056619,2,2.906544304,3
_149_9419457.jpg,data\raw\slit_lamp\dataset_03\train\moderate\_149_9419457.jpg,slit_lamp,2.902103989,3,1.713480174,2,2.259678316,2,2.899945007,3
_14_7805520.jpg,data\raw\slit_lamp\dataset_03\train\moderate\_14_7805520.jpg,slit_lamp,2.13498445,2,2.959593275,3,2.333801179,2,2.233089774,2
_150_2517277.jpg,data\raw\slit_lamp\dataset_03\train\moderate\_150_2517277.jpg,slit_lamp,3.140093854,3,2.490329304,2,2.240237555,2,3.099585663,3
_150_8876899.jpg,data\raw\slit_lamp\dataset_03\train\moderate\_150_8876899.jpg,slit_lamp,3.132139081,3,2.501023464,3,2.273791374,2,3.059815187,3
_151_4262050.jpg,data\raw\slit_lamp\dataset_03\train\moderate\_151_4262050.jpg,slit_lamp,2.847168672,3,1.760574954,2,2.241208859,2,2.558155566,3
_151_5293593.jpg,data\raw\slit_lamp\dataset_03\train\moderate\_151_5293593.jpg,slit_lamp,2.667756895,3,1.76919786,2,2.253842897,2,2.525359185,3
_152_8894820.jpg,data\raw\slit_lamp\dataset_03\train\moderate\_152_8894820.jpg,slit_lamp,1.769881928,2,1.847591091,2,2.34993708,2,2.421111699,2
_152_9176638.jpg,data\raw\slit_lamp\dataset_03\train\moderate\_152_9176638.jpg,slit_lamp,1.976007262,2,1.87399046,2,2.346024142,2,2.373953201,2
_153_5085382.jpg,data\raw\slit_lamp\dataset_03\train\moderate\_153_5085382.jpg,slit_lamp,2.692015215,3,1.463989454,1,2.246552437,2,2.849308637,3
_156_6418009.jpg,data\raw\slit_lamp\dataset_03\train\moderate\_156_6418009.jpg,slit_lamp,1.780986413,2,1.350070415,1,2.358743859,2,2.057743024,2
_157_2679833.jpg,data\raw\slit_lamp\dataset_03\train\moderate\_157_2679833.jpg,slit_lamp,1.768566898,2,1.482823636,1,2.348469641,2,2.126189897,2
_157_8093661.jpg,data\raw\slit_lamp\dataset_03\train\moderate\_157_8093661.jpg,slit_lamp,1.601243088,2,1.448873249,1,2.347980518,2,2.279406712,2
_158_2964657.jpg,data\raw\slit_lamp\dataset_03\train\moderate\_158_2964657.jpg,slit_lamp,1.321316644,1,1.175702434,1,2.347491406,2,1.917868769,2
_159_1399279.jpg,data\raw\slit_lamp\dataset_03\train\moderate\_159_1399279.jpg,slit_lamp,1.126978947,1,1.153566573,1,2.333801179,2,2.033778826,2
_159_5245707.jpg,data\raw\slit_lamp\dataset_03\train\moderate\_159_5245707.jpg,slit_lamp,1.157681798,1,1.163917636,1,2.347980518,2,1.981627586,2
_159_8564797.jpg,data\raw\slit_lamp\dataset_03\train\moderate\_159_8564797.jpg,slit_lamp,1.515330667,2,1.153795126,1,2.333801179,2,2.032888072,2
_160_9941636.jpg,data\raw\slit_lamp\dataset_03\train\moderate\_160_9941636.jpg,slit_lamp,2.468324574,2,1.686290902,2,2.341622994,2,2.322824413,2
_160_9986895.jpg,data\raw\slit_lamp\dataset_03\train\moderate\_160_9986895.jpg,slit_lamp,2.376857853,2,1.686980961,2,2.340645093,2,2.338268543,2
_162_3770706.jpg,data\raw\slit_lamp\dataset_03\train\moderate\_162_3770706.jpg,slit_lamp,1.734830946,2,1.348937353,1,2.339667242,2,2.199282245,2
_163_2414975.jpg,data\raw\slit_lamp\dataset_03\train\moderate\_163_2414975.jpg,slit_lamp,1.727943624,2,1.647435828,2,2.34993708,2,2.118959095,2
_163_6585488.jpg,data\raw\slit_lamp\dataset_03\train\moderate\_163_6585488.jpg,slit_lamp,1.716974975,2,1.652501319,2,2.357765151,2,2.100678225,2
_163_6979961.jpg,data\raw\slit_lamp\dataset_03\train\moderate\_163_6979961.jpg,slit_lamp,1.570171416,2,1.669692957,2,2.333312423,2,2.032853463,2
_164_4857097.jpg,data\raw\slit_lamp\dataset_03\train\moderate\_164_4857097.jpg,slit_lamp,3.0635615,3,4.813914972,5,2.343089935,2,2.764701953,3
_165_8028203.jpg,data\raw\slit_lamp\dataset_03\train\moderate\_165_8028203.jpg,slit_lamp,2.88082399,3,4.381728048,4,2.349447922,2,2.739650618,3
_166_6232447.jpg,data\raw\slit_lamp\dataset_03\train\moderate\_166_6232447.jpg,slit_lamp,2.048640064,2,1.743704141,2,2.330380154,2,2.255769426,2
_166_7102152.jpg,data\raw\slit_lamp\dataset_03\train\moderate\_166_7102152.jpg,slit_lamp,2.118602463,2,1.720986409,2,2.355318571,2,2.329888975,2
_167_2873590.jpg,data\raw\slit_lamp\dataset_03\train\moderate\_167_2873590.jpg,slit_lamp,2.386875884,2,1.502883584,2,2.32354003,2,2.351207894,2
_168_4661031.jpg,data\raw\slit_lamp\dataset_03\train\moderate\_168_4661031.jpg,slit_lamp,2.005376037,2,1.829283103,2,2.262597021,2,2.710256756,3
_169_5886938.jpg,data\raw\slit_lamp\dataset_03\train\moderate\_169_5886938.jpg,slit_lamp,2.840584789,3,2.073625057,2,2.347980518,2,2.551720183,3
_16_8423210.jpg,data\raw\slit_lamp\dataset_03\train\moderate\_16_8423210.jpg,slit_lamp,2.025423816,2,2.110840177,2,2.35629717,2,2.230248769,2
_170_4585047.jpg,data\raw\slit_lamp\dataset_03\train\moderate\_170_4585047.jpg,slit_lamp,2.111052872,2,1.339531419,1,2.340645093,2,2.165611734,2
_171_4298450.jpg,data\raw\slit_lamp\dataset_03\train\moderate\_171_4298450.jpg,slit_lamp,3.056111761,3,3.445214907,3,2.322563084,2,2.898191577,3
_171_5903297.jpg,data\raw\slit_lamp\dataset_03\train\moderate\_171_5903297.jpg,slit_lamp,3.060946948,3,3.441129472,3,2.33722283,2,2.914775123,3
_172_1350351.jpg,data\raw\slit_lamp\dataset_03\train\moderate\_172_1350351.jpg,slit_lamp,2.994480054,3,4.983261584,5,2.340156162,2,2.854652509,3
_172_4553386.jpg,data\raw\slit_lamp\dataset_03\train\moderate\_172_4553386.jpg,slit_lamp,3.034369817,3,4.979820716,5,2.33184623,2,2.781972066,3
_172_5595526.jpg,data\raw\slit_lamp\dataset_03\train\moderate\_172_5595526.jpg,slit_lamp,2.980233835,3,4.980608968,5,2.338200558,2,2.839017791,3
_173_6477739.jpg,data\raw\slit_lamp\dataset_03\train\moderate\_173_6477739.jpg,slit_lamp,3.049444392,3,2.074897638,2,2.212589821,2,2.560383306,3
_173_9178799.jpg,data\raw\slit_lamp\dataset_03\train\moderate\_173_9178799.jpg,slit_lamp,3.111731827,3,2.076826016,2,2.234411404,2,2.519821785,3
_174_2373322.jpg,data\raw\slit_lamp\dataset_03\train\moderate\_174_2373322.jpg,slit_lamp,2.641191744,3,1.829774737,2,2.22664775,2,2.351316086,2
_175_2515467.jpg,data\raw\slit_lamp\dataset_03\train\moderate\_175_2515467.jpg,slit_lamp,2.708719577,3,1.577073781,2,2.227617918,2,3.008728388,3
_175_4238344.jpg,data\raw\slit_lamp\dataset_03\train\moderate\_175_4238344.jpg,slit_lamp,2.742782617,3,1.59530846,2,2.225677665,2,2.923830493,3
_176_2398738.jpg,data\raw\slit_lamp\dataset_03\train\moderate\_176_2398738.jpg,slit_lamp,2.949489171,3,1.724634169,2,2.225192654,2,2.662047052,3
_176_4641501.jpg,data\raw\slit_lamp\dataset_03\train\moderate\_176_4641501.jpg,slit_lamp,3.047741355,3,1.730165725,2,2.231984698,2,2.629996515,3
_176_7840976.jpg,data\raw\slit_lamp\dataset_03\train\moderate\_176_7840976.jpg,slit_lamp,2.945843594,3,1.71758084,2,2.238780747,2,2.694476545,3
_177_2299576.jpg,data\raw\slit_lamp\dataset_03\train\moderate\_177_2299576.jpg,slit_lamp,2.118163867,2,1.338700126,1,2.269896625,2,3.182463694,3
_178_8645920.jpg,data\raw\slit_lamp\dataset_03\train\moderate\_178_8645920.jpg,slit_lamp,2.256897291,2,2.106631806,2,2.348958776,2,2.095651981,2
_17_6538881.jpg,data\raw\slit_lamp\dataset_03\train\moderate\_17_6538881.jpg,slit_lamp,2.832798542,3,2.067899975,2,2.354829288,2,2.52700578,3
_181_2009794.jpg,data\raw\slit_lamp\dataset_03\train\moderate\_181_2009794.jpg,slit_lamp,1.218640244,1,3.458524227,3,2.669094997,3,2.972930464,3
_182_8895927.jpg,data\raw\slit_lamp\dataset_03\train\moderate\_182_8895927.jpg,slit_lamp,2.466107211,2,4.46531787,4,2.344067956,2,2.490144113,2
_182_9646286.jpg,data\raw\slit_lamp\dataset_03\train\moderate\_182_9646286.jpg,slit_lamp,2.474275698,2,4.487143373,4,2.328914195,2,2.564904948,3
_183_2695432.jpg,data\raw\slit_lamp\dataset_03\train\moderate\_183_2695432.jpg,slit_lamp,2.241991116,2,3.544106081,4,2.352383042,2,2.891957066,3
_183_2869065.jpg,data\raw\slit_lamp\dataset_03\train\moderate\_183_2869065.jpg,slit_lamp,2.306544733,2,3.549909772,4,2.35629717,2,2.906285863,3
_184_5953446.jpg,data\raw\slit_lamp\dataset_03\train\moderate\_184_5953446.jpg,slit_lamp,2.388423252,2,3.941752786,4,2.309867846,2,2.607842965,3
_185_1841552.jpg,data\raw\slit_lamp\dataset_03\train\moderate\_185_1841552.jpg,slit_lamp,2.402378161,2,1.827129371,2,2.339667242,2,2.373797711,2
_187_1814280.jpg,data\raw\slit_lamp\dataset_03\train\moderate\_187_1814280.jpg,slit_lamp,3.248671525,3,3.871341418,4,2.182114744,2,2.755788431,3
_187_5549549.jpg,data\raw\slit_lamp\dataset_03\train\moderate\_187_5549549.jpg,slit_lamp,3.241057065,3,3.873078106,4,2.169082785,2,2.75118981,3
_189_1773149.jpg,data\raw\slit_lamp\dataset_03\train\moderate\_189_1773149.jpg,slit_lamp,3.121041988,3,4.963703138,5,2.345046026,2,2.749124054,3
_189_5910645.jpg,data\raw\slit_lamp\dataset_03\train\moderate\_189_5910645.jpg,slit_lamp,3.07851417,3,4.964396845,5,2.325494085,2,2.812280372,3
_18_3816222.jpg,data\raw\slit_lamp\dataset_03\train\moderate\_18_3816222.jpg,slit_lamp,3.045476605,3,2.349557597,2,2.339667242,2,2.609438021,3
_18_952924.jpg,data\raw\slit_lamp\dataset_03\train\moderate\_18_952924.jpg,slit_lamp,3.03680913,3,2.360571759,2,2.337711688,2,2.576834967,3
_190_3033991.jpg,data\raw\slit_lamp\dataset_03\train\moderate\_190_3033991.jpg,slit_lamp,3.041168845,3,4.969841652,5,2.341622994,2,2.711464506,3
_190_7244239.jpg,data\raw\slit_lamp\dataset_03\train\moderate\_190_7244239.jpg,slit_lamp,3.035359737,3,4.974350922,5,2.33477873,2,2.767404055,3
_191_9356535.jpg,data\raw\slit_lamp\dataset_03\train\moderate\_191_9356535.jpg,slit_lamp,2.482902515,2,2.842324637,3,2.351893827,2,2.426600602,2
_192_7851600.jpg,data\raw\slit_lamp\dataset_03\train\moderate\_192_7851600.jpg,slit_lamp,2.92948097,3,4.918918983,5,2.346024142,2,2.756620716,3
_193_6483689.jpg,data\raw\slit_lamp\dataset_03\train\moderate\_193_6483689.jpg,slit_lamp,2.8360522,3,4.620635753,5,2.328914195,2,2.835303872,3
_194_6438145.jpg,data\raw\slit_lamp\dataset_03\train\moderate\_194_6438145.jpg,slit_lamp,0.813117395,1,1.319126429,1,2.32305155,2,2.158825412,2
_195_3247880.jpg,data\raw\slit_lamp\dataset_03\train\moderate\_195_3247880.jpg,slit_lamp,3.095611676,3,4.829546004,5,2.32354003,2,2.843886488,3
_196_6946219.jpg,data\raw\slit_lamp\dataset_03\train\moderate\_196_6946219.jpg,slit_lamp,2.604238127,3,2.248079559,2,2.33868944,2,2.218875635,2
_197_2029104.jpg,data\raw\slit_lamp\dataset_03\train\moderate\_197_2029104.jpg,slit_lamp,2.390355285,2,1.823740632,2,2.341622994,2,2.291212932,2
_198_3804403.jpg,data\raw\slit_lamp\dataset_03\train\moderate\_198_3804403.jpg,slit_lamp,3.032966969,3,2.506788484,3,2.3582545,2,2.485964917,2
_198_6027510.jpg,data\raw\slit_lamp\dataset_03\train\moderate\_198_6027510.jpg,slit_lamp,3.07462925,3,2.494571997,2,2.342600942,2,2.526966709,3
_199_2279189.jpg,data\raw\slit_lamp\dataset_03\train\moderate\_199_2279189.jpg,slit_lamp,3.036135947,3,2.117971952,2,2.347980518,2,2.769657415,3
_19_9976222.jpg,data\raw\slit_lamp\dataset_03\train\moderate\_19_9976222.jpg,slit_lamp,2.878442736,3,2.60846712,3,2.351893827,2,2.752730791,3
_1_7703314.jpg,data\raw\slit_lamp\dataset_03\train\moderate\_1_7703314.jpg,slit_lamp,2.1675969,2,1.524888179,2,2.345535078,2,2.189801349,2
_200_9649683.jpg,data\raw\slit_lamp\dataset_03\train\moderate\_200_9649683.jpg,slit_lamp,2.68125607,3,2.085420965,2,2.35042625,2,2.499927223,2
_201_841062.jpg,data\raw\slit_lamp\dataset_03\train\moderate\_201_841062.jpg,slit_lamp,2.325642206,2,1.681413947,2,2.347980518,2,2.51327546,3
_202_4720633.jpg,data\raw\slit_lamp\dataset_03\train\moderate\_202_4720633.jpg,slit_lamp,2.939046525,3,1.974577,2,2.33722283,2,2.581043492,3
_203_3825515.jpg,data\raw\slit_lamp\dataset_03\train\moderate\_203_3825515.jpg,slit_lamp,3.033008222,3,2.185421787,2,2.313773054,2,2.525828967,3
_203_6969732.jpg,data\raw\slit_lamp\dataset_03\train\moderate\_203_6969732.jpg,slit_lamp,3.054114223,3,2.185716381,2,2.326959766,2,2.52197391,3
_204_5979635.jpg,data\raw\slit_lamp\dataset_03\train\moderate\_204_5979635.jpg,slit_lamp,3.274256639,3,2.661063102,3,2.319632573,2,2.494182876,2
_204_6939524.jpg,data\raw\slit_lamp\dataset_03\train\moderate\_204_6939524.jpg,slit_lamp,3.267467821,3,2.667905818,3,2.344067956,2,2.465186308,2
_205_1775772.jpg,data\raw\slit_lamp\dataset_03\train\moderate\_205_1775772.jpg,slit_lamp,2.94624011,3,1.714878355,2,2.245580702,2,2.118373542,2
_206_4468888.jpg,data\raw\slit_lamp\dataset_03\train\moderate\_206_4468888.jpg,slit_lamp,3.030242563,3,2.226496106,2,2.257246566,2,2.067590652,2
_206_6210252.jpg,data\raw\slit_lamp\dataset_03\train\moderate\_206_6210252.jpg,slit_lamp,3.024395403,3,2.245370067,2,2.256760272,2,2.007169055,2
_207_6945490.jpg,data\raw\slit_lamp\dataset_03\train\moderate\_207_6945490.jpg,slit_lamp,2.626294,3,1.298726531,1,2.230043701,2,2.058458142,2
_207_8213037.jpg,data\raw\slit_lamp\dataset_03\train\moderate\_207_8213037.jpg,slit_lamp,2.476402643,2,1.303497738,1,2.235382228,2,2.047908783,2
_208_168871.jpg,data\raw\slit_lamp\dataset_03\train\moderate\_208_168871.jpg,slit_lamp,2.997092824,3,1.374735207,1,2.239751933,2,2.47161569,2
_208_2337200.jpg,data\raw\slit_lamp\dataset_03\train\moderate\_208_2337200.jpg,slit_lamp,2.878435407,3,1.359392289,1,2.243637465,2,2.564316534,3
_209_2468249.jpg,data\raw\slit_lamp\dataset_03\train\moderate\_209_2468249.jpg,slit_lamp,2.621281704,3,2.14120071,2,2.335756332,2,2.481655475,2
_20_6629557.jpg,data\raw\slit_lamp\dataset_03\train\moderate\_20_6629557.jpg,slit_lamp,3.128603762,3,2.67600809,3,2.336245152,2,2.66529755,3
_210_8722439.jpg,data\raw\slit_lamp\dataset_03\train\moderate\_210_8722439.jpg,slit_lamp,2.954308298,3,2.401294671,2,2.332334948,2,2.71758768,3
_211_3296609.jpg,data\raw\slit_lamp\dataset_03\train\moderate\_211_3296609.jpg,slit_lamp,3.006562503,3,2.691348505,3,2.354340016,2,2.815252988,3
_212_8423506.jpg,data\raw\slit_lamp\dataset_03\train\moderate\_212_8423506.jpg,slit_lamp,3.0664886,3,2.031307815,2,2.21065222,2,2.733967189,3
_213_1709362.jpg,data\raw\slit_lamp\dataset_03\train\moderate\_213_1709362.jpg,slit_lamp,3.001681337,3,1.850307871,2,2.23295532,2,2.999216308,3
_214_5569507.jpg,data\raw\slit_lamp\dataset_03\train\moderate\_214_5569507.jpg,slit_lamp,2.986289278,3,1.800690288,2,2.229558503,2,2.862564317,3
_215_3764172.jpg,data\raw\slit_lamp\dataset_03\train\moderate\_215_3764172.jpg,slit_lamp,3.04468363,3,1.984696137,2,2.225192654,2,2.980685364,3
_217_6662129.jpg,data\raw\slit_lamp\dataset_03\train\moderate\_217_6662129.jpg,slit_lamp,3.1624853,3,2.211694904,2,2.231014159,2,3.108439278,3
_218_2512305.jpg,data\raw\slit_lamp\dataset_03\train\moderate\_218_2512305.jpg,slit_lamp,2.261794167,2,2.281636771,2,2.325982632,2,2.419708726,2
_218_687151.jpg,data\raw\slit_lamp\dataset_03\train\moderate\_218_687151.jpg,slit_lamp,2.136079916,2,2.315900872,2,2.329402835,2,2.437425958,2
_219_4968838.jpg,data\raw\slit_lamp\dataset_03\train\moderate\_219_4968838.jpg,slit_lamp,2.030665447,2,2.229453073,2,2.307915591,2,2.522416023,3
_21_4533748.jpg,data\raw\slit_lamp\dataset_03\train\moderate\_21_4533748.jpg,slit_lamp,3.140186291,3,4.923649795,5,2.294744152,2,2.772527821,3
_21_8755311.jpg,data\raw\slit_lamp\dataset_03\train\moderate\_21_8755311.jpg,slit_lamp,3.170106126,3,4.919280411,5,2.31670256,2,2.783413389,3
_220_2113285.jpg,data\raw\slit_lamp\dataset_03\train\moderate\_220_2113285.jpg,slit_lamp,3.049993594,3,2.224212997,2,2.350915431,2,2.694024697,3
_221_6907746.jpg,data\raw\slit_lamp\dataset_03\train\moderate\_221_6907746.jpg,slit_lamp,3.185371024,3,2.404485811,2,2.333312423,2,2.578083959,3
_223_4290439.jpg,data\raw\slit_lamp\dataset_03\train\moderate\_223_4290439.jpg,slit_lamp,2.653130094,3,2.470574134,2,2.197582743,2,2.224883067,2
_224_4070697.jpg,data\raw\slit_lamp\dataset_03\train\moderate\_224_4070697.jpg,slit_lamp,2.627371388,3,2.336400873,2,2.370981287,2,2.628423303,3
_224_4837152.jpg,data\raw\slit_lamp\dataset_03\train\moderate\_224_4837152.jpg,slit_lamp,2.555361347,3,2.341519729,2,2.358743859,2,2.612610212,3
_225_8520.jpg,data\raw\slit_lamp\dataset_03\train\moderate\_225_8520.jpg,slit_lamp,2.865550517,3,1.934969781,2,2.419006311,2,2.530368103,3
_226_4234312.jpg,data\raw\slit_lamp\dataset_03\train\moderate\_226_4234312.jpg,slit_lamp,2.99387236,3,2.057502434,2,2.341622994,2,2.600093726,3
_227_1163752.jpg,data\raw\slit_lamp\dataset_03\train\moderate\_227_1163752.jpg,slit_lamp,2.240258665,2,1.820735716,2,2.572128897,3,2.17298543,2
_227_498752.jpg,data\raw\slit_lamp\dataset_03\train\moderate\_227_498752.jpg,slit_lamp,2.036354678,2,1.810515161,2,2.576543383,3,2.192815404,2
_227_9889754.jpg,data\raw\slit_lamp\dataset_03\train\moderate\_227_9889754.jpg,slit_lamp,2.130392916,2,1.826280396,2,2.54759654,3,2.14897114,2
_228_2229739.jpg,data\raw\slit_lamp\dataset_03\train\moderate\_228_2229739.jpg,slit_lamp,2.3749755,2,1.770854724,2,2.341134037,2,2.269978014,2
_228_4231065.jpg,data\raw\slit_lamp\dataset_03\train\moderate\_228_4231065.jpg,slit_lamp,2.662770667,3,1.729274781,2,2.330380154,2,2.278143937,2
_229_5185520.jpg,data\raw\slit_lamp\dataset_03\train\moderate\_229_5185520.jpg,slit_lamp,2.865090863,3,2.14345983,2,2.517655111,3,2.597891058,3
_22_2368616.jpg,data\raw\slit_lamp\dataset_03\train\moderate\_22_2368616.jpg,slit_lamp,2.698116665,3,2.051123523,2,2.33722283,2,2.666215635,3
_22_9724179.jpg,data\raw\slit_lamp\dataset_03\train\moderate\_22_9724179.jpg,slit_lamp,2.668540406,3,2.067041159,2,2.332334948,2,2.605388881,3
_230_7976367.jpg,data\raw\slit_lamp\dataset_03\train\moderate\_230_7976367.jpg,slit_lamp,2.546435909,3,1.768150215,2,2.35923323,2,2.333406728,2
_230_9762004.jpg,data\raw\slit_lamp\dataset_03\train\moderate\_230_9762004.jpg,slit_lamp,2.670053292,3,1.768127587,2,2.344067956,2,2.331059764,2
_231_3245768.jpg,data\raw\slit_lamp\dataset_03\train\moderate\_231_3245768.jpg,slit_lamp,1.456667119,1,1.29869448,1,2.354829288,2,1.927612035,2
_233_8101340.jpg,data\raw\slit_lamp\dataset_03\train\moderate\_233_8101340.jpg,slit_lamp,2.474449786,2,1.859886576,2,2.321097766,2,2.432654379,2
_233_9763374.jpg,data\raw\slit_lamp\dataset_03\train\moderate\_233_9763374.jpg,slit_lamp,2.488426844,2,1.862037564,2,2.330380154,2,2.420132132,2
_234_579953.jpg,data\raw\slit_lamp\dataset_03\train\moderate\_234_579953.jpg,slit_lamp,2.000441337,2,1.529244436,2,2.366575068,2,2.190096959,2
_237_8444315.jpg,data\raw\slit_lamp\dataset_03\train\moderate\_237_8444315.jpg,slit_lamp,1.768231011,2,1.798956834,2,2.357275813,2,2.315197159,2
_238_358899.jpg,data\raw\slit_lamp\dataset_03\train\moderate\_238_358899.jpg,slit_lamp,2.833022254,3,1.964674081,2,2.22664775,2,3.088863624,3
_238_5389628.jpg,data\raw\slit_lamp\dataset_03\train\moderate\_238_5389628.jpg,slit_lamp,2.916483039,3,1.944123693,2,2.207262268,2,3.193590535,3
_238_9445598.jpg,data\raw\slit_lamp\dataset_03\train\moderate\_238_9445598.jpg,slit_lamp,2.920956306,3,1.945753229,2,2.209199251,2,3.167159675,3
_239_3022913.jpg,data\raw\slit_lamp\dataset_03\train\moderate\_239_3022913.jpg,slit_lamp,2.603273794,3,1.249569555,1,2.247524249,2,2.952701741,3
_23_4636959.jpg,data\raw\slit_lamp\dataset_03\train\moderate\_23_4636959.jpg,slit_lamp,2.742213271,3,2.522752363,3,2.33722283,2,2.739739051,3
_23_9533792.jpg,data\raw\slit_lamp\dataset_03\train\moderate\_23_9533792.jpg,slit_lamp,2.755050833,3,2.536456745,3,2.339667242,2,2.732272758,3
_240_4981563.jpg,data\raw\slit_lamp\dataset_03\train\moderate\_240_4981563.jpg,slit_lamp,2.145930112,2,1.893654596,2,2.264543188,2,2.817772229,3
_241_6604562.jpg,data\raw\slit_lamp\dataset_03\train\moderate\_241_6604562.jpg,slit_lamp,1.889780117,2,1.965938417,2,2.26551638,2,2.726637637,3
_241_7236668.jpg,data\raw\slit_lamp\dataset_03\train\moderate\_241_7236668.jpg,slit_lamp,1.587823397,2,2.000909272,2,2.283533049,2,2.649323468,3
_243_1070648.jpg,data\raw\slit_lamp\dataset_03\train\moderate\_243_1070648.jpg,slit_lamp,2.422038688,2,1.89125459,2,2.248982113,2,2.914677886,3
_244_3481752.jpg,data\raw\slit_lamp\dataset_03\train\moderate\_244_3481752.jpg,slit_lamp,2.427254664,2,1.86871256,2,2.247038333,2,2.654145733,3
_244_5451565.jpg,data\raw\slit_lamp\dataset_03\train\moderate\_244_5451565.jpg,slit_lamp,2.377144457,2,1.864006594,2,2.242180243,2,2.672701185,3
_245_498355.jpg,data\raw\slit_lamp\dataset_03\train\moderate\_245_498355.jpg,slit_lamp,1.547656889,2,1.628494003,2,2.360701407,2,2.087091586,2
_246_8777337.jpg,data\raw\slit_lamp\dataset_03\train\moderate\_246_8777337.jpg,slit_lamp,2.690752283,3,1.388213784,1,2.252384462,2,2.596045383,3
_247_9509040.jpg,data\raw\slit_lamp\dataset_03\train\moderate\_247_9509040.jpg,slit_lamp,2.664995506,3,1.491309812,1,2.244123245,2,2.846249027,3
_248_3607543.jpg,data\raw\slit_lamp\dataset_03\train\moderate\_248_3607543.jpg,slit_lamp,2.122706733,2,1.647886955,2,2.363148582,2,2.339386242,2
_248_8765348.jpg,data\raw\slit_lamp\dataset_03\train\moderate\_248_8765348.jpg,slit_lamp,2.080380603,2,1.665297027,2,2.3582545,2,2.236252626,2
_250_4727436.jpg,data\raw\slit_lamp\dataset_03\train\moderate\_250_4727436.jpg,slit_lamp,2.151455678,2,1.844757727,2,2.34357894,2,2.293730682,2
_251_1089143.jpg,data\raw\slit_lamp\dataset_03\train\moderate\_251_1089143.jpg,slit_lamp,1.980024027,2,1.99872765,2,2.339178335,2,1.804157186,2
_252_4692803.jpg,data\raw\slit_lamp\dataset_03\train\moderate\_252_4692803.jpg,slit_lamp,2.194016511,2,1.593412417,2,2.26551638,2,2.782870976,3
_253_1359558.jpg,data\raw\slit_lamp\dataset_03\train\moderate\_253_1359558.jpg,slit_lamp,1.124394289,1,1.271109737,1,2.359722612,2,1.717988013,2
_253_643151.jpg,data\raw\slit_lamp\dataset_03\train\moderate\_253_643151.jpg,slit_lamp,1.23343433,1,1.256093412,1,2.345046026,2,1.77651463,2
_254_1206508.jpg,data\raw\slit_lamp\dataset_03\train\moderate\_254_1206508.jpg,slit_lamp,2.065689489,2,1.956756182,2,2.36559602,2,2.40266737,2
_254_9630074.jpg,data\raw\slit_lamp\dataset_03\train\moderate\_254_9630074.jpg,slit_lamp,2.013815065,2,1.932861161,2,2.342111962,2,2.450833592,2
_255_7810419.jpg,data\raw\slit_lamp\dataset_03\train\moderate\_255_7810419.jpg,slit_lamp,2.519277916,3,1.585192255,2,2.29669477,2,2.495082002,2
_256_5928804.jpg,data\raw\slit_lamp\dataset_03\train\moderate\_256_5928804.jpg,slit_lamp,2.372073676,2,1.91457612,2,2.34993708,2,2.419496049,2
_257_8575584.jpg,data\raw\slit_lamp\dataset_03\train\moderate\_257_8575584.jpg,slit_lamp,1.675114227,2,1.413861557,1,2.336245152,2,2.185537535,2
_257_9976187.jpg,data\raw\slit_lamp\dataset_03\train\moderate\_257_9976187.jpg,slit_lamp,1.531793509,2,1.426831019,1,2.366575068,2,2.130980024,2
_258_9144081.jpg,data\raw\slit_lamp\dataset_03\train\moderate\_258_9144081.jpg,slit_lamp,2.878751634,3,1.546135082,2,2.234411404,2,2.881918573,3
_259_2170334.jpg,data\raw\slit_lamp\dataset_03\train\moderate\_259_2170334.jpg,slit_lamp,2.533394036,3,1.875276776,2,2.355807865,2,2.455922179,2
_25_4707227.jpg,data\raw\slit_lamp\dataset_03\train\moderate\_25_4707227.jpg,slit_lamp,2.423961029,2,1.928064159,2,2.352383042,2,2.471173209,2
_260_4628277.jpg,data\raw\slit_lamp\dataset_03\train\moderate\_260_4628277.jpg,slit_lamp,2.83403875,3,2.095810106,2,2.327448354,2,2.500165541,3
_261_1001819.jpg,data\raw\slit_lamp\dataset_03\train\moderate\_261_1001819.jpg,slit_lamp,2.992633261,3,2.500832678,3,2.274765235,2,1.555124816,2
_262_2214906.jpg,data\raw\slit_lamp\dataset_03\train\moderate\_262_2214906.jpg,slit_lamp,2.998662455,3,2.525099852,3,2.264056619,2,1.603086382,2
_262_7895370.jpg,data\raw\slit_lamp\dataset_03\train\moderate\_262_7895370.jpg,slit_lamp,3.002597767,3,2.526465263,3,2.267949672,2,1.601372277,2
_263_9418780.jpg,data\raw\slit_lamp\dataset_03\train\moderate\_263_9418780.jpg,slit_lamp,3.083008136,3,2.761334854,3,2.266003002,2,1.993462938,2
_266_5676850.jpg,data\raw\slit_lamp\dataset_03\train\moderate\_266_5676850.jpg,slit_lamp,2.967459267,3,2.914830203,3,2.260651145,2,1.689300609,2
_267_7559168.jpg,data\raw\slit_lamp\dataset_03\train\moderate\_267_7559168.jpg,slit_lamp,2.776178976,3,2.860165256,3,2.253356733,2,1.530684395,2
_268_113112.jpg,data\raw\slit_lamp\dataset_03\train\moderate\_268_113112.jpg,slit_lamp,3.001915647,3,2.634782183,3,2.266003002,2,1.591623777,2
_268_8496846.jpg,data\raw\slit_lamp\dataset_03\train\moderate\_268_8496846.jpg,slit_lamp,3.0038571,3,2.632343686,3,2.268436384,2,1.592964403,2
_269_2821321.jpg,data\raw\slit_lamp\dataset_03\train\moderate\_269_2821321.jpg,slit_lamp,2.997977635,3,2.591341107,3,2.266489643,2,1.511744158,2
_269_5232883.jpg,data\raw\slit_lamp\dataset_03\train\moderate\_269_5232883.jpg,slit_lamp,2.996211892,3,2.585575152,3,2.268436384,2,1.517790775,2
_26_1879474.jpg,data\raw\slit_lamp\dataset_03\train\moderate\_26_1879474.jpg,slit_lamp,3.183541891,3,2.711417361,3,2.299133394,2,2.63608634,3
_26_2782553.jpg,data\raw\slit_lamp\dataset_03\train\moderate\_26_2782553.jpg,slit_lamp,3.166719889,3,2.717110213,3,2.296207092,2,2.620411139,3
_270_651748.jpg,data\raw\slit_lamp\dataset_03\train\moderate\_270_651748.jpg,slit_lamp,3.071076695,3,2.642802974,3,2.264056619,2,1.518093583,2
_270_9344899.jpg,data\raw\slit_lamp\dataset_03\train\moderate\_270_9344899.jpg,slit_lamp,3.091884472,3,2.627799746,3,2.27184386,2,1.534678721,2
_272_4578328.jpg,data\raw\slit_lamp\dataset_03\train\moderate\_272_4578328.jpg,slit_lamp,3.037881123,3,2.680722426,3,2.263570069,2,1.629548583,2
_272_7270483.jpg,data\raw\slit_lamp\dataset_03\train\moderate\_272_7270483.jpg,slit_lamp,3.06983252,3,2.686191015,3,2.263570069,2,1.622492579,2
_273_7267841.jpg,data\raw\slit_lamp\dataset_03\train\moderate\_273_7267841.jpg,slit_lamp,3.130412646,3,2.518190807,3,2.267949672,2,1.76590681,2
_273_9043733.jpg,data\raw\slit_lamp\dataset_03\train\moderate\_273_9043733.jpg,slit_lamp,3.119691082,3,2.537323805,3,2.263083536,2,1.748357001,2
_274_6913203.jpg,data\raw\slit_lamp\dataset_03\train\moderate\_274_6913203.jpg,slit_lamp,3.220228144,3,2.649527472,3,2.264056619,2,1.870685518,2
_276_1796806.jpg,data\raw\slit_lamp\dataset_03\train\moderate\_276_1796806.jpg,slit_lamp,2.905922297,3,2.626282174,3,2.268923113,2,1.723862454,2
_277_9501088.jpg,data\raw\slit_lamp\dataset_03\train\moderate\_277_9501088.jpg,slit_lamp,2.930206616,3,2.658903119,3,2.300108951,2,1.74749771,2
_279_2310498.jpg,data\raw\slit_lamp\dataset_03\train\moderate\_279_2310498.jpg,slit_lamp,3.03341391,3,2.729166041,3,2.268923113,2,1.900959464,2
_279_4656331.jpg,data\raw\slit_lamp\dataset_03\train\moderate\_279_4656331.jpg,slit_lamp,3.01504684,3,2.733150259,3,2.266976302,2,1.89719829,2
_27_6695157.jpg,data\raw\slit_lamp\dataset_03\train\moderate\_27_6695157.jpg,slit_lamp,2.763391756,3,1.222054294,1,2.304499713,2,2.701226361,3
_280_4533213.jpg,data\raw\slit_lamp\dataset_03\train\moderate\_280_4533213.jpg,slit_lamp,2.755085957,3,2.857748558,3,2.27768723,2,1.712873352,2
_282_3503490.jpg,data\raw\slit_lamp\dataset_03\train\moderate\_282_3503490.jpg,slit_lamp,2.628069097,3,2.301851356,2,2.263083536,2,1.112047178,1
_283_4908640.jpg,data\raw\slit_lamp\dataset_03\train\moderate\_283_4908640.jpg,slit_lamp,3.04038994,3,2.784687653,3,2.276226155,2,1.811352413,2
_284_7380745.jpg,data\raw\slit_lamp\dataset_03\train\moderate\_284_7380745.jpg,slit_lamp,2.88422261,3,2.721772374,3,2.278661365,2,1.739867931,2
_285_4325184.jpg,data\raw\slit_lamp\dataset_03\train\moderate\_285_4325184.jpg,slit_lamp,2.535243896,3,2.436432632,2,2.276713163,2,1.325371466,1
_287_8846352.jpg,data\raw\slit_lamp\dataset_03\train\moderate\_287_8846352.jpg,slit_lamp,2.786921343,3,2.352120569,2,2.26940986,2,1.450018016,1
_288_9182789.jpg,data\raw\slit_lamp\dataset_03\train\moderate\_288_9182789.jpg,slit_lamp,2.94114143,3,3.256747298,3,2.282558579,2,1.847284528,2
_28_8675632.jpg,data\raw\slit_lamp\dataset_03\train\moderate\_28_8675632.jpg,slit_lamp,2.971512968,3,2.539496037,3,2.336733985,2,2.522497795,3
_290_9207731.jpg,data\raw\slit_lamp\dataset_03\train\moderate\_290_9207731.jpg,slit_lamp,2.864742149,3,2.394915976,2,2.266489643,2,1.462819238,1
_291_9986876.jpg,data\raw\slit_lamp\dataset_03\train\moderate\_291_9986876.jpg,slit_lamp,2.974409384,3,3.175909973,3,2.299621165,2,2.133917904,2
_292_2084855.jpg,data\raw\slit_lamp\dataset_03\train\moderate\_292_2084855.jpg,slit_lamp,2.876689764,3,3.034292043,3,2.268436384,2,1.956190197,2
_293_1732996.jpg,data\raw\slit_lamp\dataset_03\train\moderate\_293_1732996.jpg,slit_lamp,3.031478195,3,2.538262035,3,2.26551638,2,1.661235096,2
_294_4497450.jpg,data\raw\slit_lamp\dataset_03\train\moderate\_294_4497450.jpg,slit_lamp,3.105439041,3,2.591939,3,2.266976302,2,1.729305712,2
_296_3277370.jpg,data\raw\slit_lamp\dataset_03\train\moderate\_296_3277370.jpg,slit_lamp,3.188459804,3,2.738846201,3,2.268923113,2,2.001130816,2
_298_9693365.jpg,data\raw\slit_lamp\dataset_03\train\moderate\_298_9693365.jpg,slit_lamp,3.021839673,3,2.56889181,3,2.266976302,2,1.6660127,2
_29_5190417.jpg,data\raw\slit_lamp\dataset_03\train\moderate\_29_5190417.jpg,slit_lamp,3.206156739,3,2.739831963,3,2.337711688,2,2.683658778,3
_2_1600849.jpg,data\raw\slit_lamp\dataset_03\train\moderate\_2_1600849.jpg,slit_lamp,1.28441137,1,1.293427881,1,2.345535078,2,2.084930543,2
_301_5387162.jpg,data\raw\slit_lamp\dataset_03\train\moderate\_301_5387162.jpg,slit_lamp,3.054015799,3,2.638783089,3,2.265029775,2,1.846116383,2
_303_1474676.jpg,data\raw\slit_lamp\dataset_03\train\moderate\_303_1474676.jpg,slit_lamp,2.851450577,3,2.524911168,3,2.264543188,2,1.434269136,1
_304_4376168.jpg,data\raw\slit_lamp\dataset_03\train\moderate\_304_4376168.jpg,slit_lamp,2.997496182,3,2.555902016,3,2.268436384,2,1.475748587,1
_305_58584.jpg,data\raw\slit_lamp\dataset_03\train\moderate\_305_58584.jpg,slit_lamp,2.987912029,3,2.46370891,2,2.26551638,2,1.404187237,1
_307_2047689.jpg,data\raw\slit_lamp\dataset_03\train\moderate\_307_2047689.jpg,slit_lamp,2.982734387,3,2.354046771,2,2.26940986,2,1.399327942,1
_307_7425412.jpg,data\raw\slit_lamp\dataset_03\train\moderate\_307_7425412.jpg,slit_lamp,2.948040714,3,2.357000505,2,2.270383407,2,1.38758545,1
_309_9754398.jpg,data\raw\slit_lamp\dataset_03\train\moderate\_309_9754398.jpg,slit_lamp,2.972492749,3,2.278258585,2,2.267462978,2,1.225344474,1
_30_4231084.jpg,data\raw\slit_lamp\dataset_03\train\moderate\_30_4231084.jpg,slit_lamp,3.136278465,3,2.558460839,3,2.326959766,2,2.664719147,3
_310_7977481.jpg,data\raw\slit_lamp\dataset_03\train\moderate\_310_7977481.jpg,slit_lamp,3.119401926,3,2.687209427,3,2.263570069,2,1.852575431,2
_311_3993772.jpg,data\raw\slit_lamp\dataset_03\train\moderate\_311_3993772.jpg,slit_lamp,3.156479873,3,2.619041096,3,2.271357025,2,1.77153185,2
_312_2776118.jpg,data\raw\slit_lamp\dataset_03\train\moderate\_312_2776118.jpg,slit_lamp,3.090695924,3,2.857611463,3,2.266489643,2,2.032708498,2
_314_3594023.jpg,data\raw\slit_lamp\dataset_03\train\moderate\_314_3594023.jpg,slit_lamp,2.982662702,3,2.594229491,3,2.269896625,2,1.703397026,2
_314_8935717.jpg,data\raw\slit_lamp\dataset_03\train\moderate\_314_8935717.jpg,slit_lamp,2.99065568,3,2.597467718,3,2.267949672,2,1.699002371,2
_315_1312896.jpg,data\raw\slit_lamp\dataset_03\train\moderate\_315_1312896.jpg,slit_lamp,3.07226808,3,2.581965979,3,2.264543188,2,1.613325304,2
_315_3140714.jpg,data\raw\slit_lamp\dataset_03\train\moderate\_315_3140714.jpg,slit_lamp,3.083303857,3,2.571162519,3,2.269896625,2,1.624583704,2
_317_4205093.jpg,data\raw\slit_lamp\dataset_03\train\moderate\_317_4205093.jpg,slit_lamp,3.144453673,3,2.675313317,3,2.268436384,2,1.817291066,2
_319_3184825.jpg,data\raw\slit_lamp\dataset_03\train\moderate\_319_3184825.jpg,slit_lamp,2.819544357,3,2.226632167,2,2.264543188,2,1.176336969,1
_31_5635423.jpg,data\raw\slit_lamp\dataset_03\train\moderate\_31_5635423.jpg,slit_lamp,3.028707776,3,4.200401436,4,2.326959766,2,2.807072555,3
_320_6448598.jpg,data\raw\slit_lamp\dataset_03\train\moderate\_320_6448598.jpg,slit_lamp,2.465028499,2,2.514996532,3,2.283533049,2,1.29233196,1
_321_6270889.jpg,data\raw\slit_lamp\dataset_03\train\moderate\_321_6270889.jpg,slit_lamp,2.668609638,3,2.516335082,3,2.273791374,2,1.513401429,2
_323_1448180.jpg,data\raw\slit_lamp\dataset_03\train\moderate\_323_1448180.jpg,slit_lamp,2.718896577,3,2.323119949,2,2.276713163,2,1.464656704,1
_323_2492245.jpg,data\raw\slit_lamp\dataset_03\train\moderate\_323_2492245.jpg,slit_lamp,2.714595758,3,2.306003781,2,2.270870207,2,1.479251202,1
_325_168910.jpg,data\raw\slit_lamp\dataset_03\train\moderate\_325_168910.jpg,slit_lamp,2.519468326,3,2.295546286,2,2.274765235,2,1.290504321,1
_326_1274700.jpg,data\raw\slit_lamp\dataset_03\train\moderate\_326_1274700.jpg,slit_lamp,2.974300706,3,2.377110057,2,2.268436384,2,1.421582556,1
_326_3620282.jpg,data\raw\slit_lamp\dataset_03\train\moderate\_326_3620282.jpg,slit_lamp,2.954012918,3,2.374973251,2,2.269896625,2,1.41394277,1
_326_3940502.jpg,data\raw\slit_lamp\dataset_03\train\moderate\_326_3940502.jpg,slit_lamp,2.963322735,3,2.383084643,2,2.26551638,2,1.411187011,1
_327_3715152.jpg,data\raw\slit_lamp\dataset_03\train\moderate\_327_3715152.jpg,slit_lamp,2.889506395,3,2.292217477,2,2.269896625,2,1.322259709,1
_328_3269333.jpg,data\raw\slit_lamp\dataset_03\train\moderate\_328_3269333.jpg,slit_lamp,2.888570747,3,2.253569795,2,2.270383407,2,1.287370038,1
_329_5467190.jpg,data\raw\slit_lamp\dataset_03\train\moderate\_329_5467190.jpg,slit_lamp,2.912151596,3,2.386279808,2,2.268923113,2,1.261518566,1
_32_9062172.jpg,data\raw\slit_lamp\dataset_03\train\moderate\_32_9062172.jpg,slit_lamp,3.103506243,3,4.327483357,4,2.366575068,2,2.849421278,3
_330_5478095.jpg,data\raw\slit_lamp\dataset_03\train\moderate\_330_5478095.jpg,slit_lamp,2.83237504,3,2.329093905,2,2.266489643,2,1.207849655,1
_331_2978484.jpg,data\raw\slit_lamp\dataset_03\train\moderate\_331_2978484.jpg,slit_lamp,3.031574361,3,2.559457405,3,2.263083536,2,1.70548292,2
_332_7698256.jpg,data\raw\slit_lamp\dataset_03\train\moderate\_332_7698256.jpg,slit_lamp,2.950477435,3,2.402873636,2,2.266489643,2,1.444198594,1
_332_9730811.jpg,data\raw\slit_lamp\dataset_03\train\moderate\_332_9730811.jpg,slit_lamp,2.93429165,3,2.410735846,2,2.270870207,2,1.437141702,1
_333_2805221.jpg,data\raw\slit_lamp\dataset_03\train\moderate\_333_2805221.jpg,slit_lamp,3.051493935,3,2.462799586,2,2.269896625,2,1.468112107,1
_333_4052700.jpg,data\raw\slit_lamp\dataset_03\train\moderate\_333_4052700.jpg,slit_lamp,3.02017774,3,2.467779029,2,2.266976302,2,1.462371427,1
_334_1360238.jpg,data\raw\slit_lamp\dataset_03\train\moderate\_334_1360238.jpg,slit_lamp,2.983825155,3,3.308240711,3,2.278174289,2,1.849133098,2
_335_2109396.jpg,data\raw\slit_lamp\dataset_03\train\moderate\_335_2109396.jpg,slit_lamp,3.019397098,3,3.068999223,3,2.280122694,2,1.66146132,2
_335_9176239.jpg,data\raw\slit_lamp\dataset_03\train\moderate\_335_9176239.jpg,slit_lamp,3.032254837,3,3.072257095,3,2.273791374,2,1.658358827,2
_336_8535989.jpg,data\raw\slit_lamp\dataset_03\train\moderate\_336_8535989.jpg,slit_lamp,2.819975714,3,2.232724377,2,2.264056619,2,1.192838735,1
_337_6800255.jpg,data\raw\slit_lamp\dataset_03\train\moderate\_337_6800255.jpg,slit_lamp,3.002334293,3,2.814701275,3,2.267949672,2,1.96284294,2
_339_9106724.jpg,data\raw\slit_lamp\dataset_03\train\moderate\_339_9106724.jpg,slit_lamp,3.080151794,3,2.593169523,3,2.266489643,2,1.710520287,2
_342_2775386.jpg,data\raw\slit_lamp\dataset_03\train\moderate\_342_2775386.jpg,slit_lamp,2.729636967,3,2.146545147,2,2.27184386,2,1.143406297,1
_343_2631213.jpg,data\raw\slit_lamp\dataset_03\train\moderate\_343_2631213.jpg,slit_lamp,2.793693512,3,2.223664435,2,2.26551638,2,1.21530188,1
_344_5181730.jpg,data\raw\slit_lamp\dataset_03\train\moderate\_344_5181730.jpg,slit_lamp,2.819128268,3,2.638674003,3,2.283533049,2,1.494669442,1
_345_2495680.jpg,data\raw\slit_lamp\dataset_03\train\moderate\_345_2495680.jpg,slit_lamp,2.495992706,2,2.584418668,3,2.270383407,2,1.339320489,1
_347_7413999.jpg,data\raw\slit_lamp\dataset_03\train\moderate\_347_7413999.jpg,slit_lamp,3.11643562,3,2.657094478,3,2.26551638,2,1.846604862,2
_348_8120738.jpg,data\raw\slit_lamp\dataset_03\train\moderate\_348_8120738.jpg,slit_lamp,3.156738364,3,2.550059287,3,2.296207092,2,1.736046416,2
_34_2026427.jpg,data\raw\slit_lamp\dataset_03\train\moderate\_34_2026427.jpg,slit_lamp,2.416375051,2,1.461230916,1,2.273304469,2,2.353842777,2
_34_2290989.jpg,data\raw\slit_lamp\dataset_03\train\moderate\_34_2290989.jpg,slit_lamp,2.224054328,2,1.473312407,1,2.275739164,2,2.261433588,2
_350_7541734.jpg,data\raw\slit_lamp\dataset_03\train\moderate\_350_7541734.jpg,slit_lamp,3.096303484,3,2.562657423,3,2.26940986,2,1.725568822,2
_351_5778657.jpg,data\raw\slit_lamp\dataset_03\train\moderate\_351_5778657.jpg,slit_lamp,3.031213244,3,2.477725559,2,2.266489643,2,1.565942403,2
_352_5217565.jpg,data\raw\slit_lamp\dataset_03\train\moderate\_352_5217565.jpg,slit_lamp,2.754520385,3,2.208334739,2,2.261137587,2,1.112712019,1
_354_5293531.jpg,data\raw\slit_lamp\dataset_03\train\moderate\_354_5293531.jpg,slit_lamp,3.028647697,3,2.5448136,3,2.266003002,2,1.503599743,2
_356_7744260.jpg,data\raw\slit_lamp\dataset_03\train\moderate\_356_7744260.jpg,slit_lamp,2.94130871,3,2.458084238,2,2.263570069,2,1.526015301,2
_358_1004212.jpg,data\raw\slit_lamp\dataset_03\train\moderate\_358_1004212.jpg,slit_lamp,3.047423691,3,2.440286355,2,2.266489643,2,1.58175175,2
_358_2608507.jpg,data\raw\slit_lamp\dataset_03\train\moderate\_358_2608507.jpg,slit_lamp,3.160708804,3,2.445829871,2,2.266976302,2,1.577620953,2
_359_6265965.jpg,data\raw\slit_lamp\dataset_03\train\moderate\_359_6265965.jpg,slit_lamp,2.933226825,3,2.416194626,2,2.265029775,2,1.512140978,2
_35_3480407.jpg,data\raw\slit_lamp\dataset_03\train\moderate\_35_3480407.jpg,slit_lamp,2.567488439,3,2.028365521,2,2.363638049,2,2.785142979,3
_360_3983039.jpg,data\raw\slit_lamp\dataset_03\train\moderate\_360_3983039.jpg,slit_lamp,3.073942618,3,2.533233256,3,2.26551638,2,1.688984576,2
_361_2261122.jpg,data\raw\slit_lamp\dataset_03\train\moderate\_361_2261122.jpg,slit_lamp,3.002105543,3,1.947191787,2,2.325982632,2,2.329520715,2
_361_423366.jpg,data\raw\slit_lamp\dataset_03\train\moderate\_361_423366.jpg,slit_lamp,2.927609642,3,1.968158823,2,2.333312423,2,2.266704627,2
_362_9739218.jpg,data\raw\slit_lamp\dataset_03\train\moderate\_362_9739218.jpg,slit_lamp,2.958860284,3,2.202449054,2,2.321586192,2,2.521611273,3
_363_2736933.jpg,data\raw\slit_lamp\dataset_03\train\moderate\_363_2736933.jpg,slit_lamp,3.033636305,3,2.195447753,2,2.308403633,2,1.986922372,2
_364_9397731.jpg,data\raw\slit_lamp\dataset_03\train\moderate\_364_9397731.jpg,slit_lamp,2.947750964,3,2.195288066,2,2.330380154,2,2.378128108,2
_365_6266228.jpg,data\raw\slit_lamp\dataset_03\train\moderate\_365_6266228.jpg,slit_lamp,3.230821764,3,1.863308918,2,2.347980518,2,2.179666419,2
_366_1717014.jpg,data\raw\slit_lamp\dataset_03\train\moderate\_366_1717014.jpg,slit_lamp,2.219667275,2,1.171491645,1,2.336245152,2,1.956513802,2
_366_983964.jpg,data\raw\slit_lamp\dataset_03\train\moderate\_366_983964.jpg,slit_lamp,2.457308951,2,1.163740631,1,2.324028523,2,1.999376266,2
_367_2864412.jpg,data\raw\slit_lamp\dataset_03\train\moderate\_367_2864412.jpg,slit_lamp,2.185614311,2,1.173309094,1,2.336733985,2,1.957515814,2
_367_9940827.jpg,data\raw\slit_lamp\dataset_03\train\moderate\_367_9940827.jpg,slit_lamp,2.216536134,2,1.15083092,1,2.331357525,2,2.076605314,2
_368_3722136.jpg,data\raw\slit_lamp\dataset_03\train\moderate\_368_3722136.jpg,slit_lamp,2.612699496,3,1.677768045,2,2.353361507,2,2.031820568,2
_368_8153741.jpg,data\raw\slit_lamp\dataset_03\train\moderate\_368_8153741.jpg,slit_lamp,2.646649667,3,1.650094595,2,2.352872269,2,2.141131038,2
_369_7001529.jpg,data\raw\slit_lamp\dataset_03\train\moderate\_369_7001529.jpg,slit_lamp,2.874766025,3,1.796448395,2,2.280609837,2,2.73319453,3
_36_1799809.jpg,data\raw\slit_lamp\dataset_03\train\moderate\_36_1799809.jpg,slit_lamp,2.228882741,2,1.33697744,1,2.278661365,2,1.844930482,2
_36_5599796.jpg,data\raw\slit_lamp\dataset_03\train\moderate\_36_5599796.jpg,slit_lamp,2.227804081,2,1.310508522,1,2.269896625,2,1.967271925,2
_371_8717830.jpg,data\raw\slit_lamp\dataset_03\train\moderate\_371_8717830.jpg,slit_lamp,3.193766747,3,4.966685411,5,2.325494085,2,2.838155847,3
_372_5630593.jpg,data\raw\slit_lamp\dataset_03\train\moderate\_372_5630593.jpg,slit_lamp,3.17367371,3,1.702665166,2,2.215012314,2,2.700070416,3
_374_8613138.jpg,data\raw\slit_lamp\dataset_03\train\moderate\_374_8613138.jpg,slit_lamp,2.35090715,2,3.461213955,3,2.379306317,2,3.005124709,3
_375_8898265.jpg,data\raw\slit_lamp\dataset_03\train\moderate\_375_8898265.jpg,slit_lamp,3.238468807,3,4.956895717,5,2.328914195,2,2.726361326,3
_375_9227285.jpg,data\raw\slit_lamp\dataset_03\train\moderate\_375_9227285.jpg,slit_lamp,3.232513786,3,4.947349187,5,2.328425568,2,2.793827384,3
_376_9321900.jpg,data\raw\slit_lamp\dataset_03\train\moderate\_376_9321900.jpg,slit_lamp,3.225872905,3,2.521754376,3,2.346024142,2,2.456955741,2
_377_1993330.jpg,data\raw\slit_lamp\dataset_03\train\moderate\_377_1993330.jpg,slit_lamp,2.967960109,3,2.344440293,2,2.348469641,2,2.631064249,3
_378_2183024.jpg,data\raw\slit_lamp\dataset_03\train\moderate\_378_2183024.jpg,slit_lamp,2.830092802,3,1.834481097,2,2.54759654,3,2.1259359,2
_37_7526265.jpg,data\raw\slit_lamp\dataset_03\train\moderate\_37_7526265.jpg,slit_lamp,2.386951951,2,1.462923552,1,2.280609837,2,2.222304169,2
_37_8896673.jpg,data\raw\slit_lamp\dataset_03\train\moderate\_37_8896673.jpg,slit_lamp,2.489694583,2,1.461149271,1,2.283533049,2,2.213513772,2
_380_7004130.jpg,data\raw\slit_lamp\dataset_03\train\moderate\_380_7004130.jpg,slit_lamp,3.187901707,3,1.931275067,2,2.199517922,2,3.147929271,3
_380_8765246.jpg,data\raw\slit_lamp\dataset_03\train\moderate\_380_8765246.jpg,slit_lamp,3.159518524,3,1.929176805,2,2.209199251,2,3.162196829,3
_381_6039460.jpg,data\raw\slit_lamp\dataset_03\train\moderate\_381_6039460.jpg,slit_lamp,3.064153176,3,2.514788051,3,2.328914195,2,2.769972538,3
_383_4165819.jpg,data\raw\slit_lamp\dataset_03\train\moderate\_383_4165819.jpg,slit_lamp,3.205731415,3,2.626165135,3,2.269896625,2,1.533169297,2
_384_4668888.jpg,data\raw\slit_lamp\dataset_03\train\moderate\_384_4668888.jpg,slit_lamp,3.138860665,3,3.261095467,3,2.273304469,2,1.852182503,2
_385_4113427.jpg,data\raw\slit_lamp\dataset_03\train\moderate\_385_4113427.jpg,slit_lamp,3.122339657,3,3.034346935,3,2.263083536,2,1.964983301,2
_386_4269538.jpg,data\raw\slit_lamp\dataset_03\train\moderate\_386_4269538.jpg,slit_lamp,3.149217276,3,2.476389378,2,2.270383407,2,1.574937698,2
_387_449073.jpg,data\raw\slit_lamp\dataset_03\train\moderate\_387_449073.jpg,slit_lamp,2.803249719,3,1.284846805,1,2.32451703,2,2.148486609,2
_388_2242538.jpg,data\raw\slit_lamp\dataset_03\train\moderate\_388_2242538.jpg,slit_lamp,3.193610546,3,2.478900851,2,2.263570069,2,1.406212881,1
_389_2605189.jpg,data\raw\slit_lamp\dataset_03\train\moderate\_389_2605189.jpg,slit_lamp,3.155263202,3,2.592830928,3,2.269896625,2,1.718300027,2
_390_1354382.jpg,data\raw\slit_lamp\dataset_03\train\moderate\_390_1354382.jpg,slit_lamp,3.05937942,3,2.231301051,2,2.266003002,2,1.183174565,1
_391_2115124.jpg,data\raw\slit_lamp\dataset_03\train\moderate\_391_2115124.jpg,slit_lamp,3.025847612,3,2.310783154,2,2.270383407,2,1.484219952,1
_391_3026815.jpg,data\raw\slit_lamp\dataset_03\train\moderate\_391_3026815.jpg,slit_lamp,3.040771581,3,2.313968887,2,2.266003002,2,1.482205989,1
_392_7918570.jpg,data\raw\slit_lamp\dataset_03\train\moderate\_392_7918570.jpg,slit_lamp,3.142587288,3,2.393428437,2,2.263570069,2,1.405019218,1
_397_8948757.jpg,data\raw\slit_lamp\dataset_03\train\moderate\_397_8948757.jpg,slit_lamp,3.127106423,3,2.487313614,2,2.340645093,2,2.316191696,2
_399_6667595.jpg,data\raw\slit_lamp\dataset_03\train\moderate\_399_6667595.jpg,slit_lamp,2.861070651,3,1.653773972,2,2.347491406,2,2.025887361,2
_39_9936846.jpg,data\raw\slit_lamp\dataset_03\train\moderate\_39_9936846.jpg,slit_lamp,1.277453994,1,1.6959623,2,2.370002057,2,2.049894142,2
_3_4674992.jpg,data\raw\slit_lamp\dataset_03\train\moderate\_3_4674992.jpg,slit_lamp,2.741239493,3,2.130989319,2,2.282558579,2,2.923786776,3
_400_7591244.jpg,data\raw\slit_lamp\dataset_03\train\moderate\_400_7591244.jpg,slit_lamp,3.031979819,3,1.784810308,2,2.340156162,2,2.385634498,2
_400_7969437.jpg,data\raw\slit_lamp\dataset_03\train\moderate\_400_7969437.jpg,slit_lamp,2.927012246,3,1.769106715,2,2.347491406,2,2.448818572,2
_40_3866061.jpg,data\raw\slit_lamp\dataset_03\train\moderate\_40_3866061.jpg,slit_lamp,2.392923368,2,1.715851933,2,2.335756332,2,2.207166983,2
_40_4103987.jpg,data\raw\slit_lamp\dataset_03\train\moderate\_40_4103987.jpg,slit_lamp,2.528877922,3,1.725235198,2,2.354829288,2,2.173885891,2
_41_6704276.jpg,data\raw\slit_lamp\dataset_03\train\moderate\_41_6704276.jpg,slit_lamp,2.755120992,3,2.857970373,3,2.346024142,2,2.795957288,3
_41_7645755.jpg,data\raw\slit_lamp\dataset_03\train\moderate\_41_7645755.jpg,slit_lamp,2.694775456,3,2.869018404,3,2.350915431,2,2.750933078,3
_42_7486921.jpg,data\raw\slit_lamp\dataset_03\train\moderate\_42_7486921.jpg,slit_lamp,2.851380034,3,2.394891105,2,2.333801179,2,2.777030726,3
_42_9949990.jpg,data\raw\slit_lamp\dataset_03\train\moderate\_42_9949990.jpg,slit_lamp,2.831386847,3,2.382124231,2,2.354340016,2,2.803968816,3
_43_5838123.jpg,data\raw\slit_lamp\dataset_03\train\moderate\_43_5838123.jpg,slit_lamp,2.733490753,3,2.158342757,2,2.348958776,2,2.414617385,2
_44_6970984.jpg,data\raw\slit_lamp\dataset_03\train\moderate\_44_6970984.jpg,slit_lamp,2.451315465,2,2.252540988,2,2.347980518,2,2.335988368,2
_46_4314985.jpg,data\raw\slit_lamp\dataset_03\train\moderate\_46_4314985.jpg,slit_lamp,2.215470722,2,1.967401656,2,2.344556985,2,2.432996388,2
_47_4608506.jpg,data\raw\slit_lamp\dataset_03\train\moderate\_47_4608506.jpg,slit_lamp,2.465990681,2,2.038197752,2,2.329402835,2,2.255068237,2
_48_1110786.jpg,data\raw\slit_lamp\dataset_03\train\moderate\_48_1110786.jpg,slit_lamp,2.557801321,3,1.991022658,2,2.345535078,2,2.16217644,2
_48_7953833.jpg,data\raw\slit_lamp\dataset_03\train\moderate\_48_7953833.jpg,slit_lamp,2.287653129,2,1.988603706,2,2.34357894,2,2.181683766,2
_49_1539697.jpg,data\raw\slit_lamp\dataset_03\train\moderate\_49_1539697.jpg,slit_lamp,2.352049095,2,2.280862156,2,2.35629717,2,2.199090902,2
_49_2405371.jpg,data\raw\slit_lamp\dataset_03\train\moderate\_49_2405371.jpg,slit_lamp,2.26654221,2,2.268019742,2,2.315726001,2,2.238517647,2
_49_7277741.jpg,data\raw\slit_lamp\dataset_03\train\moderate\_49_7277741.jpg,slit_lamp,2.638500246,3,2.27204638,2,2.328425568,2,2.227917916,2
_4_1244424.jpg,data\raw\slit_lamp\dataset_03\train\moderate\_4_1244424.jpg,slit_lamp,2.634034377,3,1.796202865,2,2.341134037,2,2.447620786,2
_4_7491150.jpg,data\raw\slit_lamp\dataset_03\train\moderate\_4_7491150.jpg,slit_lamp,2.616218941,3,1.78245864,2,2.327448354,2,2.5005739,3
_50_1920746.jpg,data\raw\slit_lamp\dataset_03\train\moderate\_50_1920746.jpg,slit_lamp,2.389804596,2,2.340491301,2,2.354829288,2,2.011039592,2
_52_3704655.jpg,data\raw\slit_lamp\dataset_03\train\moderate\_52_3704655.jpg,slit_lamp,2.484918484,2,1.984300272,2,2.341622994,2,2.090125808,2
_52_7569766.jpg,data\raw\slit_lamp\dataset_03\train\moderate\_52_7569766.jpg,slit_lamp,2.522571425,3,1.974986166,2,2.345535078,2,2.072541181,2
_53_8912600.jpg,data\raw\slit_lamp\dataset_03\train\moderate\_53_8912600.jpg,slit_lamp,2.238523554,2,1.948293224,2,2.358743859,2,2.329526872,2
_55_8463221.jpg,data\raw\slit_lamp\dataset_03\train\moderate\_55_8463221.jpg,slit_lamp,2.343815646,2,1.815203081,2,2.3582545,2,2.297421089,2
_57_3959793.jpg,data\raw\slit_lamp\dataset_03\train\moderate\_57_3959793.jpg,slit_lamp,3.107716776,3,3.81324687,4,2.428325323,2,2.870664776,3
_58_7683562.jpg,data\raw\slit_lamp\dataset_03\train\moderate\_58_7683562.jpg,slit_lamp,2.559480399,3,3.028020495,3,2.223737747,2,1.637184863,2
_59_2574195.jpg,data\raw\slit_lamp\dataset_03\train\moderate\_59_2574195.jpg,slit_lamp,2.219223918,2,1.791544835,2,2.33184623,2,2.385252608,2
_59_8958387.jpg,data\raw\slit_lamp\dataset_03\train\moderate\_59_8958387.jpg,slit_lamp,1.833189975,2,1.798489937,2,2.327448354,2,2.325343654,2
_5_9005506.jpg,data\raw\slit_lamp\dataset_03\train\moderate\_5_9005506.jpg,slit_lamp,2.782332977,3,1.851039745,2,2.33722283,2,2.461254279,2
_60_2561089.jpg,data\raw\slit_lamp\dataset_03\train\moderate\_60_2561089.jpg,slit_lamp,3.026344894,3,4.01963415,4,2.331357525,2,2.731113114,3
_61_2475173.jpg,data\raw\slit_lamp\dataset_03\train\moderate\_61_2475173.jpg,slit_lamp,3.124600518,3,2.218550159,2,2.26551638,2,2.778174202,3
_61_3633947.jpg,data\raw\slit_lamp\dataset_03\train\moderate\_61_3633947.jpg,slit_lamp,3.03404946,3,2.23358706,2,2.32451703,2,2.73815953,3
_62_9491665.jpg,data\raw\slit_lamp\dataset_03\train\moderate\_62_9491665.jpg,slit_lamp,2.308825381,2,2.036273037,2,2.336245152,2,2.609583034,3
_63_7923836.jpg,data\raw\slit_lamp\dataset_03\train\moderate\_63_7923836.jpg,slit_lamp,2.684596779,3,2.156661151,2,2.387144093,2,2.641292488,3
_64_5229674.jpg,data\raw\slit_lamp\dataset_03\train\moderate\_64_5229674.jpg,slit_lamp,2.011719839,2,1.44172472,1,2.347491406,2,2.126979214,2
_65_5167591.jpg,data\raw\slit_lamp\dataset_03\train\moderate\_65_5167591.jpg,slit_lamp,2.807714347,3,1.874652855,2,2.341134037,2,2.390294766,2
_66_9729796.jpg,data\raw\slit_lamp\dataset_03\train\moderate\_66_9729796.jpg,slit_lamp,2.084591884,2,1.461005078,1,2.344067956,2,2.145273415,2
_67_2701502.jpg,data\raw\slit_lamp\dataset_03\train\moderate\_67_2701502.jpg,slit_lamp,2.962529618,3,2.467939114,2,2.32305155,2,2.325343491,2
_67_7544085.jpg,data\raw\slit_lamp\dataset_03\train\moderate\_67_7544085.jpg,slit_lamp,2.869835477,3,2.488415089,2,2.339667242,2,2.298898835,2
_68_132563.jpg,data\raw\slit_lamp\dataset_03\train\moderate\_68_132563.jpg,slit_lamp,3.145052682,3,3.037477857,3,2.300108951,2,2.711202502,3
_68_6182618.jpg,data\raw\slit_lamp\dataset_03\train\moderate\_68_6182618.jpg,slit_lamp,3.175709744,3,3.028089879,3,2.228588169,2,2.739377099,3
_69_4758198.jpg,data\raw\slit_lamp\dataset_03\train\moderate\_69_4758198.jpg,slit_lamp,2.770313353,3,2.765182396,3,2.335756332,2,2.613052494,3
_6_6261868.jpg,data\raw\slit_lamp\dataset_03\train\moderate\_6_6261868.jpg,slit_lamp,1.721600421,2,1.753389087,2,2.339178335,2,1.462304124,1
_70_3464173.jpg,data\raw\slit_lamp\dataset_03\train\moderate\_70_3464173.jpg,slit_lamp,2.878079762,3,2.146909945,2,2.34993708,2,2.476180507,2
_70_6811978.jpg,data\raw\slit_lamp\dataset_03\train\moderate\_70_6811978.jpg,slit_lamp,2.844260429,3,2.136323553,2,2.346513219,2,2.511076884,3
_71_5079718.jpg,data\raw\slit_lamp\dataset_03\train\moderate\_71_5079718.jpg,slit_lamp,2.487839323,2,2.534535792,3,2.356786486,2,2.550816076,3
_71_7808711.jpg,data\raw\slit_lamp\dataset_03\train\moderate\_71_7808711.jpg,slit_lamp,2.273275602,2,2.559467054,3,2.360212004,2,2.658165929,3
_72_6009084.jpg,data\raw\slit_lamp\dataset_03\train\moderate\_72_6009084.jpg,slit_lamp,2.2745957,2,1.686487436,2,2.363148582,2,1.978288858,2
_74_5402652.jpg,data\raw\slit_lamp\dataset_03\train\moderate\_74_5402652.jpg,slit_lamp,2.604044778,3,2.026157763,2,2.34357894,2,2.476547861,2
_75_6801378.jpg,data\raw\slit_lamp\dataset_03\train\moderate\_75_6801378.jpg,slit_lamp,2.577318075,3,1.242341721,1,2.578505225,3,1.488285875,1
_77_2197698.jpg,data\raw\slit_lamp\dataset_03\train\moderate\_77_2197698.jpg,slit_lamp,2.143883637,2,3.062886853,3,2.184046917,2,1.787243709,2
_77_938150.jpg,data\raw\slit_lamp\dataset_03\train\moderate\_77_938150.jpg,slit_lamp,1.969559452,2,3.052654314,3,2.197099006,2,1.766100525,2
_78_267330.jpg,data\raw\slit_lamp\dataset_03\train\moderate\_78_267330.jpg,slit_lamp,0.954398948,1,1.187027915,1,2.325982632,2,2.122708124,2
_78_8248707.jpg,data\raw\slit_lamp\dataset_03\train\moderate\_78_8248707.jpg,slit_lamp,1.152948788,1,1.201838701,1,2.336245152,2,2.047113278,2
_79_1123955.jpg,data\raw\slit_lamp\dataset_03\train\moderate\_79_1123955.jpg,slit_lamp,2.250047611,2,1.845173701,2,2.318655846,2,2.233939309,2
_7_1388234.jpg,data\raw\slit_lamp\dataset_03\train\moderate\_7_1388234.jpg,slit_lamp,1.570877861,2,1.293686614,1,2.34357894,2,2.087014695,2
_7_2330751.jpg,data\raw\slit_lamp\dataset_03\train\moderate\_7_2330751.jpg,slit_lamp,1.60286724,2,1.28484407,1,2.355318571,2,2.129602827,2
_81_5591649.jpg,data\raw\slit_lamp\dataset_03\train\moderate\_81_5591649.jpg,slit_lamp,2.664155959,3,1.90428177,2,2.298645638,2,1.80242671,2
_81_6384668.jpg,data\raw\slit_lamp\dataset_03\train\moderate\_81_6384668.jpg,slit_lamp,2.825237559,3,1.901053492,2,2.270870207,2,1.810424191,2
_82_1805923.jpg,data\raw\slit_lamp\dataset_03\train\moderate\_82_1805923.jpg,slit_lamp,2.452701385,2,1.664185904,2,2.347002307,2,2.274441144,2
_83_8570399.jpg,data\raw\slit_lamp\dataset_03\train\moderate\_83_8570399.jpg,slit_lamp,2.486466505,2,1.722758443,2,2.36559602,2,2.136734934,2
_85_2405112.jpg,data\raw\slit_lamp\dataset_03\train\moderate\_85_2405112.jpg,slit_lamp,3.093420992,3,2.437700244,2,2.34357894,2,2.447748528,2
_86_4443360.jpg,data\raw\slit_lamp\dataset_03\train\moderate\_86_4443360.jpg,slit_lamp,2.723134275,3,1.96514343,2,2.324028523,2,2.427917156,2
_86_8666413.jpg,data\raw\slit_lamp\dataset_03\train\moderate\_86_8666413.jpg,slit_lamp,2.635315423,3,1.969349485,2,2.348469641,2,2.413279041,2
_87_635890.jpg,data\raw\slit_lamp\dataset_03\train\moderate\_87_635890.jpg,slit_lamp,2.686683266,3,1.91717869,2,2.354340016,2,2.521419504,3
_88_1858467.jpg,data\raw\slit_lamp\dataset_03\train\moderate\_88_1858467.jpg,slit_lamp,2.580601503,3,2.196201279,2,2.326471192,2,2.717224788,3
_88_7869628.jpg,data\raw\slit_lamp\dataset_03\train\moderate\_88_7869628.jpg,slit_lamp,2.662776749,3,2.216888443,2,2.357765151,2,2.669571909,3
_89_450120.jpg,data\raw\slit_lamp\dataset_03\train\moderate\_89_450120.jpg,slit_lamp,2.36276705,2,1.807773934,2,2.345535078,2,2.196606444,2
_90_3742626.jpg,data\raw\slit_lamp\dataset_03\train\moderate\_90_3742626.jpg,slit_lamp,2.373146614,2,1.775623509,2,2.351893827,2,2.380422708,2
_90_4479779.jpg,data\raw\slit_lamp\dataset_03\train\moderate\_90_4479779.jpg,slit_lamp,2.55872172,3,1.779111681,2,2.332823679,2,2.375626426,2
_90_4763455.jpg,data\raw\slit_lamp\dataset_03\train\moderate\_90_4763455.jpg,slit_lamp,2.407871385,2,1.7765456,2,2.363148582,2,2.391550035,2
_91_7118539.jpg,data\raw\slit_lamp\dataset_03\train\moderate\_91_7118539.jpg,slit_lamp,3.198935157,3,2.306778478,2,2.318167504,2,2.587529914,3
_92_5284437.jpg,data\raw\slit_lamp\dataset_03\train\moderate\_92_5284437.jpg,slit_lamp,3.086819817,3,2.170975394,2,2.350915431,2,2.514675881,3
_93_7584804.jpg,data\raw\slit_lamp\dataset_03\train\moderate\_93_7584804.jpg,slit_lamp,2.553433856,3,1.980771424,2,2.344556985,2,2.437333836,2
_94_5517058.jpg,data\raw\slit_lamp\dataset_03\train\moderate\_94_5517058.jpg,slit_lamp,2.371608001,2,2.301393246,2,2.360212004,2,2.386333775,2
_96_5515894.jpg,data\raw\slit_lamp\dataset_03\train\moderate\_96_5515894.jpg,slit_lamp,3.250051641,3,2.464799934,2,2.345046026,2,2.448949318,2
_96_6290965.jpg,data\raw\slit_lamp\dataset_03\train\moderate\_96_6290965.jpg,slit_lamp,3.24582182,3,2.47447114,2,2.345046026,2,2.425760146,2
_97_6398110.jpg,data\raw\slit_lamp\dataset_03\train\moderate\_97_6398110.jpg,slit_lamp,1.816371667,2,1.467206575,1,2.360701407,2,2.226176353,2
_97_761368.jpg,data\raw\slit_lamp\dataset_03\train\moderate\_97_761368.jpg,slit_lamp,1.784512979,2,1.442560564,1,2.349447922,2,2.234010192,2
_98_9687825.jpg,data\raw\slit_lamp\dataset_03\train\moderate\_98_9687825.jpg,slit_lamp,1.597469726,2,1.225920965,1,2.347491406,2,2.135606588,2
1034_right.jpg,data\raw\slit_lamp\dataset_03\train\normal\1034_right.jpg,slit_lamp,2.886888298,3,2.244093013,2,2.12877894,2,2.542497194,3
1060_right.jpg,data\raw\slit_lamp\dataset_03\train\normal\1060_right.jpg,slit_lamp,1.647332281,2,2.241591576,2,2.358132161,2,2.44690106,2
1253_left.jpg,data\raw\slit_lamp\dataset_03\train\normal\1253_left.jpg,slit_lamp,1.686802334,2,1.985561489,2,2.154865083,2,1.865174769,2
1253_right.jpg,data\raw\slit_lamp\dataset_03\train\normal\1253_right.jpg,slit_lamp,2.571402308,3,2.252766978,2,2.200485648,2,2.326998182,2
2329_left.jpg,data\raw\slit_lamp\dataset_03\train\normal\2329_left.jpg,slit_lamp,2.91421958,3,2.640092246,3,2.124339143,2,2.869936341,3
2329_right.jpg,data\raw\slit_lamp\dataset_03\train\normal\2329_right.jpg,slit_lamp,2.034501801,2,2.117703208,2,2.123979265,2,2.561074783,3
2331_left.jpg,data\raw\slit_lamp\dataset_03\train\normal\2331_left.jpg,slit_lamp,2.643668014,3,2.154155697,2,2.125658831,2,2.618614807,3
2331_right.jpg,data\raw\slit_lamp\dataset_03\train\normal\2331_right.jpg,slit_lamp,1.870213198,2,1.916076331,2,2.120261464,2,2.476290526,2
2332_left.jpg,data\raw\slit_lamp\dataset_03\train\normal\2332_left.jpg,slit_lamp,2.250435215,2,2.368481381,2,2.121100818,2,2.409770583,2
2332_right.jpg,data\raw\slit_lamp\dataset_03\train\normal\2332_right.jpg,slit_lamp,2.289510031,2,2.223716953,2,2.122779788,2,2.605745082,3
2334_left.jpg,data\raw\slit_lamp\dataset_03\train\normal\2334_left.jpg,slit_lamp,2.418338679,2,2.106354252,2,2.196010682,2,2.370558972,2
2334_right.jpg,data\raw\slit_lamp\dataset_03\train\normal\2334_right.jpg,slit_lamp,2.343142171,2,1.997451925,2,2.206778078,2,2.373204767,2
2335_left.jpg,data\raw\slit_lamp\dataset_03\train\normal\2335_left.jpg,slit_lamp,2.761442807,3,2.66241025,3,2.236231766,2,2.508234478,3
2341_right.jpg,data\raw\slit_lamp\dataset_03\train\normal\2341_right.jpg,slit_lamp,2.249725405,2,2.047988238,2,2.074356207,2,3.088926787,3
2345_left.jpg,data\raw\slit_lamp\dataset_03\train\normal\2345_left.jpg,slit_lamp,2.643855173,3,2.12189376,2,2.164863353,2,2.602807902,3
2345_right.jpg,data\raw\slit_lamp\dataset_03\train\normal\2345_right.jpg,slit_lamp,2.658875248,3,2.107699886,2,2.15474469,2,2.483195299,2
2346_left.jpg,data\raw\slit_lamp\dataset_03\train\normal\2346_left.jpg,slit_lamp,2.693333995,3,1.798422113,2,2.114628082,2,2.462251702,2
2349_left.jpg,data\raw\slit_lamp\dataset_03\train\normal\2349_left.jpg,slit_lamp,2.674011112,3,1.975751536,2,2.12265985,2,2.493443453,2
2349_right.jpg,data\raw\slit_lamp\dataset_03\train\normal\2349_right.jpg,slit_lamp,2.838384473,3,2.145680291,2,2.123259557,2,2.558018838,3
2351_left.jpg,data\raw\slit_lamp\dataset_03\train\normal\2351_left.jpg,slit_lamp,2.351928453,2,4.081511807,4,2.00582232,2,3.018255662,3
2353_left.jpg,data\raw\slit_lamp\dataset_03\train\normal\2353_left.jpg,slit_lamp,2.973816664,3,2.367748279,2,2.123379504,2,2.639090308,3
2353_right.jpg,data\raw\slit_lamp\dataset_03\train\normal\2353_right.jpg,slit_lamp,2.910509271,3,2.394981874,2,2.143194627,2,2.64536638,3
2354_right.jpg,data\raw\slit_lamp\dataset_03\train\normal\2354_right.jpg,slit_lamp,3.07234609,3,2.619780212,3,2.14199238,2,2.597303961,3
2355_right.jpg,data\raw\slit_lamp\dataset_03\train\normal\2355_right.jpg,slit_lamp,2.751423161,3,1.87784264,2,2.103373391,2,2.028148024,2
2356_left.jpg,data\raw\slit_lamp\dataset_03\train\normal\2356_left.jpg,slit_lamp,3.039550215,3,2.146325904,2,2.08449326,2,2.535448267,3
2356_right.jpg,data\raw\slit_lamp\dataset_03\train\normal\2356_right.jpg,slit_lamp,2.346506783,2,1.98074453,2,2.241694541,2,2.536218798,3
2359_left.jpg,data\raw\slit_lamp\dataset_03\train\normal\2359_left.jpg,slit_lamp,2.857862172,3,2.245045962,2,2.122180116,2,2.520088919,3
2362_right.jpg,data\raw\slit_lamp\dataset_03\train\normal\2362_right.jpg,slit_lamp,3.198476335,3,3.096389839,3,2.192262905,2,2.596443786,3
2363_right.jpg,data\raw\slit_lamp\dataset_03\train\normal\2363_right.jpg,slit_lamp,2.844298662,3,2.607397608,3,2.124219182,2,2.350399917,2
2365_right.jpg,data\raw\slit_lamp\dataset_03\train\normal\2365_right.jpg,slit_lamp,2.713087214,3,4.970817639,5,2.136704509,2,2.77127992,3
2366_left.jpg,data\raw\slit_lamp\dataset_03\train\normal\2366_left.jpg,slit_lamp,2.49430006,2,2.056016181,2,2.128418867,2,2.519163646,3
2367_right.jpg,data\raw\slit_lamp\dataset_03\train\normal\2367_right.jpg,slit_lamp,1.802545921,2,1.842055185,2,2.123499453,2,2.328929528,2
2368_left.jpg,data\raw\slit_lamp\dataset_03\train\normal\2368_left.jpg,slit_lamp,3.310298817,3,3.975167692,4,1.940383919,2,3.026682199,3
2368_right.jpg,data\raw\slit_lamp\dataset_03\train\normal\2368_right.jpg,slit_lamp,3.326403824,3,4.157054155,4,1.9570813,2,3.134849628,3
2369_left.jpg,data\raw\slit_lamp\dataset_03\train\normal\2369_left.jpg,slit_lamp,3.126017365,3,2.737062806,3,2.122899727,2,2.686799257,3
2369_right.jpg,data\raw\slit_lamp\dataset_03\train\normal\2369_right.jpg,slit_lamp,2.818688387,3,2.745514678,3,2.100502474,2,2.340311192,2
2371_left.jpg,data\raw\slit_lamp\dataset_03\train\normal\2371_left.jpg,slit_lamp,2.792323826,3,2.242717088,2,2.133941713,2,2.467631923,2
2371_right.jpg,data\raw\slit_lamp\dataset_03\train\normal\2371_right.jpg,slit_lamp,2.619731879,3,2.244476081,2,2.122539913,2,2.365511633,2
2372_left.jpg,data\raw\slit_lamp\dataset_03\train\normal\2372_left.jpg,slit_lamp,2.58267158,3,2.734542564,3,2.12457907,2,2.575029086,3
2378_left.jpg,data\raw\slit_lamp\dataset_03\train\normal\2378_left.jpg,slit_lamp,2.669361269,3,2.484974462,2,2.126018783,2,2.483302012,2
2378_right.jpg,data\raw\slit_lamp\dataset_03\train\normal\2378_right.jpg,slit_lamp,2.423995127,2,2.329354367,2,2.126258759,2,2.51511376,3
2380_right.jpg,data\raw\slit_lamp\dataset_03\train\normal\2380_right.jpg,slit_lamp,2.499005554,2,3.696476673,4,2.213195393,2,2.7102202,3
2382_left.jpg,data\raw\slit_lamp\dataset_03\train\normal\2382_left.jpg,slit_lamp,3.217836906,3,2.683004169,3,2.088193821,2,2.760029225,3
2383_left.jpg,data\raw\slit_lamp\dataset_03\train\normal\2383_left.jpg,slit_lamp,2.98894502,3,2.843890673,3,2.116665229,2,2.857069487,3
2383_right.jpg,data\raw\slit_lamp\dataset_03\train\normal\2383_right.jpg,slit_lamp,3.076493977,3,2.745579387,3,2.119781873,2,2.953312713,3
2384_left.jpg,data\raw\slit_lamp\dataset_03\train\normal\2384_left.jpg,slit_lamp,2.491239266,2,4.941923101,5,2.11223211,2,2.869217919,3
2384_right.jpg,data\raw\slit_lamp\dataset_03\train\normal\2384_right.jpg,slit_lamp,2.666852022,3,4.468520693,4,2.062210773,2,3.264133515,3
2386_left.jpg,data\raw\slit_lamp\dataset_03\train\normal\2386_left.jpg,slit_lamp,2.445174142,2,3.011852377,3,2.125658831,2,2.606175329,3
2386_right.jpg,data\raw\slit_lamp\dataset_03\train\normal\2386_right.jpg,slit_lamp,2.414435433,2,3.038783787,3,2.138026168,2,2.790911796,3
2388_left.jpg,data\raw\slit_lamp\dataset_03\train\normal\2388_left.jpg,slit_lamp,3.175707474,3,3.314719373,3,2.12853889,2,2.957435151,3
2393_left.jpg,data\raw\slit_lamp\dataset_03\train\normal\2393_left.jpg,slit_lamp,2.236872674,2,2.17613355,2,2.123139612,2,2.208909724,2
2393_right.jpg,data\raw\slit_lamp\dataset_03\train\normal\2393_right.jpg,slit_lamp,3.024892124,3,2.818076689,3,2.123619403,2,2.440795827,2
2394_left.jpg,data\raw\slit_lamp\dataset_03\train\normal\2394_left.jpg,slit_lamp,1.402315814,1,1.445894442,1,2.120261464,2,2.149001612,2
2394_right.jpg,data\raw\slit_lamp\dataset_03\train\normal\2394_right.jpg,slit_lamp,1.736513531,2,1.512202735,2,2.120621177,2,2.155277019,2
2395_right.jpg,data\raw\slit_lamp\dataset_03\train\normal\2395_right.jpg,slit_lamp,2.382746451,2,4.71524247,5,2.132500616,2,2.694686756,3
2396_left.jpg,data\raw\slit_lamp\dataset_03\train\normal\2396_left.jpg,slit_lamp,2.242578226,2,1.922548837,2,2.11211233,2,2.497949468,2
2396_right.jpg,data\raw\slit_lamp\dataset_03\train\normal\2396_right.jpg,slit_lamp,2.283387736,2,2.023726994,2,2.110914636,2,2.493070687,2
2397_left.jpg,data\raw\slit_lamp\dataset_03\train\normal\2397_left.jpg,slit_lamp,2.725975792,3,2.473394732,2,2.119182424,2,2.615492448,3
2399_left.jpg,data\raw\slit_lamp\dataset_03\train\normal\2399_left.jpg,slit_lamp,2.905985993,3,2.51431526,3,2.125778813,2,2.706184737,3
2403_left.jpg,data\raw\slit_lamp\dataset_03\train\normal\2403_left.jpg,slit_lamp,2.938415268,3,2.722630064,3,2.123979265,2,2.669098203,3
2403_right.jpg,data\raw\slit_lamp\dataset_03\train\normal\2403_right.jpg,slit_lamp,2.795582316,3,2.425259499,2,2.141150908,2,2.654023276,3
2408_left.jpg,data\raw\slit_lamp\dataset_03\train\normal\2408_left.jpg,slit_lamp,3.033276964,3,2.71856832,3,2.173666055,2,2.706091632,3
2410_left.jpg,data\raw\slit_lamp\dataset_03\train\normal\2410_left.jpg,slit_lamp,2.987326254,3,3.421591474,3,2.117983661,2,2.748911829,3
2415_left.jpg,data\raw\slit_lamp\dataset_03\train\normal\2415_left.jpg,slit_lamp,1.752121391,2,4.770081774,5,2.104689587,2,2.708020665,3
2415_right.jpg,data\raw\slit_lamp\dataset_03\train\normal\2415_right.jpg,slit_lamp,1.82174286,2,4.835631337,5,2.112950825,2,2.444236839,2
2418_left.jpg,data\raw\slit_lamp\dataset_03\train\normal\2418_left.jpg,slit_lamp,1.135732425,1,4.808831971,5,2.549927583,3,2.386013705,2
2419_left.jpg,data\raw\slit_lamp\dataset_03\train\normal\2419_left.jpg,slit_lamp,3.191729391,3,2.841115589,3,2.125418871,2,2.912626445,3
2419_right.jpg,data\raw\slit_lamp\dataset_03\train\normal\2419_right.jpg,slit_lamp,3.154323709,3,2.702209679,3,2.124339143,2,2.740585907,3
2421_left.jpg,data\raw\slit_lamp\dataset_03\train\normal\2421_left.jpg,slit_lamp,1.92042632,2,1.927519153,2,2.183805375,2,2.286901281,2
2421_right.jpg,data\raw\slit_lamp\dataset_03\train\normal\2421_right.jpg,slit_lamp,2.174536783,2,2.11989296,2,2.23052892,2,2.373327935,2
2422_left.jpg,data\raw\slit_lamp\dataset_03\train\normal\2422_left.jpg,slit_lamp,2.667645037,3,2.498131153,2,2.144878055,2,2.626092325,3
2422_right.jpg,data\raw\slit_lamp\dataset_03\train\normal\2422_right.jpg,slit_lamp,2.694676287,3,2.400047836,2,2.123619403,2,2.617728913,3
2423_left.jpg,data\raw\slit_lamp\dataset_03\train\normal\2423_left.jpg,slit_lamp,3.122894878,3,2.69084033,3,2.155105874,2,2.725981666,3
2423_right.jpg,data\raw\slit_lamp\dataset_03\train\normal\2423_right.jpg,slit_lamp,3.056149782,3,2.745983791,3,2.172218464,2,2.642575177,3
2426_left.jpg,data\raw\slit_lamp\dataset_03\train\normal\2426_left.jpg,slit_lamp,1.064013636,1,4.934610069,5,2.275373933,2,2.295784443,2
2428_left.jpg,data\raw\slit_lamp\dataset_03\train\normal\2428_left.jpg,slit_lamp,3.063218448,3,2.77695626,3,2.118822776,2,3.012852733,3
2432_left.jpg,data\raw\slit_lamp\dataset_03\train\normal\2432_left.jpg,slit_lamp,2.862051721,3,2.439479305,2,2.1846508,2,2.69299061,3
2432_right.jpg,data\raw\slit_lamp\dataset_03\train\normal\2432_right.jpg,slit_lamp,2.866523113,3,2.450033258,2,2.171253527,2,2.701354582,3
2437_left.jpg,data\raw\slit_lamp\dataset_03\train\normal\2437_left.jpg,slit_lamp,2.799173448,3,2.679660139,3,2.078886306,2,2.169818286,2
2437_right.jpg,data\raw\slit_lamp\dataset_03\train\normal\2437_right.jpg,slit_lamp,3.016101494,3,3.384831693,3,2.126258759,2,2.79766557,3
2438_left.jpg,data\raw\slit_lamp\dataset_03\train\normal\2438_left.jpg,slit_lamp,2.211064836,2,1.988386405,2,2.098469562,2,2.973586816,3
2438_right.jpg,data\raw\slit_lamp\dataset_03\train\normal\2438_right.jpg,slit_lamp,2.307029,2,1.97730047,2,2.073760355,2,3.001871,3
2441_left.jpg,data\raw\slit_lamp\dataset_03\train\normal\2441_left.jpg,slit_lamp,1.784937528,2,1.649760088,2,2.131540023,2,2.219386643,2
2443_right.jpg,data\raw\slit_lamp\dataset_03\train\normal\2443_right.jpg,slit_lamp,2.852192358,3,2.39304033,2,2.155467073,2,2.544587519,3
2444_left.jpg,data\raw\slit_lamp\dataset_03\train\normal\2444_left.jpg,slit_lamp,2.981610551,3,2.886975212,3,2.130099343,2,2.745908317,3
2444_right.jpg,data\raw\slit_lamp\dataset_03\train\normal\2444_right.jpg,slit_lamp,3.110250052,3,2.773821169,3,2.131900233,2,2.856954932,3
2446_left.jpg,data\raw\slit_lamp\dataset_03\train\normal\2446_left.jpg,slit_lamp,2.862768003,3,2.346859126,2,2.140189327,2,2.535446205,3
2446_right.jpg,data\raw\slit_lamp\dataset_03\train\normal\2446_right.jpg,slit_lamp,2.877312267,3,2.388391399,2,2.148486507,2,2.457150595,2
2448_left.jpg,data\raw\slit_lamp\dataset_03\train\normal\2448_left.jpg,slit_lamp,3.19770911,3,4.471029061,4,2.028981402,2,2.962066694,3
2456_left.jpg,data\raw\slit_lamp\dataset_03\train\normal\2456_left.jpg,slit_lamp,3.200992501,3,3.301567707,3,2.120860994,2,3.083371866,3
2456_right.jpg,data\raw\slit_lamp\dataset_03\train\normal\2456_right.jpg,slit_lamp,3.041269881,3,3.004515188,3,2.118942657,2,3.00517496,3
2463_left.jpg,data\raw\slit_lamp\dataset_03\train\normal\2463_left.jpg,slit_lamp,2.939515917,3,3.342734054,3,2.20544667,2,2.776760125,3
2463_right.jpg,data\raw\slit_lamp\dataset_03\train\normal\2463_right.jpg,slit_lamp,2.971659352,3,3.783199392,4,2.203389373,2,2.792750882,3
2465_left.jpg,data\raw\slit_lamp\dataset_03\train\normal\2465_left.jpg,slit_lamp,2.307402831,2,2.252353065,2,2.117264489,2,2.588691466,3
2465_right.jpg,data\raw\slit_lamp\dataset_03\train\normal\2465_right.jpg,slit_lamp,2.398107314,2,2.325445816,2,2.17595853,2,2.217231082,2
2466_left.jpg,data\raw\slit_lamp\dataset_03\train\normal\2466_left.jpg,slit_lamp,2.969068275,3,3.285197323,3,2.160525393,2,2.413197239,2
2466_right.jpg,data\raw\slit_lamp\dataset_03\train\normal\2466_right.jpg,slit_lamp,2.803084444,3,3.437962406,3,2.224222695,2,2.520878122,3
2469_left.jpg,data\raw\slit_lamp\dataset_03\train\normal\2469_left.jpg,slit_lamp,2.166200878,2,1.839195073,2,2.122779788,2,2.502939576,3
2470_left.jpg,data\raw\slit_lamp\dataset_03\train\normal\2470_left.jpg,slit_lamp,2.311080265,2,1.958522611,2,2.184892364,2,2.344122221,2
2470_right.jpg,data\raw\slit_lamp\dataset_03\train\normal\2470_right.jpg,slit_lamp,2.296728755,2,1.988779475,2,2.175475857,2,2.322118643,2
2475_left.jpg,data\raw\slit_lamp\dataset_03\train\normal\2475_left.jpg,slit_lamp,3.034485928,3,2.787129432,3,2.139708577,2,2.930465265,3
2477_left.jpg,data\raw\slit_lamp\dataset_03\train\normal\2477_left.jpg,slit_lamp,2.089252085,2,2.358964571,2,2.13045949,2,2.574652695,3
2481_left.jpg,data\raw\slit_lamp\dataset_03\train\normal\2481_left.jpg,slit_lamp,1.061848885,1,1.811736293,2,2.119901768,2,2.315466576,2
2481_right.jpg,data\raw\slit_lamp\dataset_03\train\normal\2481_right.jpg,slit_lamp,1.89678063,2,1.981668308,2,2.120741084,2,2.52267785,3
2482_right.jpg,data\raw\slit_lamp\dataset_03\train\normal\2482_right.jpg,slit_lamp,2.1176734,2,1.550278145,2,2.343456687,2,2.032389328,2
2483_left.jpg,data\raw\slit_lamp\dataset_03\train\normal\2483_left.jpg,slit_lamp,1.920391527,2,1.964938348,2,2.40687049,2,2.156285532,2
2483_right.jpg,data\raw\slit_lamp\dataset_03\train\normal\2483_right.jpg,slit_lamp,1.759166564,2,1.928736787,2,2.315359806,2,2.12198978,2
2484_left.jpg,data\raw\slit_lamp\dataset_03\train\normal\2484_left.jpg,slit_lamp,2.338520337,2,2.570346566,3,2.124938974,2,2.601166629,3
2485_left.jpg,data\raw\slit_lamp\dataset_03\train\normal\2485_left.jpg,slit_lamp,2.882654011,3,2.330149202,2,2.120021665,2,2.666682159,3
2485_right.jpg,data\raw\slit_lamp\dataset_03\train\normal\2485_right.jpg,slit_lamp,2.914895612,3,2.393985015,2,2.168721044,2,2.640521685,3
2486_left.jpg,data\raw\slit_lamp\dataset_03\train\normal\2486_left.jpg,slit_lamp,2.159425363,2,1.983332635,2,2.121220733,2,2.499420562,2
2489_left.jpg,data\raw\slit_lamp\dataset_03\train\normal\2489_left.jpg,slit_lamp,2.764352975,3,2.385388459,2,2.142593482,2,2.706343924,3
2489_right.jpg,data\raw\slit_lamp\dataset_03\train\normal\2489_right.jpg,slit_lamp,2.715055114,3,2.146088446,2,2.124459105,2,2.566075233,3
2493_right.jpg,data\raw\slit_lamp\dataset_03\train\normal\2493_right.jpg,slit_lamp,2.867679468,3,2.188568168,2,2.167877036,2,2.603044897,3
2496_right.jpg,data\raw\slit_lamp\dataset_03\train\normal\2496_right.jpg,slit_lamp,3.06614941,3,2.567587223,3,2.189724886,2,2.679779204,3
2500_left.jpg,data\raw\slit_lamp\dataset_03\train\normal\2500_left.jpg,slit_lamp,2.369109787,2,2.056246683,2,2.120141564,2,2.601952168,3
2501_right.jpg,data\raw\slit_lamp\dataset_03\train\normal\2501_right.jpg,slit_lamp,2.589482595,3,2.094787826,2,2.070781844,2,3.012434596,3
2504_left.jpg,data\raw\slit_lamp\dataset_03\train\normal\2504_left.jpg,slit_lamp,3.077016073,3,2.589787449,3,2.206535991,2,2.669078564,3
2506_left.jpg,data\raw\slit_lamp\dataset_03\train\normal\2506_left.jpg,slit_lamp,2.878375243,3,4.397584139,4,2.148245897,2,2.738648016,3
2506_right.jpg,data\raw\slit_lamp\dataset_03\train\normal\2506_right.jpg,slit_lamp,1.633682754,2,3.782781575,4,2.426117999,2,2.262443377,2
2507_left.jpg,data\raw\slit_lamp\dataset_03\train\normal\2507_left.jpg,slit_lamp,3.078999458,3,2.898129397,3,2.199034093,2,2.87212441,3
2507_right.jpg,data\raw\slit_lamp\dataset_03\train\normal\2507_right.jpg,slit_lamp,3.116134029,3,2.895464952,3,2.157995877,2,2.937932185,3
2508_left.jpg,data\raw\slit_lamp\dataset_03\train\normal\2508_left.jpg,slit_lamp,2.94436588,3,2.170140711,2,2.067447402,2,3.032018361,3
2508_right.jpg,data\raw\slit_lamp\dataset_03\train\normal\2508_right.jpg,slit_lamp,2.899007956,3,2.139143898,2,2.066614039,2,2.945160539,3
2512_left.jpg,data\raw\slit_lamp\dataset_03\train\normal\2512_left.jpg,slit_lamp,2.071263595,2,3.220390411,3,2.035376909,2,2.848665269,3
2512_right.jpg,data\raw\slit_lamp\dataset_03\train\normal\2512_right.jpg,slit_lamp,2.514441569,3,3.329472987,3,2.03774722,2,2.700494089,3
2515_left.jpg,data\raw\slit_lamp\dataset_03\train\normal\2515_left.jpg,slit_lamp,2.666300397,3,2.400755511,2,2.118343271,2,2.774242448,3
2517_left.jpg,data\raw\slit_lamp\dataset_03\train\normal\2517_left.jpg,slit_lamp,3.002364063,3,3.003767552,3,2.116665229,2,2.92851484,3
2518_left.jpg,data\raw\slit_lamp\dataset_03\train\normal\2518_left.jpg,slit_lamp,3.057245664,3,2.495252172,2,2.188999856,2,2.639882187,3
2518_right.jpg,data\raw\slit_lamp\dataset_03\train\normal\2518_right.jpg,slit_lamp,3.023603613,3,2.476748611,2,2.170650493,2,2.438393984,2
2519_left.jpg,data\raw\slit_lamp\dataset_03\train\normal\2519_left.jpg,slit_lamp,2.968408305,3,2.476142462,2,2.223374049,2,2.578035661,3
2519_right.jpg,data\raw\slit_lamp\dataset_03\train\normal\2519_right.jpg,slit_lamp,2.345399663,2,2.416271727,2,2.10672415,2,2.384501597,2
2521_left.jpg,data\raw\slit_lamp\dataset_03\train\normal\2521_left.jpg,slit_lamp,3.038391321,3,3.016420469,3,2.119901768,2,2.918551213,3
2521_right.jpg,data\raw\slit_lamp\dataset_03\train\normal\2521_right.jpg,slit_lamp,3.07079495,3,3.0354015,3,2.120621177,2,2.991915398,3
2523_left.jpg,data\raw\slit_lamp\dataset_03\train\normal\2523_left.jpg,slit_lamp,1.363695718,1,3.25806874,3,2.11966198,2,2.47615544,2
2523_right.jpg,data\raw\slit_lamp\dataset_03\train\normal\2523_right.jpg,slit_lamp,2.320252374,2,4.764011032,5,2.130099343,2,2.744011271,3
2524_left.jpg,data\raw\slit_lamp\dataset_03\train\normal\2524_left.jpg,slit_lamp,2.77489025,3,2.408509902,2,2.131540023,2,2.700485972,3
2524_right.jpg,data\raw\slit_lamp\dataset_03\train\normal\2524_right.jpg,slit_lamp,2.780171539,3,2.464363323,2,2.14547936,2,2.661378658,3
2525_left.jpg,data\raw\slit_lamp\dataset_03\train\normal\2525_left.jpg,slit_lamp,2.131942976,2,1.851691137,2,2.073760355,2,2.999371048,3
2525_right.jpg,data\raw\slit_lamp\dataset_03\train\normal\2525_right.jpg,slit_lamp,2.038771066,2,1.751459109,2,2.07066273,2,2.991528392,3
2527_left.jpg,data\raw\slit_lamp\dataset_03\train\normal\2527_left.jpg,slit_lamp,2.646787073,3,2.670151785,3,2.100382876,2,2.349613127,2
2527_right.jpg,data\raw\slit_lamp\dataset_03\train\normal\2527_right.jpg,slit_lamp,2.954944316,3,2.911525941,3,2.089746223,2,2.609487615,3
2529_left.jpg,data\raw\slit_lamp\dataset_03\train\normal\2529_left.jpg,slit_lamp,2.962976857,3,2.231599565,2,2.181511019,2,2.36288264,2
2529_right.jpg,data\raw\slit_lamp\dataset_03\train\normal\2529_right.jpg,slit_lamp,2.821393542,3,1.982001175,2,2.123259557,2,2.403213205,2
2538_left.jpg,data\raw\slit_lamp\dataset_03\train\normal\2538_left.jpg,slit_lamp,2.973642016,3,2.372051634,2,2.12265985,2,2.576741294,3
2538_right.jpg,data\raw\slit_lamp\dataset_03\train\normal\2538_right.jpg,slit_lamp,2.984886312,3,2.448015999,2,2.159320773,2,2.567715208,3
2540_left.jpg,data\raw\slit_lamp\dataset_03\train\normal\2540_left.jpg,slit_lamp,2.036424289,2,1.656782003,2,2.121820334,2,2.135255354,2
2540_right.jpg,data\raw\slit_lamp\dataset_03\train\normal\2540_right.jpg,slit_lamp,2.164254431,2,1.713656141,2,2.121580488,2,2.163774459,2
2542_left.jpg,data\raw\slit_lamp\dataset_03\train\normal\2542_left.jpg,slit_lamp,2.611560399,3,4.937453398,5,2.126018783,2,2.759632662,3
2542_right.jpg,data\raw\slit_lamp\dataset_03\train\normal\2542_right.jpg,slit_lamp,2.403641082,2,4.579799444,5,2.125898797,2,2.521486946,3
2543_left.jpg,data\raw\slit_lamp\dataset_03\train\normal\2543_left.jpg,slit_lamp,2.921245832,3,2.126321709,2,2.049255364,2,2.958899519,3
2543_right.jpg,data\raw\slit_lamp\dataset_03\train\normal\2543_right.jpg,slit_lamp,3.013697873,3,2.211388525,2,2.099784913,2,2.91330354,3
2547_left.jpg,data\raw\slit_lamp\dataset_03\train\normal\2547_left.jpg,slit_lamp,2.61547739,3,2.438594867,2,2.118702897,2,2.658768006,3
2547_right.jpg,data\raw\slit_lamp\dataset_03\train\normal\2547_right.jpg,slit_lamp,2.016744637,2,1.946708581,2,2.118103529,2,2.263496188,2
2548_left.jpg,data\raw\slit_lamp\dataset_03\train\normal\2548_left.jpg,slit_lamp,3.166691871,3,2.650396993,3,2.129379097,2,2.718223548,3
2554_right.jpg,data\raw\slit_lamp\dataset_03\train\normal\2554_right.jpg,slit_lamp,2.207328756,2,1.87641272,2,2.261745664,2,2.341545381,2
2556_left.jpg,data\raw\slit_lamp\dataset_03\train\normal\2556_left.jpg,slit_lamp,2.672321394,3,2.378378911,2,2.091060047,2,2.17821024,2
2558_right.jpg,data\raw\slit_lamp\dataset_03\train\normal\2558_right.jpg,slit_lamp,2.805484021,3,2.019331685,2,2.11151346,2,2.330928414,2
2563_left.jpg,data\raw\slit_lamp\dataset_03\train\normal\2563_left.jpg,slit_lamp,2.547043008,3,2.410101311,2,2.125298894,2,2.610049285,3
2563_right.jpg,data\raw\slit_lamp\dataset_03\train\normal\2563_right.jpg,slit_lamp,3.097995902,3,2.739352644,3,2.081271715,2,2.6838288,3
2564_left.jpg,data\raw\slit_lamp\dataset_03\train\normal\2564_left.jpg,slit_lamp,2.198658945,2,1.786657481,2,2.42084542,2,2.222533984,2
2565_left.jpg,data\raw\slit_lamp\dataset_03\train\normal\2565_left.jpg,slit_lamp,3.055477241,3,2.472650036,2,2.200969546,2,2.426274374,2
2565_right.jpg,data\raw\slit_lamp\dataset_03\train\normal\2565_right.jpg,slit_lamp,3.029022755,3,2.462436399,2,2.267219637,2,2.299938174,2
2567_right.jpg,data\raw\slit_lamp\dataset_03\train\normal\2567_right.jpg,slit_lamp,2.625945184,3,2.124002306,2,2.228466884,2,2.502748131,3
2569_right.jpg,data\raw\slit_lamp\dataset_03\train\normal\2569_right.jpg,slit_lamp,2.085620846,2,1.833482876,2,2.12457907,2,2.343702842,2
2570_right.jpg,data\raw\slit_lamp\dataset_03\train\normal\2570_right.jpg,slit_lamp,3.025888957,3,3.162297122,3,2.116545382,2,2.928993673,3
2572_right.jpg,data\raw\slit_lamp\dataset_03\train\normal\2572_right.jpg,slit_lamp,3.090591292,3,2.489293566,2,2.195406107,2,2.513009257,3
2573_left.jpg,data\raw\slit_lamp\dataset_03\train\normal\2573_left.jpg,slit_lamp,1.002970008,1,1.792757782,2,2.118463145,2,2.320321559,2
2573_right.jpg,data\raw\slit_lamp\dataset_03\train\normal\2573_right.jpg,slit_lamp,1.762725393,2,2.329270605,2,2.143555334,2,2.510576752,3
2574_left.jpg,data\raw\slit_lamp\dataset_03\train\normal\2574_left.jpg,slit_lamp,2.923224419,3,2.270913531,2,2.125298894,2,2.651148561,3
2574_right.jpg,data\raw\slit_lamp\dataset_03\train\normal\2574_right.jpg,slit_lamp,2.796236081,3,2.328464592,2,2.121820334,2,2.575601687,3
2575_left.jpg,data\raw\slit_lamp\dataset_03\train\normal\2575_left.jpg,slit_lamp,3.048940587,3,2.479835929,2,2.254936833,2,2.456470336,2
2575_right.jpg,data\raw\slit_lamp\dataset_03\train\normal\2575_right.jpg,slit_lamp,3.067459365,3,2.554225078,3,2.400742921,2,2.403050922,2
2576_left.jpg,data\raw\slit_lamp\dataset_03\train\normal\2576_left.jpg,slit_lamp,3.074675948,3,2.377082773,2,2.065780775,2,2.988060994,3
2576_right.jpg,data\raw\slit_lamp\dataset_03\train\normal\2576_right.jpg,slit_lamp,3.111588037,3,2.679203733,3,2.05674035,2,3.300434719,3
2577_right.jpg,data\raw\slit_lamp\dataset_03\train\normal\2577_right.jpg,slit_lamp,3.239204891,3,3.635967342,4,2.214043251,2,2.545996347,3
2580_right.jpg,data\raw\slit_lamp\dataset_03\train\normal\2580_right.jpg,slit_lamp,2.061513123,2,2.140016742,2,2.163176123,2,2.169611785,2
2583_left.jpg,data\raw\slit_lamp\dataset_03\train\normal\2583_left.jpg,slit_lamp,2.449268265,2,1.960363132,2,2.120980905,2,2.466809734,2
2583_right.jpg,data\raw\slit_lamp\dataset_03\train\normal\2583_right.jpg,slit_lamp,2.355823973,2,1.944567437,2,2.129859254,2,2.455876282,2
2585_left.jpg,data\raw\slit_lamp\dataset_03\train\normal\2585_left.jpg,slit_lamp,1.66445864,2,1.702807309,2,2.12170041,2,2.14280356,2
2586_left.jpg,data\raw\slit_lamp\dataset_03\train\normal\2586_left.jpg,slit_lamp,3.225943701,3,2.601441975,3,2.13346132,2,3.312351799,3
2587_right.jpg,data\raw\slit_lamp\dataset_03\train\normal\2587_right.jpg,slit_lamp,2.677005432,3,2.916480689,3,2.157634575,2,2.756146124,3
2588_left.jpg,data\raw\slit_lamp\dataset_03\train\normal\2588_left.jpg,slit_lamp,2.145245778,2,2.238070239,2,2.123979265,2,2.220919481,2
2588_right.jpg,data\raw\slit_lamp\dataset_03\train\normal\2588_right.jpg,slit_lamp,2.300858238,2,2.443435469,2,2.123739355,2,2.30390207,2
2589_right.jpg,data\raw\slit_lamp\dataset_03\train\normal\2589_right.jpg,slit_lamp,2.400707628,2,1.754908705,2,2.124699036,2,2.360707146,2
2591_left.jpg,data\raw\slit_lamp\dataset_03\train\normal\2591_left.jpg,slit_lamp,2.660457906,3,2.30901446,2,2.151254,2,2.612337629,3
2591_right.jpg,data\raw\slit_lamp\dataset_03\train\normal\2591_right.jpg,slit_lamp,2.663221072,3,2.290715873,2,2.16739478,2,2.551081529,3
2597_left.jpg,data\raw\slit_lamp\dataset_03\train\normal\2597_left.jpg,slit_lamp,2.568618794,3,2.207761522,2,2.131780161,2,2.641219052,3
2597_right.jpg,data\raw\slit_lamp\dataset_03\train\normal\2597_right.jpg,slit_lamp,2.874824937,3,2.501341149,3,2.124938974,2,2.81340043,3
2598_left.jpg,data\raw\slit_lamp\dataset_03\train\normal\2598_left.jpg,slit_lamp,2.545894447,3,2.22457995,2,2.146682094,2,2.602169347,3
2599_left.jpg,data\raw\slit_lamp\dataset_03\train\normal\2599_left.jpg,slit_lamp,3.139959612,3,2.729721695,3,2.235139515,2,2.330621778,2
2599_right.jpg,data\raw\slit_lamp\dataset_03\train\normal\2599_right.jpg,slit_lamp,2.808904254,3,2.656052283,3,2.177044632,2,2.393225093,2
2600_left.jpg,data\raw\slit_lamp\dataset_03\train\normal\2600_left.jpg,slit_lamp,2.543646053,3,3.367262241,3,2.160043526,2,2.692154964,3
2600_right.jpg,data\raw\slit_lamp\dataset_03\train\normal\2600_right.jpg,slit_lamp,2.601124033,3,3.362715691,3,2.286335021,2,2.62766752,3
2603_left.jpg,data\raw\slit_lamp\dataset_03\train\normal\2603_left.jpg,slit_lamp,1.275613991,1,2.609107289,3,2.129499134,2,2.422671213,2
2603_right.jpg,data\raw\slit_lamp\dataset_03\train\normal\2603_right.jpg,slit_lamp,2.557496068,3,4.740786157,5,2.121820334,2,2.753544698,3
2604_left.jpg,data\raw\slit_lamp\dataset_03\train\normal\2604_left.jpg,slit_lamp,2.478887577,2,3.368733123,3,2.178492962,2,2.637933952,3
2604_right.jpg,data\raw\slit_lamp\dataset_03\train\normal\2604_right.jpg,slit_lamp,2.530562002,3,3.200107688,3,2.193955277,2,2.545592473,3
2608_left.jpg,data\raw\slit_lamp\dataset_03\train\normal\2608_left.jpg,slit_lamp,1.741613313,2,2.417060057,2,2.427344276,2,2.532134324,3
2608_right.jpg,data\raw\slit_lamp\dataset_03\train\normal\2608_right.jpg,slit_lamp,1.964229147,2,2.502845656,3,2.428202691,2,2.51535819,3
2609_left.jpg,data\raw\slit_lamp\dataset_03\train\normal\2609_left.jpg,slit_lamp,3.097876682,3,2.597545799,3,2.041422901,2,3.239137829,3
2609_right.jpg,data\raw\slit_lamp\dataset_03\train\normal\2609_right.jpg,slit_lamp,2.957904863,3,2.23675488,2,2.073879522,2,3.081964725,3
2610_left.jpg,data\raw\slit_lamp\dataset_03\train\normal\2610_left.jpg,slit_lamp,3.204501688,3,3.820127528,4,2.128298846,2,2.670457725,3
2616_left.jpg,data\raw\slit_lamp\dataset_03\train\normal\2616_left.jpg,slit_lamp,3.2141071,3,3.176938472,3,2.116545382,2,2.882514543,3
2622_left.jpg,data\raw\slit_lamp\dataset_03\train\normal\2622_left.jpg,slit_lamp,2.282431097,2,2.118374004,2,2.135743433,2,2.279248833,2
2624_left.jpg,data\raw\slit_lamp\dataset_03\train\normal\2624_left.jpg,slit_lamp,2.685010993,3,2.06965363,2,2.155587476,2,2.494913201,2
2624_right.jpg,data\raw\slit_lamp\dataset_03\train\normal\2624_right.jpg,slit_lamp,2.518763537,3,1.894298098,2,2.172942232,2,2.367142382,2
2627_left.jpg,data\raw\slit_lamp\dataset_03\train\normal\2627_left.jpg,slit_lamp,1.905532946,2,1.727624879,2,2.30730556,2,2.250962191,2
2627_right.jpg,data\raw\slit_lamp\dataset_03\train\normal\2627_right.jpg,slit_lamp,1.995706855,2,1.795034055,2,2.149449014,2,2.314969762,2
2632_left.jpg,data\raw\slit_lamp\dataset_03\train\normal\2632_left.jpg,slit_lamp,2.632115783,3,2.565087189,3,2.1147479,2,2.553477879,3
2632_right.jpg,data\raw\slit_lamp\dataset_03\train\normal\2632_right.jpg,slit_lamp,2.60019475,3,2.613407146,3,2.113070617,2,2.700228156,3
2633_left.jpg,data\raw\slit_lamp\dataset_03\train\normal\2633_left.jpg,slit_lamp,2.667754828,3,2.862507914,3,2.133221133,2,2.768160619,3
2633_right.jpg,data\raw\slit_lamp\dataset_03\train\normal\2633_right.jpg,slit_lamp,2.670315129,3,3.080110989,3,2.134662355,2,2.780826874,3
2634_right.jpg,data\raw\slit_lamp\dataset_03\train\normal\2634_right.jpg,slit_lamp,2.758660925,3,2.627193462,3,2.124819004,2,2.600045864,3
2637_left.jpg,data\raw\slit_lamp\dataset_03\train\normal\2637_left.jpg,slit_lamp,2.602025833,3,2.273823468,2,2.125778813,2,2.616217198,3
2637_right.jpg,data\raw\slit_lamp\dataset_03\train\normal\2637_right.jpg,slit_lamp,2.495666242,2,2.230310053,2,2.121340649,2,2.563842346,3
2638_left.jpg,data\raw\slit_lamp\dataset_03\train\normal\2638_left.jpg,slit_lamp,2.914079029,3,2.631162898,3,2.174148635,2,2.638473848,3
2638_right.jpg,data\raw\slit_lamp\dataset_03\train\normal\2638_right.jpg,slit_lamp,2.597431207,3,2.516365731,3,2.22458642,2,2.482487505,2
2640_left.jpg,data\raw\slit_lamp\dataset_03\train\normal\2640_left.jpg,slit_lamp,2.975935569,3,2.668655609,3,2.191416827,2,2.17718338,2
2640_right.jpg,data\raw\slit_lamp\dataset_03\train\normal\2640_right.jpg,slit_lamp,2.940667624,3,2.938119317,3,2.585125713,3,1.913370984,2
2641_left.jpg,data\raw\slit_lamp\dataset_03\train\normal\2641_left.jpg,slit_lamp,2.036114618,2,2.187523437,2,2.136223958,2,2.357148003,2
2642_left.jpg,data\raw\slit_lamp\dataset_03\train\normal\2642_left.jpg,slit_lamp,3.186411754,3,2.83713534,3,2.125658831,2,3.015427491,3
2642_right.jpg,data\raw\slit_lamp\dataset_03\train\normal\2642_right.jpg,slit_lamp,3.138960279,3,2.723615781,3,2.125658831,2,2.76742358,3
2643_right.jpg,data\raw\slit_lamp\dataset_03\train\normal\2643_right.jpg,slit_lamp,3.079598852,3,2.916750645,3,2.125298894,2,2.864086287,3
2645_right.jpg,data\raw\slit_lamp\dataset_03\train\normal\2645_right.jpg,slit_lamp,2.800649049,3,2.676127129,3,2.350059371,2,2.326139024,2
2647_left.jpg,data\raw\slit_lamp\dataset_03\train\normal\2647_left.jpg,slit_lamp,3.091356789,3,2.229404273,2,2.05032414,2,3.221455966,3
2647_right.jpg,data\raw\slit_lamp\dataset_03\train\normal\2647_right.jpg,slit_lamp,3.035122584,3,2.179650333,2,2.050205379,2,3.22220243,3
2649_right.jpg,data\raw\slit_lamp\dataset_03\train\normal\2649_right.jpg,slit_lamp,1.539749807,2,1.71962311,2,2.119781873,2,1.970083076,2
2650_right.jpg,data\raw\slit_lamp\dataset_03\train\normal\2650_right.jpg,slit_lamp,3.176582551,3,4.113368437,4,2.123739355,2,2.995857362,3
2651_left.jpg,data\raw\slit_lamp\dataset_03\train\normal\2651_left.jpg,slit_lamp,3.075280566,3,2.593140032,3,2.120261464,2,2.919901529,3
2651_right.jpg,data\raw\slit_lamp\dataset_03\train\normal\2651_right.jpg,slit_lamp,3.023183946,3,2.581666378,3,2.148606815,2,2.84041208,3
2652_left.jpg,data\raw\slit_lamp\dataset_03\train\normal\2652_left.jpg,slit_lamp,2.010689546,2,1.860570247,2,2.217193021,2,2.302584044,2
2652_right.jpg,data\raw\slit_lamp\dataset_03\train\normal\2652_right.jpg,slit_lamp,1.668690297,2,1.871891413,2,2.121340649,2,1.876091007,2
2653_right.jpg,data\raw\slit_lamp\dataset_03\train\normal\2653_right.jpg,slit_lamp,2.311094939,2,2.319013306,2,2.198913139,2,1.987840161,2
2657_left.jpg,data\raw\slit_lamp\dataset_03\train\normal\2657_left.jpg,slit_lamp,2.362198454,2,2.511440654,3,2.139348033,2,2.549165387,3
2657_right.jpg,data\raw\slit_lamp\dataset_03\train\normal\2657_right.jpg,slit_lamp,2.875697605,3,2.981857797,3,2.125418871,2,2.722496923,3
2658_left.jpg,data\raw\slit_lamp\dataset_03\train\normal\2658_left.jpg,slit_lamp,2.331021887,2,2.050210198,2,2.17028869,2,2.562172984,3
2658_right.jpg,data\raw\slit_lamp\dataset_03\train\normal\2658_right.jpg,slit_lamp,2.162389097,2,2.015955494,2,2.136103824,2,2.565444948,3
2659_left.jpg,data\raw\slit_lamp\dataset_03\train\normal\2659_left.jpg,slit_lamp,2.338439574,2,2.658949547,3,2.124339143,2,2.439618694,2
2660_left.jpg,data\raw\slit_lamp\dataset_03\train\normal\2660_left.jpg,slit_lamp,2.849728382,3,2.325851634,2,2.10026328,2,2.774613463,3
2660_right.jpg,data\raw\slit_lamp\dataset_03\train\normal\2660_right.jpg,slit_lamp,2.870731903,3,2.247025259,2,2.113430005,2,2.810050469,3
2661_left.jpg,data\raw\slit_lamp\dataset_03\train\normal\2661_left.jpg,slit_lamp,3.058551829,3,3.030750679,3,2.120261464,2,2.696783832,3
2661_right.jpg,data\raw\slit_lamp\dataset_03\train\normal\2661_right.jpg,slit_lamp,3.051158844,3,3.005229945,3,2.267462978,2,2.380624431,2
2662_left.jpg,data\raw\slit_lamp\dataset_03\train\normal\2662_left.jpg,slit_lamp,2.290036887,2,2.84588222,3,2.149449014,2,2.610445359,3
2662_right.jpg,data\raw\slit_lamp\dataset_03\train\normal\2662_right.jpg,slit_lamp,2.745914925,3,4.49393128,4,2.120261464,2,2.95967604,3
2667_right.jpg,data\raw\slit_lamp\dataset_03\train\normal\2667_right.jpg,slit_lamp,1.778503572,2,4.531490536,5,2.153179727,2,2.922463919,3
2672_left.jpg,data\raw\slit_lamp\dataset_03\train\normal\2672_left.jpg,slit_lamp,2.662402859,3,2.468901377,2,2.175837859,2,2.338787781,2
2673_left.jpg,data\raw\slit_lamp\dataset_03\train\normal\2673_left.jpg,slit_lamp,3.098421657,3,2.656583844,3,2.203994418,2,2.628630461,3
2675_left.jpg,data\raw\slit_lamp\dataset_03\train\normal\2675_left.jpg,slit_lamp,2.652168846,3,2.747484459,3,2.132620698,2,2.765528376,3
2675_right.jpg,data\raw\slit_lamp\dataset_03\train\normal\2675_right.jpg,slit_lamp,2.450463293,2,2.65927919,3,2.125178919,2,2.466199473,2
2676_right.jpg,data\raw\slit_lamp\dataset_03\train\normal\2676_right.jpg,slit_lamp,2.641216118,3,2.331515252,2,2.130699596,2,2.493189551,2
2677_left.jpg,data\raw\slit_lamp\dataset_03\train\normal\2677_left.jpg,slit_lamp,2.579800797,3,2.48371179,2,2.12553885,2,2.421377698,2
2677_right.jpg,data\raw\slit_lamp\dataset_03\train\normal\2677_right.jpg,slit_lamp,1.111307497,1,1.492343279,1,2.125778813,2,2.140057889,2
2680_left.jpg,data\raw\slit_lamp\dataset_03\train\normal\2680_left.jpg,slit_lamp,1.86866617,2,1.657358001,2,2.082703336,2,2.928507163,3
2680_right.jpg,data\raw\slit_lamp\dataset_03\train\normal\2680_right.jpg,slit_lamp,1.888775911,2,1.790032234,2,2.074594562,2,2.924003397,3
2681_left.jpg,data\raw\slit_lamp\dataset_03\train\normal\2681_left.jpg,slit_lamp,2.95430879,3,2.569381775,3,2.125418871,2,2.716335154,3
2685_left.jpg,data\raw\slit_lamp\dataset_03\train\normal\2685_left.jpg,slit_lamp,2.960822636,3,2.54034821,3,2.192262905,2,2.57047633,3
2685_right.jpg,data\raw\slit_lamp\dataset_03\train\normal\2685_right.jpg,slit_lamp,2.999064945,3,2.577265383,3,2.185617091,2,2.436730146,2
2688_left.jpg,data\raw\slit_lamp\dataset_03\train\normal\2688_left.jpg,slit_lamp,2.777473372,3,2.621534819,3,2.123979265,2,2.834887472,3
2688_right.jpg,data\raw\slit_lamp\dataset_03\train\normal\2688_right.jpg,slit_lamp,2.636853361,3,2.58899485,3,2.136344093,2,2.75513738,3
2689_right.jpg,data\raw\slit_lamp\dataset_03\train\normal\2689_right.jpg,slit_lamp,2.697937838,3,2.311960592,2,2.299621165,2,2.425641712,2
2690_right.jpg,data\raw\slit_lamp\dataset_03\train\normal\2690_right.jpg,slit_lamp,2.916660794,3,2.548192945,3,2.218889429,2,2.486856245,2
2695_left.jpg,data\raw\slit_lamp\dataset_03\train\normal\2695_left.jpg,slit_lamp,2.632114036,3,2.178284715,2,2.123019669,2,2.062702976,2
2696_right.jpg,data\raw\slit_lamp\dataset_03\train\normal\2696_right.jpg,slit_lamp,2.873512901,3,2.420055311,2,2.329402835,2,2.384662794,2
2697_left.jpg,data\raw\slit_lamp\dataset_03\train\normal\2697_left.jpg,slit_lamp,3.024699144,3,2.829204065,3,2.173062865,2,2.598271884,3
2699_left.jpg,data\raw\slit_lamp\dataset_03\train\normal\2699_left.jpg,slit_lamp,1.81823013,2,4.826419093,5,2.369145263,2,2.532904503,3
2699_right.jpg,data\raw\slit_lamp\dataset_03\train\normal\2699_right.jpg,slit_lamp,1.255774925,1,4.853131699,5,2.293768937,2,2.591302103,3
2702_right.jpg,data\raw\slit_lamp\dataset_03\train\normal\2702_right.jpg,slit_lamp,2.575679089,3,3.199156123,3,2.154624298,2,2.728735947,3
2705_left.jpg,data\raw\slit_lamp\dataset_03\train\normal\2705_left.jpg,slit_lamp,2.46713077,2,2.31667466,2,2.196494367,2,2.385469341,2
2705_right.jpg,data\raw\slit_lamp\dataset_03\train\normal\2705_right.jpg,slit_lamp,2.712781557,3,2.732881813,3,2.30474368,2,2.51141268,3
2707_left.jpg,data\raw\slit_lamp\dataset_03\train\normal\2707_left.jpg,slit_lamp,2.192914067,2,1.704620601,2,2.141271113,2,2.16582188,2
2707_right.jpg,data\raw\slit_lamp\dataset_03\train\normal\2707_right.jpg,slit_lamp,2.363935664,2,1.816121443,2,2.121940259,2,2.267649512,2
2708_left.jpg,data\raw\slit_lamp\dataset_03\train\normal\2708_left.jpg,slit_lamp,3.048036867,3,2.896278279,3,2.147042946,2,2.983339839,3
2708_right.jpg,data\raw\slit_lamp\dataset_03\train\normal\2708_right.jpg,slit_lamp,3.170407181,3,3.045528883,3,2.146682094,2,2.963642493,3
2709_left.jpg,data\raw\slit_lamp\dataset_03\train\normal\2709_left.jpg,slit_lamp,2.555422364,3,2.168939781,2,2.195889764,2,2.601781261,3
2710_left.jpg,data\raw\slit_lamp\dataset_03\train\normal\2710_left.jpg,slit_lamp,3.108696102,3,2.674728899,3,2.050086619,2,3.35493569,3
2710_right.jpg,data\raw\slit_lamp\dataset_03\train\normal\2710_right.jpg,slit_lamp,3.104358279,3,2.711341762,3,2.051393086,2,3.387976867,3
2712_left.jpg,data\raw\slit_lamp\dataset_03\train\normal\2712_left.jpg,slit_lamp,2.833180644,3,3.014322596,3,2.143435096,2,2.62427742,3
2712_right.jpg,data\raw\slit_lamp\dataset_03\train\normal\2712_right.jpg,slit_lamp,2.735058421,3,2.92986226,3,2.191900292,2,2.572926599,3
2713_left.jpg,data\raw\slit_lamp\dataset_03\train\normal\2713_left.jpg,slit_lamp,3.162586214,3,2.816856542,3,2.105766642,2,2.554831858,3
2713_right.jpg,data\raw\slit_lamp\dataset_03\train\normal\2713_right.jpg,slit_lamp,3.150861772,3,2.634266439,3,2.108759247,2,2.809140645,3
2718_left.jpg,data\raw\slit_lamp\dataset_03\train\normal\2718_left.jpg,slit_lamp,2.390064941,2,2.499543723,2,2.354340016,2,2.469733653,2
2718_right.jpg,data\raw\slit_lamp\dataset_03\train\normal\2718_right.jpg,slit_lamp,2.711290686,3,2.696335598,3,2.299499221,2,2.660284087,3
2728_right.jpg,data\raw\slit_lamp\dataset_03\train\normal\2728_right.jpg,slit_lamp,2.124768317,2,1.929250137,2,2.191658556,2,1.91767318,2
2729_left.jpg,data\raw\slit_lamp\dataset_03\train\normal\2729_left.jpg,slit_lamp,1.74683164,2,3.277619587,3,2.18187325,2,2.611210307,3
2730_left.jpg,data\raw\slit_lamp\dataset_03\train\normal\2730_left.jpg,slit_lamp,2.319676653,2,3.202860973,3,2.225920179,2,2.538285549,3
2730_right.jpg,data\raw\slit_lamp\dataset_03\train\normal\2730_right.jpg,slit_lamp,3.044218197,3,3.2032196,3,2.280609837,2,2.417777026,2
2732_right.jpg,data\raw\slit_lamp\dataset_03\train\normal\2732_right.jpg,slit_lamp,2.620825501,3,3.0478618,3,2.293281353,2,2.445896327,2
2735_left.jpg,data\raw\slit_lamp\dataset_03\train\normal\2735_left.jpg,slit_lamp,1.003497544,1,1.744941563,2,2.17463124,2,1.821235142,2
2735_right.jpg,data\raw\slit_lamp\dataset_03\train\normal\2735_right.jpg,slit_lamp,2.135360686,2,2.461985613,2,2.177527385,2,2.550050693,3
2736_right.jpg,data\raw\slit_lamp\dataset_03\train\normal\2736_right.jpg,slit_lamp,1.859097746,2,1.983467668,2,2.144397042,2,2.198056621,2
2737_right.jpg,data\raw\slit_lamp\dataset_03\train\normal\2737_right.jpg,slit_lamp,2.344047996,2,2.164037728,2,2.075071296,2,3.088611659,3
2742_right.jpg,data\raw\slit_lamp\dataset_03\train\normal\2742_right.jpg,slit_lamp,2.873409793,3,2.460880475,2,2.203752396,2,2.770813109,3
2743_left.jpg,data\raw\slit_lamp\dataset_03\train\normal\2743_left.jpg,slit_lamp,1.810422053,2,2.081700268,2,2.138867331,2,2.499476799,2
2743_right.jpg,data\raw\slit_lamp\dataset_03\train\normal\2743_right.jpg,slit_lamp,0.728015538,1,1.507790541,2,2.12853889,2,1.869085255,2
2748_right.jpg,data\raw\slit_lamp\dataset_03\train\normal\2748_right.jpg,slit_lamp,2.386665429,2,2.234578273,2,2.171494752,2,2.707370469,3
2749_left.jpg,data\raw\slit_lamp\dataset_03\train\normal\2749_left.jpg,slit_lamp,3.098398815,3,2.441667756,2,2.122419979,2,2.515723792,3
2749_right.jpg,data\raw\slit_lamp\dataset_03\train\normal\2749_right.jpg,slit_lamp,3.034918233,3,2.683735099,3,2.104450262,2,2.496507759,2
2752_right.jpg,data\raw\slit_lamp\dataset_03\train\normal\2752_right.jpg,slit_lamp,3.213798763,3,3.704343019,4,2.157514145,2,2.629388927,3
2756_right.jpg,data\raw\slit_lamp\dataset_03\train\normal\2756_right.jpg,slit_lamp,3.174382516,3,3.692057507,4,2.218283539,2,2.602328903,3
2761_left.jpg,data\raw\slit_lamp\dataset_03\train\normal\2761_left.jpg,slit_lamp,2.250096893,2,2.549510301,3,2.11906254,2,2.557515695,3
2761_right.jpg,data\raw\slit_lamp\dataset_03\train\normal\2761_right.jpg,slit_lamp,2.819076774,3,4.785454463,5,2.123619403,2,2.808189823,3
2763_right.jpg,data\raw\slit_lamp\dataset_03\train\normal\2763_right.jpg,slit_lamp,2.699322482,3,3.506959862,4,2.12877894,2,2.935692416,3
2764_left.jpg,data\raw\slit_lamp\dataset_03\train\normal\2764_left.jpg,slit_lamp,2.916994514,3,2.862993463,3,2.137665695,2,2.81276531,3
2764_right.jpg,data\raw\slit_lamp\dataset_03\train\normal\2764_right.jpg,slit_lamp,2.948841978,3,2.926089497,3,2.192746411,2,2.744556772,3
2767_left.jpg,data\raw\slit_lamp\dataset_03\train\normal\2767_left.jpg,slit_lamp,3.005619294,3,2.371076867,2,2.049492855,2,3.159940682,3
2767_right.jpg,data\raw\slit_lamp\dataset_03\train\normal\2767_right.jpg,slit_lamp,2.923999575,3,2.174205919,2,2.049611604,2,3.208489236,3
2768_right.jpg,data\raw\slit_lamp\dataset_03\train\normal\2768_right.jpg,slit_lamp,2.953281977,3,2.136442714,2,2.095839543,2,2.673123266,3
2770_right.jpg,data\raw\slit_lamp\dataset_03\train\normal\2770_right.jpg,slit_lamp,2.472907586,2,1.991571963,2,2.152096454,2,3.018735961,3
2771_left.jpg,data\raw\slit_lamp\dataset_03\train\normal\2771_left.jpg,slit_lamp,1.864186772,2,4.30789178,4,2.191537691,2,2.48495566,2
2771_right.jpg,data\raw\slit_lamp\dataset_03\train\normal\2771_right.jpg,slit_lamp,2.703400288,3,4.287210665,4,2.218889429,2,2.613696995,3
2773_left.jpg,data\raw\slit_lamp\dataset_03\train\normal\2773_left.jpg,slit_lamp,2.99178203,3,2.409424907,2,2.123019669,2,2.683020628,3
2773_right.jpg,data\raw\slit_lamp\dataset_03\train\normal\2773_right.jpg,slit_lamp,3.278444804,3,2.990383981,3,2.057334749,2,2.950197067,3
2775_left.jpg,data\raw\slit_lamp\dataset_03\train\normal\2775_left.jpg,slit_lamp,2.296869333,2,1.876827101,2,2.125298894,2,2.432070445,2
2775_right.jpg,data\raw\slit_lamp\dataset_03\train\normal\2775_right.jpg,slit_lamp,1.868737961,2,1.895037391,2,2.121460568,2,2.089413434,2
2777_left.jpg,data\raw\slit_lamp\dataset_03\train\normal\2777_left.jpg,slit_lamp,1.71197541,2,1.828479843,2,2.12457907,2,1.887152085,2
2779_right.jpg,data\raw\slit_lamp\dataset_03\train\normal\2779_right.jpg,slit_lamp,2.914443892,3,2.786960548,3,2.201695435,2,2.77673889,3
2782_left.jpg,data\raw\slit_lamp\dataset_03\train\normal\2782_left.jpg,slit_lamp,2.753040113,3,2.454914068,2,2.126978732,2,2.632745826,3
2782_right.jpg,data\raw\slit_lamp\dataset_03\train\normal\2782_right.jpg,slit_lamp,2.823802469,3,2.501363593,3,2.129379097,2,2.652933438,3
2786_left.jpg,data\raw\slit_lamp\dataset_03\train\normal\2786_left.jpg,slit_lamp,2.375150714,2,2.297757181,2,2.118463145,2,2.712489635,3
2786_right.jpg,data\raw\slit_lamp\dataset_03\train\normal\2786_right.jpg,slit_lamp,2.727855667,3,2.570681451,3,2.118702897,2,2.868052977,3
2787_left.jpg,data\raw\slit_lamp\dataset_03\train\normal\2787_left.jpg,slit_lamp,1.701621533,2,2.044790822,2,2.38555186,2,2.089533222,2
2787_right.jpg,data\raw\slit_lamp\dataset_03\train\normal\2787_right.jpg,slit_lamp,2.460162753,2,2.25427196,2,2.59640226,3,1.962168185,2
2789_right.jpg,data\raw\slit_lamp\dataset_03\train\normal\2789_right.jpg,slit_lamp,2.759440162,3,2.39133306,2,2.156430342,2,2.563870096,3
2790_left.jpg,data\raw\slit_lamp\dataset_03\train\normal\2790_left.jpg,slit_lamp,2.155396367,2,2.069928554,2,2.121820334,2,2.423955762,2
2791_right.jpg,data\raw\slit_lamp\dataset_03\train\normal\2791_right.jpg,slit_lamp,3.265494464,3,2.700381583,3,2.047355739,2,2.949184249,3
2794_left.jpg,data\raw\slit_lamp\dataset_03\train\normal\2794_left.jpg,slit_lamp,2.29289408,2,2.476565749,2,2.125058946,2,2.309099495,2
2795_left.jpg,data\raw\slit_lamp\dataset_03\train\normal\2795_left.jpg,slit_lamp,2.419540505,2,4.596855684,5,2.11223211,2,2.691094955,3
2795_right.jpg,data\raw\slit_lamp\dataset_03\train\normal\2795_right.jpg,slit_lamp,2.602803693,3,4.546003238,5,2.206899123,2,2.540519698,3
2797_left.jpg,data\raw\slit_lamp\dataset_03\train\normal\2797_left.jpg,slit_lamp,2.3449065,2,2.143621419,2,2.12781878,2,1.790886412,2
2797_right.jpg,data\raw\slit_lamp\dataset_03\train\normal\2797_right.jpg,slit_lamp,2.07694183,2,1.811159609,2,2.131660091,2,1.862356471,2
2798_left.jpg,data\raw\slit_lamp\dataset_03\train\normal\2798_left.jpg,slit_lamp,2.69592676,3,3.064764808,3,2.126738734,2,2.654118909,3
2798_right.jpg,data\raw\slit_lamp\dataset_03\train\normal\2798_right.jpg,slit_lamp,2.396600746,2,2.240367977,2,2.123979265,2,2.754103234,3
2802_left.jpg,data\raw\slit_lamp\dataset_03\train\normal\2802_left.jpg,slit_lamp,2.327175361,2,1.880612776,2,2.261988904,2,2.251310588,2
2802_right.jpg,data\raw\slit_lamp\dataset_03\train\normal\2802_right.jpg,slit_lamp,2.196334448,2,1.6497371,2,2.203389373,2,2.153092071,2
2806_left.jpg,data\raw\slit_lamp\dataset_03\train\normal\2806_left.jpg,slit_lamp,1.929141352,2,3.045860764,3,2.140910502,2,2.256374137,2
2806_right.jpg,data\raw\slit_lamp\dataset_03\train\normal\2806_right.jpg,slit_lamp,2.690128826,3,3.26543504,3,2.155587476,2,2.467635199,2
2807_left.jpg,data\raw\slit_lamp\dataset_03\train\normal\2807_left.jpg,slit_lamp,2.68311366,3,1.94597637,2,2.213316512,2,2.340131666,2
2808_left.jpg,data\raw\slit_lamp\dataset_03\train\normal\2808_left.jpg,slit_lamp,2.62842907,3,1.966848106,2,2.122300046,2,2.247114028,2
2811_left.jpg,data\raw\slit_lamp\dataset_03\train\normal\2811_left.jpg,slit_lamp,3.115776747,3,2.657571686,3,2.162814614,2,2.729228637,3
2811_right.jpg,data\raw\slit_lamp\dataset_03\train\normal\2811_right.jpg,slit_lamp,3.044679397,3,2.722013401,3,2.222404248,2,2.660892198,3
2813_left.jpg,data\raw\slit_lamp\dataset_03\train\normal\2813_left.jpg,slit_lamp,3.150127836,3,2.558337542,3,2.166550894,2,2.524330954,3
2813_right.jpg,data\raw\slit_lamp\dataset_03\train\normal\2813_right.jpg,slit_lamp,3.077594986,3,2.489402197,2,2.140309518,2,2.813522756,3
2815_left.jpg,data\raw\slit_lamp\dataset_03\train\normal\2815_left.jpg,slit_lamp,2.399806157,2,2.640636706,3,2.11702478,2,1.88020576,2
2815_right.jpg,data\raw\slit_lamp\dataset_03\train\normal\2815_right.jpg,slit_lamp,2.094245681,2,1.918290248,2,2.118702897,2,2.511294899,3
2817_right.jpg,data\raw\slit_lamp\dataset_03\train\normal\2817_right.jpg,slit_lamp,1.558673329,2,2.522498281,3,2.123379504,2,2.604081403,3
2820_left.jpg,data\raw\slit_lamp\dataset_03\train\normal\2820_left.jpg,slit_lamp,2.418129665,2,2.099054804,2,2.147403814,2,2.526159677,3
2821_left.jpg,data\raw\slit_lamp\dataset_03\train\normal\2821_left.jpg,slit_lamp,1.871111221,2,2.445859523,2,2.124339143,2,1.759692592,2
2821_right.jpg,data\raw\slit_lamp\dataset_03\train\normal\2821_right.jpg,slit_lamp,2.709244303,3,3.897805,4,2.12457907,2,2.892727527,3
2822_left.jpg,data\raw\slit_lamp\dataset_03\train\normal\2822_left.jpg,slit_lamp,1.962171081,2,2.857787935,3,2.146321256,2,2.055831031,2
2826_left.jpg,data\raw\slit_lamp\dataset_03\train\normal\2826_left.jpg,slit_lamp,2.883003601,3,2.639308166,3,2.120621177,2,2.962311275,3
2826_right.jpg,data\raw\slit_lamp\dataset_03\train\normal\2826_right.jpg,slit_lamp,2.709503991,3,2.594624627,3,2.122899727,2,2.854106231,3
2827_left.jpg,data\raw\slit_lamp\dataset_03\train\normal\2827_left.jpg,slit_lamp,2.703987915,3,2.186231814,2,2.161007286,2,2.363364888,2
2827_right.jpg,data\raw\slit_lamp\dataset_03\train\normal\2827_right.jpg,slit_lamp,2.095025522,2,1.875946985,2,2.182356245,2,2.36276559,2
2829_left.jpg,data\raw\slit_lamp\dataset_03\train\normal\2829_left.jpg,slit_lamp,2.336470116,2,1.99224171,2,2.123019669,2,2.498986431,2
2829_right.jpg,data\raw\slit_lamp\dataset_03\train\normal\2829_right.jpg,slit_lamp,2.701680777,3,2.047117631,2,2.122539913,2,2.556471927,3
2833_left.jpg,data\raw\slit_lamp\dataset_03\train\normal\2833_left.jpg,slit_lamp,2.839465478,3,2.600075998,3,2.123139612,2,2.711252455,3
2833_right.jpg,data\raw\slit_lamp\dataset_03\train\normal\2833_right.jpg,slit_lamp,2.395559619,2,2.125572966,2,2.122539913,2,2.555007506,3
2834_left.jpg,data\raw\slit_lamp\dataset_03\train\normal\2834_left.jpg,slit_lamp,2.165004782,2,3.468152794,3,2.114987541,2,2.786198502,3
2834_right.jpg,data\raw\slit_lamp\dataset_03\train\normal\2834_right.jpg,slit_lamp,2.683500026,3,4.074061049,4,2.124459105,2,2.958858888,3
2835_right.jpg,data\raw\slit_lamp\dataset_03\train\normal\2835_right.jpg,slit_lamp,2.879328995,3,2.215700664,2,2.122060186,2,2.460268664,2
2837_left.jpg,data\raw\slit_lamp\dataset_03\train\normal\2837_left.jpg,slit_lamp,3.177685772,3,3.405963528,3,2.13045949,2,2.989358871,3
2837_right.jpg,data\raw\slit_lamp\dataset_03\train\normal\2837_right.jpg,slit_lamp,2.885379647,3,2.846181548,3,2.133101043,2,2.883992469,3
2839_left.jpg,data\raw\slit_lamp\dataset_03\train\normal\2839_left.jpg,slit_lamp,2.818196319,3,2.350718174,2,2.143074395,2,2.592977982,3
2839_right.jpg,data\raw\slit_lamp\dataset_03\train\normal\2839_right.jpg,slit_lamp,2.912728967,3,2.481928767,2,2.133821612,2,2.592600523,3
2842_left.jpg,data\raw\slit_lamp\dataset_03\train\normal\2842_left.jpg,slit_lamp,2.83171622,3,2.528746396,3,2.11906254,2,2.852666276,3
2842_right.jpg,data\raw\slit_lamp\dataset_03\train\normal\2842_right.jpg,slit_lamp,2.657007211,3,2.352277673,2,2.11858302,2,2.79959074,3
2843_left.jpg,data\raw\slit_lamp\dataset_03\train\normal\2843_left.jpg,slit_lamp,2.725170491,3,2.120206757,2,2.301328484,2,2.010750244,2
2844_left.jpg,data\raw\slit_lamp\dataset_03\train\normal\2844_left.jpg,slit_lamp,2.827400292,3,3.25867709,3,2.151976098,2,2.044808022,2
2844_right.jpg,data\raw\slit_lamp\dataset_03\train\normal\2844_right.jpg,slit_lamp,2.970060788,3,3.720546062,4,2.116305694,2,2.155856868,2
2846_left.jpg,data\raw\slit_lamp\dataset_03\train\normal\2846_left.jpg,slit_lamp,3.214528473,3,2.693590442,3,2.129259062,2,2.844052551,3
2846_right.jpg,data\raw\slit_lamp\dataset_03\train\normal\2846_right.jpg,slit_lamp,3.20369758,3,2.601702765,3,2.129739212,2,2.967395927,3
2848_left.jpg,data\raw\slit_lamp\dataset_03\train\normal\2848_left.jpg,slit_lamp,2.478547104,2,2.093276383,2,2.071973098,2,3.07621178,3
2848_right.jpg,data\raw\slit_lamp\dataset_03\train\normal\2848_right.jpg,slit_lamp,2.104126923,2,1.933963079,2,2.074713742,2,2.996150841,3
2849_left.jpg,data\raw\slit_lamp\dataset_03\train\normal\2849_left.jpg,slit_lamp,2.733676136,3,4.604184965,5,2.124938974,2,2.863240915,3
2850_right.jpg,data\raw\slit_lamp\dataset_03\train\normal\2850_right.jpg,slit_lamp,2.788086869,3,1.997273804,2,2.066852132,2,2.308398372,2
2851_right.jpg,data\raw\slit_lamp\dataset_03\train\normal\2851_right.jpg,slit_lamp,3.17184853,3,3.195217312,3,2.126618738,2,3.035080704,3
2852_left.jpg,data\raw\slit_lamp\dataset_03\train\normal\2852_left.jpg,slit_lamp,2.97763804,3,4.96441886,5,2.012902671,2,2.74337824,3
2852_right.jpg,data\raw\slit_lamp\dataset_03\train\normal\2852_right.jpg,slit_lamp,3.286494628,3,3.797038597,4,2.033599744,2,2.963083027,3
2853_left.jpg,data\raw\slit_lamp\dataset_03\train\normal\2853_left.jpg,slit_lamp,2.685139184,3,3.221469182,3,2.112471674,2,2.890198872,3
2853_right.jpg,data\raw\slit_lamp\dataset_03\train\normal\2853_right.jpg,slit_lamp,2.19757304,2,4.13634772,4,2.126018783,2,3.014140819,3
2857_left.jpg,data\raw\slit_lamp\dataset_03\train\normal\2857_left.jpg,slit_lamp,2.836099484,3,2.509937702,3,2.274643498,2,2.393060475,2
2857_right.jpg,data\raw\slit_lamp\dataset_03\train\normal\2857_right.jpg,slit_lamp,2.93667336,3,2.743504849,3,2.311942373,2,2.4906283,2
2858_left.jpg,data\raw\slit_lamp\dataset_03\train\normal\2858_left.jpg,slit_lamp,3.152772932,3,4.392377604,4,2.128658914,2,2.601543773,3
2858_right.jpg,data\raw\slit_lamp\dataset_03\train\normal\2858_right.jpg,slit_lamp,3.073603079,3,3.943470696,4,2.125298894,2,2.51934135,3
2860_left.jpg,data\raw\slit_lamp\dataset_03\train\normal\2860_left.jpg,slit_lamp,3.061727718,3,2.526344514,3,2.248131671,2,2.486149251,2
2860_right.jpg,data\raw\slit_lamp\dataset_03\train\normal\2860_right.jpg,slit_lamp,2.825804924,3,2.294510149,2,2.234411404,2,2.499277887,2
2862_left.jpg,data\raw\slit_lamp\dataset_03\train\normal\2862_left.jpg,slit_lamp,3.221338314,3,2.91797438,3,2.126018783,2,3.076398676,3
2862_right.jpg,data\raw\slit_lamp\dataset_03\train\normal\2862_right.jpg,slit_lamp,3.111449773,3,2.627671875,3,2.12457907,2,2.806274425,3
2864_left.jpg,data\raw\slit_lamp\dataset_03\train\normal\2864_left.jpg,slit_lamp,3.146479356,3,2.912864583,3,2.139468212,2,2.827592737,3
2864_right.jpg,data\raw\slit_lamp\dataset_03\train\normal\2864_right.jpg,slit_lamp,3.090287283,3,2.784658848,3,2.106365071,2,2.755954149,3
2869_right.jpg,data\raw\slit_lamp\dataset_03\train\normal\2869_right.jpg,slit_lamp,2.401858661,2,2.557300987,3,2.193834383,2,2.688046405,3
2872_left.jpg,data\raw\slit_lamp\dataset_03\train\normal\2872_left.jpg,slit_lamp,3.089753953,3,2.59113479,3,2.066971182,2,3.181605343,3
2872_right.jpg,data\raw\slit_lamp\dataset_03\train\normal\2872_right.jpg,slit_lamp,2.925496342,3,2.146727469,2,2.06601884,2,3.084085901,3
2878_left.jpg,data\raw\slit_lamp\dataset_03\train\normal\2878_left.jpg,slit_lamp,3.130580138,3,2.858147474,3,2.126018783,2,2.950515307,3
2880_left.jpg,data\raw\slit_lamp\dataset_03\train\normal\2880_left.jpg,slit_lamp,2.655972656,3,2.072165562,2,2.231499418,2,2.458234693,2
2880_right.jpg,data\raw\slit_lamp\dataset_03\train\normal\2880_right.jpg,slit_lamp,2.733654215,3,2.139736831,2,2.202300381,2,2.456842384,2
2881_right.jpg,data\raw\slit_lamp\dataset_03\train\normal\2881_right.jpg,slit_lamp,2.362259506,2,2.256556722,2,2.134422134,2,2.487659763,2
2882_left.jpg,data\raw\slit_lamp\dataset_03\train\normal\2882_left.jpg,slit_lamp,2.400212735,2,2.043466179,2,2.238537963,2,2.384167435,2
2882_right.jpg,data\raw\slit_lamp\dataset_03\train\normal\2882_right.jpg,slit_lamp,2.689801585,3,2.261245297,2,2.342356451,2,2.377123887,2
2883_left.jpg,data\raw\slit_lamp\dataset_03\train\normal\2883_left.jpg,slit_lamp,1.744267324,2,2.433213598,2,2.132740782,2,2.63598665,3
2884_left.jpg,data\raw\slit_lamp\dataset_03\train\normal\2884_left.jpg,slit_lamp,2.376302741,2,4.591367563,5,2.122060186,2,2.692973024,3
2884_right.jpg,data\raw\slit_lamp\dataset_03\train\normal\2884_right.jpg,slit_lamp,2.669588565,3,4.523144815,5,2.12457907,2,2.867877229,3
2886_left.jpg,data\raw\slit_lamp\dataset_03\train\normal\2886_left.jpg,slit_lamp,2.718162637,3,2.67616636,3,2.157393716,2,2.758205998,3
2886_right.jpg,data\raw\slit_lamp\dataset_03\train\normal\2886_right.jpg,slit_lamp,3.038864947,3,2.837847317,3,2.194317965,2,2.60485813,3
2889_left.jpg,data\raw\slit_lamp\dataset_03\train\normal\2889_left.jpg,slit_lamp,3.208152366,3,3.063325264,3,2.126858732,2,3.129709979,3
2890_left.jpg,data\raw\slit_lamp\dataset_03\train\normal\2890_left.jpg,slit_lamp,3.155342779,3,4.023531778,4,2.161489205,2,2.965010317,3
2890_right.jpg,data\raw\slit_lamp\dataset_03\train\normal\2890_right.jpg,slit_lamp,2.64650597,3,2.767662744,3,2.304621696,2,2.52623379,3
2892_left.jpg,data\raw\slit_lamp\dataset_03\train\normal\2892_left.jpg,slit_lamp,2.302191937,2,1.958315807,2,2.106006008,2,2.524307403,3
2895_left.jpg,data\raw\slit_lamp\dataset_03\train\normal\2895_left.jpg,slit_lamp,2.579595496,3,2.146969118,2,2.147042946,2,2.25519077,2
2895_right.jpg,data\raw\slit_lamp\dataset_03\train\normal\2895_right.jpg,slit_lamp,3.022922716,3,2.272794781,2,2.157755007,2,2.63872472,3
2897_left.jpg,data\raw\slit_lamp\dataset_03\train\normal\2897_left.jpg,slit_lamp,2.831241327,3,2.519102259,3,2.128298846,2,2.701425259,3
2907_right.jpg,data\raw\slit_lamp\dataset_03\train\normal\2907_right.jpg,slit_lamp,3.085914738,3,2.921146254,3,2.134422134,2,2.903870713,3
2910_left.jpg,data\raw\slit_lamp\dataset_03\train\normal\2910_left.jpg,slit_lamp,2.160058454,2,2.576093565,3,2.12457907,2,2.574242404,3
2910_right.jpg,data\raw\slit_lamp\dataset_03\train\normal\2910_right.jpg,slit_lamp,2.181270657,2,2.400700232,2,2.125178919,2,2.54341414,3
2911_left.jpg,data\raw\slit_lamp\dataset_03\train\normal\2911_left.jpg,slit_lamp,2.463563235,2,2.085260178,2,2.072211373,2,3.003609516,3
2915_left.jpg,data\raw\slit_lamp\dataset_03\train\normal\2915_left.jpg,slit_lamp,2.955126391,3,2.679160397,3,2.147403814,2,2.674594873,3
2919_left.jpg,data\raw\slit_lamp\dataset_03\train\normal\2919_left.jpg,slit_lamp,1.943460905,2,1.760475639,2,2.197824621,2,2.38229305,2
2919_right.jpg,data\raw\slit_lamp\dataset_03\train\normal\2919_right.jpg,slit_lamp,2.027086148,2,1.859232006,2,2.286456858,2,2.37712401,2
2924_left.jpg,data\raw\slit_lamp\dataset_03\train\normal\2924_left.jpg,slit_lamp,2.702842243,3,2.858643108,3,2.130819652,2,2.884700319,3
2924_right.jpg,data\raw\slit_lamp\dataset_03\train\normal\2924_right.jpg,slit_lamp,2.663718865,3,2.835488442,3,2.132740782,2,2.921054825,3
2931_left.jpg,data\raw\slit_lamp\dataset_03\train\normal\2931_left.jpg,slit_lamp,2.675240811,3,2.147969979,2,2.087238659,2,3.031520478,3
2931_right.jpg,data\raw\slit_lamp\dataset_03\train\normal\2931_right.jpg,slit_lamp,2.613785872,3,2.166727463,2,2.078409319,2,3.046427052,3
2932_left.jpg,data\raw\slit_lamp\dataset_03\train\normal\2932_left.jpg,slit_lamp,2.792895778,3,2.156821975,2,2.151013314,2,2.541741091,3
2932_right.jpg,data\raw\slit_lamp\dataset_03\train\normal\2932_right.jpg,slit_lamp,2.686072599,3,2.181283674,2,2.154985478,2,2.561375952,3
2935_left.jpg,data\raw\slit_lamp\dataset_03\train\normal\2935_left.jpg,slit_lamp,2.907701505,3,2.546749053,3,2.064352554,2,2.448938,2
2935_right.jpg,data\raw\slit_lamp\dataset_03\train\normal\2935_right.jpg,slit_lamp,2.933531069,3,2.312882335,2,2.123139612,2,2.693208489,3
2940_left.jpg,data\raw\slit_lamp\dataset_03\train\normal\2940_left.jpg,slit_lamp,3.229627068,3,2.714423364,3,2.102655561,2,2.816692946,3
2940_right.jpg,data\raw\slit_lamp\dataset_03\train\normal\2940_right.jpg,slit_lamp,2.973718143,3,2.486442723,2,2.209441398,2,2.602303969,3
2942_left.jpg,data\raw\slit_lamp\dataset_03\train\normal\2942_left.jpg,slit_lamp,3.113523245,3,2.48092444,2,2.050917978,2,3.329591378,3
2942_right.jpg,data\raw\slit_lamp\dataset_03\train\normal\2942_right.jpg,slit_lamp,3.057708478,3,2.33371304,2,2.061378036,2,3.254313118,3
2944_left.jpg,data\raw\slit_lamp\dataset_03\train\normal\2944_left.jpg,slit_lamp,2.377404314,2,2.21805566,2,2.136944795,2,2.544626415,3
2946_left.jpg,data\raw\slit_lamp\dataset_03\train\normal\2946_left.jpg,slit_lamp,3.137400513,3,3.013548447,3,2.143555334,2,2.591633179,3
2950_left.jpg,data\raw\slit_lamp\dataset_03\train\normal\2950_left.jpg,slit_lamp,3.044590754,3,2.377555388,2,2.050561669,2,3.23367989,3
2952_left.jpg,data\raw\slit_lamp\dataset_03\train\normal\2952_left.jpg,slit_lamp,2.875715334,3,2.74049698,3,2.134902582,2,2.746708939,3
2952_right.jpg,data\raw\slit_lamp\dataset_03\train\normal\2952_right.jpg,slit_lamp,2.767603598,3,2.681473696,3,2.148486507,2,2.606232601,3
2953_left.jpg,data\raw\slit_lamp\dataset_03\train\normal\2953_left.jpg,slit_lamp,2.161647558,2,2.152459502,2,2.224222695,2,2.503442826,3
2953_right.jpg,data\raw\slit_lamp\dataset_03\train\normal\2953_right.jpg,slit_lamp,2.536808881,3,2.225933163,2,2.282071368,2,2.545899509,3
2957_left.jpg,data\raw\slit_lamp\dataset_03\train\normal\2957_left.jpg,slit_lamp,0.960370353,1,1.757265494,2,2.172218464,2,1.029566275,1
2957_right.jpg,data\raw\slit_lamp\dataset_03\train\normal\2957_right.jpg,slit_lamp,0.874265784,1,1.714202263,2,2.104928919,2,1.040968585,1
2961_left.jpg,data\raw\slit_lamp\dataset_03\train\normal\2961_left.jpg,slit_lamp,2.462615789,2,2.657545157,3,2.127458749,2,2.57068081,3
2962_left.jpg,data\raw\slit_lamp\dataset_03\train\normal\2962_left.jpg,slit_lamp,2.353099997,2,2.287180993,2,2.12613877,2,2.636323664,3
2962_right.jpg,data\raw\slit_lamp\dataset_03\train\normal\2962_right.jpg,slit_lamp,2.309026947,2,2.514959967,3,2.121340649,2,2.580800664,3
2967_left.jpg,data\raw\slit_lamp\dataset_03\train\normal\2967_left.jpg,slit_lamp,1.892815095,2,1.725128084,2,2.136944795,2,2.184418405,2
2967_right.jpg,data\raw\slit_lamp\dataset_03\train\normal\2967_right.jpg,slit_lamp,1.315619795,1,1.642850543,2,2.152938988,2,2.052488003,2
2971_left.jpg,data\raw\slit_lamp\dataset_03\train\normal\2971_left.jpg,slit_lamp,3.222194476,3,2.731923391,3,2.13646423,2,2.827688258,3
2971_right.jpg,data\raw\slit_lamp\dataset_03\train\normal\2971_right.jpg,slit_lamp,3.239871677,3,2.809643525,3,2.136824651,2,2.789906427,3
2975_left.jpg,data\raw\slit_lamp\dataset_03\train\normal\2975_left.jpg,slit_lamp,2.356329875,2,2.183723094,2,2.197219938,2,2.468066019,2
2975_right.jpg,data\raw\slit_lamp\dataset_03\train\normal\2975_right.jpg,slit_lamp,2.596649292,3,2.195891706,2,2.191537691,2,2.316984792,2
2979_left.jpg,data\raw\slit_lamp\dataset_03\train\normal\2979_left.jpg,slit_lamp,2.436554803,2,1.85549005,2,2.258827151,2,2.362592691,2
2979_right.jpg,data\raw\slit_lamp\dataset_03\train\normal\2979_right.jpg,slit_lamp,2.284852295,2,1.889157726,2,2.151013314,2,2.413055787,2
2980_right.jpg,data\raw\slit_lamp\dataset_03\train\normal\2980_right.jpg,slit_lamp,2.837991128,3,2.354245213,2,2.128658914,2,2.690235152,3
2981_left.jpg,data\raw\slit_lamp\dataset_03\train\normal\2981_left.jpg,slit_lamp,3.081937207,3,2.950909823,3,2.157032438,2,2.8437703,3
2981_right.jpg,data\raw\slit_lamp\dataset_03\train\normal\2981_right.jpg,slit_lamp,3.156644407,3,2.990388626,3,2.129259062,2,2.897156277,3
2984_left.jpg,data\raw\slit_lamp\dataset_03\train\normal\2984_left.jpg,slit_lamp,2.992021648,3,2.772112258,3,2.118103529,2,2.978529992,3
2984_right.jpg,data\raw\slit_lamp\dataset_03\train\normal\2984_right.jpg,slit_lamp,2.956399721,3,2.781026223,3,2.121340649,2,2.937406859,3
2985_left.jpg,data\raw\slit_lamp\dataset_03\train\normal\2985_left.jpg,slit_lamp,2.551717711,3,2.27922002,2,2.125658831,2,2.409384492,2
2988_left.jpg,data\raw\slit_lamp\dataset_03\train\normal\2988_left.jpg,slit_lamp,2.903046254,3,4.837678487,5,2.126258759,2,2.830786985,3
2991_right.jpg,data\raw\slit_lamp\dataset_03\train\normal\2991_right.jpg,slit_lamp,2.251947966,2,3.057461512,3,2.155226272,2,2.099180559,2
2992_left.jpg,data\raw\slit_lamp\dataset_03\train\normal\2992_left.jpg,slit_lamp,2.590107089,3,2.007909508,2,2.063281581,2,3.285387184,3
2992_right.jpg,data\raw\slit_lamp\dataset_03\train\normal\2992_right.jpg,slit_lamp,1.903047732,2,1.931980637,2,2.06102118,2,3.012733988,3
2996_left.jpg,data\raw\slit_lamp\dataset_03\train\normal\2996_left.jpg,slit_lamp,3.093352212,3,2.452743216,2,2.060426461,2,3.035805372,3
2996_right.jpg,data\raw\slit_lamp\dataset_03\train\normal\2996_right.jpg,slit_lamp,3.010859929,3,2.556902456,3,2.066733085,2,2.926274073,3
3000_right.jpg,data\raw\slit_lamp\dataset_03\train\normal\3000_right.jpg,slit_lamp,2.744236261,3,3.198954119,3,2.315237743,2,2.626713782,3
3004_left.jpg,data\raw\slit_lamp\dataset_03\train\normal\3004_left.jpg,slit_lamp,2.922997096,3,2.59763965,3,2.172942232,2,2.688024515,3
3004_right.jpg,data\raw\slit_lamp\dataset_03\train\normal\3004_right.jpg,slit_lamp,2.846544163,3,2.72247041,3,2.263813342,2,2.48876519,2
3009_left.jpg,data\raw\slit_lamp\dataset_03\train\normal\3009_left.jpg,slit_lamp,2.555941989,3,1.982699351,2,2.040474141,2,1.731917329,2
3010_left.jpg,data\raw\slit_lamp\dataset_03\train\normal\3010_left.jpg,slit_lamp,3.090944587,3,2.616688545,3,2.124819004,2,2.636334198,3
3011_left.jpg,data\raw\slit_lamp\dataset_03\train\normal\3011_left.jpg,slit_lamp,2.198821484,2,1.724563788,2,2.219252979,2,2.212817782,2
3013_left.jpg,data\raw\slit_lamp\dataset_03\train\normal\3013_left.jpg,slit_lamp,2.394115286,2,2.378822654,2,2.132620698,2,2.494310492,2
3013_right.jpg,data\raw\slit_lamp\dataset_03\train\normal\3013_right.jpg,slit_lamp,2.754475585,3,2.485927787,2,2.150772634,2,2.729287079,3
3016_right.jpg,data\raw\slit_lamp\dataset_03\train\normal\3016_right.jpg,slit_lamp,3.144041263,3,2.525365031,3,2.051393086,2,3.288886888,3
3018_left.jpg,data\raw\slit_lamp\dataset_03\train\normal\3018_left.jpg,slit_lamp,2.170745951,2,2.180493605,2,2.085089998,2,3.087799481,3
3020_right.jpg,data\raw\slit_lamp\dataset_03\train\normal\3020_right.jpg,slit_lamp,2.296117814,2,4.361993316,4,2.087477438,2,2.882956472,3
3025_left.jpg,data\raw\slit_lamp\dataset_03\train\normal\3025_left.jpg,slit_lamp,2.147525578,2,1.745735087,2,2.354706969,2,2.136613707,2
3029_left.jpg,data\raw\slit_lamp\dataset_03\train\normal\3029_left.jpg,slit_lamp,1.872011929,2,1.91189039,2,2.121220733,2,2.481215373,2
3034_left.jpg,data\raw\slit_lamp\dataset_03\train\normal\3034_left.jpg,slit_lamp,2.517344899,3,1.989892606,2,2.06601884,2,2.559350508,3
3037_right.jpg,data\raw\slit_lamp\dataset_03\train\normal\3037_right.jpg,slit_lamp,3.223569873,3,2.825725791,3,2.046762217,2,2.883346161,3
3038_left.jpg,data\raw\slit_lamp\dataset_03\train\normal\3038_left.jpg,slit_lamp,3.011980323,3,2.915735719,3,2.12637875,2,2.79556932,3
3040_left.jpg,data\raw\slit_lamp\dataset_03\train\normal\3040_left.jpg,slit_lamp,2.794768114,3,2.478919504,2,2.172580341,2,2.584096073,3
3040_right.jpg,data\raw\slit_lamp\dataset_03\train\normal\3040_right.jpg,slit_lamp,2.945084943,3,2.601239973,3,2.164381255,2,2.639184392,3
3042_right.jpg,data\raw\slit_lamp\dataset_03\train\normal\3042_right.jpg,slit_lamp,2.64055615,3,2.187683748,2,2.066256913,2,2.615294781,3
3044_right.jpg,data\raw\slit_lamp\dataset_03\train\normal\3044_right.jpg,slit_lamp,3.134897808,3,2.610903461,3,2.215375735,2,2.672570195,3
3050_left.jpg,data\raw\slit_lamp\dataset_03\train\normal\3050_left.jpg,slit_lamp,2.471759953,2,1.978078207,2,2.153901983,2,2.469488352,2
3050_right.jpg,data\raw\slit_lamp\dataset_03\train\normal\3050_right.jpg,slit_lamp,2.538398021,3,2.060146752,2,2.178492962,2,2.469450078,2
3051_right.jpg,data\raw\slit_lamp\dataset_03\train\normal\3051_right.jpg,slit_lamp,2.526918161,3,1.843387719,2,2.096078598,2,1.917685283,2
3052_right.jpg,data\raw\slit_lamp\dataset_03\train\normal\3052_right.jpg,slit_lamp,2.236284468,2,1.930675634,2,2.074594562,2,3.048431724,3
3054_left.jpg,data\raw\slit_lamp\dataset_03\train\normal\3054_left.jpg,slit_lamp,1.637894696,2,1.586668203,2,2.11858302,2,1.845000541,2
3054_right.jpg,data\raw\slit_lamp\dataset_03\train\normal\3054_right.jpg,slit_lamp,2.169056191,2,2.058742034,2,2.118463145,2,2.248421752,2
3056_right.jpg,data\raw\slit_lamp\dataset_03\train\normal\3056_right.jpg,slit_lamp,2.922660951,3,2.504600567,3,2.145599625,2,2.531047087,3
3057_right.jpg,data\raw\slit_lamp\dataset_03\train\normal\3057_right.jpg,slit_lamp,2.918064647,3,2.324031405,2,2.14620098,2,2.489587967,2
3058_left.jpg,data\raw\slit_lamp\dataset_03\train\normal\3058_left.jpg,slit_lamp,2.960029774,3,3.148289493,3,2.162212132,2,2.809834173,3
3058_right.jpg,data\raw\slit_lamp\dataset_03\train\normal\3058_right.jpg,slit_lamp,2.974051579,3,3.204127005,3,2.118343271,2,2.916410475,3
3059_right.jpg,data\raw\slit_lamp\dataset_03\train\normal\3059_right.jpg,slit_lamp,2.337426589,2,2.476415696,2,2.133581415,2,2.672475056,3
3063_right.jpg,data\raw\slit_lamp\dataset_03\train\normal\3063_right.jpg,slit_lamp,2.444102449,2,2.372019687,2,2.262718648,2,2.568046562,3
3064_left.jpg,data\raw\slit_lamp\dataset_03\train\normal\3064_left.jpg,slit_lamp,2.228704922,2,1.813107165,2,2.25019713,2,2.27787415,2
3066_left.jpg,data\raw\slit_lamp\dataset_03\train\normal\3066_left.jpg,slit_lamp,1.787495291,2,1.789648383,2,2.132620698,2,2.225350818,2
3066_right.jpg,data\raw\slit_lamp\dataset_03\train\normal\3066_right.jpg,slit_lamp,2.301542099,2,1.966071566,2,2.137906008,2,2.426244764,2
3068_left.jpg,data\raw\slit_lamp\dataset_03\train\normal\3068_left.jpg,slit_lamp,2.989897225,3,3.123639577,3,2.234168711,2,2.845701875,3
3068_right.jpg,data\raw\slit_lamp\dataset_03\train\normal\3068_right.jpg,slit_lamp,3.162971194,3,3.287892986,3,2.127338742,2,3.063569854,3
3069_left.jpg,data\raw\slit_lamp\dataset_03\train\normal\3069_left.jpg,slit_lamp,2.642811569,3,4.573255188,5,2.140309518,2,2.781960575,3
3069_right.jpg,data\raw\slit_lamp\dataset_03\train\normal\3069_right.jpg,slit_lamp,2.612081119,3,4.532790963,5,2.166309797,2,2.731853476,3
3070_right.jpg,data\raw\slit_lamp\dataset_03\train\normal\3070_right.jpg,slit_lamp,2.817363415,3,2.58745549,3,2.125178919,2,2.650787867,3
3072_left.jpg,data\raw\slit_lamp\dataset_03\train\normal\3072_left.jpg,slit_lamp,3.139024272,3,3.369352041,3,2.11858302,2,2.638687362,3
3075_left.jpg,data\raw\slit_lamp\dataset_03\train\normal\3075_left.jpg,slit_lamp,2.078940355,2,1.820445192,2,2.122300046,2,2.157168168,2
3077_left.jpg,data\raw\slit_lamp\dataset_03\train\normal\3077_left.jpg,slit_lamp,1.839616724,2,2.153167661,2,2.11858302,2,2.628880247,3
3079_left.jpg,data\raw\slit_lamp\dataset_03\train\normal\3079_left.jpg,slit_lamp,2.258110045,2,2.085198191,2,2.122419979,2,2.542751924,3
3079_right.jpg,data\raw\slit_lamp\dataset_03\train\normal\3079_right.jpg,slit_lamp,2.236425507,2,2.119718797,2,2.123859309,2,2.476892187,2
3080_left.jpg,data\raw\slit_lamp\dataset_03\train\normal\3080_left.jpg,slit_lamp,2.902492738,3,2.103967693,2,2.066137876,2,2.825900426,3
3080_right.jpg,data\raw\slit_lamp\dataset_03\train\normal\3080_right.jpg,slit_lamp,2.863473724,3,2.190798769,2,2.06601884,2,2.891155642,3
3083_left.jpg,data\raw\slit_lamp\dataset_03\train\normal\3083_left.jpg,slit_lamp,3.251234758,3,2.850898162,3,2.033007463,2,3.028337139,3
3084_left.jpg,data\raw\slit_lamp\dataset_03\train\normal\3084_left.jpg,slit_lamp,2.351523462,2,2.300328263,2,2.121100818,2,2.644080607,3
3084_right.jpg,data\raw\slit_lamp\dataset_03\train\normal\3084_right.jpg,slit_lamp,2.80083021,3,2.358641905,2,2.122779788,2,2.652575242,3
3085_right.jpg,data\raw\slit_lamp\dataset_03\train\normal\3085_right.jpg,slit_lamp,1.701756966,2,1.633883172,2,2.259313524,2,2.089333939,2
3090_right.jpg,data\raw\slit_lamp\dataset_03\train\normal\3090_right.jpg,slit_lamp,2.761048035,3,2.657430323,3,2.262718648,2,2.56169695,3
3095_right.jpg,data\raw\slit_lamp\dataset_03\train\normal\3095_right.jpg,slit_lamp,3.205874832,3,3.498075258,3,2.165586547,2,2.562328061,3
3097_left.jpg,data\raw\slit_lamp\dataset_03\train\normal\3097_left.jpg,slit_lamp,2.330400549,2,2.201225533,2,2.171977221,2,2.446548789,2
3097_right.jpg,data\raw\slit_lamp\dataset_03\train\normal\3097_right.jpg,slit_lamp,2.221320297,2,2.177169195,2,2.142593482,2,2.449878639,2
3098_left.jpg,data\raw\slit_lamp\dataset_03\train\normal\3098_left.jpg,slit_lamp,2.634955879,3,2.265082391,2,2.328059106,2,2.458865611,2
3102_left.jpg,data\raw\slit_lamp\dataset_03\train\normal\3102_left.jpg,slit_lamp,2.737760201,3,4.695225301,5,2.217677682,2,2.802599018,3
3102_right.jpg,data\raw\slit_lamp\dataset_03\train\normal\3102_right.jpg,slit_lamp,2.766689997,3,4.694549936,5,2.187670774,2,2.747220304,3
3108_right.jpg,data\raw\slit_lamp\dataset_03\train\normal\3108_right.jpg,slit_lamp,3.245826893,3,4.811718297,5,2.084254578,2,3.088805005,3
3109_left.jpg,data\raw\slit_lamp\dataset_03\train\normal\3109_left.jpg,slit_lamp,1.915514405,2,3.021755254,3,2.12613877,2,2.661167441,3
3109_right.jpg,data\raw\slit_lamp\dataset_03\train\normal\3109_right.jpg,slit_lamp,1.964319942,2,3.08534768,3,2.12265985,2,2.664370963,3
3110_left.jpg,data\raw\slit_lamp\dataset_03\train\normal\3110_left.jpg,slit_lamp,1.996294992,2,2.018774739,2,2.071377446,2,3.051586693,3
3110_right.jpg,data\raw\slit_lamp\dataset_03\train\normal\3110_right.jpg,slit_lamp,1.468678543,1,1.838568477,2,2.11966198,2,2.939187495,3
3113_left.jpg,data\raw\slit_lamp\dataset_03\train\normal\3113_left.jpg,slit_lamp,2.972371246,3,2.681009899,3,2.075548061,2,2.469947863,2
3114_right.jpg,data\raw\slit_lamp\dataset_03\train\normal\3114_right.jpg,slit_lamp,2.627440621,3,2.024473979,2,2.172942232,2,2.423389293,2
3119_left.jpg,data\raw\slit_lamp\dataset_03\train\normal\3119_left.jpg,slit_lamp,2.538857711,3,2.622711959,3,2.121460568,2,2.635161241,3
3122_right.jpg,data\raw\slit_lamp\dataset_03\train\normal\3122_right.jpg,slit_lamp,2.970506659,3,2.618241864,3,2.375510739,2,2.400958347,2
3123_right.jpg,data\raw\slit_lamp\dataset_03\train\normal\3123_right.jpg,slit_lamp,2.163473581,2,1.810092315,2,2.311454225,2,2.245862716,2
3124_left.jpg,data\raw\slit_lamp\dataset_03\train\normal\3124_left.jpg,slit_lamp,2.643194128,3,3.267677804,3,2.137785851,2,2.815709681,3
3124_right.jpg,data\raw\slit_lamp\dataset_03\train\normal\3124_right.jpg,slit_lamp,2.756274652,3,3.972386547,4,2.131660091,2,2.898623285,3
3127_right.jpg,data\raw\slit_lamp\dataset_03\train\normal\3127_right.jpg,slit_lamp,2.689718662,3,2.343526441,2,2.224343935,2,2.378598708,2
3131_left.jpg,data\raw\slit_lamp\dataset_03\train\normal\3131_left.jpg,slit_lamp,3.186265453,3,2.614810204,3,2.218404714,2,2.670313957,3
3131_right.jpg,data\raw\slit_lamp\dataset_03\train\normal\3131_right.jpg,slit_lamp,3.290098892,3,2.622682776,3,2.034665985,2,2.761625756,3
3138_right.jpg,data\raw\slit_lamp\dataset_03\train\normal\3138_right.jpg,slit_lamp,3.136077317,3,3.381786351,3,2.178975787,2,2.434550757,2
3139_right.jpg,data\raw\slit_lamp\dataset_03\train\normal\3139_right.jpg,slit_lamp,1.818369276,2,2.036741932,2,2.089268526,2,2.605413857,3
3141_left.jpg,data\raw\slit_lamp\dataset_03\train\normal\3141_left.jpg,slit_lamp,2.370822381,2,2.045249969,2,2.125658831,2,2.459579591,2
3141_right.jpg,data\raw\slit_lamp\dataset_03\train\normal\3141_right.jpg,slit_lamp,1.898025173,2,1.86171074,2,2.245216321,2,2.225419434,2
3142_left.jpg,data\raw\slit_lamp\dataset_03\train\normal\3142_left.jpg,slit_lamp,2.478926602,2,2.481067769,2,2.17499321,2,2.711554924,3
3144_right.jpg,data\raw\slit_lamp\dataset_03\train\normal\3144_right.jpg,slit_lamp,2.591569352,3,4.429700846,4,2.130099343,2,2.956382648,3
3145_left.jpg,data\raw\slit_lamp\dataset_03\train\normal\3145_left.jpg,slit_lamp,2.920398917,3,2.681047826,3,2.3542177,2,2.60303217,3
3150_left.jpg,data\raw\slit_lamp\dataset_03\train\normal\3150_left.jpg,slit_lamp,2.789781132,3,2.286789149,2,2.121460568,2,2.678421527,3
3150_right.jpg,data\raw\slit_lamp\dataset_03\train\normal\3150_right.jpg,slit_lamp,2.954261335,3,2.378365102,2,2.125778813,2,2.537689212,3
3153_left.jpg,data\raw\slit_lamp\dataset_03\train\normal\3153_left.jpg,slit_lamp,2.886312069,3,2.558852853,3,2.301572402,2,2.624317242,3
3153_right.jpg,data\raw\slit_lamp\dataset_03\train\normal\3153_right.jpg,slit_lamp,3.03314231,3,2.494935613,2,2.350793134,2,2.332839686,2
3154_left.jpg,data\raw\slit_lamp\dataset_03\train\normal\3154_left.jpg,slit_lamp,3.037391735,3,1.611284273,2,2.079124812,2,2.705066568,3
3155_left.jpg,data\raw\slit_lamp\dataset_03\train\normal\3155_left.jpg,slit_lamp,3.310473947,3,2.670871854,3,2.073760355,2,2.583947158,3
3157_right.jpg,data\raw\slit_lamp\dataset_03\train\normal\3157_right.jpg,slit_lamp,2.878711762,3,2.576562719,3,2.11858302,2,2.945388209,3
3159_right.jpg,data\raw\slit_lamp\dataset_03\train\normal\3159_right.jpg,slit_lamp,2.770842524,3,3.795089023,4,2.125178919,2,2.819300361,3
3166_right.jpg,data\raw\slit_lamp\dataset_03\train\normal\3166_right.jpg,slit_lamp,3.052065247,3,2.975020374,3,2.220949704,2,2.814167918,3
3168_left.jpg,data\raw\slit_lamp\dataset_03\train\normal\3168_left.jpg,slit_lamp,2.534492305,3,2.436164926,2,2.199759845,2,2.38209377,2
3169_right.jpg,data\raw\slit_lamp\dataset_03\train\normal\3169_right.jpg,slit_lamp,1.970484119,2,1.718967244,2,2.372205381,2,2.152110712,2
3171_left.jpg,data\raw\slit_lamp\dataset_03\train\normal\3171_left.jpg,slit_lamp,2.774734584,3,2.261910029,2,2.078528563,2,3.036380855,3
3172_left.jpg,data\raw\slit_lamp\dataset_03\train\normal\3172_left.jpg,slit_lamp,2.464102805,2,2.020227682,2,2.123259557,2,2.363771127,2
3172_right.jpg,data\raw\slit_lamp\dataset_03\train\normal\3172_right.jpg,slit_lamp,2.396575591,2,2.033477979,2,2.144156546,2,2.244886127,2
3173_right.jpg,data\raw\slit_lamp\dataset_03\train\normal\3173_right.jpg,slit_lamp,3.161883137,3,3.369893751,3,2.127098734,2,3.048835387,3
3175_left.jpg,data\raw\slit_lamp\dataset_03\train\normal\3175_left.jpg,slit_lamp,2.571413348,3,4.914249075,5,2.128898968,2,2.72114438,3
3175_right.jpg,data\raw\slit_lamp\dataset_03\train\normal\3175_right.jpg,slit_lamp,2.544923562,3,4.959893323,5,2.133341226,2,2.72144572,3
3176_right.jpg,data\raw\slit_lamp\dataset_03\train\normal\3176_right.jpg,slit_lamp,2.907450929,3,2.761474666,3,2.124819004,2,2.572972202,3
3179_left.jpg,data\raw\slit_lamp\dataset_03\train\normal\3179_left.jpg,slit_lamp,2.753294852,3,2.557912593,3,2.124819004,2,2.818976764,3
3183_left.jpg,data\raw\slit_lamp\dataset_03\train\normal\3183_left.jpg,slit_lamp,3.2854315,3,3.207303297,3,2.034192078,2,2.825904923,3
3184_right.jpg,data\raw\slit_lamp\dataset_03\train\normal\3184_right.jpg,slit_lamp,3.254092115,3,3.057213614,3,2.136223958,2,2.69326979,3
3186_left.jpg,data\raw\slit_lamp\dataset_03\train\normal\3186_left.jpg,slit_lamp,2.92969292,3,2.890140667,3,2.081748891,2,2.676353001,3
3186_right.jpg,data\raw\slit_lamp\dataset_03\train\normal\3186_right.jpg,slit_lamp,3.136577053,3,2.707689513,3,2.176682584,2,2.412705544,2
3187_right.jpg,data\raw\slit_lamp\dataset_03\train\normal\3187_right.jpg,slit_lamp,2.434745501,2,3.707223649,4,2.168600466,2,2.460665955,2
3188_right.jpg,data\raw\slit_lamp\dataset_03\train\normal\3188_right.jpg,slit_lamp,3.033185885,3,3.212682821,3,2.14199238,2,2.53011664,3
3191_right.jpg,data\raw\slit_lamp\dataset_03\train\normal\3191_right.jpg,slit_lamp,2.765721364,3,2.006482243,2,2.077693898,2,2.790534083,3
3192_left.jpg,data\raw\slit_lamp\dataset_03\train\normal\3192_left.jpg,slit_lamp,3.127114752,3,2.707692802,3,2.050917978,2,3.319963946,3
3193_left.jpg,data\raw\slit_lamp\dataset_03\train\normal\3193_left.jpg,slit_lamp,2.681925881,3,2.197301356,2,2.211499877,2,2.517798959,3
3193_right.jpg,data\raw\slit_lamp\dataset_03\train\normal\3193_right.jpg,slit_lamp,2.845174057,3,2.273082411,2,2.219131794,2,2.481996896,2
3194_left.jpg,data\raw\slit_lamp\dataset_03\train\normal\3194_left.jpg,slit_lamp,3.212231378,3,3.059332948,3,2.127338742,2,2.693522798,3
3198_left.jpg,data\raw\slit_lamp\dataset_03\train\normal\3198_left.jpg,slit_lamp,1.394023063,1,1.768804919,2,2.059237176,2,3.02241556,3
3201_left.jpg,data\raw\slit_lamp\dataset_03\train\normal\3201_left.jpg,slit_lamp,1.366791198,1,4.849863897,5,2.261015974,2,2.382819358,2
3202_left.jpg,data\raw\slit_lamp\dataset_03\train\normal\3202_left.jpg,slit_lamp,3.065415222,3,3.089116008,3,2.129859254,2,2.922228732,3
3203_left.jpg,data\raw\slit_lamp\dataset_03\train\normal\3203_left.jpg,slit_lamp,3.165454801,3,2.719982234,3,2.12457907,2,2.368307843,2
3204_left.jpg,data\raw\slit_lamp\dataset_03\train\normal\3204_left.jpg,slit_lamp,3.295003828,3,3.652455927,4,2.107681777,2,2.893530349,3
3206_left.jpg,data\raw\slit_lamp\dataset_03\train\normal\3206_left.jpg,slit_lamp,1.315893025,1,1.634451578,2,2.131660091,2,1.741706999,2
3207_left.jpg,data\raw\slit_lamp\dataset_03\train\normal\3207_left.jpg,slit_lamp,3.293858121,3,3.17635486,3,2.072449656,2,2.905305967,3
3207_right.jpg,data\raw\slit_lamp\dataset_03\train\normal\3207_right.jpg,slit_lamp,3.101965029,3,3.33643463,3,2.089149107,2,2.245225338,2
3208_left.jpg,data\raw\slit_lamp\dataset_03\train\normal\3208_left.jpg,slit_lamp,2.729442318,3,1.882886113,2,2.08198749,2,2.857209544,3
3209_right.jpg,data\raw\slit_lamp\dataset_03\train\normal\3209_right.jpg,slit_lamp,3.206177622,3,2.930748762,3,2.149689657,2,2.801438853,3
3214_left.jpg,data\raw\slit_lamp\dataset_03\train\normal\3214_left.jpg,slit_lamp,3.119269289,3,2.453961489,2,2.08879086,2,2.663109266,3
3214_right.jpg,data\raw\slit_lamp\dataset_03\train\normal\3214_right.jpg,slit_lamp,3.086582702,3,2.540084216,3,2.09631766,2,2.968012856,3
3215_right.jpg,data\raw\slit_lamp\dataset_03\train\normal\3215_right.jpg,slit_lamp,3.167657412,3,2.525653611,3,2.160284456,2,2.371434122,2
3216_left.jpg,data\raw\slit_lamp\dataset_03\train\normal\3216_left.jpg,slit_lamp,3.297849206,3,2.955286849,3,2.03940695,2,3.069406169,3
3218_right.jpg,data\raw\slit_lamp\dataset_03\train\normal\3218_right.jpg,slit_lamp,1.797367514,2,2.80753674,3,2.227860473,2,1.776498732,2
3221_left.jpg,data\raw\slit_lamp\dataset_03\train\normal\3221_left.jpg,slit_lamp,2.476589505,2,3.578726825,4,2.118942657,2,2.660970843,3
3221_right.jpg,data\raw\slit_lamp\dataset_03\train\normal\3221_right.jpg,slit_lamp,1.242405042,1,1.97484967,2,2.123979265,2,2.248272577,2
3222_left.jpg,data\raw\slit_lamp\dataset_03\train\normal\3222_left.jpg,slit_lamp,2.616768283,3,2.547228868,3,2.122779788,2,2.789700077,3
3222_right.jpg,data\raw\slit_lamp\dataset_03\train\normal\3222_right.jpg,slit_lamp,1.20720528,1,1.841029498,2,2.120741084,2,2.268397175,2
3223_left.jpg,data\raw\slit_lamp\dataset_03\train\normal\3223_left.jpg,slit_lamp,3.231529474,3,2.950744707,3,2.108998706,2,2.87937059,3
3223_right.jpg,data\raw\slit_lamp\dataset_03\train\normal\3223_right.jpg,slit_lamp,3.123582,3,2.781468614,3,2.134782468,2,2.727292077,3
3226_left.jpg,data\raw\slit_lamp\dataset_03\train\normal\3226_left.jpg,slit_lamp,2.191577383,2,1.823272199,2,2.121580488,2,2.375391757,2
3226_right.jpg,data\raw\slit_lamp\dataset_03\train\normal\3226_right.jpg,slit_lamp,2.582078992,3,2.017832465,2,2.168841622,2,2.347860953,2
3227_left.jpg,data\raw\slit_lamp\dataset_03\train\normal\3227_left.jpg,slit_lamp,2.815428427,3,2.109376409,2,2.224101456,2,2.365560851,2
3227_right.jpg,data\raw\slit_lamp\dataset_03\train\normal\3227_right.jpg,slit_lamp,2.62228511,3,2.032141415,2,2.189483204,2,2.446908457,2
3232_left.jpg,data\raw\slit_lamp\dataset_03\train\normal\3232_left.jpg,slit_lamp,2.604467556,3,2.560737629,3,2.13117983,2,2.724712242,3
3234_left.jpg,data\raw\slit_lamp\dataset_03\train\normal\3234_left.jpg,slit_lamp,1.596836661,2,1.756989503,2,2.288040834,2,2.178901154,2
3234_right.jpg,data\raw\slit_lamp\dataset_03\train\normal\3234_right.jpg,slit_lamp,1.705078514,2,1.886588285,2,2.301572402,2,2.248826814,2
3237_right.jpg,data\raw\slit_lamp\dataset_03\train\normal\3237_right.jpg,slit_lamp,2.724043262,3,2.332260637,2,2.223858982,2,2.624070207,3
3238_right.jpg,data\raw\slit_lamp\dataset_03\train\normal\3238_right.jpg,slit_lamp,3.084470846,3,4.459609194,4,2.132140381,2,2.338770866,2
3240_right.jpg,data\raw\slit_lamp\dataset_03\train\normal\3240_right.jpg,slit_lamp,2.412626788,2,3.54694767,4,2.127338742,2,2.708887977,3
3241_left.jpg,data\raw\slit_lamp\dataset_03\train\normal\3241_left.jpg,slit_lamp,2.972011097,3,2.778196364,3,2.132020306,2,2.655407241,3
3243_left.jpg,data\raw\slit_lamp\dataset_03\train\normal\3243_left.jpg,slit_lamp,2.667564544,3,2.120717651,2,2.20629391,2,2.654466789,3
3243_right.jpg,data\raw\slit_lamp\dataset_03\train\normal\3243_right.jpg,slit_lamp,2.824585788,3,2.243227429,2,2.093927378,2,2.684786123,3
3245_right.jpg,data\raw\slit_lamp\dataset_03\train\normal\3245_right.jpg,slit_lamp,3.122447933,3,2.624427305,3,2.123979265,2,2.837518456,3
3246_left.jpg,data\raw\slit_lamp\dataset_03\train\normal\3246_left.jpg,slit_lamp,2.9848168,3,2.558207472,3,2.195647933,2,2.626363525,3
3248_left.jpg,data\raw\slit_lamp\dataset_03\train\normal\3248_left.jpg,slit_lamp,3.08138955,3,2.744123102,3,2.123859309,2,2.619616113,3
3248_right.jpg,data\raw\slit_lamp\dataset_03\train\normal\3248_right.jpg,slit_lamp,2.561372426,3,2.700851457,3,2.079601846,2,2.140357212,2
3251_left.jpg,data\raw\slit_lamp\dataset_03\train\normal\3251_left.jpg,slit_lamp,1.805544242,2,1.843242403,2,2.160525393,2,2.252611409,2
3252_left.jpg,data\raw\slit_lamp\dataset_03\train\normal\3252_left.jpg,slit_lamp,2.004047138,2,2.613625782,3,2.126738734,2,2.67617179,3
3252_right.jpg,data\raw\slit_lamp\dataset_03\train\normal\3252_right.jpg,slit_lamp,1.80435002,2,2.380836504,2,2.136223958,2,2.556834352,3
3253_right.jpg,data\raw\slit_lamp\dataset_03\train\normal\3253_right.jpg,slit_lamp,2.646289864,3,3.294448932,3,2.120141564,2,2.831908048,3
3255_right.jpg,data\raw\slit_lamp\dataset_03\train\normal\3255_right.jpg,slit_lamp,2.871961222,3,3.098738383,3,2.229437207,2,2.443550378,2
3256_right.jpg,data\raw\slit_lamp\dataset_03\train\normal\3256_right.jpg,slit_lamp,3.167395266,3,3.941747028,4,2.17632055,2,2.561852967,3
3257_right.jpg,data\raw\slit_lamp\dataset_03\train\normal\3257_right.jpg,slit_lamp,3.213913801,3,2.939858708,3,2.082345405,2,2.828989592,3
3259_left.jpg,data\raw\slit_lamp\dataset_03\train\normal\3259_left.jpg,slit_lamp,2.368251262,2,1.997837069,2,2.228224316,2,2.431215272,2
3259_right.jpg,data\raw\slit_lamp\dataset_03\train\normal\3259_right.jpg,slit_lamp,2.124475251,2,1.787903622,2,2.191537691,2,2.360764617,2
3260_left.jpg,data\raw\slit_lamp\dataset_03\train\normal\3260_left.jpg,slit_lamp,3.071780878,3,2.532636963,3,2.17463124,2,2.706471124,3
3260_right.jpg,data\raw\slit_lamp\dataset_03\train\normal\3260_right.jpg,slit_lamp,2.512977042,3,2.286924597,2,2.144998313,2,2.628027339,3
3262_right.jpg,data\raw\slit_lamp\dataset_03\train\normal\3262_right.jpg,slit_lamp,1.124829985,1,4.8370437,5,2.432127086,2,2.359528932,2
3264_left.jpg,data\raw\slit_lamp\dataset_03\train\normal\3264_left.jpg,slit_lamp,2.703227804,3,2.039336767,2,2.123019669,2,2.445039459,2
3267_left.jpg,data\raw\slit_lamp\dataset_03\train\normal\3267_left.jpg,slit_lamp,2.9452361,3,2.262229033,2,2.154985478,2,2.786416337,3
3271_right.jpg,data\raw\slit_lamp\dataset_03\train\normal\3271_right.jpg,slit_lamp,2.768500111,3,2.243590868,2,2.226162697,2,2.400778739,2
3272_left.jpg,data\raw\slit_lamp\dataset_03\train\normal\3272_left.jpg,slit_lamp,2.886232783,3,2.545157001,3,2.101339713,2,2.496101592,2
3273_left.jpg,data\raw\slit_lamp\dataset_03\train\normal\3273_left.jpg,slit_lamp,2.595427906,3,2.094306506,2,2.122419979,2,2.517931475,3
3273_right.jpg,data\raw\slit_lamp\dataset_03\train\normal\3273_right.jpg,slit_lamp,2.098980056,2,1.868747608,2,2.120741084,2,2.331189701,2
3275_right.jpg,data\raw\slit_lamp\dataset_03\train\normal\3275_right.jpg,slit_lamp,2.54785361,3,1.733537437,2,2.066137876,2,2.444045339,2
3282_right.jpg,data\raw\slit_lamp\dataset_03\train\normal\3282_right.jpg,slit_lamp,2.383940843,2,2.128297557,2,2.122180116,2,2.235327383,2
3287_right.jpg,data\raw\slit_lamp\dataset_03\train\normal\3287_right.jpg,slit_lamp,3.010067819,3,2.429618804,2,2.129619172,2,2.531122991,3
3289_left.jpg,data\raw\slit_lamp\dataset_03\train\normal\3289_left.jpg,slit_lamp,3.061151904,3,2.456964749,2,2.151374346,2,2.482690247,2
3289_right.jpg,data\raw\slit_lamp\dataset_03\train\normal\3289_right.jpg,slit_lamp,3.012951147,3,2.538616732,3,2.360579055,2,2.399923622,2
3291_left.jpg,data\raw\slit_lamp\dataset_03\train\normal\3291_left.jpg,slit_lamp,3.006942743,3,2.017283329,2,2.059118259,2,2.414881513,2
3291_right.jpg,data\raw\slit_lamp\dataset_03\train\normal\3291_right.jpg,slit_lamp,3.033186125,3,2.346484704,2,2.098349995,2,2.294328815,2
3293_left.jpg,data\raw\slit_lamp\dataset_03\train\normal\3293_left.jpg,slit_lamp,3.111331829,3,3.039021764,3,2.141271113,2,2.736655069,3
3294_right.jpg,data\raw\slit_lamp\dataset_03\train\normal\3294_right.jpg,slit_lamp,1.810883973,2,4.93688571,5,2.288040834,2,2.351875652,2
3295_right.jpg,data\raw\slit_lamp\dataset_03\train\normal\3295_right.jpg,slit_lamp,2.937427111,3,2.062308545,2,2.299865056,2,2.291446877,2
3296_left.jpg,data\raw\slit_lamp\dataset_03\train\normal\3296_left.jpg,slit_lamp,2.479086149,2,2.134999168,2,2.127698768,2,2.553514248,3
3297_right.jpg,data\raw\slit_lamp\dataset_03\train\normal\3297_right.jpg,slit_lamp,2.706211635,3,3.621911571,4,2.135142817,2,2.812203696,3
3298_left.jpg,data\raw\slit_lamp\dataset_03\train\normal\3298_left.jpg,slit_lamp,2.540009324,3,2.220228185,2,2.072330514,2,3.039553235,3
3298_right.jpg,data\raw\slit_lamp\dataset_03\train\normal\3298_right.jpg,slit_lamp,2.303166624,2,2.124224585,2,2.071853964,2,3.11845628,3
3300_left.jpg,data\raw\slit_lamp\dataset_03\train\normal\3300_left.jpg,slit_lamp,3.296746215,3,4.9400983,5,2.097273985,2,2.397273313,2
3300_right.jpg,data\raw\slit_lamp\dataset_03\train\normal\3300_right.jpg,slit_lamp,3.186549014,3,4.9432312,5,2.12613877,2,2.601650221,3
3304_left.jpg,data\raw\slit_lamp\dataset_03\train\normal\3304_left.jpg,slit_lamp,0.720396727,1,2.785892256,3,2.243394582,2,2.281243077,2
3304_right.jpg,data\raw\slit_lamp\dataset_03\train\normal\3304_right.jpg,slit_lamp,0.576852242,1,3.058808978,3,2.138506822,2,2.207311387,2
3305_left.jpg,data\raw\slit_lamp\dataset_03\train\normal\3305_left.jpg,slit_lamp,3.288741633,3,2.513249881,3,2.130699596,2,2.470878592,2
3306_left.jpg,data\raw\slit_lamp\dataset_03\train\normal\3306_left.jpg,slit_lamp,3.066244846,3,2.339252069,2,2.076501687,2,3.072348065,3
3307_right.jpg,data\raw\slit_lamp\dataset_03\train\normal\3307_right.jpg,slit_lamp,2.780497477,3,2.458487824,2,2.11930231,2,2.805589673,3
3308_left.jpg,data\raw\slit_lamp\dataset_03\train\normal\3308_left.jpg,slit_lamp,3.190916724,3,2.568851073,3,2.146682094,2,3.1890624,3
3309_left.jpg,data\raw\slit_lamp\dataset_03\train\normal\3309_left.jpg,slit_lamp,3.10287534,3,2.883959642,3,2.120261464,2,2.988939586,3
3312_left.jpg,data\raw\slit_lamp\dataset_03\train\normal\3312_left.jpg,slit_lamp,3.034786559,3,2.083546582,2,2.100502474,2,2.941464778,3
3317_left.jpg,data\raw\slit_lamp\dataset_03\train\normal\3317_left.jpg,slit_lamp,2.608629007,3,3.86024298,4,2.148486507,2,2.678890342,3
3318_left.jpg,data\raw\slit_lamp\dataset_03\train\normal\3318_left.jpg,slit_lamp,0.871374646,1,3.536419606,4,2.585616073,3,2.23408426,2
3319_right.jpg,data\raw\slit_lamp\dataset_03\train\normal\3319_right.jpg,slit_lamp,2.342469821,2,2.204173199,2,2.12853889,2,2.182848488,2
3320_right.jpg,data\raw\slit_lamp\dataset_03\train\normal\3320_right.jpg,slit_lamp,2.996915833,3,4.066064414,4,2.12853889,2,2.419961351,2
3321_left.jpg,data\raw\slit_lamp\dataset_03\train\normal\3321_left.jpg,slit_lamp,0.909690848,1,1.506640646,2,2.120141564,2,2.116418446,2
3324_left.jpg,data\raw\slit_lamp\dataset_03\train\normal\3324_left.jpg,slit_lamp,3.160717457,3,3.854175916,4,2.079124812,2,2.779832386,3
3329_right.jpg,data\raw\slit_lamp\dataset_03\train\normal\3329_right.jpg,slit_lamp,0.823156485,1,4.774372104,5,2.485376755,2,2.201767629,2
3330_right.jpg,data\raw\slit_lamp\dataset_03\train\normal\3330_right.jpg,slit_lamp,3.020973674,3,2.417194433,2,2.153420473,2,2.861140896,3
3332_right.jpg,data\raw\slit_lamp\dataset_03\train\normal\3332_right.jpg,slit_lamp,2.954258365,3,2.476681577,2,2.183443072,2,2.680025268,3
3340_right.jpg,data\raw\slit_lamp\dataset_03\train\normal\3340_right.jpg,slit_lamp,2.966918498,3,2.362483077,2,2.147163234,2,2.474754021,2
3341_left.jpg,data\raw\slit_lamp\dataset_03\train\normal\3341_left.jpg,slit_lamp,3.021100781,3,2.608913015,3,2.136223958,2,2.528817547,3
3343_right.jpg,data\raw\slit_lamp\dataset_03\train\normal\3343_right.jpg,slit_lamp,0.678091228,1,3.416632144,3,2.477522272,2,2.199401056,2
3344_right.jpg,data\raw\slit_lamp\dataset_03\train\normal\3344_right.jpg,slit_lamp,3.112480313,3,3.784632498,4,2.116425537,2,3.053002994,3
3348_right.jpg,data\raw\slit_lamp\dataset_03\train\normal\3348_right.jpg,slit_lamp,1.267670568,1,1.412232775,1,2.11858302,2,1.928481723,2
3350_left.jpg,data\raw\slit_lamp\dataset_03\train\normal\3350_left.jpg,slit_lamp,2.938069936,3,3.986582385,4,2.140189327,2,2.850885916,3
3352_left.jpg,data\raw\slit_lamp\dataset_03\train\normal\3352_left.jpg,slit_lamp,2.838191489,3,2.584466809,3,2.166189252,2,2.639561306,3
3352_right.jpg,data\raw\slit_lamp\dataset_03\train\normal\3352_right.jpg,slit_lamp,2.744336358,3,2.506790547,3,2.171132917,2,2.582867972,3
3356_left.jpg,data\raw\slit_lamp\dataset_03\train\normal\3356_left.jpg,slit_lamp,2.413721566,2,2.084018637,2,2.075309674,2,3.064460142,3
3357_left.jpg,data\raw\slit_lamp\dataset_03\train\normal\3357_left.jpg,slit_lamp,2.632147754,3,2.159820699,2,2.234168711,2,2.503761573,3
3357_right.jpg,data\raw\slit_lamp\dataset_03\train\normal\3357_right.jpg,slit_lamp,2.677465428,3,2.169103009,2,2.18827488,2,2.436563506,2
3358_left.jpg,data\raw\slit_lamp\dataset_03\train\normal\3358_left.jpg,slit_lamp,3.088701594,3,2.735870764,3,2.112591459,2,2.729792673,3
3358_right.jpg,data\raw\slit_lamp\dataset_03\train\normal\3358_right.jpg,slit_lamp,2.749933606,3,2.512389443,3,2.138026168,2,2.532818835,3
3359_left.jpg,data\raw\slit_lamp\dataset_03\train\normal\3359_left.jpg,slit_lamp,2.405834408,2,4.752330478,5,2.103851982,2,2.89384954,3
3360_right.jpg,data\raw\slit_lamp\dataset_03\train\normal\3360_right.jpg,slit_lamp,2.713801739,3,2.333017829,2,2.178734372,2,2.576400085,3
3363_left.jpg,data\raw\slit_lamp\dataset_03\train\normal\3363_left.jpg,slit_lamp,2.404016453,2,1.750185092,2,2.124938974,2,2.255024701,2
3363_right.jpg,data\raw\slit_lamp\dataset_03\train\normal\3363_right.jpg,slit_lamp,2.724758933,3,1.796305077,2,2.126738734,2,2.346393505,2
3364_right.jpg,data\raw\slit_lamp\dataset_03\train\normal\3364_right.jpg,slit_lamp,2.32239513,2,1.851038771,2,2.167515342,2,2.422636951,2
3365_left.jpg,data\raw\slit_lamp\dataset_03\train\normal\3365_left.jpg,slit_lamp,3.137743524,3,2.604957387,3,2.144998313,2,2.416102648,2
3373_right.jpg,data\raw\slit_lamp\dataset_03\train\normal\3373_right.jpg,slit_lamp,0.790829711,1,1.538099394,2,2.184167691,2,1.846884259,2
3375_left.jpg,data\raw\slit_lamp\dataset_03\train\normal\3375_left.jpg,slit_lamp,2.569000253,3,2.840441898,3,2.123979265,2,2.812216773,3
3377_right.jpg,data\raw\slit_lamp\dataset_03\train\normal\3377_right.jpg,slit_lamp,2.622868279,3,4.35729241,4,2.149088062,2,2.54326562,3
3378_right.jpg,data\raw\slit_lamp\dataset_03\train\normal\3378_right.jpg,slit_lamp,0.110652549,0,4.022691688,4,3.106467243,3,2.495746485,2
3379_right.jpg,data\raw\slit_lamp\dataset_03\train\normal\3379_right.jpg,slit_lamp,2.616020916,3,2.055718542,2,2.44647836,2,1.976464365,2
3380_right.jpg,data\raw\slit_lamp\dataset_03\train\normal\3380_right.jpg,slit_lamp,3.035345009,3,2.709713838,3,2.17463124,2,2.699450092,3
3381_left.jpg,data\raw\slit_lamp\dataset_03\train\normal\3381_left.jpg,slit_lamp,2.695794045,3,2.031647891,2,2.134422134,2,2.443294224,2
3382_left.jpg,data\raw\slit_lamp\dataset_03\train\normal\3382_left.jpg,slit_lamp,2.543998692,3,1.872411709,2,2.166430345,2,2.233992675,2
3383_right.jpg,data\raw\slit_lamp\dataset_03\train\normal\3383_right.jpg,slit_lamp,2.842068573,3,2.629898555,3,2.159320773,2,2.418472032,2
3386_left.jpg,data\raw\slit_lamp\dataset_03\train\normal\3386_left.jpg,slit_lamp,2.451498073,2,2.14853795,2,2.128298846,2,2.546169863,3
3387_left.jpg,data\raw\slit_lamp\dataset_03\train\normal\3387_left.jpg,slit_lamp,3.068628704,3,2.757555496,3,2.122899727,2,2.430238076,2
3388_left.jpg,data\raw\slit_lamp\dataset_03\train\normal\3388_left.jpg,slit_lamp,2.913939818,3,2.489821789,2,2.124339143,2,2.63846766,3
3388_right.jpg,data\raw\slit_lamp\dataset_03\train\normal\3388_right.jpg,slit_lamp,2.38276778,2,2.317856755,2,2.122300046,2,2.59813166,3
3391_right.jpg,data\raw\slit_lamp\dataset_03\train\normal\3391_right.jpg,slit_lamp,2.828891058,3,2.071542316,2,2.309867846,2,2.297409623,2
3392_left.jpg,data\raw\slit_lamp\dataset_03\train\normal\3392_left.jpg,slit_lamp,1.238968354,1,4.414670991,4,2.3542177,2,2.21402296,2
3392_right.jpg,data\raw\slit_lamp\dataset_03\train\normal\3392_right.jpg,slit_lamp,0.598293903,1,4.561183754,5,2.415573545,2,2.215781721,2
3395_left.jpg,data\raw\slit_lamp\dataset_03\train\normal\3395_left.jpg,slit_lamp,2.404204854,2,2.059858509,2,2.122180116,2,2.451115997,2
3398_left.jpg,data\raw\slit_lamp\dataset_03\train\normal\3398_left.jpg,slit_lamp,3.021153869,3,3.554734493,4,2.12805881,2,2.603501192,3
3399_left.jpg,data\raw\slit_lamp\dataset_03\train\normal\3399_left.jpg,slit_lamp,2.281109324,2,1.731635735,2,2.196373443,2,2.138265579,2
3399_right.jpg,data\raw\slit_lamp\dataset_03\train\normal\3399_right.jpg,slit_lamp,2.13564317,2,1.80241871,2,2.19238378,2,2.150912267,2
3403_left.jpg,data\raw\slit_lamp\dataset_03\train\normal\3403_left.jpg,slit_lamp,2.919022557,3,2.33376312,2,2.104091288,2,2.279962417,2
3404_left.jpg,data\raw\slit_lamp\dataset_03\train\normal\3404_left.jpg,slit_lamp,2.091935664,2,1.750039302,2,2.120860994,2,2.290691437,2
3405_left.jpg,data\raw\slit_lamp\dataset_03\train\normal\3405_left.jpg,slit_lamp,2.392605939,2,2.296212196,2,2.120860994,2,2.564167459,3
3405_right.jpg,data\raw\slit_lamp\dataset_03\train\normal\3405_right.jpg,slit_lamp,2.789164627,3,2.327191273,2,2.136584369,2,2.483455365,2
3408_left.jpg,data\raw\slit_lamp\dataset_03\train\normal\3408_left.jpg,slit_lamp,3.057679778,3,2.768658585,3,2.045575331,2,2.614819495,3
3408_right.jpg,data\raw\slit_lamp\dataset_03\train\normal\3408_right.jpg,slit_lamp,2.734607206,3,2.603564807,3,2.06601884,2,2.070861382,2
3410_left.jpg,data\raw\slit_lamp\dataset_03\train\normal\3410_left.jpg,slit_lamp,1.87728622,2,4.24588575,4,2.127938794,2,3.114295141,3
3411_right.jpg,data\raw\slit_lamp\dataset_03\train\normal\3411_right.jpg,slit_lamp,2.45009169,2,4.809776887,5,2.146441533,2,2.768088408,3
3414_left.jpg,data\raw\slit_lamp\dataset_03\train\normal\3414_left.jpg,slit_lamp,2.687070598,3,2.261681052,2,2.101100493,2,2.731170857,3
3415_right.jpg,data\raw\slit_lamp\dataset_03\train\normal\3415_right.jpg,slit_lamp,2.309962343,2,2.159036396,2,2.122539913,2,2.491580266,2
3416_right.jpg,data\raw\slit_lamp\dataset_03\train\normal\3416_right.jpg,slit_lamp,2.750196644,3,2.747363884,3,2.067685524,2,2.190239817,2
3417_left.jpg,data\raw\slit_lamp\dataset_03\train\normal\3417_left.jpg,slit_lamp,3.018177609,3,2.663266799,3,2.09309096,2,2.257075269,2
3417_right.jpg,data\raw\slit_lamp\dataset_03\train\normal\3417_right.jpg,slit_lamp,3.000333074,3,2.439929838,2,2.092613048,2,1.977224787,2
3418_left.jpg,data\raw\slit_lamp\dataset_03\train\normal\3418_left.jpg,slit_lamp,2.398124131,2,2.663873435,3,2.134902582,2,2.595478587,3
3419_right.jpg,data\raw\slit_lamp\dataset_03\train\normal\3419_right.jpg,slit_lamp,1.620664392,2,1.734114779,2,2.173424775,2,2.174938432,2
3420_left.jpg,data\raw\slit_lamp\dataset_03\train\normal\3420_left.jpg,slit_lamp,1.471231399,1,2.11204535,2,2.119542088,2,2.038175376,2
3420_right.jpg,data\raw\slit_lamp\dataset_03\train\normal\3420_right.jpg,slit_lamp,2.568545287,3,2.233462825,2,2.111273925,2,2.811933244,3
3421_left.jpg,data\raw\slit_lamp\dataset_03\train\normal\3421_left.jpg,slit_lamp,1.957987503,2,1.839574785,2,2.071377446,2,2.964671225,3
3422_right.jpg,data\raw\slit_lamp\dataset_03\train\normal\3422_right.jpg,slit_lamp,2.481659199,2,2.481535044,2,2.131059769,2,2.695084362,3
3423_left.jpg,data\raw\slit_lamp\dataset_03\train\normal\3423_left.jpg,slit_lamp,2.772774471,3,2.240086728,2,2.192021161,2,2.578050657,3
3426_right.jpg,data\raw\slit_lamp\dataset_03\train\normal\3426_right.jpg,slit_lamp,2.757182592,3,3.867752371,4,2.124938974,2,2.901497436,3
3430_left.jpg,data\raw\slit_lamp\dataset_03\train\normal\3430_left.jpg,slit_lamp,2.659251162,3,2.579706767,3,2.131299893,2,2.599490924,3
3431_left.jpg,data\raw\slit_lamp\dataset_03\train\normal\3431_left.jpg,slit_lamp,2.898924061,3,2.471580363,2,2.152938988,2,2.563616414,3
3431_right.jpg,data\raw\slit_lamp\dataset_03\train\normal\3431_right.jpg,slit_lamp,2.920849253,3,2.535153872,3,2.199880809,2,2.55105354,3
3432_right.jpg,data\raw\slit_lamp\dataset_03\train\normal\3432_right.jpg,slit_lamp,1.801559802,2,1.871750107,2,2.124219182,2,2.200682706,2
3433_left.jpg,data\raw\slit_lamp\dataset_03\train\normal\3433_left.jpg,slit_lamp,3.023426229,3,2.601583352,3,2.168841622,2,2.673570967,3
3433_right.jpg,data\raw\slit_lamp\dataset_03\train\normal\3433_right.jpg,slit_lamp,3.074632915,3,2.577552681,3,2.123619403,2,2.659776486,3
3434_right.jpg,data\raw\slit_lamp\dataset_03\train\normal\3434_right.jpg,slit_lamp,2.260562255,2,1.752162835,2,2.161489205,2,2.258727245,2
3436_right.jpg,data\raw\slit_lamp\dataset_03\train\normal\3436_right.jpg,slit_lamp,3.17286211,3,2.687697317,3,2.045100636,2,3.357722745,3
3437_left.jpg,data\raw\slit_lamp\dataset_03\train\normal\3437_left.jpg,slit_lamp,3.17363187,3,3.093311443,3,2.132620698,2,2.872026179,3
3438_right.jpg,data\raw\slit_lamp\dataset_03\train\normal\3438_right.jpg,slit_lamp,2.758525735,3,3.706133209,4,2.178734372,2,2.619841131,3
3441_left.jpg,data\raw\slit_lamp\dataset_03\train\normal\3441_left.jpg,slit_lamp,1.979669751,2,2.060256219,2,2.072211373,2,3.042734934,3
3442_left.jpg,data\raw\slit_lamp\dataset_03\train\normal\3442_left.jpg,slit_lamp,3.01358192,3,2.967229275,3,2.118702897,2,2.917146639,3
3443_left.jpg,data\raw\slit_lamp\dataset_03\train\normal\3443_left.jpg,slit_lamp,2.219118755,2,2.166356694,2,2.12637875,2,2.650493541,3
3444_right.jpg,data\raw\slit_lamp\dataset_03\train\normal\3444_right.jpg,slit_lamp,2.730519815,3,1.990598473,2,2.121460568,2,2.450578519,2
3446_left.jpg,data\raw\slit_lamp\dataset_03\train\normal\3446_left.jpg,slit_lamp,1.63170208,2,1.680029867,2,2.13021939,2,2.186148861,2
3446_right.jpg,data\raw\slit_lamp\dataset_03\train\normal\3446_right.jpg,slit_lamp,1.213919009,1,1.627467651,2,2.120021665,2,2.185160036,2
3485_left.jpg,data\raw\slit_lamp\dataset_03\train\normal\3485_left.jpg,slit_lamp,2.981095991,3,2.824497018,3,2.128658914,2,2.624497895,3
4637_left.jpg,data\raw\slit_lamp\dataset_03\train\normal\4637_left.jpg,slit_lamp,2.306961567,2,2.237327901,2,2.16197115,2,2.59106894,3
4637_right.jpg,data\raw\slit_lamp\dataset_03\train\normal\4637_right.jpg,slit_lamp,2.317140798,2,2.053068164,2,2.164140216,2,2.461626796,2
530_right.jpg,data\raw\slit_lamp\dataset_03\train\normal\530_right.jpg,slit_lamp,2.937643583,3,2.699995053,3,2.203268368,2,2.550057995,3
695_left.jpg,data\raw\slit_lamp\dataset_03\train\normal\695_left.jpg,slit_lamp,1.097628709,1,1.881171063,2,2.613432054,3,2.633680004,3
695_right.jpg,data\raw\slit_lamp\dataset_03\train\normal\695_right.jpg,slit_lamp,1.183473163,1,1.873413173,2,2.503786557,3,2.415707179,2
84_left.jpg,data\raw\slit_lamp\dataset_03\train\normal\84_left.jpg,slit_lamp,2.489966988,2,2.050451134,2,2.166189252,2,3.006659213,3
84_right.jpg,data\raw\slit_lamp\dataset_03\train\normal\84_right.jpg,slit_lamp,2.494068125,2,2.102559137,2,2.200485648,2,3.017476828,3
8_left.jpg,data\raw\slit_lamp\dataset_03\train\normal\8_left.jpg,slit_lamp,2.917492925,3,2.594037209,3,2.126978732,2,2.609598267,3
939_left.jpg,data\raw\slit_lamp\dataset_03\train\normal\939_left.jpg,slit_lamp,1.682228298,2,2.186792971,2,2.15438352,2,2.410078223,2
939_right.jpg,data\raw\slit_lamp\dataset_03\train\normal\939_right.jpg,slit_lamp,2.908942188,3,2.421290753,2,2.145719893,2,2.557576098,3
951_left.jpg,data\raw\slit_lamp\dataset_03\train\normal\951_left.jpg,slit_lamp,2.679818186,3,2.329965381,2,2.257368143,2,2.603318807,3
951_right.jpg,data\raw\slit_lamp\dataset_03\train\normal\951_right.jpg,slit_lamp,2.881754964,3,2.32329758,2,2.326104771,2,2.37110295,2
1209_right.jpg,data\raw\slit_lamp\dataset_03\val\mild\1209_right.jpg,slit_lamp,2.945402576,3,4.259524931,4,2.061734911,2,2.736781303,3
1217_right.jpg,data\raw\slit_lamp\dataset_03\val\mild\1217_right.jpg,slit_lamp,2.752118953,3,2.468126392,2,2.122180116,2,2.825933022,3
1221_left.jpg,data\raw\slit_lamp\dataset_03\val\mild\1221_left.jpg,slit_lamp,3.246754258,3,3.63632779,4,2.083061286,2,2.946215038,3
1225_left.jpg,data\raw\slit_lamp\dataset_03\val\mild\1225_left.jpg,slit_lamp,2.03778875,2,3.706342456,4,2.114867719,2,2.336480883,2
1227_right.jpg,data\raw\slit_lamp\dataset_03\val\mild\1227_right.jpg,slit_lamp,3.064764417,3,2.654114049,3,2.15233717,2,2.809985752,3
1232_left.jpg,data\raw\slit_lamp\dataset_03\val\mild\1232_left.jpg,slit_lamp,3.156485362,3,3.683726256,4,2.182235494,2,2.589721803,3
1234_left.jpg,data\raw\slit_lamp\dataset_03\val\mild\1234_left.jpg,slit_lamp,3.148113619,3,2.989860138,3,2.203994418,2,2.696102528,3
1237_right.jpg,data\raw\slit_lamp\dataset_03\val\mild\1237_right.jpg,slit_lamp,1.755792409,2,1.869788242,2,2.131059769,2,3.068768335,3
1239_right.jpg,data\raw\slit_lamp\dataset_03\val\mild\1239_right.jpg,slit_lamp,3.032110076,3,2.465632332,2,2.126618738,2,2.691260702,3
1246_right.jpg,data\raw\slit_lamp\dataset_03\val\mild\1246_right.jpg,slit_lamp,3.292718108,3,2.717992468,3,2.020936894,2,3.260139403,3
1247_right.jpg,data\raw\slit_lamp\dataset_03\val\mild\1247_right.jpg,slit_lamp,2.549327293,3,2.186217649,2,2.11930231,2,2.617658435,3
1248_left.jpg,data\raw\slit_lamp\dataset_03\val\mild\1248_left.jpg,slit_lamp,2.8658638,3,2.689834144,3,2.123619403,2,2.561461547,3
1254_right.jpg,data\raw\slit_lamp\dataset_03\val\mild\1254_right.jpg,slit_lamp,2.931965949,3,2.181935003,2,2.124819004,2,2.198698802,2
1256_left.jpg,data\raw\slit_lamp\dataset_03\val\mild\1256_left.jpg,slit_lamp,1.148999035,1,1.585409475,2,2.12265985,2,2.179121323,2
1263_right.jpg,data\raw\slit_lamp\dataset_03\val\mild\1263_right.jpg,slit_lamp,2.175584821,2,1.452874751,1,2.089985083,2,2.649662273,3
1269_right.jpg,data\raw\slit_lamp\dataset_03\val\mild\1269_right.jpg,slit_lamp,1.762936784,2,1.809774983,2,2.113789409,2,2.310167656,2
1270_right.jpg,data\raw\slit_lamp\dataset_03\val\mild\1270_right.jpg,slit_lamp,2.84717583,3,2.424743289,2,2.163658157,2,2.633883713,3
1273_right.jpg,data\raw\slit_lamp\dataset_03\val\mild\1273_right.jpg,slit_lamp,3.096579577,3,2.594031719,3,2.157634575,2,2.525970822,3
1288_left.jpg,data\raw\slit_lamp\dataset_03\val\mild\1288_left.jpg,slit_lamp,2.619855166,3,3.399682728,3,2.117504206,2,2.802245065,3
1297_right.jpg,data\raw\slit_lamp\dataset_03\val\mild\1297_right.jpg,slit_lamp,2.277385439,2,2.049137178,2,2.134782468,2,2.434483033,2
1325_left.jpg,data\raw\slit_lamp\dataset_03\val\mild\1325_left.jpg,slit_lamp,2.49234637,2,2.810745453,3,2.088552039,2,2.636263747,3
1334_left.jpg,data\raw\slit_lamp\dataset_03\val\mild\1334_left.jpg,slit_lamp,2.912190154,3,2.680449483,3,2.127578758,2,2.680800772,3
1344_right.jpg,data\raw\slit_lamp\dataset_03\val\mild\1344_right.jpg,slit_lamp,3.14844014,3,3.630645808,4,2.164260735,2,2.846323787,3
1352_left.jpg,data\raw\slit_lamp\dataset_03\val\mild\1352_left.jpg,slit_lamp,2.511239176,3,3.597961329,4,2.124459105,2,2.976167637,3
1362_left.jpg,data\raw\slit_lamp\dataset_03\val\mild\1362_left.jpg,slit_lamp,3.151497983,3,2.675953277,3,2.182476998,2,2.672206212,3
1362_right.jpg,data\raw\slit_lamp\dataset_03\val\mild\1362_right.jpg,slit_lamp,3.085703702,3,2.522318399,3,2.123379504,2,2.627235273,3
1365_left.jpg,data\raw\slit_lamp\dataset_03\val\mild\1365_left.jpg,slit_lamp,2.973883368,3,2.286322206,2,2.123739355,2,2.585864375,3
1371_left.jpg,data\raw\slit_lamp\dataset_03\val\mild\1371_left.jpg,slit_lamp,3.068998642,3,2.493498166,2,2.05032414,2,3.220149783,3
1374_right.jpg,data\raw\slit_lamp\dataset_03\val\mild\1374_right.jpg,slit_lamp,3.141949267,3,3.052856409,3,2.117384347,2,3.052281703,3
1383_left.jpg,data\raw\slit_lamp\dataset_03\val\mild\1383_left.jpg,slit_lamp,3.056348041,3,2.446997481,2,2.055195152,2,3.218090715,3
1386_left.jpg,data\raw\slit_lamp\dataset_03\val\mild\1386_left.jpg,slit_lamp,3.310116827,3,2.753863838,3,2.047949314,2,2.600224329,3
1389_left.jpg,data\raw\slit_lamp\dataset_03\val\mild\1389_left.jpg,slit_lamp,3.073354065,3,4.580065247,5,2.074237033,2,2.969117961,3
1404_left.jpg,data\raw\slit_lamp\dataset_03\val\mild\1404_left.jpg,slit_lamp,3.090957942,3,2.907105603,3,2.11906254,2,2.903224084,3
1410_left.jpg,data\raw\slit_lamp\dataset_03\val\mild\1410_left.jpg,slit_lamp,3.287410199,3,2.96203602,3,2.038458481,2,3.142348714,3
1415_right.jpg,data\raw\slit_lamp\dataset_03\val\mild\1415_right.jpg,slit_lamp,1.432331412,1,2.105534681,2,2.118103529,2,2.213520418,2
1419_left.jpg,data\raw\slit_lamp\dataset_03\val\mild\1419_left.jpg,slit_lamp,3.289066925,3,4.691683955,5,2.053293852,2,3.06399971,3
1427_right.jpg,data\raw\slit_lamp\dataset_03\val\mild\1427_right.jpg,slit_lamp,2.899208447,3,2.406494922,2,2.034665985,2,2.230011367,2
1428_left.jpg,data\raw\slit_lamp\dataset_03\val\mild\1428_left.jpg,slit_lamp,2.630872398,3,4.045962774,4,2.123859309,2,2.909142695,3
1431_left.jpg,data\raw\slit_lamp\dataset_03\val\mild\1431_left.jpg,slit_lamp,2.71161812,3,4.697433527,5,2.125298894,2,2.923413731,3
1431_right.jpg,data\raw\slit_lamp\dataset_03\val\mild\1431_right.jpg,slit_lamp,2.45591316,2,2.804536602,3,2.12613877,2,2.840843715,3
1443_right.jpg,data\raw\slit_lamp\dataset_03\val\mild\1443_right.jpg,slit_lamp,2.60050678,3,4.666327504,5,2.143795813,2,2.886531095,3
1458_left.jpg,data\raw\slit_lamp\dataset_03\val\mild\1458_left.jpg,slit_lamp,2.880630096,3,3.403528959,3,2.122899727,2,2.912217097,3
1458_right.jpg,data\raw\slit_lamp\dataset_03\val\mild\1458_right.jpg,slit_lamp,2.699125445,3,2.941250807,3,2.148005294,2,2.681061872,3
1473_left.jpg,data\raw\slit_lamp\dataset_03\val\mild\1473_left.jpg,slit_lamp,1.978666769,2,2.084520292,2,2.159802602,2,1.785107121,2
1474_left.jpg,data\raw\slit_lamp\dataset_03\val\mild\1474_left.jpg,slit_lamp,3.21472029,3,2.844083418,3,2.12853889,2,2.628758289,3
1477_left.jpg,data\raw\slit_lamp\dataset_03\val\mild\1477_left.jpg,slit_lamp,3.143783852,3,3.486847028,3,2.123019669,2,3.037031288,3
1489_left.jpg,data\raw\slit_lamp\dataset_03\val\mild\1489_left.jpg,slit_lamp,2.517045631,3,2.020450192,2,2.125058946,2,2.594435549,3
1495_left.jpg,data\raw\slit_lamp\dataset_03\val\mild\1495_left.jpg,slit_lamp,2.685255233,3,2.09641471,2,2.136103824,2,1.601792504,2
1515_left.jpg,data\raw\slit_lamp\dataset_03\val\mild\1515_left.jpg,slit_lamp,1.70810634,2,2.740926165,3,2.118103529,2,1.82308269,2
153_left.jpg,data\raw\slit_lamp\dataset_03\val\mild\153_left.jpg,slit_lamp,3.017307756,3,2.377395448,2,2.125778813,2,2.657712337,3
1881_left.jpg,data\raw\slit_lamp\dataset_03\val\mild\1881_left.jpg,slit_lamp,2.937866833,3,2.312647353,2,2.128178827,2,2.332405276,2
1964_left.jpg,data\raw\slit_lamp\dataset_03\val\mild\1964_left.jpg,slit_lamp,3.019773423,3,2.751013326,3,2.227860473,2,2.426406748,2
1965_left.jpg,data\raw\slit_lamp\dataset_03\val\mild\1965_left.jpg,slit_lamp,2.972865813,3,2.691305021,3,2.12457907,2,2.87784845,3
2006_left.jpg,data\raw\slit_lamp\dataset_03\val\mild\2006_left.jpg,slit_lamp,2.395691404,2,2.021854853,2,2.246430966,2,2.20581418,2
2010_left.jpg,data\raw\slit_lamp\dataset_03\val\mild\2010_left.jpg,slit_lamp,2.546327692,3,2.100867744,2,2.225556411,2,2.571904634,3
2020_left.jpg,data\raw\slit_lamp\dataset_03\val\mild\2020_left.jpg,slit_lamp,2.655845649,3,2.136248657,2,2.128178827,2,2.497288101,2
247_right.jpg,data\raw\slit_lamp\dataset_03\val\mild\247_right.jpg,slit_lamp,2.848418794,3,2.446020366,2,2.132500616,2,2.650061286,3
931_left.jpg,data\raw\slit_lamp\dataset_03\val\mild\931_left.jpg,slit_lamp,2.91452229,3,2.516323221,3,2.132620698,2,2.505792223,3
_102_5502806.jpg,data\raw\slit_lamp\dataset_03\val\mild\_102_5502806.jpg,slit_lamp,2.333019389,2,1.69811081,2,2.366575068,2,3.119255685,3
_104_9271975.jpg,data\raw\slit_lamp\dataset_03\val\mild\_104_9271975.jpg,slit_lamp,2.605123205,3,2.867801113,3,2.45678407,2,2.492354993,2
_10_2555943.jpg,data\raw\slit_lamp\dataset_03\val\mild\_10_2555943.jpg,slit_lamp,2.324542655,2,2.120956533,2,2.405767442,2,2.558370362,3
_116_1943666.jpg,data\raw\slit_lamp\dataset_03\val\mild\_116_1943666.jpg,slit_lamp,2.58405888,3,2.053919985,2,2.415573545,2,2.45130875,2
_117_8186757.jpg,data\raw\slit_lamp\dataset_03\val\mild\_117_8186757.jpg,slit_lamp,3.178991871,3,2.739615996,3,2.208714972,2,2.770104101,3
_118_6838709.jpg,data\raw\slit_lamp\dataset_03\val\mild\_118_6838709.jpg,slit_lamp,3.229052286,3,2.670364236,3,2.388123975,2,2.833618553,3
_121_2837450.jpg,data\raw\slit_lamp\dataset_03\val\mild\_121_2837450.jpg,slit_lamp,3.046950316,3,4.155907326,4,2.325005551,2,2.798535502,3
_123_6574789.jpg,data\raw\slit_lamp\dataset_03\val\mild\_123_6574789.jpg,slit_lamp,2.479683106,2,1.741146299,2,2.342111962,2,2.364829995,2
_124_11722.jpg,data\raw\slit_lamp\dataset_03\val\mild\_124_11722.jpg,slit_lamp,3.119933389,3,4.957989392,5,2.376367755,2,2.803338876,3
_126_6964713.jpg,data\raw\slit_lamp\dataset_03\val\mild\_126_6964713.jpg,slit_lamp,2.045314468,2,1.678660103,2,2.397924636,2,2.289588187,2
_134_3244278.jpg,data\raw\slit_lamp\dataset_03\val\mild\_134_3244278.jpg,slit_lamp,2.810569949,3,2.686974238,3,2.371470917,2,2.730081635,3
_139_2849264.jpg,data\raw\slit_lamp\dataset_03\val\mild\_139_2849264.jpg,slit_lamp,3.085574317,3,2.684969486,3,2.36559602,2,2.701989978,3
_142_682945.jpg,data\raw\slit_lamp\dataset_03\val\mild\_142_682945.jpg,slit_lamp,3.224403166,3,3.589591094,4,2.471508976,2,2.807342061,3
_144_611038.jpg,data\raw\slit_lamp\dataset_03\val\mild\_144_611038.jpg,slit_lamp,3.214180343,3,3.186042211,3,2.504891152,3,2.61221129,3
_154_6297009.jpg,data\raw\slit_lamp\dataset_03\val\mild\_154_6297009.jpg,slit_lamp,2.939172283,3,2.148010376,2,2.378816533,2,2.289555719,2
_157_6473114.jpg,data\raw\slit_lamp\dataset_03\val\mild\_157_6473114.jpg,slit_lamp,3.055481145,3,2.126293805,2,2.256273996,2,3.156291814,3
_157_7971265.jpg,data\raw\slit_lamp\dataset_03\val\mild\_157_7971265.jpg,slit_lamp,3.104839157,3,2.09938707,2,2.240237555,2,3.187988312,3
_159_52965.jpg,data\raw\slit_lamp\dataset_03\val\mild\_159_52965.jpg,slit_lamp,3.115349386,3,2.851501802,3,2.384204658,2,2.881147751,3
_160_3285565.jpg,data\raw\slit_lamp\dataset_03\val\mild\_160_3285565.jpg,slit_lamp,3.166433697,3,4.504140063,5,2.408708982,2,2.884450262,3
_161_1354200.jpg,data\raw\slit_lamp\dataset_03\val\mild\_161_1354200.jpg,slit_lamp,3.062992917,3,2.496843443,2,2.454820954,2,2.676606747,3
_165_6911194.jpg,data\raw\slit_lamp\dataset_03\val\mild\_165_6911194.jpg,slit_lamp,2.840468894,3,2.447949653,2,2.47003638,2,2.648213087,3
_177_7654905.jpg,data\raw\slit_lamp\dataset_03\val\mild\_177_7654905.jpg,slit_lamp,2.716790406,3,3.509256601,4,2.362659126,2,2.342052796,2
_180_6449017.jpg,data\raw\slit_lamp\dataset_03\val\mild\_180_6449017.jpg,slit_lamp,3.28872195,3,3.979266808,4,2.312796665,2,2.795789801,3
_182_6536787.jpg,data\raw\slit_lamp\dataset_03\val\mild\_182_6536787.jpg,slit_lamp,3.195690534,3,2.329571333,2,2.272817582,2,3.298401569,3
_185_7833633.jpg,data\raw\slit_lamp\dataset_03\val\mild\_185_7833633.jpg,slit_lamp,1.758943097,2,2.119913673,2,2.33868944,2,2.21395945,2
_188_1477185.jpg,data\raw\slit_lamp\dataset_03\val\mild\_188_1477185.jpg,slit_lamp,3.15248193,3,2.274605211,2,2.295231783,2,3.050746298,3
_188_6021497.jpg,data\raw\slit_lamp\dataset_03\val\mild\_188_6021497.jpg,slit_lamp,3.172952133,3,2.27744945,2,2.305475604,2,3.082246956,3
_189_3602727.jpg,data\raw\slit_lamp\dataset_03\val\mild\_189_3602727.jpg,slit_lamp,3.29045526,3,4.632197124,5,2.289381255,2,2.920275579,3
_191_6264437.jpg,data\raw\slit_lamp\dataset_03\val\mild\_191_6264437.jpg,slit_lamp,2.696843839,3,3.083656025,3,2.389593862,2,2.567207943,3
_195_8472436.jpg,data\raw\slit_lamp\dataset_03\val\mild\_195_8472436.jpg,slit_lamp,2.66698723,3,1.813121532,2,2.304499713,2,2.620132695,3
_196_3505519.jpg,data\raw\slit_lamp\dataset_03\val\mild\_196_3505519.jpg,slit_lamp,3.199017307,3,2.336880061,2,2.164260735,2,2.148449274,2
_196_9338682.jpg,data\raw\slit_lamp\dataset_03\val\mild\_196_9338682.jpg,slit_lamp,3.174216122,3,2.319723871,2,2.17052989,2,2.12825522,2
_198_4839828.jpg,data\raw\slit_lamp\dataset_03\val\mild\_198_4839828.jpg,slit_lamp,3.056962036,3,4.269144401,4,2.383224917,2,2.913467742,3
_199_1326301.jpg,data\raw\slit_lamp\dataset_03\val\mild\_199_1326301.jpg,slit_lamp,3.245030161,3,4.66825762,5,2.358743859,2,2.920958221,3
_209_6790686.jpg,data\raw\slit_lamp\dataset_03\val\mild\_209_6790686.jpg,slit_lamp,3.11769912,3,2.291270733,2,2.370002057,2,2.336284729,2
_20_5240419.jpg,data\raw\slit_lamp\dataset_03\val\mild\_20_5240419.jpg,slit_lamp,2.97466448,3,2.784367364,3,2.625554852,3,2.641462869,3
_20_7421444.jpg,data\raw\slit_lamp\dataset_03\val\mild\_20_7421444.jpg,slit_lamp,2.969420813,3,2.783388824,3,2.531399866,3,2.645878348,3
_211_3409683.jpg,data\raw\slit_lamp\dataset_03\val\mild\_211_3409683.jpg,slit_lamp,3.115329888,3,2.461431931,2,2.172459714,2,2.148383943,2
_217_6214632.jpg,data\raw\slit_lamp\dataset_03\val\mild\_217_6214632.jpg,slit_lamp,2.88161531,3,3.186776449,3,2.762639946,3,2.727536823,3
_222_8813596.jpg,data\raw\slit_lamp\dataset_03\val\mild\_222_8813596.jpg,slit_lamp,2.942575224,3,2.116863376,2,2.247524249,2,3.087793163,3
_223_2293487.jpg,data\raw\slit_lamp\dataset_03\val\mild\_223_2293487.jpg,slit_lamp,2.750671927,3,2.229755534,2,2.39890488,2,2.593808954,3
_227_1784248.jpg,data\raw\slit_lamp\dataset_03\val\mild\_227_1784248.jpg,slit_lamp,2.109369733,2,1.880234991,2,2.38763403,2,1.956855328,2
_230_7804467.jpg,data\raw\slit_lamp\dataset_03\val\mild\_230_7804467.jpg,slit_lamp,3.050741229,3,3.313808249,3,2.354340016,2,2.852626227,3
_231_4877279.jpg,data\raw\slit_lamp\dataset_03\val\mild\_231_4877279.jpg,slit_lamp,3.28319035,3,3.100632921,3,2.302060249,2,2.850386934,3
_232_9030219.jpg,data\raw\slit_lamp\dataset_03\val\mild\_232_9030219.jpg,slit_lamp,3.258847417,3,2.585908052,3,2.388123975,2,2.891704237,3
_236_8014695.jpg,data\raw\slit_lamp\dataset_03\val\mild\_236_8014695.jpg,slit_lamp,3.292745497,3,3.135531724,3,2.171012309,2,2.973806438,3
_238_9493538.jpg,data\raw\slit_lamp\dataset_03\val\mild\_238_9493538.jpg,slit_lamp,2.84600353,3,2.65676136,3,2.431268596,2,2.674066615,3
_239_5512637.jpg,data\raw\slit_lamp\dataset_03\val\mild\_239_5512637.jpg,slit_lamp,3.072748357,3,3.466997987,3,2.364617014,2,2.741897656,3
_242_5062809.jpg,data\raw\slit_lamp\dataset_03\val\mild\_242_5062809.jpg,slit_lamp,2.945758992,3,2.034372776,2,2.361680245,2,2.581740937,3
_243_95702.jpg,data\raw\slit_lamp\dataset_03\val\mild\_243_95702.jpg,slit_lamp,3.180394469,3,4.899033866,5,2.356786486,2,2.889506159,3
_244_9609209.jpg,data\raw\slit_lamp\dataset_03\val\mild\_244_9609209.jpg,slit_lamp,2.667027869,3,2.044486143,2,2.329891488,2,1.594291311,2
_246_1688391.jpg,data\raw\slit_lamp\dataset_03\val\mild\_246_1688391.jpg,slit_lamp,2.908827967,3,2.220561845,2,2.333801179,2,1.75637218,2
_249_5342875.jpg,data\raw\slit_lamp\dataset_03\val\mild\_249_5342875.jpg,slit_lamp,2.935245171,3,2.043819471,2,2.330868833,2,1.769817117,2
_24_3870780.jpg,data\raw\slit_lamp\dataset_03\val\mild\_24_3870780.jpg,slit_lamp,3.312984066,3,3.521083309,4,2.052224605,2,2.650020411,3
_251_5505179.jpg,data\raw\slit_lamp\dataset_03\val\mild\_251_5505179.jpg,slit_lamp,3.203737309,3,3.700786597,4,2.419006311,2,2.966608453,3
_251_8769594.jpg,data\raw\slit_lamp\dataset_03\val\mild\_251_8769594.jpg,slit_lamp,3.20948888,3,3.703748057,4,2.395474164,2,2.983549866,3
_252_4705064.jpg,data\raw\slit_lamp\dataset_03\val\mild\_252_4705064.jpg,slit_lamp,3.251422583,3,3.845192079,4,2.289381255,2,3.029746105,3
_254_5059705.jpg,data\raw\slit_lamp\dataset_03\val\mild\_254_5059705.jpg,slit_lamp,2.60321985,3,2.445259768,2,2.519618732,3,2.613085743,3
_254_8727190.jpg,data\raw\slit_lamp\dataset_03\val\mild\_254_8727190.jpg,slit_lamp,2.51345353,3,2.437754756,2,2.542688817,3,2.641784497,3
_257_3895456.jpg,data\raw\slit_lamp\dataset_03\val\mild\_257_3895456.jpg,slit_lamp,3.089030173,3,2.646930293,3,2.392043843,2,2.812858551,3
_263_9132183.jpg,data\raw\slit_lamp\dataset_03\val\mild\_263_9132183.jpg,slit_lamp,2.967454711,3,2.322885622,2,2.3582545,2,2.33812807,2
_266_8920656.jpg,data\raw\slit_lamp\dataset_03\val\mild\_266_8920656.jpg,slit_lamp,2.496948237,2,2.394990665,2,2.402335977,2,2.517766649,3
_269_7481383.jpg,data\raw\slit_lamp\dataset_03\val\mild\_269_7481383.jpg,slit_lamp,2.831897398,3,2.266551603,2,2.382245212,2,2.474054886,2
_270_6223143.jpg,data\raw\slit_lamp\dataset_03\val\mild\_270_6223143.jpg,slit_lamp,2.741046693,3,2.33582369,2,2.541707231,3,2.42035775,2
_272_9782017.jpg,data\raw\slit_lamp\dataset_03\val\mild\_272_9782017.jpg,slit_lamp,3.229187764,3,2.343259338,2,2.292793785,2,3.035442895,3
_276_1824789.jpg,data\raw\slit_lamp\dataset_03\val\mild\_276_1824789.jpg,slit_lamp,2.86098657,3,2.288230604,2,2.380285912,2,2.666545535,3
_282_8545700.jpg,data\raw\slit_lamp\dataset_03\val\mild\_282_8545700.jpg,slit_lamp,2.834610725,3,2.093343476,2,2.486726777,2,2.632722339,3
_284_1958940.jpg,data\raw\slit_lamp\dataset_03\val\mild\_284_1958940.jpg,slit_lamp,2.643437784,3,2.065313892,2,2.399885155,2,2.339057254,2
_288_5661981.jpg,data\raw\slit_lamp\dataset_03\val\mild\_288_5661981.jpg,slit_lamp,2.668432391,3,1.944018126,2,2.325005551,2,2.46044744,2
_290_306861.jpg,data\raw\slit_lamp\dataset_03\val\mild\_290_306861.jpg,slit_lamp,3.133713371,3,2.270042424,2,2.520600534,3,3.107422018,3
_292_3590459.jpg,data\raw\slit_lamp\dataset_03\val\mild\_292_3590459.jpg,slit_lamp,2.869882298,3,2.03454368,2,2.342111962,2,2.392572969,2
_296_3140840.jpg,data\raw\slit_lamp\dataset_03\val\mild\_296_3140840.jpg,slit_lamp,1.989153398,2,1.954123642,2,2.409689552,2,2.565871134,3
_296_6754407.jpg,data\raw\slit_lamp\dataset_03\val\mild\_296_6754407.jpg,slit_lamp,2.051161753,2,1.941116457,2,2.35923323,2,2.54422811,3
_29_2615629.jpg,data\raw\slit_lamp\dataset_03\val\mild\_29_2615629.jpg,slit_lamp,3.186332819,3,2.595469986,3,2.548087293,3,2.601077223,3
_300_7433746.jpg,data\raw\slit_lamp\dataset_03\val\mild\_300_7433746.jpg,slit_lamp,2.613708215,3,1.877905188,2,2.230043701,2,3.027481115,3
_301_8474971.jpg,data\raw\slit_lamp\dataset_03\val\mild\_301_8474971.jpg,slit_lamp,2.619306291,3,1.792234482,2,2.459238041,2,2.183130899,2
_305_769962.jpg,data\raw\slit_lamp\dataset_03\val\mild\_305_769962.jpg,slit_lamp,2.487801003,2,2.225095768,2,2.431268596,2,2.505037567,3
_307_4576620.jpg,data\raw\slit_lamp\dataset_03\val\mild\_307_4576620.jpg,slit_lamp,2.993860949,3,2.554487805,3,2.329402835,2,1.69329781,2
_30_5516177.jpg,data\raw\slit_lamp\dataset_03\val\mild\_30_5516177.jpg,slit_lamp,3.130579826,3,2.595750149,3,2.459728844,2,2.755079816,3
_312_2571477.jpg,data\raw\slit_lamp\dataset_03\val\mild\_312_2571477.jpg,slit_lamp,2.757105481,3,2.43035316,2,2.302548112,2,1.511223473,2
_316_6373643.jpg,data\raw\slit_lamp\dataset_03\val\mild\_316_6373643.jpg,slit_lamp,3.250582519,3,2.907579025,3,2.297670173,2,2.256017759,2
_318_9413163.jpg,data\raw\slit_lamp\dataset_03\val\mild\_318_9413163.jpg,slit_lamp,3.246606279,3,2.872185714,3,2.314261269,2,2.113085926,2
_320_4614619.jpg,data\raw\slit_lamp\dataset_03\val\mild\_320_4614619.jpg,slit_lamp,3.129757817,3,2.680192547,3,2.288893815,2,1.749435894,2
_322_4870398.jpg,data\raw\slit_lamp\dataset_03\val\mild\_322_4870398.jpg,slit_lamp,2.988112595,3,2.855287287,3,2.365106512,2,1.888131259,2
_330_6332138.jpg,data\raw\slit_lamp\dataset_03\val\mild\_330_6332138.jpg,slit_lamp,2.866449809,3,2.573080251,3,2.306451554,2,1.50185944,2
_332_3900734.jpg,data\raw\slit_lamp\dataset_03\val\mild\_332_3900734.jpg,slit_lamp,2.912862555,3,2.522292763,3,2.262597021,2,1.547693642,2
_341_3030606.jpg,data\raw\slit_lamp\dataset_03\val\mild\_341_3030606.jpg,slit_lamp,3.113460795,3,2.564077891,3,2.294256536,2,1.64729224,2
_342_3907815.jpg,data\raw\slit_lamp\dataset_03\val\mild\_342_3907815.jpg,slit_lamp,2.997152038,3,2.468314269,2,2.380285912,2,1.459019895,1
_351_6945231.jpg,data\raw\slit_lamp\dataset_03\val\mild\_351_6945231.jpg,slit_lamp,3.001614074,3,2.505249007,3,2.339178335,2,1.582375828,2
_353_6531128.jpg,data\raw\slit_lamp\dataset_03\val\mild\_353_6531128.jpg,slit_lamp,3.060874948,3,2.826206478,3,2.382245212,2,1.833842993,2
_354_1214126.jpg,data\raw\slit_lamp\dataset_03\val\mild\_354_1214126.jpg,slit_lamp,3.114029403,3,2.610064265,3,2.316214274,2,1.781801129,2
_356_2280553.jpg,data\raw\slit_lamp\dataset_03\val\mild\_356_2280553.jpg,slit_lamp,3.175849807,3,2.588437046,3,2.283045806,2,1.723026056,2
_359_2481818.jpg,data\raw\slit_lamp\dataset_03\val\mild\_359_2481818.jpg,slit_lamp,3.099752216,3,2.450997504,2,2.264543188,2,1.58517015,2
_35_2680315.jpg,data\raw\slit_lamp\dataset_03\val\mild\_35_2680315.jpg,slit_lamp,2.965454806,3,2.248364461,2,2.396454329,2,2.626050602,3
_364_7596223.jpg,data\raw\slit_lamp\dataset_03\val\mild\_364_7596223.jpg,slit_lamp,3.20827454,3,2.753765166,3,2.266489643,2,2.125487009,2
_365_7365403.jpg,data\raw\slit_lamp\dataset_03\val\mild\_365_7365403.jpg,slit_lamp,2.400969814,2,2.406741597,2,2.298645638,2,1.313916354,1
_369_4797724.jpg,data\raw\slit_lamp\dataset_03\val\mild\_369_4797724.jpg,slit_lamp,2.946074929,3,2.52521533,3,2.283533049,2,1.443552757,1
_371_5633932.jpg,data\raw\slit_lamp\dataset_03\val\mild\_371_5633932.jpg,slit_lamp,3.112871308,3,2.74938759,3,2.262110525,2,1.713494926,2
_371_9609603.jpg,data\raw\slit_lamp\dataset_03\val\mild\_371_9609603.jpg,slit_lamp,3.097403601,3,2.745775245,3,2.266003002,2,1.717082972,2
_373_2349363.jpg,data\raw\slit_lamp\dataset_03\val\mild\_373_2349363.jpg,slit_lamp,2.680668395,3,2.58109842,3,2.262597021,2,1.448595995,1
_376_8893491.jpg,data\raw\slit_lamp\dataset_03\val\mild\_376_8893491.jpg,slit_lamp,2.949371431,3,2.982773194,3,2.298157898,2,1.750924854,2
_378_1725232.jpg,data\raw\slit_lamp\dataset_03\val\mild\_378_1725232.jpg,slit_lamp,2.941646709,3,2.447253462,2,2.294256536,2,1.443671141,1
_387_8614768.jpg,data\raw\slit_lamp\dataset_03\val\mild\_387_8614768.jpg,slit_lamp,2.446540814,2,2.747039181,3,2.35923323,2,1.568157985,2
_390_458377.jpg,data\raw\slit_lamp\dataset_03\val\mild\_390_458377.jpg,slit_lamp,3.123314917,3,3.122424814,3,2.434212059,2,2.187621956,2
_394_81313.jpg,data\raw\slit_lamp\dataset_03\val\mild\_394_81313.jpg,slit_lamp,3.23337401,3,2.901487534,3,2.281584175,2,2.256827855,2
_395_3509756.jpg,data\raw\slit_lamp\dataset_03\val\mild\_395_3509756.jpg,slit_lamp,3.024575762,3,2.727107278,3,2.294744152,2,1.918331577,2
_397_9607497.jpg,data\raw\slit_lamp\dataset_03\val\mild\_397_9607497.jpg,slit_lamp,3.057653893,3,2.493616517,2,2.291331176,2,1.476780309,1
_399_7128170.jpg,data\raw\slit_lamp\dataset_03\val\mild\_399_7128170.jpg,slit_lamp,2.922929597,3,2.389348404,2,2.27184386,2,1.497671505,1
_3_6499308.jpg,data\raw\slit_lamp\dataset_03\val\mild\_3_6499308.jpg,slit_lamp,3.115643013,3,2.752147243,3,2.284020309,2,2.761377267,3
_404_5918559.jpg,data\raw\slit_lamp\dataset_03\val\mild\_404_5918559.jpg,slit_lamp,3.125295873,3,2.770669831,3,2.286944217,2,1.812363182,2
_41_7018471.jpg,data\raw\slit_lamp\dataset_03\val\mild\_41_7018471.jpg,slit_lamp,3.233598661,3,3.009778467,3,2.422929846,2,2.615989086,3
_42_6738302.jpg,data\raw\slit_lamp\dataset_03\val\mild\_42_6738302.jpg,slit_lamp,2.814373515,3,2.028789258,2,2.525509441,3,3.047417459,3
_43_2637980.jpg,data\raw\slit_lamp\dataset_03\val\mild\_43_2637980.jpg,slit_lamp,2.404383507,2,1.792090774,2,2.284994879,2,3.085860474,3
_56_7014018.jpg,data\raw\slit_lamp\dataset_03\val\mild\_56_7014018.jpg,slit_lamp,2.345537568,2,2.149780932,2,2.33722283,2,2.003093677,2
_5_5487582.jpg,data\raw\slit_lamp\dataset_03\val\mild\_5_5487582.jpg,slit_lamp,3.32803535,3,3.382003185,3,2.122899727,2,2.623852151,3
_67_4921455.jpg,data\raw\slit_lamp\dataset_03\val\mild\_67_4921455.jpg,slit_lamp,3.332009425,3,3.762545314,4,1.986041519,2,2.841289136,3
_68_7591745.jpg,data\raw\slit_lamp\dataset_03\val\mild\_68_7591745.jpg,slit_lamp,3.179746264,3,2.343462945,2,2.168600466,2,2.39094042,2
_69_5362173.jpg,data\raw\slit_lamp\dataset_03\val\mild\_69_5362173.jpg,slit_lamp,3.189071518,3,2.163464067,2,2.148366201,2,2.801918546,3
_78_1065003.jpg,data\raw\slit_lamp\dataset_03\val\mild\_78_1065003.jpg,slit_lamp,2.711118765,3,2.276286107,2,2.342111962,2,3.08726804,3
_85_9846035.jpg,data\raw\slit_lamp\dataset_03\val\mild\_85_9846035.jpg,slit_lamp,3.241699486,3,2.677222894,3,2.290843672,2,2.67199983,3
_87_9110812.jpg,data\raw\slit_lamp\dataset_03\val\mild\_87_9110812.jpg,slit_lamp,3.194049539,3,2.591191859,3,2.433721469,2,2.557019058,3
_95_5759614.jpg,data\raw\slit_lamp\dataset_03\val\mild\_95_5759614.jpg,slit_lamp,2.648867443,3,1.733517747,2,2.313284852,2,2.904923696,3
1062_right.jpg,data\raw\slit_lamp\dataset_03\val\moderate\1062_right.jpg,slit_lamp,1.848642788,2,1.399814631,1,2.123139612,2,2.189666399,2
1285_left.jpg,data\raw\slit_lamp\dataset_03\val\moderate\1285_left.jpg,slit_lamp,1.310697352,1,2.950267732,3,2.124819004,2,2.20750338,2
1415_left.jpg,data\raw\slit_lamp\dataset_03\val\moderate\1415_left.jpg,slit_lamp,1.516817189,2,2.00449183,2,2.123739355,2,2.104684092,2
1454_right.jpg,data\raw\slit_lamp\dataset_03\val\moderate\1454_right.jpg,slit_lamp,2.496124888,2,2.666129632,3,2.124339143,2,2.6551539,3
1483_right.jpg,data\raw\slit_lamp\dataset_03\val\moderate\1483_right.jpg,slit_lamp,2.797298885,3,2.517801286,3,2.124459105,2,2.627896045,3
1968_left.jpg,data\raw\slit_lamp\dataset_03\val\moderate\1968_left.jpg,slit_lamp,2.661569777,3,2.538026618,3,2.122539913,2,2.494025965,2
2097_right.jpg,data\raw\slit_lamp\dataset_03\val\moderate\2097_right.jpg,slit_lamp,1.673207622,2,1.320038109,1,2.090821153,2,1.888781035,2
2098_right.jpg,data\raw\slit_lamp\dataset_03\val\moderate\2098_right.jpg,slit_lamp,2.448651641,2,2.050193607,2,2.089985083,2,2.721549268,3
2101_left.jpg,data\raw\slit_lamp\dataset_03\val\moderate\2101_left.jpg,slit_lamp,2.980907167,3,3.198936959,3,2.12170041,2,3.016269431,3
2108_left.jpg,data\raw\slit_lamp\dataset_03\val\moderate\2108_left.jpg,slit_lamp,2.638039211,3,2.493525427,2,2.123859309,2,2.27880931,2
2108_right.jpg,data\raw\slit_lamp\dataset_03\val\moderate\2108_right.jpg,slit_lamp,3.082424699,3,2.675614357,3,2.12265985,2,2.764297595,3
2110_left.jpg,data\raw\slit_lamp\dataset_03\val\moderate\2110_left.jpg,slit_lamp,2.979699793,3,2.410705013,2,2.126018783,2,2.821567347,3
2113_left.jpg,data\raw\slit_lamp\dataset_03\val\moderate\2113_left.jpg,slit_lamp,1.143044205,1,1.45286262,1,2.127218737,2,1.830069225,2
2120_left.jpg,data\raw\slit_lamp\dataset_03\val\moderate\2120_left.jpg,slit_lamp,3.126828375,3,2.618360827,3,2.124459105,2,3.006704986,3
2127_left.jpg,data\raw\slit_lamp\dataset_03\val\moderate\2127_left.jpg,slit_lamp,2.706612167,3,2.859943439,3,2.122899727,2,2.646012513,3
2128_left.jpg,data\raw\slit_lamp\dataset_03\val\moderate\2128_left.jpg,slit_lamp,2.846569252,3,2.331837964,2,2.123019669,2,2.61363177,3
2128_right.jpg,data\raw\slit_lamp\dataset_03\val\moderate\2128_right.jpg,slit_lamp,2.909052569,3,2.283317623,2,2.122779788,2,2.477205001,2
2130_right.jpg,data\raw\slit_lamp\dataset_03\val\moderate\2130_right.jpg,slit_lamp,2.530208256,3,2.254760366,2,2.11858302,2,2.670756613,3
2142_left.jpg,data\raw\slit_lamp\dataset_03\val\moderate\2142_left.jpg,slit_lamp,2.577293459,3,2.233508868,2,2.123859309,2,2.490676806,2
2142_right.jpg,data\raw\slit_lamp\dataset_03\val\moderate\2142_right.jpg,slit_lamp,2.41688251,2,2.213223559,2,2.121340649,2,2.656054839,3
2145_left.jpg,data\raw\slit_lamp\dataset_03\val\moderate\2145_left.jpg,slit_lamp,2.971585837,3,2.186467539,2,2.122060186,2,2.507113048,3
2151_left.jpg,data\raw\slit_lamp\dataset_03\val\moderate\2151_left.jpg,slit_lamp,2.849240118,3,2.314406557,2,2.122779788,2,2.666392626,3
2167_left.jpg,data\raw\slit_lamp\dataset_03\val\moderate\2167_left.jpg,slit_lamp,2.003377767,2,2.154518192,2,2.123139612,2,1.896852664,2
2168_right.jpg,data\raw\slit_lamp\dataset_03\val\moderate\2168_right.jpg,slit_lamp,2.155827217,2,2.21846514,2,2.121460568,2,2.200091428,2
2171_left.jpg,data\raw\slit_lamp\dataset_03\val\moderate\2171_left.jpg,slit_lamp,1.351540914,1,1.043468468,1,2.12170041,2,1.900859101,2
2175_left.jpg,data\raw\slit_lamp\dataset_03\val\moderate\2175_left.jpg,slit_lamp,0.71465486,1,1.821878783,2,2.168600466,2,0.939764858,1
2176_left.jpg,data\raw\slit_lamp\dataset_03\val\moderate\2176_left.jpg,slit_lamp,1.266512644,1,1.978664015,2,2.221434531,2,1.573986077,2
2176_right.jpg,data\raw\slit_lamp\dataset_03\val\moderate\2176_right.jpg,slit_lamp,2.991825963,3,2.161858201,2,2.082345405,2,2.850631202,3
2178_right.jpg,data\raw\slit_lamp\dataset_03\val\moderate\2178_right.jpg,slit_lamp,0.886085199,1,1.761783265,2,2.194922474,2,1.074816112,1
2180_left.jpg,data\raw\slit_lamp\dataset_03\val\moderate\2180_left.jpg,slit_lamp,0.96282047,1,1.697274014,2,2.213195393,2,1.246465599,1
2180_right.jpg,data\raw\slit_lamp\dataset_03\val\moderate\2180_right.jpg,slit_lamp,1.083537799,1,1.790963341,2,2.163658157,2,0.918324153,1
2181_right.jpg,data\raw\slit_lamp\dataset_03\val\moderate\2181_right.jpg,slit_lamp,0.6355899,1,1.945079798,2,2.180786599,2,0.899227589,1
2182_left.jpg,data\raw\slit_lamp\dataset_03\val\moderate\2182_left.jpg,slit_lamp,0.948658454,1,1.903176365,2,2.107202948,2,0.95900745,1
2183_right.jpg,data\raw\slit_lamp\dataset_03\val\moderate\2183_right.jpg,slit_lamp,3.299787566,3,2.791762127,3,2.051155527,2,2.752854164,3
218_right.jpg,data\raw\slit_lamp\dataset_03\val\moderate\218_right.jpg,slit_lamp,2.167469494,2,2.215158908,2,2.121100818,2,2.652744711,3
2190_right.jpg,data\raw\slit_lamp\dataset_03\val\moderate\2190_right.jpg,slit_lamp,2.346427662,2,1.460627027,1,2.075309674,2,2.82312897,3
2194_left.jpg,data\raw\slit_lamp\dataset_03\val\moderate\2194_left.jpg,slit_lamp,0.78049477,1,1.16329013,1,2.120141564,2,1.931420444,2
2207_left.jpg,data\raw\slit_lamp\dataset_03\val\moderate\2207_left.jpg,slit_lamp,2.651053473,3,1.802378867,2,2.066375953,2,3.029168,3
2207_right.jpg,data\raw\slit_lamp\dataset_03\val\moderate\2207_right.jpg,slit_lamp,2.940573524,3,1.888864867,2,2.066375953,2,2.74564816,3
2208_right.jpg,data\raw\slit_lamp\dataset_03\val\moderate\2208_right.jpg,slit_lamp,2.369562992,2,1.704715958,2,2.132380536,2,3.233187874,3
2209_left.jpg,data\raw\slit_lamp\dataset_03\val\moderate\2209_left.jpg,slit_lamp,1.055127988,1,2.107613587,2,2.126858732,2,2.123495083,2
2209_right.jpg,data\raw\slit_lamp\dataset_03\val\moderate\2209_right.jpg,slit_lamp,1.117786221,1,2.225491458,2,2.126498743,2,2.407849469,2
2217_right.jpg,data\raw\slit_lamp\dataset_03\val\moderate\2217_right.jpg,slit_lamp,2.78420357,3,4.985903904,5,2.123379504,2,2.882788377,3
2220_right.jpg,data\raw\slit_lamp\dataset_03\val\moderate\2220_right.jpg,slit_lamp,2.580056125,3,4.734836367,5,2.043320831,2,3.107338723,3
2226_right.jpg,data\raw\slit_lamp\dataset_03\val\moderate\2226_right.jpg,slit_lamp,2.742797391,3,2.102209872,2,2.118942657,2,2.685428504,3
2227_right.jpg,data\raw\slit_lamp\dataset_03\val\moderate\2227_right.jpg,slit_lamp,2.943918605,3,2.353550627,2,2.119781873,2,2.648931316,3
2229_left.jpg,data\raw\slit_lamp\dataset_03\val\moderate\2229_left.jpg,slit_lamp,2.538919608,3,1.795868428,2,2.101100493,2,2.231291341,2
2239_left.jpg,data\raw\slit_lamp\dataset_03\val\moderate\2239_left.jpg,slit_lamp,2.874512227,3,1.939388747,2,2.066137876,2,2.716542586,3
2242_right.jpg,data\raw\slit_lamp\dataset_03\val\moderate\2242_right.jpg,slit_lamp,3.046445377,3,2.436397846,2,2.119422198,2,2.610719464,3
2251_right.jpg,data\raw\slit_lamp\dataset_03\val\moderate\2251_right.jpg,slit_lamp,2.896918175,3,2.228744749,2,2.122899727,2,2.725263378,3
2262_left.jpg,data\raw\slit_lamp\dataset_03\val\moderate\2262_left.jpg,slit_lamp,1.077793322,1,1.282657605,1,2.120621177,2,1.953821208,2
294_left.jpg,data\raw\slit_lamp\dataset_03\val\moderate\294_left.jpg,slit_lamp,1.75796678,2,1.945716936,2,2.11582634,2,2.411976898,2
465_left.jpg,data\raw\slit_lamp\dataset_03\val\moderate\465_left.jpg,slit_lamp,3.091385518,3,3.304068228,3,2.12805881,2,2.716923634,3
477_left.jpg,data\raw\slit_lamp\dataset_03\val\moderate\477_left.jpg,slit_lamp,2.63863102,3,2.090602246,2,2.061496993,2,3.151233918,3
726_left.jpg,data\raw\slit_lamp\dataset_03\val\moderate\726_left.jpg,slit_lamp,2.854999153,3,1.385023983,1,2.085567424,2,2.585445031,3
726_right.jpg,data\raw\slit_lamp\dataset_03\val\moderate\726_right.jpg,slit_lamp,2.239346907,2,1.684860771,2,2.075905656,2,2.943812386,3
750_left.jpg,data\raw\slit_lamp\dataset_03\val\moderate\750_left.jpg,slit_lamp,1.416088028,1,1.703030093,2,2.121820334,2,2.29648344,2
970_left.jpg,data\raw\slit_lamp\dataset_03\val\moderate\970_left.jpg,slit_lamp,2.912426299,3,1.589299274,2,2.078886306,2,2.820940804,3
_102_1024926.jpg,data\raw\slit_lamp\dataset_03\val\moderate\_102_1024926.jpg,slit_lamp,2.484245935,2,1.93281525,2,2.342111962,2,2.355799866,2
_104_4607170.jpg,data\raw\slit_lamp\dataset_03\val\moderate\_104_4607170.jpg,slit_lamp,2.66135335,3,1.942620869,2,2.355318571,2,2.510869907,3
_105_5956883.jpg,data\raw\slit_lamp\dataset_03\val\moderate\_105_5956883.jpg,slit_lamp,2.015498651,2,1.648442918,2,2.348469641,2,2.170846014,2
_108_8917257.jpg,data\raw\slit_lamp\dataset_03\val\moderate\_108_8917257.jpg,slit_lamp,1.846479661,2,1.966242536,2,2.346024142,2,2.445538843,2
_113_1734230.jpg,data\raw\slit_lamp\dataset_03\val\moderate\_113_1734230.jpg,slit_lamp,2.32697545,2,2.21458922,2,2.341622994,2,2.443986568,2
_114_3613830.jpg,data\raw\slit_lamp\dataset_03\val\moderate\_114_3613830.jpg,slit_lamp,2.425202607,2,2.192713341,2,2.32305155,2,1.95773187,2
_114_5711178.jpg,data\raw\slit_lamp\dataset_03\val\moderate\_114_5711178.jpg,slit_lamp,2.387697069,2,2.197484792,2,2.329402835,2,1.945144748,2
_118_6296686.jpg,data\raw\slit_lamp\dataset_03\val\moderate\_118_6296686.jpg,slit_lamp,0.761072559,1,1.002292452,1,2.347980518,2,1.701521848,2
_121_5210506.jpg,data\raw\slit_lamp\dataset_03\val\moderate\_121_5210506.jpg,slit_lamp,1.190684861,1,0.954322175,1,2.326471192,2,1.834088867,2
_131_7587386.jpg,data\raw\slit_lamp\dataset_03\val\moderate\_131_7587386.jpg,slit_lamp,0.819309789,1,1.82851808,2,2.448931949,2,0.957847,1
_135_5639464.jpg,data\raw\slit_lamp\dataset_03\val\moderate\_135_5639464.jpg,slit_lamp,0.976836357,1,1.762673828,2,2.495072513,2,1.09283523,1
_136_4030185.jpg,data\raw\slit_lamp\dataset_03\val\moderate\_136_4030185.jpg,slit_lamp,0.732028844,1,2.539467849,3,2.616248959,3,1.523781451,2
_139_583821.jpg,data\raw\slit_lamp\dataset_03\val\moderate\_139_583821.jpg,slit_lamp,1.061887363,1,1.788676036,2,2.444515563,2,0.93181081,1
_141_9740629.jpg,data\raw\slit_lamp\dataset_03\val\moderate\_141_9740629.jpg,slit_lamp,0.784864336,1,1.938345991,2,2.480835837,2,0.917175601,1
_143_9392801.jpg,data\raw\slit_lamp\dataset_03\val\moderate\_143_9392801.jpg,slit_lamp,0.901157713,1,1.93685182,2,2.464146212,2,1.155513825,1
_154_1054490.jpg,data\raw\slit_lamp\dataset_03\val\moderate\_154_1054490.jpg,slit_lamp,3.037027811,3,1.990832955,2,2.218889429,2,2.498859607,2
_154_6316287.jpg,data\raw\slit_lamp\dataset_03\val\moderate\_154_6316287.jpg,slit_lamp,3.077036588,3,2.008538682,2,2.216950699,2,2.469689881,2
_155_2004552.jpg,data\raw\slit_lamp\dataset_03\val\moderate\_155_2004552.jpg,slit_lamp,1.973979301,2,1.708105509,2,2.361680245,2,2.295157453,2
_158_6990173.jpg,data\raw\slit_lamp\dataset_03\val\moderate\_158_6990173.jpg,slit_lamp,1.434794659,1,1.158948594,1,2.347002307,2,2.000605557,2
_15_7471583.jpg,data\raw\slit_lamp\dataset_03\val\moderate\_15_7471583.jpg,slit_lamp,1.972471265,2,2.003995929,2,2.321586192,2,2.145518609,2
_161_3798587.jpg,data\raw\slit_lamp\dataset_03\val\moderate\_161_3798587.jpg,slit_lamp,2.94452761,3,2.112961319,2,2.35042625,2,2.526507529,3
_162_3096677.jpg,data\raw\slit_lamp\dataset_03\val\moderate\_162_3096677.jpg,slit_lamp,1.848356971,2,1.392478211,1,2.355807865,2,2.1568279,2
_168_2726147.jpg,data\raw\slit_lamp\dataset_03\val\moderate\_168_2726147.jpg,slit_lamp,2.515016156,3,1.822657385,2,2.290356183,2,2.713220738,3
_16_1907643.jpg,data\raw\slit_lamp\dataset_03\val\moderate\_16_1907643.jpg,slit_lamp,2.089205204,2,2.096080932,2,2.344067956,2,2.262927251,2
_174_1289707.jpg,data\raw\slit_lamp\dataset_03\val\moderate\_174_1289707.jpg,slit_lamp,2.545302517,3,1.820507047,2,2.23295532,2,2.350878468,2
_179_3417628.jpg,data\raw\slit_lamp\dataset_03\val\moderate\_179_3417628.jpg,slit_lamp,2.428640262,2,2.216460816,2,2.315237743,2,2.481003267,2
_17_1497593.jpg,data\raw\slit_lamp\dataset_03\val\moderate\_17_1497593.jpg,slit_lamp,2.73293821,3,2.084975989,2,2.3582545,2,2.499455664,2
_180_5849178.jpg,data\raw\slit_lamp\dataset_03\val\moderate\_180_5849178.jpg,slit_lamp,2.121535034,2,3.889950805,4,2.365106512,2,2.769318749,3
_180_8003252.jpg,data\raw\slit_lamp\dataset_03\val\moderate\_180_8003252.jpg,slit_lamp,2.215606589,2,3.897800601,4,2.342600942,2,2.831528564,3
_184_5733369.jpg,data\raw\slit_lamp\dataset_03\val\moderate\_184_5733369.jpg,slit_lamp,2.186345542,2,3.89599852,4,2.353361507,2,2.527755963,3
_185_7271854.jpg,data\raw\slit_lamp\dataset_03\val\moderate\_185_7271854.jpg,slit_lamp,2.336261923,2,1.806240233,2,2.35042625,2,2.414495865,2
_186_7038738.jpg,data\raw\slit_lamp\dataset_03\val\moderate\_186_7038738.jpg,slit_lamp,3.198504706,3,4.752597305,5,2.236353133,2,3.086854666,3
_188_5482423.jpg,data\raw\slit_lamp\dataset_03\val\moderate\_188_5482423.jpg,slit_lamp,3.214533739,3,3.259967069,3,2.213558753,2,2.698427479,3
_195_1750450.jpg,data\raw\slit_lamp\dataset_03\val\moderate\_195_1750450.jpg,slit_lamp,3.046685128,3,4.819074841,5,2.361680245,2,2.811996862,3
_198_3243264.jpg,data\raw\slit_lamp\dataset_03\val\moderate\_198_3243264.jpg,slit_lamp,3.087947175,3,2.495242909,2,2.345046026,2,2.525266439,3
_1_5346540.jpg,data\raw\slit_lamp\dataset_03\val\moderate\_1_5346540.jpg,slit_lamp,2.215033138,2,1.494062081,1,2.335267525,2,2.313713842,2
_201_2875079.jpg,data\raw\slit_lamp\dataset_03\val\moderate\_201_2875079.jpg,slit_lamp,2.381376142,2,1.684612868,2,2.33722283,2,2.499509071,2
_209_4208693.jpg,data\raw\slit_lamp\dataset_03\val\moderate\_209_4208693.jpg,slit_lamp,2.508501943,3,2.178141574,2,2.328914195,2,2.519459488,3
_211_9288352.jpg,data\raw\slit_lamp\dataset_03\val\moderate\_211_9288352.jpg,slit_lamp,3.078500927,3,2.693298375,3,2.337711688,2,2.812437751,3
_212_7340392.jpg,data\raw\slit_lamp\dataset_03\val\moderate\_212_7340392.jpg,slit_lamp,3.03123365,3,2.043860007,2,2.23052892,2,2.713899812,3
_214_267241.jpg,data\raw\slit_lamp\dataset_03\val\moderate\_214_267241.jpg,slit_lamp,3.013994315,3,1.77579715,2,2.21646607,2,2.951542655,3
_217_8865645.jpg,data\raw\slit_lamp\dataset_03\val\moderate\_217_8865645.jpg,slit_lamp,3.125562632,3,2.201840335,2,2.230043701,2,3.1585781,3
_221_9234991.jpg,data\raw\slit_lamp\dataset_03\val\moderate\_221_9234991.jpg,slit_lamp,3.205379562,3,2.400601744,2,2.322563084,2,2.590781931,3
_222_7343969.jpg,data\raw\slit_lamp\dataset_03\val\moderate\_222_7343969.jpg,slit_lamp,3.196718241,3,2.393487515,2,2.322074631,2,2.589925881,3
_232_6943070.jpg,data\raw\slit_lamp\dataset_03\val\moderate\_232_6943070.jpg,slit_lamp,2.728723207,3,2.141458159,2,2.352872269,2,2.440283627,2
_23_5187079.jpg,data\raw\slit_lamp\dataset_03\val\moderate\_23_5187079.jpg,slit_lamp,2.949583771,3,2.517648384,3,2.33184623,2,2.766187442,3
_242_3038184.jpg,data\raw\slit_lamp\dataset_03\val\moderate\_242_3038184.jpg,slit_lamp,2.916435018,3,2.466861361,2,2.346024142,2,2.604150976,3
_242_7073642.jpg,data\raw\slit_lamp\dataset_03\val\moderate\_242_7073642.jpg,slit_lamp,3.013727699,3,2.461529259,2,2.330380154,2,2.614481484,3
_243_5311552.jpg,data\raw\slit_lamp\dataset_03\val\moderate\_243_5311552.jpg,slit_lamp,2.669741926,3,1.891883518,2,2.237324119,2,2.948709281,3
_245_5686342.jpg,data\raw\slit_lamp\dataset_03\val\moderate\_245_5686342.jpg,slit_lamp,1.6011213,2,1.607361625,2,2.350915431,2,2.163384478,2
_249_4807123.jpg,data\raw\slit_lamp\dataset_03\val\moderate\_249_4807123.jpg,slit_lamp,2.800838612,3,1.843360683,2,2.333801179,2,2.483838239,2
_24_6096407.jpg,data\raw\slit_lamp\dataset_03\val\moderate\_24_6096407.jpg,slit_lamp,2.715976015,3,2.500115063,3,2.349447922,2,2.490436203,2
_251_6299381.jpg,data\raw\slit_lamp\dataset_03\val\moderate\_251_6299381.jpg,slit_lamp,2.46088914,2,1.987582317,2,2.352872269,2,1.838781079,2
_252_5300307.jpg,data\raw\slit_lamp\dataset_03\val\moderate\_252_5300307.jpg,slit_lamp,2.303131354,2,1.579906836,2,2.257732879,2,2.812106307,3
_264_422425.jpg,data\raw\slit_lamp\dataset_03\val\moderate\_264_422425.jpg,slit_lamp,3.227828071,3,2.918972636,3,2.263083536,2,2.267547975,2
_264_4584815.jpg,data\raw\slit_lamp\dataset_03\val\moderate\_264_4584815.jpg,slit_lamp,3.224624915,3,2.91708244,3,2.264543188,2,2.270514838,2
_265_7470675.jpg,data\raw\slit_lamp\dataset_03\val\moderate\_265_7470675.jpg,slit_lamp,3.280626213,3,3.122516104,3,2.278174289,2,2.401066685,2
_270_58393.jpg,data\raw\slit_lamp\dataset_03\val\moderate\_270_58393.jpg,slit_lamp,3.066166784,3,2.632165095,3,2.268436384,2,1.525992354,2
_274_8144937.jpg,data\raw\slit_lamp\dataset_03\val\moderate\_274_8144937.jpg,slit_lamp,3.214954037,3,2.643300431,3,2.266489643,2,1.876450019,2
_275_3439882.jpg,data\raw\slit_lamp\dataset_03\val\moderate\_275_3439882.jpg,slit_lamp,2.857057965,3,2.599125659,3,2.268436384,2,1.663590391,2
_278_8657701.jpg,data\raw\slit_lamp\dataset_03\val\moderate\_278_8657701.jpg,slit_lamp,2.883485326,3,2.588839311,3,2.269896625,2,1.744182815,2
_282_3209093.jpg,data\raw\slit_lamp\dataset_03\val\moderate\_282_3209093.jpg,slit_lamp,2.648401959,3,2.305402827,2,2.266976302,2,1.11001067,1
_288_8210584.jpg,data\raw\slit_lamp\dataset_03\val\moderate\_288_8210584.jpg,slit_lamp,2.878877593,3,3.250453655,3,2.283533049,2,1.85063496,2
_289_683957.jpg,data\raw\slit_lamp\dataset_03\val\moderate\_289_683957.jpg,slit_lamp,2.967217819,3,2.42455339,2,2.266003002,2,1.55066844,2
_289_7475172.jpg,data\raw\slit_lamp\dataset_03\val\moderate\_289_7475172.jpg,slit_lamp,2.971979057,3,2.430061597,2,2.26551638,2,1.545482162,2
_292_4314144.jpg,data\raw\slit_lamp\dataset_03\val\moderate\_292_4314144.jpg,slit_lamp,2.898790362,3,3.033634396,3,2.297670173,2,1.955797855,2
_292_8455118.jpg,data\raw\slit_lamp\dataset_03\val\moderate\_292_8455118.jpg,slit_lamp,2.828065186,3,3.029159947,3,2.269896625,2,1.955721504,2
_294_2444042.jpg,data\raw\slit_lamp\dataset_03\val\moderate\_294_2444042.jpg,slit_lamp,3.105429555,3,2.595787969,3,2.26551638,2,1.731646089,2
_295_4841360.jpg,data\raw\slit_lamp\dataset_03\val\moderate\_295_4841360.jpg,slit_lamp,2.976217991,3,2.481611123,2,2.26551638,2,1.557026751,2
_295_8218216.jpg,data\raw\slit_lamp\dataset_03\val\moderate\_295_8218216.jpg,slit_lamp,2.972849403,3,2.488314901,2,2.266003002,2,1.550321405,2
_298_5577948.jpg,data\raw\slit_lamp\dataset_03\val\moderate\_298_5577948.jpg,slit_lamp,3.029252147,3,2.558415973,3,2.267462978,2,1.677141554,2
_299_8679417.jpg,data\raw\slit_lamp\dataset_03\val\moderate\_299_8679417.jpg,slit_lamp,3.017511536,3,2.466039135,2,2.269896625,2,1.503120168,2
_2_5883027.jpg,data\raw\slit_lamp\dataset_03\val\moderate\_2_5883027.jpg,slit_lamp,2.235432032,2,1.293399839,1,2.357275813,2,2.107734796,2
_2_8900343.jpg,data\raw\slit_lamp\dataset_03\val\moderate\_2_8900343.jpg,slit_lamp,1.970969024,2,1.287348398,1,2.346024142,2,2.101586308,2
_302_3915909.jpg,data\raw\slit_lamp\dataset_03\val\moderate\_302_3915909.jpg,slit_lamp,3.027187353,3,2.520327466,3,2.267949672,2,1.563495075,2
_302_822867.jpg,data\raw\slit_lamp\dataset_03\val\moderate\_302_822867.jpg,slit_lamp,3.033649959,3,2.527964406,3,2.266003002,2,1.555256296,2
_306_8888195.jpg,data\raw\slit_lamp\dataset_03\val\moderate\_306_8888195.jpg,slit_lamp,3.149751564,3,2.652411711,3,2.26551638,2,1.86814771,2
_308_4657236.jpg,data\raw\slit_lamp\dataset_03\val\moderate\_308_4657236.jpg,slit_lamp,3.151595762,3,2.587775367,3,2.267462978,2,1.759218866,2
_30_8983681.jpg,data\raw\slit_lamp\dataset_03\val\moderate\_30_8983681.jpg,slit_lamp,3.119200294,3,2.554108289,3,2.352383042,2,2.677524251,3
_314_8133392.jpg,data\raw\slit_lamp\dataset_03\val\moderate\_314_8133392.jpg,slit_lamp,2.988146814,3,2.605674366,3,2.267949672,2,1.691994661,2
_316_2112344.jpg,data\raw\slit_lamp\dataset_03\val\moderate\_316_2112344.jpg,slit_lamp,3.029583625,3,2.577580774,3,2.264543188,2,1.603698805,2
_318_4106741.jpg,data\raw\slit_lamp\dataset_03\val\moderate\_318_4106741.jpg,slit_lamp,3.15580038,3,2.703755525,3,2.266976302,2,1.868584651,2
_31_8523261.jpg,data\raw\slit_lamp\dataset_03\val\moderate\_31_8523261.jpg,slit_lamp,2.918222989,3,4.182758838,4,2.315726001,2,2.745980513,3
_322_2685252.jpg,data\raw\slit_lamp\dataset_03\val\moderate\_322_2685252.jpg,slit_lamp,2.47347542,2,2.523970518,3,2.273791374,2,1.500979339,2
_324_9920354.jpg,data\raw\slit_lamp\dataset_03\val\moderate\_324_9920354.jpg,slit_lamp,2.644976537,3,2.31938522,2,2.275739164,2,1.273870172,1
_32_9153320.jpg,data\raw\slit_lamp\dataset_03\val\moderate\_32_9153320.jpg,slit_lamp,3.067703918,3,4.325426777,4,2.371960557,2,2.815733124,3
_332_5964742.jpg,data\raw\slit_lamp\dataset_03\val\moderate\_332_5964742.jpg,slit_lamp,2.975413415,3,2.394516245,2,2.272817582,2,1.452762683,1
_338_6734383.jpg,data\raw\slit_lamp\dataset_03\val\moderate\_338_6734383.jpg,slit_lamp,3.114160713,3,2.802110116,3,2.266976302,2,2.055128646,2
_33_692344.jpg,data\raw\slit_lamp\dataset_03\val\moderate\_33_692344.jpg,slit_lamp,2.848787317,3,2.597406272,3,2.340645093,2,2.488414673,2
_340_3239094.jpg,data\raw\slit_lamp\dataset_03\val\moderate\_340_3239094.jpg,slit_lamp,3.009056102,3,2.538429888,3,2.283045806,2,1.73933943,2
_341_8692985.jpg,data\raw\slit_lamp\dataset_03\val\moderate\_341_8692985.jpg,slit_lamp,2.81062393,3,2.556371944,3,2.281584175,2,1.7258747,2
_345_8957256.jpg,data\raw\slit_lamp\dataset_03\val\moderate\_345_8957256.jpg,slit_lamp,2.48092938,2,2.580938075,3,2.278174289,2,1.342108891,1
_346_6209704.jpg,data\raw\slit_lamp\dataset_03\val\moderate\_346_6209704.jpg,slit_lamp,3.200084532,3,2.623863828,3,2.27184386,2,1.845881069,2
_349_2751142.jpg,data\raw\slit_lamp\dataset_03\val\moderate\_349_2751142.jpg,slit_lamp,3.076306766,3,2.660136366,3,2.264543188,2,1.823128662,2
_349_4292233.jpg,data\raw\slit_lamp\dataset_03\val\moderate\_349_4292233.jpg,slit_lamp,3.09973397,3,2.648995408,3,2.26551638,2,1.834087083,2
_351_7651498.jpg,data\raw\slit_lamp\dataset_03\val\moderate\_351_7651498.jpg,slit_lamp,3.043873893,3,2.487236663,2,2.266003002,2,1.557071796,2
_353_8002933.jpg,data\raw\slit_lamp\dataset_03\val\moderate\_353_8002933.jpg,slit_lamp,2.630378177,3,2.191124526,2,2.267462978,2,1.117444981,1
_355_6490108.jpg,data\raw\slit_lamp\dataset_03\val\moderate\_355_6490108.jpg,slit_lamp,3.248389818,3,2.826349047,3,2.26551638,2,2.143728879,2
_359_2555267.jpg,data\raw\slit_lamp\dataset_03\val\moderate\_359_2555267.jpg,slit_lamp,2.935698387,3,2.420998366,2,2.261624047,2,1.506940418,2
_365_8356754.jpg,data\raw\slit_lamp\dataset_03\val\moderate\_365_8356754.jpg,slit_lamp,3.221292088,3,1.863530812,2,2.347980518,2,2.179282995,2
_370_1424453.jpg,data\raw\slit_lamp\dataset_03\val\moderate\_370_1424453.jpg,slit_lamp,2.421213022,2,1.36714797,1,2.350915431,2,2.152323802,2
_370_5205357.jpg,data\raw\slit_lamp\dataset_03\val\moderate\_370_5205357.jpg,slit_lamp,1.864864844,2,1.378408314,1,2.360212004,2,2.121655049,2
_373_4029422.jpg,data\raw\slit_lamp\dataset_03\val\moderate\_373_4029422.jpg,slit_lamp,3.121520135,3,2.076665419,2,2.342600942,2,2.522831919,3
_381_5407671.jpg,data\raw\slit_lamp\dataset_03\val\moderate\_381_5407671.jpg,slit_lamp,3.101148837,3,2.532493703,3,2.336245152,2,2.707338265,3
_390_5561281.jpg,data\raw\slit_lamp\dataset_03\val\moderate\_390_5561281.jpg,slit_lamp,3.036112192,3,2.236786433,2,2.264543188,2,1.177943681,1
_394_4972049.jpg,data\raw\slit_lamp\dataset_03\val\moderate\_394_4972049.jpg,slit_lamp,3.132383781,3,2.413364642,2,2.265029775,2,1.448628374,1
_396_6097231.jpg,data\raw\slit_lamp\dataset_03\val\moderate\_396_6097231.jpg,slit_lamp,2.830066353,3,1.964183867,2,2.314261269,2,2.620963313,3
_398_8365643.jpg,data\raw\slit_lamp\dataset_03\val\moderate\_398_8365643.jpg,slit_lamp,3.028486369,3,1.955532803,2,2.321097766,2,2.494189926,2
_44_8713938.jpg,data\raw\slit_lamp\dataset_03\val\moderate\_44_8713938.jpg,slit_lamp,2.529315575,3,2.298009201,2,2.351893827,2,2.30207227,2
_45_6457682.jpg,data\raw\slit_lamp\dataset_03\val\moderate\_45_6457682.jpg,slit_lamp,2.784330986,3,2.269233302,2,2.347002307,2,2.564373383,3
_46_7308563.jpg,data\raw\slit_lamp\dataset_03\val\moderate\_46_7308563.jpg,slit_lamp,2.204078392,2,1.982119888,2,2.348469641,2,2.391381852,2
_51_7561724.jpg,data\raw\slit_lamp\dataset_03\val\moderate\_51_7561724.jpg,slit_lamp,2.42672923,2,2.293924799,2,2.352383042,2,2.197434218,2
_54_2420057.jpg,data\raw\slit_lamp\dataset_03\val\moderate\_54_2420057.jpg,slit_lamp,2.250084203,2,1.82289717,2,2.3582545,2,2.260830737,2
_54_6540326.jpg,data\raw\slit_lamp\dataset_03\val\moderate\_54_6540326.jpg,slit_lamp,1.807618892,2,1.846431837,2,2.348958776,2,2.303986596,2
_56_3359017.jpg,data\raw\slit_lamp\dataset_03\val\moderate\_56_3359017.jpg,slit_lamp,1.899516909,2,1.460112467,1,2.344067956,2,1.840048478,2
_57_8463167.jpg,data\raw\slit_lamp\dataset_03\val\moderate\_57_8463167.jpg,slit_lamp,3.09594736,3,3.814783372,4,2.454330184,2,2.853489915,3
_63_4246818.jpg,data\raw\slit_lamp\dataset_03\val\moderate\_63_4246818.jpg,slit_lamp,2.783574826,3,2.165794533,2,2.378326758,2,2.581026138,3
_64_2615880.jpg,data\raw\slit_lamp\dataset_03\val\moderate\_64_2615880.jpg,slit_lamp,1.957563747,2,1.43653799,1,2.336733985,2,2.152020152,2
_66_625523.jpg,data\raw\slit_lamp\dataset_03\val\moderate\_66_625523.jpg,slit_lamp,1.891865164,2,1.396310591,1,2.34357894,2,2.079176722,2
_69_3198217.jpg,data\raw\slit_lamp\dataset_03\val\moderate\_69_3198217.jpg,slit_lamp,2.740710542,3,2.750816263,3,2.355807865,2,2.515246931,3
_6_4834075.jpg,data\raw\slit_lamp\dataset_03\val\moderate\_6_4834075.jpg,slit_lamp,1.8504097,2,1.748017814,2,2.329402835,2,1.471363459,1
_72_8796984.jpg,data\raw\slit_lamp\dataset_03\val\moderate\_72_8796984.jpg,slit_lamp,2.583873416,3,1.716262224,2,2.342111962,2,2.028084815,2
_73_1828688.jpg,data\raw\slit_lamp\dataset_03\val\moderate\_73_1828688.jpg,slit_lamp,1.885248834,2,1.745569486,2,2.319144202,2,2.369393688,2
_76_3327192.jpg,data\raw\slit_lamp\dataset_03\val\moderate\_76_3327192.jpg,slit_lamp,2.566016722,3,3.076470112,3,2.337711688,2,1.791336191,2
_80_2744347.jpg,data\raw\slit_lamp\dataset_03\val\moderate\_80_2744347.jpg,slit_lamp,2.195104891,2,1.43715509,1,2.324028523,2,2.086536321,2
_80_8675414.jpg,data\raw\slit_lamp\dataset_03\val\moderate\_80_8675414.jpg,slit_lamp,2.239023054,2,1.442765702,1,2.347002307,2,2.062856509,2
_85_5757077.jpg,data\raw\slit_lamp\dataset_03\val\moderate\_85_5757077.jpg,slit_lamp,3.009695015,3,2.45840096,2,2.339667242,2,2.385472165,2
_89_2075481.jpg,data\raw\slit_lamp\dataset_03\val\moderate\_89_2075481.jpg,slit_lamp,2.013473564,2,1.744184984,2,2.348958776,2,2.164111453,2
_89_6878178.jpg,data\raw\slit_lamp\dataset_03\val\moderate\_89_6878178.jpg,slit_lamp,2.21504202,2,1.638698749,2,2.348958776,2,2.128514988,2
_95_592187.jpg,data\raw\slit_lamp\dataset_03\val\moderate\_95_592187.jpg,slit_lamp,2.214994053,2,1.854230783,2,2.348958776,2,2.34120066,2
1034_left.jpg,data\raw\slit_lamp\dataset_03\val\normal\1034_left.jpg,slit_lamp,2.879444614,3,2.231598599,2,2.1731835,2,2.525705827,3
1060_left.jpg,data\raw\slit_lamp\dataset_03\val\normal\1060_left.jpg,slit_lamp,1.533199871,2,2.228036459,2,2.381143088,2,2.505870276,3
2335_right.jpg,data\raw\slit_lamp\dataset_03\val\normal\2335_right.jpg,slit_lamp,2.601541045,3,2.480009396,2,2.117863794,2,2.356059792,2
2341_left.jpg,data\raw\slit_lamp\dataset_03\val\normal\2341_left.jpg,slit_lamp,2.531059299,3,2.311690593,2,2.072330514,2,3.021757097,3
2346_right.jpg,data\raw\slit_lamp\dataset_03\val\normal\2346_right.jpg,slit_lamp,2.52250187,3,1.823213868,2,2.065899806,2,2.950294395,3
2354_left.jpg,data\raw\slit_lamp\dataset_03\val\normal\2354_left.jpg,slit_lamp,2.873193704,3,2.497664768,2,2.135863562,2,2.710075621,3
2355_left.jpg,data\raw\slit_lamp\dataset_03\val\normal\2355_left.jpg,slit_lamp,2.776230199,3,1.867039062,2,2.108998706,2,2.040899096,2
2363_left.jpg,data\raw\slit_lamp\dataset_03\val\normal\2363_left.jpg,slit_lamp,2.976206617,3,2.661344371,3,2.155467073,2,2.703515502,3
2365_left.jpg,data\raw\slit_lamp\dataset_03\val\normal\2365_left.jpg,slit_lamp,2.622384881,3,4.86688412,5,2.19238378,2,2.686659523,3
2367_left.jpg,data\raw\slit_lamp\dataset_03\val\normal\2367_left.jpg,slit_lamp,1.654202013,2,1.87134772,2,2.118343271,2,2.176943012,2
2372_right.jpg,data\raw\slit_lamp\dataset_03\val\normal\2372_right.jpg,slit_lamp,2.960413872,3,3.029146525,3,2.152216811,2,2.450738518,2
2389_left.jpg,data\raw\slit_lamp\dataset_03\val\normal\2389_left.jpg,slit_lamp,2.089517443,2,2.078185906,2,2.236595872,2,2.278102177,2
2389_right.jpg,data\raw\slit_lamp\dataset_03\val\normal\2389_right.jpg,slit_lamp,2.162587109,2,2.088953429,2,2.230043701,2,2.328919434,2
2395_left.jpg,data\raw\slit_lamp\dataset_03\val\normal\2395_left.jpg,slit_lamp,2.406453424,2,4.523668514,5,2.120501271,2,2.675608899,3
2399_right.jpg,data\raw\slit_lamp\dataset_03\val\normal\2399_right.jpg,slit_lamp,2.745451913,3,2.472443724,2,2.129139029,2,2.487166581,2
2400_right.jpg,data\raw\slit_lamp\dataset_03\val\normal\2400_right.jpg,slit_lamp,3.161392934,3,3.55746687,4,2.17052989,2,2.566220645,3
2408_right.jpg,data\raw\slit_lamp\dataset_03\val\normal\2408_right.jpg,slit_lamp,2.788754607,3,2.608194621,3,2.24533778,2,2.165086643,2
2427_left.jpg,data\raw\slit_lamp\dataset_03\val\normal\2427_left.jpg,slit_lamp,2.82490258,3,2.160758921,2,2.121820334,2,2.584524382,3
2427_right.jpg,data\raw\slit_lamp\dataset_03\val\normal\2427_right.jpg,slit_lamp,2.470996423,2,2.052155803,2,2.141872165,2,2.494432541,2
2435_left.jpg,data\raw\slit_lamp\dataset_03\val\normal\2435_left.jpg,slit_lamp,3.05482268,3,2.411813781,2,2.21077331,2,2.513544511,3
2441_right.jpg,data\raw\slit_lamp\dataset_03\val\normal\2441_right.jpg,slit_lamp,0.999122006,1,1.438515847,1,2.120261464,2,1.984120743,2
2443_left.jpg,data\raw\slit_lamp\dataset_03\val\normal\2443_left.jpg,slit_lamp,2.870102378,3,2.395660993,2,2.156791595,2,2.637054994,3
2478_left.jpg,data\raw\slit_lamp\dataset_03\val\normal\2478_left.jpg,slit_lamp,2.748221102,3,2.674219882,3,2.129499134,2,2.794066323,3
2482_left.jpg,data\raw\slit_lamp\dataset_03\val\normal\2482_left.jpg,slit_lamp,1.873716129,2,1.470646879,1,2.235382228,2,2.060919196,2
2486_right.jpg,data\raw\slit_lamp\dataset_03\val\normal\2486_right.jpg,slit_lamp,2.12293741,2,1.971728201,2,2.12170041,2,2.202812636,2
2488_left.jpg,data\raw\slit_lamp\dataset_03\val\normal\2488_left.jpg,slit_lamp,3.186934828,3,2.980292916,3,1.99863241,2,2.755120365,3
2493_left.jpg,data\raw\slit_lamp\dataset_03\val\normal\2493_left.jpg,slit_lamp,2.848082061,3,2.154198452,2,2.154985478,2,2.601716434,3
2499_right.jpg,data\raw\slit_lamp\dataset_03\val\normal\2499_right.jpg,slit_lamp,1.730892287,2,1.965537632,2,2.120261464,2,2.272010952,2
2500_right.jpg,data\raw\slit_lamp\dataset_03\val\normal\2500_right.jpg,slit_lamp,2.062667401,2,2.019838316,2,2.119901768,2,2.475806074,2
2501_left.jpg,data\raw\slit_lamp\dataset_03\val\normal\2501_left.jpg,slit_lamp,2.780997688,3,2.073287769,2,2.072926246,2,2.89709119,3
2504_right.jpg,data\raw\slit_lamp\dataset_03\val\normal\2504_right.jpg,slit_lamp,3.059868785,3,2.467694964,2,2.142232816,2,2.663779404,3
2510_left.jpg,data\raw\slit_lamp\dataset_03\val\normal\2510_left.jpg,slit_lamp,1.854016333,2,2.078298326,2,2.074475384,2,2.93795929,3
2517_right.jpg,data\raw\slit_lamp\dataset_03\val\normal\2517_right.jpg,slit_lamp,3.14755435,3,2.97529255,3,2.120141564,2,3.057861251,3
2531_right.jpg,data\raw\slit_lamp\dataset_03\val\normal\2531_right.jpg,slit_lamp,3.05076359,3,2.925841901,3,2.135022699,2,2.964510386,3
2533_left.jpg,data\raw\slit_lamp\dataset_03\val\normal\2533_left.jpg,slit_lamp,2.973813075,3,4.855250512,5,2.125418871,2,2.940020536,3
2533_right.jpg,data\raw\slit_lamp\dataset_03\val\normal\2533_right.jpg,slit_lamp,2.922640179,3,4.91861754,5,2.136103824,2,2.847812656,3
2535_left.jpg,data\raw\slit_lamp\dataset_03\val\normal\2535_left.jpg,slit_lamp,2.743100083,3,2.69733094,3,2.121820334,2,2.381864971,2
2535_right.jpg,data\raw\slit_lamp\dataset_03\val\normal\2535_right.jpg,slit_lamp,2.971732223,3,2.76059914,3,2.117983661,2,2.634361215,3
2548_right.jpg,data\raw\slit_lamp\dataset_03\val\normal\2548_right.jpg,slit_lamp,3.20434961,3,2.728628661,3,2.126498743,2,2.876838916,3
2556_right.jpg,data\raw\slit_lamp\dataset_03\val\normal\2556_right.jpg,slit_lamp,2.467843091,2,2.350905157,2,2.123139612,2,2.364617134,2
2558_left.jpg,data\raw\slit_lamp\dataset_03\val\normal\2558_left.jpg,slit_lamp,3.063280255,3,2.352606455,2,2.10205742,2,3.011795088,3
2567_left.jpg,data\raw\slit_lamp\dataset_03\val\normal\2567_left.jpg,slit_lamp,2.463207798,2,2.055814407,2,2.165224943,2,2.522799589,3
2569_left.jpg,data\raw\slit_lamp\dataset_03\val\normal\2569_left.jpg,slit_lamp,2.777873816,3,2.678973746,3,2.125298894,2,2.660409055,3
2570_left.jpg,data\raw\slit_lamp\dataset_03\val\normal\2570_left.jpg,slit_lamp,3.033219819,3,3.386641687,3,2.119422198,2,2.725332582,3
2572_left.jpg,data\raw\slit_lamp\dataset_03\val\normal\2572_left.jpg,slit_lamp,3.009006556,3,2.395115811,2,2.13021939,2,2.682360686,3
2585_right.jpg,data\raw\slit_lamp\dataset_03\val\normal\2585_right.jpg,slit_lamp,2.693761308,3,2.366375411,2,2.066375953,2,2.382244281,2
2586_right.jpg,data\raw\slit_lamp\dataset_03\val\normal\2586_right.jpg,slit_lamp,3.232923098,3,2.627308919,3,2.133341226,2,3.283770937,3
2587_left.jpg,data\raw\slit_lamp\dataset_03\val\normal\2587_left.jpg,slit_lamp,2.703995208,3,3.067043169,3,2.19057082,2,2.797998913,3
2594_left.jpg,data\raw\slit_lamp\dataset_03\val\normal\2594_left.jpg,slit_lamp,2.976666501,3,2.369898832,2,2.179337923,2,2.797314683,3
2602_right.jpg,data\raw\slit_lamp\dataset_03\val\normal\2602_right.jpg,slit_lamp,2.677151706,3,2.26137132,2,2.282071368,2,2.520546721,3
2610_right.jpg,data\raw\slit_lamp\dataset_03\val\normal\2610_right.jpg,slit_lamp,3.164736754,3,3.719380208,4,2.130339439,2,2.596535278,3
2616_right.jpg,data\raw\slit_lamp\dataset_03\val\normal\2616_right.jpg,slit_lamp,3.071868751,3,3.124028958,3,2.105407607,2,2.446188864,2
2617_left.jpg,data\raw\slit_lamp\dataset_03\val\normal\2617_left.jpg,slit_lamp,2.181418966,2,1.766530721,2,2.172097842,2,2.18708214,2
2617_right.jpg,data\raw\slit_lamp\dataset_03\val\normal\2617_right.jpg,slit_lamp,2.403423891,2,1.836245651,2,2.198429339,2,2.198223676,2
2622_right.jpg,data\raw\slit_lamp\dataset_03\val\normal\2622_right.jpg,slit_lamp,2.658742464,3,2.236626504,2,2.156791595,2,2.593424067,3
2641_right.jpg,data\raw\slit_lamp\dataset_03\val\normal\2641_right.jpg,slit_lamp,3.318299054,3,3.430994975,3,2.012784598,2,3.168391023,3
2643_left.jpg,data\raw\slit_lamp\dataset_03\val\normal\2643_left.jpg,slit_lamp,3.099726526,3,2.916729086,3,2.129018998,2,2.799478074,3
2645_left.jpg,data\raw\slit_lamp\dataset_03\val\normal\2645_left.jpg,slit_lamp,2.394804793,2,2.607374596,3,2.126018783,2,2.345709847,2
2649_left.jpg,data\raw\slit_lamp\dataset_03\val\normal\2649_left.jpg,slit_lamp,2.023660057,2,1.73694895,2,2.120980905,2,2.293721861,2
2650_left.jpg,data\raw\slit_lamp\dataset_03\val\normal\2650_left.jpg,slit_lamp,3.227299403,3,4.497658524,4,2.121820334,2,3.149136283,3
2653_left.jpg,data\raw\slit_lamp\dataset_03\val\normal\2653_left.jpg,slit_lamp,2.89544305,3,2.350419667,2,2.138747159,2,2.478620698,2
2655_left.jpg,data\raw\slit_lamp\dataset_03\val\normal\2655_left.jpg,slit_lamp,2.487403505,2,2.254642107,2,2.111034397,2,1.996079224,2
2659_right.jpg,data\raw\slit_lamp\dataset_03\val\normal\2659_right.jpg,slit_lamp,2.6601484,3,2.770547698,3,2.28572585,2,2.366751739,2
2667_left.jpg,data\raw\slit_lamp\dataset_03\val\normal\2667_left.jpg,slit_lamp,1.703004616,2,4.597827589,5,2.16209164,2,2.797163084,3
2673_right.jpg,data\raw\slit_lamp\dataset_03\val\normal\2673_right.jpg,slit_lamp,3.084091647,3,2.735449879,3,2.137064941,2,2.794585524,3
2689_left.jpg,data\raw\slit_lamp\dataset_03\val\normal\2689_left.jpg,slit_lamp,2.902288617,3,2.496191702,2,2.220101309,2,2.672695878,3
2695_right.jpg,data\raw\slit_lamp\dataset_03\val\normal\2695_right.jpg,slit_lamp,2.65561356,3,2.340230299,2,2.079840375,2,1.769844478,2
2697_right.jpg,data\raw\slit_lamp\dataset_03\val\normal\2697_right.jpg,slit_lamp,3.122057911,3,3.018304278,3,2.149449014,2,2.886745734,3
2702_left.jpg,data\raw\slit_lamp\dataset_03\val\normal\2702_left.jpg,slit_lamp,2.583965888,3,3.128861738,3,2.126618738,2,2.771919459,3
2704_left.jpg,data\raw\slit_lamp\dataset_03\val\normal\2704_left.jpg,slit_lamp,1.852570846,2,1.676248297,2,2.120621177,2,2.366714207,2
2726_left.jpg,data\raw\slit_lamp\dataset_03\val\normal\2726_left.jpg,slit_lamp,3.083430908,3,2.959998258,3,2.124819004,2,2.503759471,3
2726_right.jpg,data\raw\slit_lamp\dataset_03\val\normal\2726_right.jpg,slit_lamp,3.128204288,3,3.768739737,4,2.131900233,2,2.552972765,3
2728_left.jpg,data\raw\slit_lamp\dataset_03\val\normal\2728_left.jpg,slit_lamp,2.22893482,2,2.120670245,2,2.169926902,2,2.181297749,2
2732_left.jpg,data\raw\slit_lamp\dataset_03\val\normal\2732_left.jpg,slit_lamp,3.026024435,3,3.927719524,4,2.105287932,2,2.822639783,3
2736_left.jpg,data\raw\slit_lamp\dataset_03\val\normal\2736_left.jpg,slit_lamp,2.776816525,3,2.371557937,2,2.134302026,2,2.742247196,3
2740_left.jpg,data\raw\slit_lamp\dataset_03\val\normal\2740_left.jpg,slit_lamp,2.971744645,3,2.857834901,3,2.12265985,2,2.8492858,3
2748_left.jpg,data\raw\slit_lamp\dataset_03\val\normal\2748_left.jpg,slit_lamp,2.642327447,3,2.363240723,2,2.132140381,2,2.821721233,3
2750_right.jpg,data\raw\slit_lamp\dataset_03\val\normal\2750_right.jpg,slit_lamp,1.419566262,1,1.866990249,2,2.123739355,2,2.152010816,2
2755_left.jpg,data\raw\slit_lamp\dataset_03\val\normal\2755_left.jpg,slit_lamp,3.209060365,3,2.357271267,2,2.132260458,2,2.333154097,2
2755_right.jpg,data\raw\slit_lamp\dataset_03\val\normal\2755_right.jpg,slit_lamp,3.107026625,3,2.112808365,2,2.132500616,2,2.156285282,2
2768_left.jpg,data\raw\slit_lamp\dataset_03\val\normal\2768_left.jpg,slit_lamp,3.029547698,3,2.142370572,2,2.123019669,2,2.835496448,3
2770_left.jpg,data\raw\slit_lamp\dataset_03\val\normal\2770_left.jpg,slit_lamp,2.573768714,3,2.009811375,2,2.072092235,2,3.015875429,3
2777_right.jpg,data\raw\slit_lamp\dataset_03\val\normal\2777_right.jpg,slit_lamp,2.15288915,2,2.125919319,2,2.172580341,2,1.451385487,1
2780_left.jpg,data\raw\slit_lamp\dataset_03\val\normal\2780_left.jpg,slit_lamp,1.910676397,2,1.917340569,2,2.099067421,2,3.060598983,3
2789_left.jpg,data\raw\slit_lamp\dataset_03\val\normal\2789_left.jpg,slit_lamp,2.837043483,3,2.445494913,2,2.182356245,2,2.621794786,3
2791_left.jpg,data\raw\slit_lamp\dataset_03\val\normal\2791_left.jpg,slit_lamp,3.245453258,3,2.671831602,3,2.107322653,2,2.839186435,3
2794_right.jpg,data\raw\slit_lamp\dataset_03\val\normal\2794_right.jpg,slit_lamp,2.485036894,2,2.501177582,3,2.182839264,2,2.268679763,2
2812_left.jpg,data\raw\slit_lamp\dataset_03\val\normal\2812_left.jpg,slit_lamp,1.840620215,2,1.951657546,2,2.32561622,2,2.590597746,3
2812_right.jpg,data\raw\slit_lamp\dataset_03\val\normal\2812_right.jpg,slit_lamp,1.653577839,2,2.05825232,2,2.250561659,2,2.607655488,3
2817_left.jpg,data\raw\slit_lamp\dataset_03\val\normal\2817_left.jpg,slit_lamp,1.796950865,2,2.855658001,3,2.123259557,2,2.694608251,3
2820_right.jpg,data\raw\slit_lamp\dataset_03\val\normal\2820_right.jpg,slit_lamp,2.303066789,2,2.088104278,2,2.168600466,2,2.470048607,2
2822_right.jpg,data\raw\slit_lamp\dataset_03\val\normal\2822_right.jpg,slit_lamp,2.190453927,2,3.107132499,3,2.153901983,2,2.285785321,2
2835_left.jpg,data\raw\slit_lamp\dataset_03\val\normal\2835_left.jpg,slit_lamp,2.941128318,3,2.204811046,2,2.122779788,2,2.51240819,3
2838_right.jpg,data\raw\slit_lamp\dataset_03\val\normal\2838_right.jpg,slit_lamp,2.955119301,3,2.766223936,3,2.116185853,2,3.003050874,3
2841_left.jpg,data\raw\slit_lamp\dataset_03\val\normal\2841_left.jpg,slit_lamp,3.043534043,3,2.931199998,3,2.196131601,2,2.863452492,3
2843_right.jpg,data\raw\slit_lamp\dataset_03\val\normal\2843_right.jpg,slit_lamp,2.876529338,3,2.057557362,2,2.252627523,2,2.496696302,2
2849_right.jpg,data\raw\slit_lamp\dataset_03\val\normal\2849_right.jpg,slit_lamp,2.605937406,3,2.71530617,3,2.133341226,2,2.75277255,3
2850_left.jpg,data\raw\slit_lamp\dataset_03\val\normal\2850_left.jpg,slit_lamp,3.031306398,3,2.35963774,2,2.066375953,2,3.028936344,3
2878_right.jpg,data\raw\slit_lamp\dataset_03\val\normal\2878_right.jpg,slit_lamp,3.130682466,3,2.836379638,3,2.123739355,2,2.777549754,3
2883_right.jpg,data\raw\slit_lamp\dataset_03\val\normal\2883_right.jpg,slit_lamp,1.671927044,2,2.597295315,3,2.149809982,2,2.64203873,3
2887_left.jpg,data\raw\slit_lamp\dataset_03\val\normal\2887_left.jpg,slit_lamp,3.304463232,3,2.83343229,3,2.127218737,2,2.723520328,3
2892_right.jpg,data\raw\slit_lamp\dataset_03\val\normal\2892_right.jpg,slit_lamp,2.828334828,3,2.503921987,3,2.106843847,2,2.867495861,3
2897_right.jpg,data\raw\slit_lamp\dataset_03\val\normal\2897_right.jpg,slit_lamp,2.984260548,3,2.487175467,2,2.167033105,2,2.784618453,3
2907_left.jpg,data\raw\slit_lamp\dataset_03\val\normal\2907_left.jpg,slit_lamp,2.997206069,3,2.750326374,3,2.129018998,2,2.867859782,3
2908_left.jpg,data\raw\slit_lamp\dataset_03\val\normal\2908_left.jpg,slit_lamp,2.9750939,3,2.443459522,2,2.148125595,2,2.148010849,2
2915_right.jpg,data\raw\slit_lamp\dataset_03\val\normal\2915_right.jpg,slit_lamp,2.935177362,3,2.63738016,3,2.13093971,2,2.697837389,3
2944_right.jpg,data\raw\slit_lamp\dataset_03\val\normal\2944_right.jpg,slit_lamp,2.310184819,2,2.062927662,2,2.128898968,2,2.467873128,2
2946_right.jpg,data\raw\slit_lamp\dataset_03\val\normal\2946_right.jpg,slit_lamp,2.976021844,3,2.793391467,3,2.143314861,2,2.497754725,2
2948_left.jpg,data\raw\slit_lamp\dataset_03\val\normal\2948_left.jpg,slit_lamp,2.31002939,2,1.805757712,2,2.392901385,2,2.171992055,2
2948_right.jpg,data\raw\slit_lamp\dataset_03\val\normal\2948_right.jpg,slit_lamp,1.888411712,2,1.664466767,2,2.291209298,2,2.099494374,2
2961_right.jpg,data\raw\slit_lamp\dataset_03\val\normal\2961_right.jpg,slit_lamp,2.39960729,2,2.417661088,2,2.12613877,2,2.48147595,2
2966_left.jpg,data\raw\slit_lamp\dataset_03\val\normal\2966_left.jpg,slit_lamp,2.474098176,2,2.03997319,2,2.121580488,2,2.431810275,2
2966_right.jpg,data\raw\slit_lamp\dataset_03\val\normal\2966_right.jpg,slit_lamp,2.820592794,3,2.294682469,2,2.172339088,2,2.499031263,2
2974_left.jpg,data\raw\slit_lamp\dataset_03\val\normal\2974_left.jpg,slit_lamp,2.665473205,3,2.458728689,2,2.139468212,2,2.817421516,3
2974_right.jpg,data\raw\slit_lamp\dataset_03\val\normal\2974_right.jpg,slit_lamp,2.665403902,3,2.477930963,2,2.161489205,2,2.793234087,3
2985_right.jpg,data\raw\slit_lamp\dataset_03\val\normal\2985_right.jpg,slit_lamp,2.284958169,2,2.128139019,2,2.16209164,2,2.457292432,2
3001_left.jpg,data\raw\slit_lamp\dataset_03\val\normal\3001_left.jpg,slit_lamp,2.952853544,3,2.567311562,3,2.089029689,2,2.431850432,2
3001_right.jpg,data\raw\slit_lamp\dataset_03\val\normal\3001_right.jpg,slit_lamp,2.801610358,3,2.131156267,2,2.123739355,2,2.410985431,2
3008_left.jpg,data\raw\slit_lamp\dataset_03\val\normal\3008_left.jpg,slit_lamp,2.152475294,2,1.835873313,2,2.161850661,2,2.281912243,2
3008_right.jpg,data\raw\slit_lamp\dataset_03\val\normal\3008_right.jpg,slit_lamp,2.024435933,2,1.852306939,2,2.207141218,2,2.101995885,2
3009_right.jpg,data\raw\slit_lamp\dataset_03\val\normal\3009_right.jpg,slit_lamp,2.58628112,3,1.84142197,2,2.065423692,2,1.885583679,2
3010_right.jpg,data\raw\slit_lamp\dataset_03\val\normal\3010_right.jpg,slit_lamp,1.882841501,2,2.406753297,2,2.124819004,2,2.423583903,2
3011_right.jpg,data\raw\slit_lamp\dataset_03\val\normal\3011_right.jpg,slit_lamp,2.405391653,2,1.867629508,2,2.256273996,2,2.221181924,2
3016_left.jpg,data\raw\slit_lamp\dataset_03\val\normal\3016_left.jpg,slit_lamp,3.133334802,3,2.53836824,3,2.115586674,2,3.193121051,3
3017_left.jpg,data\raw\slit_lamp\dataset_03\val\normal\3017_left.jpg,slit_lamp,2.879450337,3,3.148058584,3,2.198066504,2,2.506218313,3
3017_right.jpg,data\raw\slit_lamp\dataset_03\val\normal\3017_right.jpg,slit_lamp,3.064273827,3,2.943166622,3,2.186945896,2,2.443832271,2
3018_right.jpg,data\raw\slit_lamp\dataset_03\val\normal\3018_right.jpg,slit_lamp,2.445546368,2,2.04533007,2,2.264908127,2,2.99498964,3
3025_right.jpg,data\raw\slit_lamp\dataset_03\val\normal\3025_right.jpg,slit_lamp,1.280966456,1,1.63050122,2,2.234532753,2,2.100306341,2
3026_left.jpg,data\raw\slit_lamp\dataset_03\val\normal\3026_left.jpg,slit_lamp,2.760763459,3,2.270934569,2,2.196131601,2,2.621341117,3
3026_right.jpg,data\raw\slit_lamp\dataset_03\val\normal\3026_right.jpg,slit_lamp,2.831110056,3,2.226760462,2,2.141872165,2,2.561322857,3
3029_right.jpg,data\raw\slit_lamp\dataset_03\val\normal\3029_right.jpg,slit_lamp,1.9822193,2,1.970659202,2,2.121220733,2,2.512679681,3
3038_right.jpg,data\raw\slit_lamp\dataset_03\val\normal\3038_right.jpg,slit_lamp,3.033700892,3,3.260636265,3,2.152938988,2,2.748670194,3
3042_left.jpg,data\raw\slit_lamp\dataset_03\val\normal\3042_left.jpg,slit_lamp,2.628328114,3,2.077999534,2,2.067804588,2,3.10684106,3
3044_left.jpg,data\raw\slit_lamp\dataset_03\val\normal\3044_left.jpg,slit_lamp,3.101362248,3,2.561040334,3,2.207625425,2,2.747344949,3
3056_left.jpg,data\raw\slit_lamp\dataset_03\val\normal\3056_left.jpg,slit_lamp,2.63284504,3,2.262527925,2,2.139468212,2,2.544036244,3
3057_left.jpg,data\raw\slit_lamp\dataset_03\val\normal\3057_left.jpg,slit_lamp,1.399504633,1,2.111954244,2,2.121100818,2,2.247353189,2
3059_left.jpg,data\raw\slit_lamp\dataset_03\val\normal\3059_left.jpg,slit_lamp,2.4399058,2,2.843309731,3,2.124938974,2,2.801889375,3
3062_left.jpg,data\raw\slit_lamp\dataset_03\val\normal\3062_left.jpg,slit_lamp,2.75017323,3,2.622202131,3,2.130579542,2,2.751833742,3
3062_right.jpg,data\raw\slit_lamp\dataset_03\val\normal\3062_right.jpg,slit_lamp,2.310323507,2,2.740445473,3,2.120381367,2,2.664683178,3
3063_left.jpg,data\raw\slit_lamp\dataset_03\val\normal\3063_left.jpg,slit_lamp,2.641442055,3,2.301689864,2,2.247159811,2,2.545020953,3
3064_right.jpg,data\raw\slit_lamp\dataset_03\val\normal\3064_right.jpg,slit_lamp,2.12308273,2,1.786138133,2,2.146321256,2,2.177892115,2
3070_left.jpg,data\raw\slit_lamp\dataset_03\val\normal\3070_left.jpg,slit_lamp,2.641322603,3,3.242761814,3,2.13021939,2,2.34866007,2
3072_right.jpg,data\raw\slit_lamp\dataset_03\val\normal\3072_right.jpg,slit_lamp,2.347142354,2,2.442878723,2,2.122300046,2,2.567109666,3
3077_right.jpg,data\raw\slit_lamp\dataset_03\val\normal\3077_right.jpg,slit_lamp,2.521785606,3,2.426136894,2,2.118463145,2,2.76047231,3
3094_left.jpg,data\raw\slit_lamp\dataset_03\val\normal\3094_left.jpg,slit_lamp,0.923093129,1,4.745053281,5,2.284751231,2,2.318892993,2
3094_right.jpg,data\raw\slit_lamp\dataset_03\val\normal\3094_right.jpg,slit_lamp,0.357171309,0,4.557362928,5,2.528700127,3,2.186578752,2
3095_left.jpg,data\raw\slit_lamp\dataset_03\val\normal\3095_left.jpg,slit_lamp,3.060545436,3,3.402327134,3,2.140910502,2,2.615768062,3
3100_left.jpg,data\raw\slit_lamp\dataset_03\val\normal\3100_left.jpg,slit_lamp,1.555423404,2,1.78694493,2,2.127938794,2,2.065619166,2
3108_left.jpg,data\raw\slit_lamp\dataset_03\val\normal\3108_left.jpg,slit_lamp,3.198324838,3,4.71362127,5,2.072807096,2,3.088168804,3
3117_right.jpg,data\raw\slit_lamp\dataset_03\val\normal\3117_right.jpg,slit_lamp,2.839841568,3,2.721737672,3,2.122539913,2,2.974081236,3
3138_left.jpg,data\raw\slit_lamp\dataset_03\val\normal\3138_left.jpg,slit_lamp,3.180460745,3,3.079460026,3,2.135383058,2,2.354033079,2
3139_left.jpg,data\raw\slit_lamp\dataset_03\val\normal\3139_left.jpg,slit_lamp,1.746672526,2,2.025318701,2,2.088193821,2,2.278377095,2
3142_right.jpg,data\raw\slit_lamp\dataset_03\val\normal\3142_right.jpg,slit_lamp,2.567079599,3,2.466753699,2,2.164983881,2,2.679821301,3
3146_right.jpg,data\raw\slit_lamp\dataset_03\val\normal\3146_right.jpg,slit_lamp,2.252152528,2,2.132888292,2,2.11858302,2,2.521856743,3
3155_right.jpg,data\raw\slit_lamp\dataset_03\val\normal\3155_right.jpg,slit_lamp,3.34572742,3,3.271643535,3,2.019518338,2,2.790798872,3
3157_left.jpg,data\raw\slit_lamp\dataset_03\val\normal\3157_left.jpg,slit_lamp,2.827280212,3,2.515786418,3,2.158236752,2,2.816991617,3
3163_left.jpg,data\raw\slit_lamp\dataset_03\val\normal\3163_left.jpg,slit_lamp,2.79025944,3,2.194969217,2,2.331113177,2,2.462157056,2
3169_left.jpg,data\raw\slit_lamp\dataset_03\val\normal\3169_left.jpg,slit_lamp,1.740853397,2,1.598703329,2,2.283289425,2,2.155595912,2
3170_right.jpg,data\raw\slit_lamp\dataset_03\val\normal\3170_right.jpg,slit_lamp,3.273508787,3,3.06688724,3,2.060902232,2,2.937182047,3
3176_left.jpg,data\raw\slit_lamp\dataset_03\val\normal\3176_left.jpg,slit_lamp,3.200615947,3,2.333191485,2,2.129259062,2,2.298013528,2
3177_right.jpg,data\raw\slit_lamp\dataset_03\val\normal\3177_right.jpg,slit_lamp,2.459984991,2,2.086483669,2,2.07411786,2,3.000460458,3
3184_left.jpg,data\raw\slit_lamp\dataset_03\val\normal\3184_left.jpg,slit_lamp,3.157257565,3,2.708971538,3,2.1440363,2,2.620398578,3
3187_left.jpg,data\raw\slit_lamp\dataset_03\val\normal\3187_left.jpg,slit_lamp,2.427094571,2,3.700716134,4,2.104569923,2,2.710594916,3
3188_left.jpg,data\raw\slit_lamp\dataset_03\val\normal\3188_left.jpg,slit_lamp,3.19571585,3,3.319616068,3,2.129739212,2,2.935667883,3
3196_right.jpg,data\raw\slit_lamp\dataset_03\val\normal\3196_right.jpg,slit_lamp,3.078785808,3,2.981299332,3,2.169806309,2,2.476475698,2
3198_right.jpg,data\raw\slit_lamp\dataset_03\val\normal\3198_right.jpg,slit_lamp,1.517050106,2,1.52712206,2,2.110076359,2,3.135178499,3
3200_left.jpg,data\raw\slit_lamp\dataset_03\val\normal\3200_left.jpg,slit_lamp,2.265400196,2,1.987091047,2,2.250440148,2,2.462669915,2
3208_right.jpg,data\raw\slit_lamp\dataset_03\val\normal\3208_right.jpg,slit_lamp,2.720681971,3,1.974558118,2,2.065899806,2,3.052854985,3
3217_right.jpg,data\raw\slit_lamp\dataset_03\val\normal\3217_right.jpg,slit_lamp,2.709927975,3,2.525167648,3,2.135503182,2,2.737579084,3
3237_left.jpg,data\raw\slit_lamp\dataset_03\val\normal\3237_left.jpg,slit_lamp,2.794442727,3,2.345372104,2,2.163417137,2,2.612141657,3
3242_left.jpg,data\raw\slit_lamp\dataset_03\val\normal\3242_left.jpg,slit_lamp,2.101622984,2,2.05690131,2,2.072211373,2,3.025206951,3
3242_right.jpg,data\raw\slit_lamp\dataset_03\val\normal\3242_right.jpg,slit_lamp,2.020862239,2,1.833724614,2,2.092374104,2,2.997046155,3
3244_left.jpg,data\raw\slit_lamp\dataset_03\val\normal\3244_left.jpg,slit_lamp,2.124044846,2,1.934037501,2,2.057215865,2,3.187256521,3
3244_right.jpg,data\raw\slit_lamp\dataset_03\val\normal\3244_right.jpg,slit_lamp,2.182384731,2,1.916045277,2,2.0584048,2,3.177504896,3
3255_left.jpg,data\raw\slit_lamp\dataset_03\val\normal\3255_left.jpg,slit_lamp,2.900348295,3,3.300181801,3,2.169082785,2,2.519766744,3
3266_right.jpg,data\raw\slit_lamp\dataset_03\val\normal\3266_right.jpg,slit_lamp,2.412308175,2,2.543910462,3,2.32964716,2,1.917645914,2
3274_left.jpg,data\raw\slit_lamp\dataset_03\val\normal\3274_left.jpg,slit_lamp,2.872988798,3,2.132618211,2,2.160043526,2,2.569961669,3
3275_left.jpg,data\raw\slit_lamp\dataset_03\val\normal\3275_left.jpg,slit_lamp,2.798676945,3,1.844312423,2,2.078051599,2,2.971201121,3
3283_left.jpg,data\raw\slit_lamp\dataset_03\val\normal\3283_left.jpg,slit_lamp,3.074098503,3,2.758032233,3,2.173666055,2,2.683528558,3
3295_left.jpg,data\raw\slit_lamp\dataset_03\val\normal\3295_left.jpg,slit_lamp,2.469143892,2,1.984977041,2,2.3542177,2,2.276381865,2
3305_right.jpg,data\raw\slit_lamp\dataset_03\val\normal\3305_right.jpg,slit_lamp,3.327031512,3,2.750144567,3,2.080913853,2,2.667241249,3
3308_right.jpg,data\raw\slit_lamp\dataset_03\val\normal\3308_right.jpg,slit_lamp,3.176577183,3,2.547148328,3,2.132380536,2,3.247566381,3
3324_right.jpg,data\raw\slit_lamp\dataset_03\val\normal\3324_right.jpg,slit_lamp,3.310215974,3,4.333109685,4,2.012076209,2,3.049398002,3
3330_left.jpg,data\raw\slit_lamp\dataset_03\val\normal\3330_left.jpg,slit_lamp,2.732214609,3,2.386200154,2,2.173786698,2,2.391719348,2
3342_left.jpg,data\raw\slit_lamp\dataset_03\val\normal\3342_left.jpg,slit_lamp,2.092748045,2,2.119716183,2,2.125178919,2,2.091881212,2
3353_left.jpg,data\raw\slit_lamp\dataset_03\val\normal\3353_left.jpg,slit_lamp,2.32435667,2,2.03369889,2,2.223374049,2,2.462782606,2
3354_left.jpg,data\raw\slit_lamp\dataset_03\val\normal\3354_left.jpg,slit_lamp,2.602259188,3,2.260305756,2,2.21646607,2,2.503484131,3
3355_left.jpg,data\raw\slit_lamp\dataset_03\val\normal\3355_left.jpg,slit_lamp,2.907808455,3,3.567597909,4,2.125058946,2,2.621636815,3
3356_right.jpg,data\raw\slit_lamp\dataset_03\val\normal\3356_right.jpg,slit_lamp,2.404173714,2,2.030800523,2,2.174148635,2,3.034121228,3
3359_right.jpg,data\raw\slit_lamp\dataset_03\val\normal\3359_right.jpg,slit_lamp,2.865402499,3,4.965754137,5,2.11966198,2,2.96212122,3
3362_left.jpg,data\raw\slit_lamp\dataset_03\val\normal\3362_left.jpg,slit_lamp,3.22636648,3,4.959331822,5,2.173062865,2,2.718978046,3
3367_right.jpg,data\raw\slit_lamp\dataset_03\val\normal\3367_right.jpg,slit_lamp,2.091667485,2,2.326960424,2,2.327204058,2,2.591168497,3
3369_left.jpg,data\raw\slit_lamp\dataset_03\val\normal\3369_left.jpg,slit_lamp,2.442096543,2,2.299566949,2,2.222161811,2,2.402884623,2
3377_left.jpg,data\raw\slit_lamp\dataset_03\val\normal\3377_left.jpg,slit_lamp,2.633223855,3,4.611081626,5,2.132980954,2,2.668038518,3
3389_left.jpg,data\raw\slit_lamp\dataset_03\val\normal\3389_left.jpg,slit_lamp,3.011495003,3,3.029675014,3,2.167997604,2,2.928937572,3
3389_right.jpg,data\raw\slit_lamp\dataset_03\val\normal\3389_right.jpg,slit_lamp,3.203612922,3,3.731455514,4,2.166430345,2,3.035890219,3
3390_left.jpg,data\raw\slit_lamp\dataset_03\val\normal\3390_left.jpg,slit_lamp,1.210424486,1,4.396638271,4,2.207504371,2,2.146587521,2
3390_right.jpg,data\raw\slit_lamp\dataset_03\val\normal\3390_right.jpg,slit_lamp,1.055514939,1,4.163493298,4,2.148125595,2,2.174178885,2
3393_left.jpg,data\raw\slit_lamp\dataset_03\val\normal\3393_left.jpg,slit_lamp,2.399691296,2,2.219221844,2,2.122899727,2,2.59728521,3
3397_left.jpg,data\raw\slit_lamp\dataset_03\val\normal\3397_left.jpg,slit_lamp,2.560326789,3,2.034140204,2,2.132740782,2,2.541094683,3
3406_right.jpg,data\raw\slit_lamp\dataset_03\val\normal\3406_right.jpg,slit_lamp,2.041631875,2,1.948249276,2,2.08413524,2,2.949640042,3
3407_right.jpg,data\raw\slit_lamp\dataset_03\val\normal\3407_right.jpg,slit_lamp,2.869320428,3,2.396450339,2,2.163899183,2,2.507513806,3
3411_left.jpg,data\raw\slit_lamp\dataset_03\val\normal\3411_left.jpg,slit_lamp,2.815547194,3,4.932174374,5,2.140549907,2,2.891445778,3
3412_right.jpg,data\raw\slit_lamp\dataset_03\val\normal\3412_right.jpg,slit_lamp,2.181503367,2,2.230923846,2,2.124459105,2,2.560530819,3
3414_right.jpg,data\raw\slit_lamp\dataset_03\val\normal\3414_right.jpg,slit_lamp,2.463390784,2,2.070779146,2,2.093807884,2,2.709706509,3
3415_left.jpg,data\raw\slit_lamp\dataset_03\val\normal\3415_left.jpg,slit_lamp,2.956308121,3,2.410268562,2,2.122180116,2,2.66139964,3
3424_left.jpg,data\raw\slit_lamp\dataset_03\val\normal\3424_left.jpg,slit_lamp,2.396284856,2,1.979276082,2,2.401845797,2,2.365362644,2
3424_right.jpg,data\raw\slit_lamp\dataset_03\val\normal\3424_right.jpg,slit_lamp,2.335466504,2,1.899719615,2,2.154985478,2,2.318374488,2
3425_left.jpg,data\raw\slit_lamp\dataset_03\val\normal\3425_left.jpg,slit_lamp,2.467482263,2,4.738090193,5,2.139828762,2,2.598959896,3
3428_right.jpg,data\raw\slit_lamp\dataset_03\val\normal\3428_right.jpg,slit_lamp,2.785678092,3,2.352611688,2,2.171977221,2,2.5461486,3
3434_left.jpg,data\raw\slit_lamp\dataset_03\val\normal\3434_left.jpg,slit_lamp,2.489902478,2,1.855281159,2,2.276347905,2,2.314186366,2
3442_right.jpg,data\raw\slit_lamp\dataset_03\val\normal\3442_right.jpg,slit_lamp,2.678704597,3,2.742388962,3,2.118223399,2,2.765129815,3
3445_left.jpg,data\raw\slit_lamp\dataset_03\val\normal\3445_left.jpg,slit_lamp,2.130477233,2,1.86626971,2,2.145719893,2,2.603794032,3
3448_right.jpg,data\raw\slit_lamp\dataset_03\val\normal\3448_right.jpg,slit_lamp,1.913638479,2,1.906703548,2,2.311820334,2,2.273528803,2
8_right.jpg,data\raw\slit_lamp\dataset_03\val\normal\8_right.jpg,slit_lamp,2.794687157,3,2.518829183,3,2.135743433,2,2.460097334,2
10003_right.jpeg,data\raw\slit_lamp\dataset_03\train\cataract\10003_right.jpeg,slit_lamp,2.786454149,3,2.057631384,2,2.271965571,2,1.854684239,2
10007_right.jpeg,data\raw\slit_lamp\dataset_03\train\cataract\10007_right.jpeg,slit_lamp,2.987962883,3,2.177858532,2,2.352627654,2,1.996741009,2
10009_left.jpeg,data\raw\slit_lamp\dataset_03\train\cataract\10009_left.jpeg,slit_lamp,2.92341385,3,1.786961602,2,2.354706969,2,3.545150776,4
10009_right.jpeg,data\raw\slit_lamp\dataset_03\train\cataract\10009_right.jpeg,slit_lamp,2.994268789,3,1.692539521,2,2.229437207,2,3.67872242,4
1000_left.jpeg,data\raw\slit_lamp\dataset_03\train\cataract\1000_left.jpeg,slit_lamp,3.25484975,3,1.730174697,2,1.956145821,2,3.74283643,4
10010_left.jpeg,data\raw\slit_lamp\dataset_03\train\cataract\10010_left.jpeg,slit_lamp,3.207988714,3,1.497924242,1,2.065066628,2,3.926233919,4
10010_right.jpeg,data\raw\slit_lamp\dataset_03\train\cataract\10010_right.jpeg,slit_lamp,3.222416795,3,1.467280356,1,2.008771471,2,4.019542578,4
10013_left.jpeg,data\raw\slit_lamp\dataset_03\train\cataract\10013_left.jpeg,slit_lamp,3.312756761,3,2.027801193,2,1.947850479,2,3.977337325,4
10013_right.jpeg,data\raw\slit_lamp\dataset_03\train\cataract\10013_right.jpeg,slit_lamp,3.317159826,3,1.936747887,2,1.949134842,2,4.05432474,4
10014_left.jpeg,data\raw\slit_lamp\dataset_03\train\cataract\10014_left.jpeg,slit_lamp,2.54904807,3,2.373286194,2,2.091657317,2,2.704760471,3
10015_left.jpeg,data\raw\slit_lamp\dataset_03\train\cataract\10015_left.jpeg,slit_lamp,2.829051267,3,2.186133792,2,2.136344093,2,2.488755945,2
10017_right.jpeg,data\raw\slit_lamp\dataset_03\train\cataract\10017_right.jpeg,slit_lamp,2.842121363,3,1.980525313,2,2.120381367,2,2.042661584,2
10029_left.jpeg,data\raw\slit_lamp\dataset_03\train\cataract\10029_left.jpeg,slit_lamp,3.180795505,3,1.303413272,1,2.121460568,2,4.269629019,4
10029_right.jpeg,data\raw\slit_lamp\dataset_03\train\cataract\10029_right.jpeg,slit_lamp,3.219753388,3,1.336165476,1,2.012784598,2,4.193953961,4
1002_left.jpeg,data\raw\slit_lamp\dataset_03\train\cataract\1002_left.jpeg,slit_lamp,3.219457528,3,2.311923299,2,1.924901186,2,3.412570175,3
10030_left.jpeg,data\raw\slit_lamp\dataset_03\train\cataract\10030_left.jpeg,slit_lamp,2.785249751,3,2.397107587,2,2.152698256,2,2.857618138,3
10030_right.jpeg,data\raw\slit_lamp\dataset_03\train\cataract\10030_right.jpeg,slit_lamp,2.763491995,3,2.401078616,2,2.220222504,2,2.745607738,3
10031_left.jpeg,data\raw\slit_lamp\dataset_03\train\cataract\10031_left.jpeg,slit_lamp,3.256271082,3,2.473915946,2,2.040948504,2,3.360122131,3
10032_left.jpeg,data\raw\slit_lamp\dataset_03\train\cataract\10032_left.jpeg,slit_lamp,3.329354133,3,1.374739053,1,1.96527352,2,4.193909009,4
10032_right.jpeg,data\raw\slit_lamp\dataset_03\train\cataract\10032_right.jpeg,slit_lamp,3.326700106,3,1.435250357,1,1.96468796,2,4.179232907,4
10035_right.jpeg,data\raw\slit_lamp\dataset_03\train\cataract\10035_right.jpeg,slit_lamp,3.176068617,3,2.341047632,2,2.122180116,2,2.499539894,2
10042_right.jpeg,data\raw\slit_lamp\dataset_03\train\cataract\10042_right.jpeg,slit_lamp,2.821719864,3,2.51347628,3,2.165707084,2,2.847845213,3
10046_left.jpeg,data\raw\slit_lamp\dataset_03\train\cataract\10046_left.jpeg,slit_lamp,3.187350486,3,2.253545111,2,1.99827903,2,3.589781061,4
10046_right.jpeg,data\raw\slit_lamp\dataset_03\train\cataract\10046_right.jpeg,slit_lamp,3.03071953,3,2.138398565,2,2.012548459,2,3.614439711,4
10047_left.jpeg,data\raw\slit_lamp\dataset_03\train\cataract\10047_left.jpeg,slit_lamp,3.235931654,3,1.551333011,2,1.948200729,2,3.764642501,4
10050_right.jpeg,data\raw\slit_lamp\dataset_03\train\cataract\10050_right.jpeg,slit_lamp,3.299636887,3,1.222869091,1,2.00322825,2,4.000210682,4
10058_right.jpeg,data\raw\slit_lamp\dataset_03\train\cataract\10058_right.jpeg,slit_lamp,3.228446833,3,2.783673483,3,1.991451132,2,3.472722973,3
10059_left.jpeg,data\raw\slit_lamp\dataset_03\train\cataract\10059_left.jpeg,slit_lamp,3.293876888,3,1.81239997,2,1.96703057,2,3.770886109,4
10061_right.jpeg,data\raw\slit_lamp\dataset_03\train\cataract\10061_right.jpeg,slit_lamp,3.00287945,3,2.618394214,3,2.120021665,2,2.848915319,3
10069_left.jpeg,data\raw\slit_lamp\dataset_03\train\cataract\10069_left.jpeg,slit_lamp,3.252078026,3,2.707688166,3,2.172218464,2,2.563251736,3
10069_right.jpeg,data\raw\slit_lamp\dataset_03\train\cataract\10069_right.jpeg,slit_lamp,3.177102759,3,2.626466731,3,2.285238532,2,2.394746013,2
10078_left.jpeg,data\raw\slit_lamp\dataset_03\train\cataract\10078_left.jpeg,slit_lamp,3.289315144,3,1.496753669,1,1.973008656,2,3.899519269,4
10078_right.jpeg,data\raw\slit_lamp\dataset_03\train\cataract\10078_right.jpeg,slit_lamp,3.288221743,3,1.775072701,2,1.961292926,2,3.841360524,4
10081_right.jpeg,data\raw\slit_lamp\dataset_03\train\cataract\10081_right.jpeg,slit_lamp,3.32191428,3,1.8595787,2,1.94878453,2,4.129864154,4
10085_left.jpeg,data\raw\slit_lamp\dataset_03\train\cataract\10085_left.jpeg,slit_lamp,2.999909423,3,1.890509995,2,2.168962203,2,3.773908215,4
1008_right.jpeg,data\raw\slit_lamp\dataset_03\train\cataract\1008_right.jpeg,slit_lamp,3.039597535,3,3.067337426,3,2.123979265,2,2.432809009,2
10095_left.jpeg,data\raw\slit_lamp\dataset_03\train\cataract\10095_left.jpeg,slit_lamp,2.780999187,3,1.605599583,2,2.000399625,2,3.982010103,4
10099_left.jpeg,data\raw\slit_lamp\dataset_03\train\cataract\10099_left.jpeg,slit_lamp,3.076684227,3,1.849589193,2,1.992980839,2,3.862584143,4
10099_right.jpeg,data\raw\slit_lamp\dataset_03\train\cataract\10099_right.jpeg,slit_lamp,3.06627785,3,1.789359811,2,1.995570476,2,3.804327793,4
100_right.jpeg,data\raw\slit_lamp\dataset_03\train\cataract\100_right.jpeg,slit_lamp,3.212395774,3,1.179725483,1,1.974064269,2,3.798572255,4
10100_left.jpeg,data\raw\slit_lamp\dataset_03\train\cataract\10100_left.jpeg,slit_lamp,2.727908979,3,2.306951141,2,2.554344053,3,2.140481148,2
10100_right.jpeg,data\raw\slit_lamp\dataset_03\train\cataract\10100_right.jpeg,slit_lamp,2.92273719,3,2.348770315,2,2.442920841,2,2.238692198,2
10104_left.jpeg,data\raw\slit_lamp\dataset_03\train\cataract\10104_left.jpeg,slit_lamp,3.145103615,3,2.488813668,2,2.000517458,2,3.629471163,4
10104_right.jpeg,data\raw\slit_lamp\dataset_03\train\cataract\10104_right.jpeg,slit_lamp,3.138157195,3,2.442572277,2,2.006176142,2,3.558564953,4
10109_left.jpeg,data\raw\slit_lamp\dataset_03\train\cataract\10109_left.jpeg,slit_lamp,3.102175752,3,2.552282055,3,2.238173797,2,2.568476072,3
10109_right.jpeg,data\raw\slit_lamp\dataset_03\train\cataract\10109_right.jpeg,slit_lamp,3.046159004,3,2.59644261,3,2.284263946,2,2.582120991,3
10115_left.jpeg,data\raw\slit_lamp\dataset_03\train\cataract\10115_left.jpeg,slit_lamp,3.009457756,3,2.766096724,3,2.034192078,2,2.858440046,3
10116_right.jpeg,data\raw\slit_lamp\dataset_03\train\cataract\10116_right.jpeg,slit_lamp,3.317558572,3,3.347534687,3,2.13862699,2,2.77447226,3
1011_left.jpeg,data\raw\slit_lamp\dataset_03\train\cataract\1011_left.jpeg,slit_lamp,3.314649793,3,2.123640496,2,1.952756052,2,3.588494442,4
1011_right.jpeg,data\raw\slit_lamp\dataset_03\train\cataract\1011_right.jpeg,slit_lamp,3.30794646,3,2.014796694,2,1.951821314,2,3.67135704,4
10120_left.jpeg,data\raw\slit_lamp\dataset_03\train\cataract\10120_left.jpeg,slit_lamp,3.300301623,3,1.992080864,2,1.912710725,2,3.752968401,4
10124_left.jpeg,data\raw\slit_lamp\dataset_03\train\cataract\10124_left.jpeg,slit_lamp,3.303964752,3,2.651682178,3,1.969139758,2,3.299150099,3
10124_right.jpeg,data\raw\slit_lamp\dataset_03\train\cataract\10124_right.jpeg,slit_lamp,3.124593348,3,2.382694642,2,1.998043455,2,3.103482594,3
10126_left.jpeg,data\raw\slit_lamp\dataset_03\train\cataract\10126_left.jpeg,slit_lamp,3.263099519,3,1.081720432,1,1.992627795,2,4.148682764,4
10126_right.jpeg,data\raw\slit_lamp\dataset_03\train\cataract\10126_right.jpeg,slit_lamp,3.261040156,3,1.128338436,1,1.988745701,2,4.211367706,4
10129_right.jpeg,data\raw\slit_lamp\dataset_03\train\cataract\10129_right.jpeg,slit_lamp,3.295430833,3,1.784796117,2,1.971015256,2,3.322573725,3
10130_left.jpeg,data\raw\slit_lamp\dataset_03\train\cataract\10130_left.jpeg,slit_lamp,3.019066199,3,2.270349063,2,2.199517922,2,2.134069314,2
10130_right.jpeg,data\raw\slit_lamp\dataset_03\train\cataract\10130_right.jpeg,slit_lamp,2.792278389,3,2.159057805,2,2.118463145,2,2.122795534,2
10135_left.jpeg,data\raw\slit_lamp\dataset_03\train\cataract\10135_left.jpeg,slit_lamp,2.462004936,2,2.208484494,2,2.268679746,2,2.050106548,2
10137_left.jpeg,data\raw\slit_lamp\dataset_03\train\cataract\10137_left.jpeg,slit_lamp,2.750408841,3,2.322487183,2,2.23695999,2,2.346598004,2
10141_left.jpeg,data\raw\slit_lamp\dataset_03\train\cataract\10141_left.jpeg,slit_lamp,3.265720935,3,2.060086209,2,2.018218277,2,3.693561019,4
10147_left.jpeg,data\raw\slit_lamp\dataset_03\train\cataract\10147_left.jpeg,slit_lamp,3.292148199,3,1.845502018,2,1.978993055,2,3.867473616,4
10149_left.jpeg,data\raw\slit_lamp\dataset_03\train\cataract\10149_left.jpeg,slit_lamp,2.891551454,3,2.269508644,2,2.244001798,2,2.247914495,2
10149_right.jpeg,data\raw\slit_lamp\dataset_03\train\cataract\10149_right.jpeg,slit_lamp,2.691625966,3,2.225959156,2,2.265881345,2,2.280267371,2
10150_left.jpeg,data\raw\slit_lamp\dataset_03\train\cataract\10150_left.jpeg,slit_lamp,2.663687212,3,2.157749293,2,2.194680666,2,2.443990341,2
10150_right.jpeg,data\raw\slit_lamp\dataset_03\train\cataract\10150_right.jpeg,slit_lamp,2.741057164,3,2.392617794,2,2.160886811,2,2.564900243,3
10153_left.jpeg,data\raw\slit_lamp\dataset_03\train\cataract\10153_left.jpeg,slit_lamp,3.116530112,3,2.398368098,2,2.120261464,2,2.520331559,3
10153_right.jpeg,data\raw\slit_lamp\dataset_03\train\cataract\10153_right.jpeg,slit_lamp,3.122507418,3,2.510186285,3,2.154985478,2,2.439623115,2
10154_left.jpeg,data\raw\slit_lamp\dataset_03\train\cataract\10154_left.jpeg,slit_lamp,2.637676665,3,2.545578944,3,2.052462201,2,3.107310225,3
10154_right.jpeg,data\raw\slit_lamp\dataset_03\train\cataract\10154_right.jpeg,slit_lamp,1.789326886,2,1.716957048,2,2.156912016,2,2.538729486,3
10156_left.jpeg,data\raw\slit_lamp\dataset_03\train\cataract\10156_left.jpeg,slit_lamp,1.810776937,2,1.813596069,2,2.115107364,2,1.792135502,2
10163_left.jpeg,data\raw\slit_lamp\dataset_03\train\cataract\10163_left.jpeg,slit_lamp,3.138966228,3,2.760151306,3,2.115946176,2,2.514011494,3
10163_right.jpeg,data\raw\slit_lamp\dataset_03\train\cataract\10163_right.jpeg,slit_lamp,3.056229002,3,2.574093253,3,2.116185853,2,2.423040886,2
10166_left.jpeg,data\raw\slit_lamp\dataset_03\train\cataract\10166_left.jpeg,slit_lamp,2.102524491,2,1.593755514,2,2.12637875,2,2.128066396,2
10169_right.jpeg,data\raw\slit_lamp\dataset_03\train\cataract\10169_right.jpeg,slit_lamp,2.370624372,2,1.727388768,2,2.149328695,2,1.530680547,2
10170_left.jpeg,data\raw\slit_lamp\dataset_03\train\cataract\10170_left.jpeg,slit_lamp,3.301620781,3,2.081373074,2,1.931531021,2,3.563505127,4
10170_right.jpeg,data\raw\slit_lamp\dataset_03\train\cataract\10170_right.jpeg,slit_lamp,3.282194808,3,2.138984439,2,1.957899975,2,3.476022889,3
10175_left.jpeg,data\raw\slit_lamp\dataset_03\train\cataract\10175_left.jpeg,slit_lamp,3.190905117,3,2.25866302,2,2.129859254,2,3.34142325,3
10175_right.jpeg,data\raw\slit_lamp\dataset_03\train\cataract\10175_right.jpeg,slit_lamp,3.290490498,3,1.970009856,2,2.02034579,2,3.35414642,3
1017_left.jpeg,data\raw\slit_lamp\dataset_03\train\cataract\1017_left.jpeg,slit_lamp,3.203205146,3,2.306266096,2,1.991568788,2,3.495624124,3
1017_right.jpeg,data\raw\slit_lamp\dataset_03\train\cataract\1017_right.jpeg,slit_lamp,3.176715625,3,2.267722482,2,2.002285227,2,3.549046985,4
10182_right.jpeg,data\raw\slit_lamp\dataset_03\train\cataract\10182_right.jpeg,slit_lamp,2.922885277,3,2.203493504,2,2.228830745,2,2.043263063,2
10183_left.jpeg,data\raw\slit_lamp\dataset_03\train\cataract\10183_left.jpeg,slit_lamp,3.090105336,3,4.872688131,5,2.054244435,2,3.345323433,3
10183_right.jpeg,data\raw\slit_lamp\dataset_03\train\cataract\10183_right.jpeg,slit_lamp,3.026357411,3,4.172760414,4,2.04308356,2,3.375124348,3
10184_left.jpeg,data\raw\slit_lamp\dataset_03\train\cataract\10184_left.jpeg,slit_lamp,2.985291245,3,2.457769546,2,2.12265985,2,1.707777614,2
10184_right.jpeg,data\raw\slit_lamp\dataset_03\train\cataract\10184_right.jpeg,slit_lamp,2.946376645,3,3.090618708,3,2.129259062,2,1.95805288,2
10194_left.jpeg,data\raw\slit_lamp\dataset_03\train\cataract\10194_left.jpeg,slit_lamp,2.987132154,3,2.303255414,2,2.108878976,2,1.563473767,2
10194_right.jpeg,data\raw\slit_lamp\dataset_03\train\cataract\10194_right.jpeg,slit_lamp,2.988077605,3,2.316032705,2,2.109357907,2,1.650472424,2
10206_left.jpeg,data\raw\slit_lamp\dataset_03\train\cataract\10206_left.jpeg,slit_lamp,3.207805777,3,3.279331668,3,2.138386656,2,2.813960932,3
10206_right.jpeg,data\raw\slit_lamp\dataset_03\train\cataract\10206_right.jpeg,slit_lamp,3.195889227,3,3.410645152,3,2.159923063,2,2.798959724,3
10207_left.jpeg,data\raw\slit_lamp\dataset_03\train\cataract\10207_left.jpeg,slit_lamp,3.140632455,3,4.265290384,4,2.106006008,2,3.048918592,3
10207_right.jpeg,data\raw\slit_lamp\dataset_03\train\cataract\10207_right.jpeg,slit_lamp,3.189149451,3,4.085724888,4,2.115227189,2,3.166590455,3
1020_left.jpeg,data\raw\slit_lamp\dataset_03\train\cataract\1020_left.jpeg,slit_lamp,2.933844328,3,2.378108191,2,2.203268368,2,2.124041654,2
10210_left.jpeg,data\raw\slit_lamp\dataset_03\train\cataract\10210_left.jpeg,slit_lamp,2.910895948,3,2.767014206,3,2.271235319,2,2.370547968,2
10210_right.jpeg,data\raw\slit_lamp\dataset_03\train\cataract\10210_right.jpeg,slit_lamp,2.928764205,3,2.600333127,3,2.256030865,2,2.225695811,2
10218_left.jpeg,data\raw\slit_lamp\dataset_03\train\cataract\10218_left.jpeg,slit_lamp,3.297699074,3,2.532403663,3,1.912710725,2,3.446986369,3
1021_left.jpeg,data\raw\slit_lamp\dataset_03\train\cataract\1021_left.jpeg,slit_lamp,3.21121264,3,3.864947334,4,2.132020306,2,2.75867259,3
1021_right.jpeg,data\raw\slit_lamp\dataset_03\train\cataract\1021_right.jpeg,slit_lamp,3.24107645,3,3.811197489,4,2.125298894,2,2.745437749,3
10221_right.jpeg,data\raw\slit_lamp\dataset_03\train\cataract\10221_right.jpeg,slit_lamp,3.297855037,3,2.096504932,2,2.024366391,2,3.486381708,3
10226_left.jpeg,data\raw\slit_lamp\dataset_03\train\cataract\10226_left.jpeg,slit_lamp,3.12742941,3,2.371272615,2,1.991333479,2,3.628213977,4
10226_right.jpeg,data\raw\slit_lamp\dataset_03\train\cataract\10226_right.jpeg,slit_lamp,3.108106787,3,2.326897798,2,1.991215828,2,3.782979427,4
10230_left.jpeg,data\raw\slit_lamp\dataset_03\train\cataract\10230_left.jpeg,slit_lamp,3.082089063,3,2.912943239,3,2.028626283,2,2.981472512,3
10232_left.jpeg,data\raw\slit_lamp\dataset_03\train\cataract\10232_left.jpeg,slit_lamp,3.278612582,3,1.916603559,2,1.972187759,2,3.499870082,3
10232_right.jpeg,data\raw\slit_lamp\dataset_03\train\cataract\10232_right.jpeg,slit_lamp,3.237649255,3,1.966760815,2,2.01880918,2,3.515418418,4
10233_left.jpeg,data\raw\slit_lamp\dataset_03\train\cataract\10233_left.jpeg,slit_lamp,3.15630585,3,1.610068402,2,2.173786698,2,3.376938997,3
10234_right.jpeg,data\raw\slit_lamp\dataset_03\train\cataract\10234_right.jpeg,slit_lamp,3.275765105,3,2.958415956,3,1.945749455,2,3.060023782,3
10241_left.jpeg,data\raw\slit_lamp\dataset_03\train\cataract\10241_left.jpeg,slit_lamp,3.304461707,3,1.542594929,2,1.971132495,2,3.807224645,4
10241_right.jpeg,data\raw\slit_lamp\dataset_03\train\cataract\10241_right.jpeg,slit_lamp,3.307893818,3,1.806820233,2,1.969960211,2,3.739791008,4
10242_right.jpeg,data\raw\slit_lamp\dataset_03\train\cataract\10242_right.jpeg,slit_lamp,3.325004453,3,1.594120503,2,1.985688892,2,4.271971862,4
10243_left.jpeg,data\raw\slit_lamp\dataset_03\train\cataract\10243_left.jpeg,slit_lamp,2.754496564,3,2.026238997,2,2.164019699,2,2.448561483,2
10244_right.jpeg,data\raw\slit_lamp\dataset_03\train\cataract\10244_right.jpeg,slit_lamp,3.28954343,3,1.611501934,2,2.094524878,2,2.405221323,2
10250_left.jpeg,data\raw\slit_lamp\dataset_03\train\cataract\10250_left.jpeg,slit_lamp,3.267816734,3,1.505210663,2,1.963517024,2,3.811410196,4
10250_right.jpeg,data\raw\slit_lamp\dataset_03\train\cataract\10250_right.jpeg,slit_lamp,3.213040711,3,1.950512993,2,1.971718728,2,3.616147537,4
10251_right.jpeg,data\raw\slit_lamp\dataset_03\train\cataract\10251_right.jpeg,slit_lamp,3.222416732,3,1.533655975,2,2.042964928,2,4.025959366,4
10252_left.jpeg,data\raw\slit_lamp\dataset_03\train\cataract\10252_left.jpeg,slit_lamp,3.292926039,3,1.374439896,1,1.968319424,2,4.192802357,4
10252_right.jpeg,data\raw\slit_lamp\dataset_03\train\cataract\10252_right.jpeg,slit_lamp,3.329352543,3,1.131442853,1,1.952405507,2,4.516034053,5
10255_left.jpeg,data\raw\slit_lamp\dataset_03\train\cataract\10255_left.jpeg,slit_lamp,3.283007805,3,1.070620399,1,1.978406072,2,4.185535116,4
10255_right.jpeg,data\raw\slit_lamp\dataset_03\train\cataract\10255_right.jpeg,slit_lamp,3.308294697,3,1.065444013,1,1.961761083,2,4.148013385,4
10257_left.jpeg,data\raw\slit_lamp\dataset_03\train\cataract\10257_left.jpeg,slit_lamp,3.22477752,3,2.381464114,2,1.980167201,2,3.7452827,4
10260_left.jpeg,data\raw\slit_lamp\dataset_03\train\cataract\10260_left.jpeg,slit_lamp,3.024776108,3,2.441088082,2,1.970194648,2,1.926989077,2
10260_right.jpeg,data\raw\slit_lamp\dataset_03\train\cataract\10260_right.jpeg,slit_lamp,3.253552887,3,2.597576909,3,1.990862889,2,3.412669336,3
10262_left.jpeg,data\raw\slit_lamp\dataset_03\train\cataract\10262_left.jpeg,slit_lamp,3.290202432,3,2.003493421,2,1.950069116,2,3.604396602,4
10262_right.jpeg,data\raw\slit_lamp\dataset_03\train\cataract\10262_right.jpeg,slit_lamp,3.246575639,3,1.926932085,2,2.00075313,2,3.729845074,4
10263_left.jpeg,data\raw\slit_lamp\dataset_03\train\cataract\10263_left.jpeg,slit_lamp,3.047076122,3,2.401996366,2,2.292184347,2,2.199286716,2
10265_left.jpeg,data\raw\slit_lamp\dataset_03\train\cataract\10265_left.jpeg,slit_lamp,3.133744186,3,2.555358492,3,1.996512442,2,3.477761056,3
10265_right.jpeg,data\raw\slit_lamp\dataset_03\train\cataract\10265_right.jpeg,slit_lamp,3.195287736,3,2.531975524,3,1.991333479,2,3.523985137,4
10266_left.jpeg,data\raw\slit_lamp\dataset_03\train\cataract\10266_left.jpeg,slit_lamp,3.209790255,3,3.208979922,3,2.117144633,2,2.771516025,3
10266_right.jpeg,data\raw\slit_lamp\dataset_03\train\cataract\10266_right.jpeg,slit_lamp,3.201180289,3,3.101198111,3,2.117504206,2,2.747476466,3
10272_left.jpeg,data\raw\slit_lamp\dataset_03\train\cataract\10272_left.jpeg,slit_lamp,2.662253413,3,2.957721793,3,2.133701513,2,2.495461566,2
10272_right.jpeg,data\raw\slit_lamp\dataset_03\train\cataract\10272_right.jpeg,slit_lamp,2.821499075,3,2.997597868,3,2.114029021,2,2.499650658,2
10276_left.jpeg,data\raw\slit_lamp\dataset_03\train\cataract\10276_left.jpeg,slit_lamp,3.234096689,3,2.745405604,3,2.198550287,2,2.328482178,2
10276_right.jpeg,data\raw\slit_lamp\dataset_03\train\cataract\10276_right.jpeg,slit_lamp,3.183201172,3,2.703640214,3,2.23501816,2,2.322849984,2
10278_left.jpeg,data\raw\slit_lamp\dataset_03\train\cataract\10278_left.jpeg,slit_lamp,3.045736268,3,2.912770984,3,2.078170837,2,3.062561408,3
10278_right.jpeg,data\raw\slit_lamp\dataset_03\train\cataract\10278_right.jpeg,slit_lamp,3.097640403,3,2.900123601,3,2.08079457,2,2.672005634,3
10279_left.jpeg,data\raw\slit_lamp\dataset_03\train\cataract\10279_left.jpeg,slit_lamp,3.226301914,3,2.336910295,2,1.931298252,2,3.681460543,4
10279_right.jpeg,data\raw\slit_lamp\dataset_03\train\cataract\10279_right.jpeg,slit_lamp,3.130113149,3,1.727100758,2,2.16775647,2,3.2898872,3
1027_left.jpeg,data\raw\slit_lamp\dataset_03\train\cataract\1027_left.jpeg,slit_lamp,3.162592759,3,2.590103577,3,2.175113869,2,2.554835277,3
1027_right.jpeg,data\raw\slit_lamp\dataset_03\train\cataract\1027_right.jpeg,slit_lamp,3.164678846,3,2.547739665,3,2.158598078,2,2.454375317,2
10284_left.jpeg,data\raw\slit_lamp\dataset_03\train\cataract\10284_left.jpeg,slit_lamp,2.854377758,3,2.23469997,2,2.187066705,2,2.371090676,2
10284_right.jpeg,data\raw\slit_lamp\dataset_03\train\cataract\10284_right.jpeg,slit_lamp,2.915660309,3,2.172916574,2,2.144998313,2,2.251576053,2
10297_left.jpeg,data\raw\slit_lamp\dataset_03\train\cataract\10297_left.jpeg,slit_lamp,3.09910588,3,2.921560389,3,2.065780775,2,3.163877289,3
10297_right.jpeg,data\raw\slit_lamp\dataset_03\train\cataract\10297_right.jpeg,slit_lamp,2.45252387,2,2.298678722,2,2.05567056,2,2.872337724,3
102_left.jpeg,data\raw\slit_lamp\dataset_03\train\cataract\102_left.jpeg,slit_lamp,3.253654815,3,1.910045424,2,1.951237185,2,3.83826194,4
102_right.jpeg,data\raw\slit_lamp\dataset_03\train\cataract\102_right.jpeg,slit_lamp,3.142197678,3,1.916949931,2,2.045812691,2,3.606812543,4
10303_left.jpeg,data\raw\slit_lamp\dataset_03\train\cataract\10303_left.jpeg,slit_lamp,3.308030318,3,2.863279464,3,1.941783103,2,3.154284376,3
10303_right.jpeg,data\raw\slit_lamp\dataset_03\train\cataract\10303_right.jpeg,slit_lamp,3.302337787,3,2.631092582,3,1.9260637,2,3.358594598,3
10305_left.jpeg,data\raw\slit_lamp\dataset_03\train\cataract\10305_left.jpeg,slit_lamp,3.066920756,3,1.955464567,2,2.067685524,2,3.66232734,4
10305_right.jpeg,data\raw\slit_lamp\dataset_03\train\cataract\10305_right.jpeg,slit_lamp,3.092049393,3,1.923227508,2,2.105646962,2,3.723133714,4
10306_left.jpeg,data\raw\slit_lamp\dataset_03\train\cataract\10306_left.jpeg,slit_lamp,3.257319338,3,2.342610815,2,1.952522353,2,3.436731352,3
10306_right.jpeg,data\raw\slit_lamp\dataset_03\train\cataract\10306_right.jpeg,slit_lamp,3.323600324,3,2.352847124,2,1.912710725,2,3.653172508,4
1030_left.jpeg,data\raw\slit_lamp\dataset_03\train\cataract\1030_left.jpeg,slit_lamp,2.659920052,3,2.457941229,2,2.113430005,2,2.583385547,3
10310_right.jpeg,data\raw\slit_lamp\dataset_03\train\cataract\10310_right.jpeg,slit_lamp,2.724404423,3,2.257373671,2,2.287309746,2,2.525167779,3
10312_left.jpeg,data\raw\slit_lamp\dataset_03\train\cataract\10312_left.jpeg,slit_lamp,2.723486832,3,2.191798638,2,2.125418871,2,2.457374806,2
10317_right.jpeg,data\raw\slit_lamp\dataset_03\train\cataract\10317_right.jpeg,slit_lamp,3.160045725,3,2.216456947,2,2.011131816,2,3.624921921,4
10319_left.jpeg,data\raw\slit_lamp\dataset_03\train\cataract\10319_left.jpeg,slit_lamp,3.317915913,3,1.656312957,2,1.974885438,2,3.8940255,4
10319_right.jpeg,data\raw\slit_lamp\dataset_03\train\cataract\10319_right.jpeg,slit_lamp,3.317387555,3,1.616097405,2,1.964805067,2,3.849519412,4
10321_left.jpeg,data\raw\slit_lamp\dataset_03\train\cataract\10321_left.jpeg,slit_lamp,1.85937968,2,1.839905672,2,2.124819004,2,1.740107416,2
10325_left.jpeg,data\raw\slit_lamp\dataset_03\train\cataract\10325_left.jpeg,slit_lamp,3.141746571,3,3.071248466,3,2.212226494,2,2.544355628,3
10325_right.jpeg,data\raw\slit_lamp\dataset_03\train\cataract\10325_right.jpeg,slit_lamp,3.113040475,3,2.660392719,3,2.143435096,2,2.477543739,2
10326_right.jpeg,data\raw\slit_lamp\dataset_03\train\cataract\10326_right.jpeg,slit_lamp,2.931607361,3,2.367173392,2,2.16546601,2,2.224770035,2
10328_right.jpeg,data\raw\slit_lamp\dataset_03\train\cataract\10328_right.jpeg,slit_lamp,3.289140652,3,1.943111406,2,1.945632756,2,3.986945899,4
10333_right.jpeg,data\raw\slit_lamp\dataset_03\train\cataract\10333_right.jpeg,slit_lamp,2.164274962,2,2.144504411,2,2.322563084,2,3.013371204,3
10337_right.jpeg,data\raw\slit_lamp\dataset_03\train\cataract\10337_right.jpeg,slit_lamp,2.634309147,3,2.440716216,2,2.171856601,2,2.49528312,2
10339_left.jpeg,data\raw\slit_lamp\dataset_03\train\cataract\10339_left.jpeg,slit_lamp,3.061101074,3,2.523277109,3,2.166791996,2,2.628341864,3
10339_right.jpeg,data\raw\slit_lamp\dataset_03\train\cataract\10339_right.jpeg,slit_lamp,2.970954899,3,2.378465161,2,2.250075623,2,2.35950628,2
10340_left.jpeg,data\raw\slit_lamp\dataset_03\train\cataract\10340_left.jpeg,slit_lamp,2.755213287,3,2.584186468,3,2.198550287,2,2.876273927,3
10340_right.jpeg,data\raw\slit_lamp\dataset_03\train\cataract\10340_right.jpeg,slit_lamp,2.078063009,2,2.012202738,2,2.290843672,2,2.900221689,3
10343_left.jpeg,data\raw\slit_lamp\dataset_03\train\cataract\10343_left.jpeg,slit_lamp,3.292942375,3,1.628954371,2,1.971015256,2,3.492972318,3
10343_right.jpeg,data\raw\slit_lamp\dataset_03\train\cataract\10343_right.jpeg,slit_lamp,3.2230292,3,1.885165824,2,1.98169395,2,3.279293108,3
1034_left.jpeg,data\raw\slit_lamp\dataset_03\train\cataract\1034_left.jpeg,slit_lamp,2.612185728,3,2.043840151,2,2.186462673,2,2.374896889,2
1034_right.jpeg,data\raw\slit_lamp\dataset_03\train\cataract\1034_right.jpeg,slit_lamp,2.661119198,3,2.043026775,2,2.147042946,2,2.351215469,2
10359_right.jpeg,data\raw\slit_lamp\dataset_03\train\cataract\10359_right.jpeg,slit_lamp,2.883671184,3,2.169654909,2,2.121220733,2,2.266124306,2
1035_left.jpeg,data\raw\slit_lamp\dataset_03\train\cataract\1035_left.jpeg,slit_lamp,2.293691748,2,2.058999273,2,2.165707084,2,2.825879465,3
1035_right.jpeg,data\raw\slit_lamp\dataset_03\train\cataract\1035_right.jpeg,slit_lamp,2.114559874,2,1.697691127,2,2.343823447,2,2.217856167,2
10363_left.jpeg,data\raw\slit_lamp\dataset_03\train\cataract\10363_left.jpeg,slit_lamp,3.222857074,3,2.499743248,2,2.116665229,2,2.631760387,3
10363_right.jpeg,data\raw\slit_lamp\dataset_03\train\cataract\10363_right.jpeg,slit_lamp,3.215592535,3,2.476910723,2,2.116185853,2,2.602666972,3
10367_right.jpeg,data\raw\slit_lamp\dataset_03\train\cataract\10367_right.jpeg,slit_lamp,2.187923458,2,1.774553432,2,2.112950825,2,1.708508996,2
10369_left.jpeg,data\raw\slit_lamp\dataset_03\train\cataract\10369_left.jpeg,slit_lamp,3.128229257,3,1.887584582,2,2.100143685,2,3.672894086,4
10369_right.jpeg,data\raw\slit_lamp\dataset_03\train\cataract\10369_right.jpeg,slit_lamp,3.152157058,3,1.87128038,2,2.009125465,2,3.676500053,4
10377_left.jpeg,data\raw\slit_lamp\dataset_03\train\cataract\10377_left.jpeg,slit_lamp,2.918405124,3,2.304100863,2,2.204357462,2,2.337242663,2
10377_right.jpeg,data\raw\slit_lamp\dataset_03\train\cataract\10377_right.jpeg,slit_lamp,2.967160425,3,2.39975907,2,2.274156563,2,2.396220242,2
1037_left.jpeg,data\raw\slit_lamp\dataset_03\train\cataract\1037_left.jpeg,slit_lamp,3.295667509,3,1.677233192,2,1.96539064,2,3.62247559,4
1037_right.jpeg,data\raw\slit_lamp\dataset_03\train\cataract\1037_right.jpeg,slit_lamp,3.271046115,3,1.768377946,2,2.007001809,2,3.339538666,3
10386_right.jpeg,data\raw\slit_lamp\dataset_03\train\cataract\10386_right.jpeg,slit_lamp,3.21847157,3,2.10672639,2,1.976176085,2,3.563305108,4
10389_left.jpeg,data\raw\slit_lamp\dataset_03\train\cataract\10389_left.jpeg,slit_lamp,3.106527406,3,1.422088903,1,2.198792187,2,3.952236223,4
10389_right.jpeg,data\raw\slit_lamp\dataset_03\train\cataract\10389_right.jpeg,slit_lamp,3.227150164,3,1.414994437,1,2.122539913,2,3.930211689,4
10391_left.jpeg,data\raw\slit_lamp\dataset_03\train\cataract\10391_left.jpeg,slit_lamp,3.136214758,3,1.985624389,2,2.072211373,2,3.449578496,3
10391_right.jpeg,data\raw\slit_lamp\dataset_03\train\cataract\10391_right.jpeg,slit_lamp,3.163964643,3,1.890617636,2,2.044388657,2,3.71798581,4
10397_left.jpeg,data\raw\slit_lamp\dataset_03\train\cataract\10397_left.jpeg,slit_lamp,2.912483477,3,2.463684908,2,2.157152863,2,2.403029355,2
10397_right.jpeg,data\raw\slit_lamp\dataset_03\train\cataract\10397_right.jpeg,slit_lamp,2.908169528,3,2.452105697,2,2.173304137,2,2.365840536,2
10398_left.jpeg,data\raw\slit_lamp\dataset_03\train\cataract\10398_left.jpeg,slit_lamp,2.994373347,3,2.501837892,3,2.19238378,2,2.586057666,3
10403_left.jpeg,data\raw\slit_lamp\dataset_03\train\cataract\10403_left.jpeg,slit_lamp,3.233834763,3,1.905335058,2,2.028626283,2,3.624311734,4
10404_left.jpeg,data\raw\slit_lamp\dataset_03\train\cataract\10404_left.jpeg,slit_lamp,2.809234126,3,2.059445203,2,2.142232816,2,1.954510208,2
10404_right.jpeg,data\raw\slit_lamp\dataset_03\train\cataract\10404_right.jpeg,slit_lamp,2.825860261,3,2.072085729,2,2.110914636,2,1.938566952,2
10407_left.jpeg,data\raw\slit_lamp\dataset_03\train\cataract\10407_left.jpeg,slit_lamp,2.617392611,3,2.203385714,2,2.129619172,2,2.133175688,2
10407_right.jpeg,data\raw\slit_lamp\dataset_03\train\cataract\10407_right.jpeg,slit_lamp,2.742042514,3,2.310904754,2,2.123859309,2,2.201548336,2
10408_left.jpeg,data\raw\slit_lamp\dataset_03\train\cataract\10408_left.jpeg,slit_lamp,3.323141818,3,4.53362735,5,1.980636927,2,3.352859484,3
10408_right.jpeg,data\raw\slit_lamp\dataset_03\train\cataract\10408_right.jpeg,slit_lamp,3.295682256,3,3.596659634,4,2.004760975,2,3.440876883,3
10409_left.jpeg,data\raw\slit_lamp\dataset_03\train\cataract\10409_left.jpeg,slit_lamp,3.297652818,3,1.230824536,1,1.983926078,2,3.918539813,4
10409_right.jpeg,data\raw\slit_lamp\dataset_03\train\cataract\10409_right.jpeg,slit_lamp,3.265446481,3,1.728329933,2,1.914798439,2,3.601497794,4
10415_left.jpeg,data\raw\slit_lamp\dataset_03\train\cataract\10415_left.jpeg,slit_lamp,2.949586322,3,2.423470105,2,2.16245312,2,2.434856399,2
10416_left.jpeg,data\raw\slit_lamp\dataset_03\train\cataract\10416_left.jpeg,slit_lamp,3.2966534,3,1.301340697,1,1.937936235,2,3.885198144,4
10426_left.jpeg,data\raw\slit_lamp\dataset_03\train\cataract\10426_left.jpeg,slit_lamp,3.203688952,3,2.722583544,3,2.145118572,2,2.713823503,3
10429_left.jpeg,data\raw\slit_lamp\dataset_03\train\cataract\10429_left.jpeg,slit_lamp,3.263956984,3,0.989176165,1,1.978406072,2,4.365731674,4
10429_right.jpeg,data\raw\slit_lamp\dataset_03\train\cataract\10429_right.jpeg,slit_lamp,3.148747693,3,1.309459473,1,2.092613048,2,4.122447541,4
1042_left.jpeg,data\raw\slit_lamp\dataset_03\train\cataract\1042_left.jpeg,slit_lamp,3.241617852,3,1.166688609,1,1.975472059,2,4.348480597,4
1042_right.jpeg,data\raw\slit_lamp\dataset_03\train\cataract\1042_right.jpeg,slit_lamp,3.328465174,3,1.082254495,1,1.995570476,2,4.133925291,4
10431_left.jpeg,data\raw\slit_lamp\dataset_03\train\cataract\10431_left.jpeg,slit_lamp,2.855730357,3,2.60152244,3,2.127458749,2,2.80598644,3
10431_right.jpeg,data\raw\slit_lamp\dataset_03\train\cataract\10431_right.jpeg,slit_lamp,2.903348542,3,2.784421535,3,2.245823628,2,2.880285334,3
10438_left.jpeg,data\raw\slit_lamp\dataset_03\train\cataract\10438_left.jpeg,slit_lamp,3.06183162,3,2.150045621,2,2.131540023,2,2.056783343,2
10439_right.jpeg,data\raw\slit_lamp\dataset_03\train\cataract\10439_right.jpeg,slit_lamp,2.104204783,2,1.964618522,2,2.112831035,2,1.87084426,2
10444_left.jpeg,data\raw\slit_lamp\dataset_03\train\cataract\10444_left.jpeg,slit_lamp,3.267518569,3,1.325816299,1,1.949251617,2,3.776821123,4
10444_right.jpeg,data\raw\slit_lamp\dataset_03\train\cataract\10444_right.jpeg,slit_lamp,3.22389432,3,1.658361117,2,1.950302709,2,3.828435412,4
10448_left.jpeg,data\raw\slit_lamp\dataset_03\train\cataract\10448_left.jpeg,slit_lamp,3.036541134,3,2.571991828,3,2.123979265,2,2.723984668,3
10448_right.jpeg,data\raw\slit_lamp\dataset_03\train\cataract\10448_right.jpeg,slit_lamp,2.911686048,3,2.415552108,2,2.176923948,2,2.418246865,2
10452_left.jpeg,data\raw\slit_lamp\dataset_03\train\cataract\10452_left.jpeg,slit_lamp,2.677281619,3,2.218042154,2,2.231984698,2,2.505637706,3
10452_right.jpeg,data\raw\slit_lamp\dataset_03\train\cataract\10452_right.jpeg,slit_lamp,2.51766192,3,2.198515035,2,2.283654863,2,2.490531618,2
10457_left.jpeg,data\raw\slit_lamp\dataset_03\train\cataract\10457_left.jpeg,slit_lamp,2.56144737,3,2.212692004,2,2.204599498,2,2.099698511,2
10458_left.jpeg,data\raw\slit_lamp\dataset_03\train\cataract\10458_left.jpeg,slit_lamp,3.208066867,3,1.798657671,2,2.09858913,2,3.841170744,4
10458_right.jpeg,data\raw\slit_lamp\dataset_03\train\cataract\10458_right.jpeg,slit_lamp,3.165373926,3,1.809156324,2,2.046168747,2,3.691172365,4
10475_right.jpeg,data\raw\slit_lamp\dataset_03\train\cataract\10475_right.jpeg,slit_lamp,3.055878711,3,2.501956732,3,2.081868189,2,2.695274725,3
10479_left.jpeg,data\raw\slit_lamp\dataset_03\train\cataract\10479_left.jpeg,slit_lamp,3.291296928,3,2.389970567,2,1.912710725,2,3.558779945,4
10479_right.jpeg,data\raw\slit_lamp\dataset_03\train\cataract\10479_right.jpeg,slit_lamp,3.298696769,3,2.295596053,2,1.912710725,2,3.653882532,4
10481_right.jpeg,data\raw\slit_lamp\dataset_03\train\cataract\10481_right.jpeg,slit_lamp,2.81122251,3,2.471299731,2,2.197703681,2,2.819371492,3
10484_right.jpeg,data\raw\slit_lamp\dataset_03\train\cataract\10484_right.jpeg,slit_lamp,2.790257004,3,2.366230062,2,2.126018783,2,2.524332233,3
10487_left.jpeg,data\raw\slit_lamp\dataset_03\train\cataract\10487_left.jpeg,slit_lamp,3.183550135,3,2.5971402,3,1.99863241,2,3.571130637,4
10487_right.jpeg,data\raw\slit_lamp\dataset_03\train\cataract\10487_right.jpeg,slit_lamp,3.136044146,3,2.47221724,2,1.996512442,2,3.672318374,4
10489_left.jpeg,data\raw\slit_lamp\dataset_03\train\cataract\10489_left.jpeg,slit_lamp,3.31788165,3,2.123846689,2,1.922693132,2,3.679469699,4
10489_right.jpeg,data\raw\slit_lamp\dataset_03\train\cataract\10489_right.jpeg,slit_lamp,3.295598549,3,2.15759378,2,1.930600007,2,3.578746971,4
10492_right.jpeg,data\raw\slit_lamp\dataset_03\train\cataract\10492_right.jpeg,slit_lamp,3.284409946,3,2.860858488,3,1.991098179,2,3.334468183,3
1049_right.jpeg,data\raw\slit_lamp\dataset_03\train\cataract\1049_right.jpeg,slit_lamp,3.05612191,3,1.621142962,2,2.034902951,2,3.504216052,4
10503_left.jpeg,data\raw\slit_lamp\dataset_03\train\cataract\10503_left.jpeg,slit_lamp,3.300353124,3,2.878734839,3,1.955093599,2,2.949152827,3
10503_right.jpeg,data\raw\slit_lamp\dataset_03\train\cataract\10503_right.jpeg,slit_lamp,3.318830767,3,3.161132137,3,1.912710725,2,3.428435202,3
10504_left.jpeg,data\raw\slit_lamp\dataset_03\train\cataract\10504_left.jpeg,slit_lamp,3.231392445,3,1.501103599,2,1.956145821,2,3.947569055,4
10504_right.jpeg,data\raw\slit_lamp\dataset_03\train\cataract\10504_right.jpeg,slit_lamp,3.12250921,3,1.570968632,2,1.993569294,2,3.767248849,4
10510_left.jpeg,data\raw\slit_lamp\dataset_03\train\cataract\10510_left.jpeg,slit_lamp,3.275874946,3,1.601487014,2,2.00075313,2,3.671329023,4
10511_right.jpeg,data\raw\slit_lamp\dataset_03\train\cataract\10511_right.jpeg,slit_lamp,3.227310537,3,1.944934087,2,1.977349654,2,3.846833023,4
10513_left.jpeg,data\raw\slit_lamp\dataset_03\train\cataract\10513_left.jpeg,slit_lamp,3.208586568,3,2.666732266,3,2.147524107,2,2.544424386,3
10513_right.jpeg,data\raw\slit_lamp\dataset_03\train\cataract\10513_right.jpeg,slit_lamp,3.162069525,3,2.672780174,3,2.221798165,2,2.463154501,2
10515_left.jpeg,data\raw\slit_lamp\dataset_03\train\cataract\10515_left.jpeg,slit_lamp,3.029588581,3,2.70738259,3,2.066971182,2,2.717447286,3
10515_right.jpeg,data\raw\slit_lamp\dataset_03\train\cataract\10515_right.jpeg,slit_lamp,2.7499339,3,2.62077555,3,2.222767914,2,2.84367076,3
10521_right.jpeg,data\raw\slit_lamp\dataset_03\train\cataract\10521_right.jpeg,slit_lamp,2.027281583,2,1.808925469,2,2.128178827,2,1.753917655,2
10523_left.jpeg,data\raw\slit_lamp\dataset_03\train\cataract\10523_left.jpeg,slit_lamp,2.624273483,3,2.330470341,2,2.212105388,2,3.105457325,3
1052_left.jpeg,data\raw\slit_lamp\dataset_03\train\cataract\1052_left.jpeg,slit_lamp,3.140988136,3,2.934093938,3,2.095480975,2,2.760755208,3
10534_left.jpeg,data\raw\slit_lamp\dataset_03\train\cataract\10534_left.jpeg,slit_lamp,3.092533741,3,2.279619275,2,2.076382477,2,3.627009748,4
10534_right.jpeg,data\raw\slit_lamp\dataset_03\train\cataract\10534_right.jpeg,slit_lamp,3.136047874,3,2.420462606,2,1.998161241,2,3.59305631,4
10542_left.jpeg,data\raw\slit_lamp\dataset_03\train\cataract\10542_left.jpeg,slit_lamp,3.135804145,3,2.437572106,2,2.053769127,2,3.286621946,3
10542_right.jpeg,data\raw\slit_lamp\dataset_03\train\cataract\10542_right.jpeg,slit_lamp,3.004279716,3,2.201534606,2,2.056383734,2,3.538513769,4
10548_left.jpeg,data\raw\slit_lamp\dataset_03\train\cataract\10548_left.jpeg,slit_lamp,2.415530465,2,1.878979827,2,2.141631739,2,1.856682523,2
10548_right.jpeg,data\raw\slit_lamp\dataset_03\train\cataract\10548_right.jpeg,slit_lamp,2.53925039,3,1.980828835,2,2.359722612,2,1.847602366,2
10550_right.jpeg,data\raw\slit_lamp\dataset_03\train\cataract\10550_right.jpeg,slit_lamp,3.222250634,3,1.73733345,2,1.979110459,2,3.677709955,4
10551_right.jpeg,data\raw\slit_lamp\dataset_03\train\cataract\10551_right.jpeg,slit_lamp,3.17032573,3,2.525378795,3,1.990980533,2,3.430479418,3
1055_left.jpeg,data\raw\slit_lamp\dataset_03\train\cataract\1055_left.jpeg,slit_lamp,2.383101579,2,2.610457134,3,2.097632638,2,3.016770469,3
1055_right.jpeg,data\raw\slit_lamp\dataset_03\train\cataract\1055_right.jpeg,slit_lamp,2.362112049,2,2.500224672,3,2.117983661,2,2.843950803,3
10562_left.jpeg,data\raw\slit_lamp\dataset_03\train\cataract\10562_left.jpeg,slit_lamp,3.125209314,3,1.802506842,2,2.113070617,2,3.663675128,4
10563_left.jpeg,data\raw\slit_lamp\dataset_03\train\cataract\10563_left.jpeg,slit_lamp,3.269731193,3,1.574239729,2,1.957666055,2,3.935679258,4
10566_left.jpeg,data\raw\slit_lamp\dataset_03\train\cataract\10566_left.jpeg,slit_lamp,3.217604532,3,2.573670727,3,2.140189327,2,2.605485079,3
10566_right.jpeg,data\raw\slit_lamp\dataset_03\train\cataract\10566_right.jpeg,slit_lamp,3.188757785,3,2.546757956,3,2.251047714,2,2.380815284,2
10569_left.jpeg,data\raw\slit_lamp\dataset_03\train\cataract\10569_left.jpeg,slit_lamp,3.238334246,3,2.279183605,2,1.944699252,2,3.403026778,3
10569_right.jpeg,data\raw\slit_lamp\dataset_03\train\cataract\10569_right.jpeg,slit_lamp,3.173455353,3,2.2011727,2,1.96468796,2,3.127324793,3
1056_right.jpeg,data\raw\slit_lamp\dataset_03\train\cataract\1056_right.jpeg,slit_lamp,2.036826243,2,1.693553546,2,2.113669606,2,1.58621709,2
10570_left.jpeg,data\raw\slit_lamp\dataset_03\train\cataract\10570_left.jpeg,slit_lamp,3.299491755,3,1.704860478,2,1.954041579,2,3.706274654,4
10579_left.jpeg,data\raw\slit_lamp\dataset_03\train\cataract\10579_left.jpeg,slit_lamp,3.195706673,3,2.206432419,2,1.952171822,2,3.501967379,4
1057_right.jpeg,data\raw\slit_lamp\dataset_03\train\cataract\1057_right.jpeg,slit_lamp,2.403050392,2,2.089960631,2,2.123859309,2,2.448525876,2
10583_left.jpeg,data\raw\slit_lamp\dataset_03\train\cataract\10583_left.jpeg,slit_lamp,3.292756287,3,1.418798737,1,1.939684465,2,4.340008148,4
10583_right.jpeg,data\raw\slit_lamp\dataset_03\train\cataract\10583_right.jpeg,slit_lamp,3.296103233,3,1.409459747,1,1.939451334,2,4.324416795,4
10585_left.jpeg,data\raw\slit_lamp\dataset_03\train\cataract\10585_left.jpeg,slit_lamp,2.661297608,3,2.120349484,2,2.471263542,2,2.386542866,2
10585_right.jpeg,data\raw\slit_lamp\dataset_03\train\cataract\10585_right.jpeg,slit_lamp,2.583306104,3,2.129512229,2,2.464391628,2,2.375163432,2
10587_left.jpeg,data\raw\slit_lamp\dataset_03\train\cataract\10587_left.jpeg,slit_lamp,3.195994605,3,1.407080054,1,1.971015256,2,3.64431035,4
10587_right.jpeg,data\raw\slit_lamp\dataset_03\train\cataract\10587_right.jpeg,slit_lamp,3.156363415,3,1.166496314,1,1.970194648,2,3.819198989,4
1058_right.jpeg,data\raw\slit_lamp\dataset_03\train\cataract\1058_right.jpeg,slit_lamp,3.240304069,3,2.440474142,2,1.991568788,2,3.422714693,3
10603_right.jpeg,data\raw\slit_lamp\dataset_03\train\cataract\10603_right.jpeg,slit_lamp,3.327118711,3,4.97303772,5,1.928738477,2,3.43360567,3
10605_right.jpeg,data\raw\slit_lamp\dataset_03\train\cataract\10605_right.jpeg,slit_lamp,3.243295402,3,2.400348625,2,1.979932353,2,3.609702567,4
10606_right.jpeg,data\raw\slit_lamp\dataset_03\train\cataract\10606_right.jpeg,slit_lamp,1.872073479,2,2.269181218,2,2.556674833,3,2.651894874,3
10608_left.jpeg,data\raw\slit_lamp\dataset_03\train\cataract\10608_left.jpeg,slit_lamp,3.090893318,3,2.523023887,3,2.176682584,2,2.395036442,2
10608_right.jpeg,data\raw\slit_lamp\dataset_03\train\cataract\10608_right.jpeg,slit_lamp,3.131376149,3,2.464155412,2,2.136584369,2,2.293932095,2
10612_right.jpeg,data\raw\slit_lamp\dataset_03\train\cataract\10612_right.jpeg,slit_lamp,2.810417384,3,2.222640012,2,2.150291295,2,2.323055144,2
10616_left.jpeg,data\raw\slit_lamp\dataset_03\train\cataract\10616_left.jpeg,slit_lamp,3.23885729,3,3.027764518,3,2.050917978,2,2.697930374,3
10619_left.jpeg,data\raw\slit_lamp\dataset_03\train\cataract\10619_left.jpeg,slit_lamp,3.243795431,3,2.553487767,3,1.991451132,2,3.561520905,4
10622_left.jpeg,data\raw\slit_lamp\dataset_03\train\cataract\10622_left.jpeg,slit_lamp,3.160328423,3,2.036726444,2,1.991333479,2,3.60618747,4
10622_right.jpeg,data\raw\slit_lamp\dataset_03\train\cataract\10622_right.jpeg,slit_lamp,3.127823348,3,2.111222026,2,1.991215828,2,3.601277352,4
10623_left.jpeg,data\raw\slit_lamp\dataset_03\train\cataract\10623_left.jpeg,slit_lamp,2.182741754,2,1.745240303,2,2.12553885,2,2.262803457,2
10624_left.jpeg,data\raw\slit_lamp\dataset_03\train\cataract\10624_left.jpeg,slit_lamp,2.481988121,2,2.447997386,2,2.180665868,2,2.531889939,3
10624_right.jpeg,data\raw\slit_lamp\dataset_03\train\cataract\10624_right.jpeg,slit_lamp,2.507766078,3,2.472441508,2,2.130579542,2,2.897441768,3
10629_right.jpeg,data\raw\slit_lamp\dataset_03\train\cataract\10629_right.jpeg,slit_lamp,2.263825333,2,1.960694256,2,2.168962203,2,1.94190639,2
10636_left.jpeg,data\raw\slit_lamp\dataset_03\train\cataract\10636_left.jpeg,slit_lamp,1.93711352,2,1.992491562,2,2.750738923,3,2.987773185,3
10636_right.jpeg,data\raw\slit_lamp\dataset_03\train\cataract\10636_right.jpeg,slit_lamp,1.681262434,2,1.951100314,2,3.131927054,3,2.406859178,2
10640_right.jpeg,data\raw\slit_lamp\dataset_03\train\cataract\10640_right.jpeg,slit_lamp,3.102128759,3,1.841712686,2,2.080675289,2,3.62679106,4
10644_left.jpeg,data\raw\slit_lamp\dataset_03\train\cataract\10644_left.jpeg,slit_lamp,3.26140792,3,1.637089305,2,1.974064269,2,4.014715612,4
10644_right.jpeg,data\raw\slit_lamp\dataset_03\train\cataract\10644_right.jpeg,slit_lamp,3.278526859,3,1.397641952,1,1.972891377,2,4.258705825,4
10646_left.jpeg,data\raw\slit_lamp\dataset_03\train\cataract\10646_left.jpeg,slit_lamp,3.320901262,3,2.182200607,2,1.933975725,2,3.643438074,4
10650_right.jpeg,data\raw\slit_lamp\dataset_03\train\cataract\10650_right.jpeg,slit_lamp,2.660015371,3,3.094337514,3,2.263083536,2,2.953876134,3
10651_left.jpeg,data\raw\slit_lamp\dataset_03\train\cataract\10651_left.jpeg,slit_lamp,3.32432606,3,2.389450411,2,1.912710725,2,3.701214703,4
10651_right.jpeg,data\raw\slit_lamp\dataset_03\train\cataract\10651_right.jpeg,slit_lamp,3.317119689,3,2.408237214,2,1.912710725,2,3.604276885,4
10653_right.jpeg,data\raw\slit_lamp\dataset_03\train\cataract\10653_right.jpeg,slit_lamp,3.319302844,3,1.604854861,2,1.966444825,2,4.317002348,4
10657_left.jpeg,data\raw\slit_lamp\dataset_03\train\cataract\10657_left.jpeg,slit_lamp,3.192798266,3,1.865610135,2,2.023774966,2,3.791267767,4
10657_right.jpeg,data\raw\slit_lamp\dataset_03\train\cataract\10657_right.jpeg,slit_lamp,3.225582343,3,1.906442552,2,2.004171419,2,3.804048439,4
10660_left.jpeg,data\raw\slit_lamp\dataset_03\train\cataract\10660_left.jpeg,slit_lamp,2.936136013,3,2.724110354,3,2.164742826,2,2.317966752,2
10672_right.jpeg,data\raw\slit_lamp\dataset_03\train\cataract\10672_right.jpeg,slit_lamp,2.228354355,2,2.145371785,2,2.159682142,2,1.900703793,2
10674_right.jpeg,data\raw\slit_lamp\dataset_03\train\cataract\10674_right.jpeg,slit_lamp,3.091085906,3,2.306654378,2,2.235139515,2,2.268041375,2
10675_left.jpeg,data\raw\slit_lamp\dataset_03\train\cataract\10675_left.jpeg,slit_lamp,2.874272797,3,2.327071177,2,2.358866201,2,2.120063256,2
10675_right.jpeg,data\raw\slit_lamp\dataset_03\train\cataract\10675_right.jpeg,slit_lamp,2.915038796,3,2.261512805,2,2.292793785,2,2.144161847,2
10680_right.jpeg,data\raw\slit_lamp\dataset_03\train\cataract\10680_right.jpeg,slit_lamp,3.260257077,3,3.389939265,3,2.066137876,2,3.286340585,3
10688_left.jpeg,data\raw\slit_lamp\dataset_03\train\cataract\10688_left.jpeg,slit_lamp,3.219010675,3,4.343500647,4,2.062805645,2,3.173364801,3
10688_right.jpeg,data\raw\slit_lamp\dataset_03\train\cataract\10688_right.jpeg,slit_lamp,3.1852989,3,4.125652615,4,2.093329927,2,3.130148784,3
10694_left.jpeg,data\raw\slit_lamp\dataset_03\train\cataract\10694_left.jpeg,slit_lamp,3.25375089,3,3.199728295,3,1.981341587,2,2.950750931,3
10695_right.jpeg,data\raw\slit_lamp\dataset_03\train\cataract\10695_right.jpeg,slit_lamp,3.060259927,3,2.476218812,2,2.023183595,2,3.443640142,3
10705_left.jpeg,data\raw\slit_lamp\dataset_03\train\cataract\10705_left.jpeg,slit_lamp,3.131140487,3,4.297238354,4,2.140069137,2,3.102657953,3
10705_right.jpeg,data\raw\slit_lamp\dataset_03\train\cataract\10705_right.jpeg,slit_lamp,2.968965719,3,3.113285147,3,2.02235577,2,3.417928451,3
1070_left.jpeg,data\raw\slit_lamp\dataset_03\train\cataract\1070_left.jpeg,slit_lamp,3.281874567,3,2.311617103,2,1.963399944,2,3.620350823,4
1070_right.jpeg,data\raw\slit_lamp\dataset_03\train\cataract\1070_right.jpeg,slit_lamp,3.25945782,3,2.127136222,2,1.912710725,2,3.74796896,4
10710_left.jpeg,data\raw\slit_lamp\dataset_03\train\cataract\10710_left.jpeg,slit_lamp,3.063797416,3,2.75067889,3,2.112711246,2,2.084934707,2
10720_right.jpeg,data\raw\slit_lamp\dataset_03\train\cataract\10720_right.jpeg,slit_lamp,3.241726257,3,1.280203176,1,2.00299248,2,4.125015143,4
10722_left.jpeg,data\raw\slit_lamp\dataset_03\train\cataract\10722_left.jpeg,slit_lamp,3.188714162,3,1.292203275,1,2.050205379,2,4.076081565,4
10723_right.jpeg,data\raw\slit_lamp\dataset_03\train\cataract\10723_right.jpeg,slit_lamp,3.086366396,3,1.828984619,2,2.138867331,2,3.548234163,4
10726_left.jpeg,data\raw\slit_lamp\dataset_03\train\cataract\10726_left.jpeg,slit_lamp,3.27567516,3,2.234648221,2,1.967382046,2,3.095415223,3
10727_left.jpeg,data\raw\slit_lamp\dataset_03\train\cataract\10727_left.jpeg,slit_lamp,2.73211843,3,2.195749567,2,2.361190821,2,2.577585628,3
10727_right.jpeg,data\raw\slit_lamp\dataset_03\train\cataract\10727_right.jpeg,slit_lamp,2.771956442,3,2.180243982,2,2.356541826,2,2.565967658,3
10729_left.jpeg,data\raw\slit_lamp\dataset_03\train\cataract\10729_left.jpeg,slit_lamp,3.289698555,3,1.905467692,2,1.954392229,2,3.810620716,4
10729_right.jpeg,data\raw\slit_lamp\dataset_03\train\cataract\10729_right.jpeg,slit_lamp,3.274448299,3,1.742608833,2,1.961175893,2,4.122289084,4
10732_left.jpeg,data\raw\slit_lamp\dataset_03\train\cataract\10732_left.jpeg,slit_lamp,3.084595002,3,2.576452319,3,2.030994118,2,2.837338124,3
10732_right.jpeg,data\raw\slit_lamp\dataset_03\train\cataract\10732_right.jpeg,slit_lamp,2.863534145,3,2.325078086,2,2.252505992,2,2.413161529,2
10734_left.jpeg,data\raw\slit_lamp\dataset_03\train\cataract\10734_left.jpeg,slit_lamp,3.041934646,3,2.550977568,3,2.237202741,2,2.39669831,2
10734_right.jpeg,data\raw\slit_lamp\dataset_03\train\cataract\10734_right.jpeg,slit_lamp,3.129968243,3,2.672845424,3,2.162573616,2,2.529928081,3
1073_left.jpeg,data\raw\slit_lamp\dataset_03\train\cataract\1073_left.jpeg,slit_lamp,3.225017044,3,2.139720002,2,1.914798439,2,3.299558853,3
1073_right.jpeg,data\raw\slit_lamp\dataset_03\train\cataract\1073_right.jpeg,slit_lamp,3.175350043,3,1.518924885,2,1.942599464,2,3.567819512,4
10743_left.jpeg,data\raw\slit_lamp\dataset_03\train\cataract\10743_left.jpeg,slit_lamp,3.254433072,3,2.107943924,2,1.99827903,2,3.716174658,4
10743_right.jpeg,data\raw\slit_lamp\dataset_03\train\cataract\10743_right.jpeg,slit_lamp,3.237855555,3,2.150921316,2,1.962463393,2,3.716279038,4
10745_left.jpeg,data\raw\slit_lamp\dataset_03\train\cataract\10745_left.jpeg,slit_lamp,3.264000752,3,1.536873064,2,1.948083977,2,3.789069868,4
10748_left.jpeg,data\raw\slit_lamp\dataset_03\train\cataract\10748_left.jpeg,slit_lamp,2.794217108,3,2.017826597,2,2.177286005,2,2.381839824,2
10748_right.jpeg,data\raw\slit_lamp\dataset_03\train\cataract\10748_right.jpeg,slit_lamp,2.765779704,3,2.008141234,2,2.123979265,2,2.34478912,2
10752_left.jpeg,data\raw\slit_lamp\dataset_03\train\cataract\10752_left.jpeg,slit_lamp,2.69373842,3,1.999272952,2,2.11151346,2,1.929380686,2
10752_right.jpeg,data\raw\slit_lamp\dataset_03\train\cataract\10752_right.jpeg,slit_lamp,2.50650894,3,1.811420271,2,2.19322994,2,1.710135788,2
10755_left.jpeg,data\raw\slit_lamp\dataset_03\train\cataract\10755_left.jpeg,slit_lamp,2.294786901,2,1.495046803,1,2.095122424,2,3.854038327,4
10755_right.jpeg,data\raw\slit_lamp\dataset_03\train\cataract\10755_right.jpeg,slit_lamp,3.139378404,3,2.201065466,2,1.995688213,2,3.632395084,4
10758_right.jpeg,data\raw\slit_lamp\dataset_03\train\cataract\10758_right.jpeg,slit_lamp,2.781121743,3,2.229412708,2,2.116785077,2,1.971362154,2
1075_left.jpeg,data\raw\slit_lamp\dataset_03\train\cataract\1075_left.jpeg,slit_lamp,3.305754244,3,1.396679853,1,1.980519492,2,4.180551983,4
10761_left.jpeg,data\raw\slit_lamp\dataset_03\train\cataract\10761_left.jpeg,slit_lamp,3.035761088,3,1.544652287,2,2.188999856,2,3.730847715,4
10761_right.jpeg,data\raw\slit_lamp\dataset_03\train\cataract\10761_right.jpeg,slit_lamp,2.988280647,3,1.259427234,1,2.334167755,2,3.892538768,4
10762_left.jpeg,data\raw\slit_lamp\dataset_03\train\cataract\10762_left.jpeg,slit_lamp,3.30022443,3,1.913180853,2,1.942132957,2,3.551169099,4
10763_left.jpeg,data\raw\slit_lamp\dataset_03\train\cataract\10763_left.jpeg,slit_lamp,3.064487228,3,2.345608861,2,2.270748506,2,2.938630833,3
10763_right.jpeg,data\raw\slit_lamp\dataset_03\train\cataract\10763_right.jpeg,slit_lamp,3.000460338,3,2.272356312,2,2.38738906,2,2.713901889,3
1076_left.jpeg,data\raw\slit_lamp\dataset_03\train\cataract\1076_left.jpeg,slit_lamp,3.155988534,3,1.911020903,2,2.148245897,2,3.668203679,4
1076_right.jpeg,data\raw\slit_lamp\dataset_03\train\cataract\1076_right.jpeg,slit_lamp,3.139648456,3,1.858125546,2,2.08413524,2,3.780860586,4
10770_left.jpeg,data\raw\slit_lamp\dataset_03\train\cataract\10770_left.jpeg,slit_lamp,2.948960735,3,2.466947506,2,2.135383058,2,2.309106851,2
10770_right.jpeg,data\raw\slit_lamp\dataset_03\train\cataract\10770_right.jpeg,slit_lamp,2.484247295,2,2.242498927,2,2.117863794,2,2.078051697,2
10772_left.jpeg,data\raw\slit_lamp\dataset_03\train\cataract\10772_left.jpeg,slit_lamp,3.179015542,3,2.584158567,3,2.146802376,2,2.637330982,3
10772_right.jpeg,data\raw\slit_lamp\dataset_03\train\cataract\10772_right.jpeg,slit_lamp,3.173613015,3,2.609723262,3,2.166430345,2,2.605570055,3
10777_left.jpeg,data\raw\slit_lamp\dataset_03\train\cataract\10777_left.jpeg,slit_lamp,3.244824885,3,1.793082784,2,1.960239718,2,3.76359947,4
10777_right.jpeg,data\raw\slit_lamp\dataset_03\train\cataract\10777_right.jpeg,slit_lamp,3.237950583,3,1.799850003,2,1.946916589,2,3.855463438,4
10779_right.jpeg,data\raw\slit_lamp\dataset_03\train\cataract\10779_right.jpeg,slit_lamp,3.292100364,3,1.457043776,1,2.095122424,2,2.304088973,2
1077_right.jpeg,data\raw\slit_lamp\dataset_03\train\cataract\1077_right.jpeg,slit_lamp,2.650803815,3,2.356426345,2,2.358743859,2,2.297685421,2
10781_left.jpeg,data\raw\slit_lamp\dataset_03\train\cataract\10781_left.jpeg,slit_lamp,3.199187045,3,2.925154404,3,2.120501271,2,2.470921639,2
10782_left.jpeg,data\raw\slit_lamp\dataset_03\train\cataract\10782_left.jpeg,slit_lamp,3.344494372,3,2.468287189,2,1.976997558,2,2.977394225,3
10782_right.jpeg,data\raw\slit_lamp\dataset_03\train\cataract\10782_right.jpeg,slit_lamp,3.342114946,3,2.311056526,2,1.912710725,2,3.358896853,3
10786_left.jpeg,data\raw\slit_lamp\dataset_03\train\cataract\10786_left.jpeg,slit_lamp,2.799411668,3,2.349863586,2,2.129619172,2,2.993860732,3
10786_right.jpeg,data\raw\slit_lamp\dataset_03\train\cataract\10786_right.jpeg,slit_lamp,2.84736967,3,2.43021929,2,2.082941968,2,3.027416874,3
10787_left.jpeg,data\raw\slit_lamp\dataset_03\train\cataract\10787_left.jpeg,slit_lamp,3.157969572,3,2.438240876,2,2.037154562,2,3.528274681,4
10790_left.jpeg,data\raw\slit_lamp\dataset_03\train\cataract\10790_left.jpeg,slit_lamp,2.822151889,3,2.275024289,2,2.132020306,2,2.478293283,2
10790_right.jpeg,data\raw\slit_lamp\dataset_03\train\cataract\10790_right.jpeg,slit_lamp,2.850960276,3,2.333940332,2,2.126018783,2,2.46254078,2
10792_left.jpeg,data\raw\slit_lamp\dataset_03\train\cataract\10792_left.jpeg,slit_lamp,3.123333099,3,2.507539095,3,2.187791592,2,2.361727435,2
10792_right.jpeg,data\raw\slit_lamp\dataset_03\train\cataract\10792_right.jpeg,slit_lamp,3.132697384,3,2.469538181,2,2.162935115,2,2.586460916,3
10794_left.jpeg,data\raw\slit_lamp\dataset_03\train\cataract\10794_left.jpeg,slit_lamp,2.657061523,3,2.586058971,3,2.066494995,2,3.03213927,3
10794_right.jpeg,data\raw\slit_lamp\dataset_03\train\cataract\10794_right.jpeg,slit_lamp,2.624896776,3,2.307640273,2,2.049492855,2,1.524593302,2
10808_left.jpeg,data\raw\slit_lamp\dataset_03\train\cataract\10808_left.jpeg,slit_lamp,3.260311673,3,2.598353448,3,2.000635293,2,3.423075914,3
10814_left.jpeg,data\raw\slit_lamp\dataset_03\train\cataract\10814_left.jpeg,slit_lamp,2.164587506,2,2.347236082,2,2.341134037,2,2.74250307,3
10814_right.jpeg,data\raw\slit_lamp\dataset_03\train\cataract\10814_right.jpeg,slit_lamp,1.90276913,2,2.02279396,2,2.452367137,2,2.76712757,3
10815_left.jpeg,data\raw\slit_lamp\dataset_03\train\cataract\10815_left.jpeg,slit_lamp,3.252380341,3,1.58120921,2,1.970077429,2,3.539395528,4
10815_right.jpeg,data\raw\slit_lamp\dataset_03\train\cataract\10815_right.jpeg,slit_lamp,3.195467691,3,1.312089242,1,2.08079457,2,4.059936015,4
10823_left.jpeg,data\raw\slit_lamp\dataset_03\train\cataract\10823_left.jpeg,slit_lamp,3.170935746,3,2.486864869,2,2.003581921,2,3.560839588,4
10823_right.jpeg,data\raw\slit_lamp\dataset_03\train\cataract\10823_right.jpeg,slit_lamp,3.21258993,3,2.612063334,3,1.991333479,2,3.552026248,4
10827_left.jpeg,data\raw\slit_lamp\dataset_03\train\cataract\10827_left.jpeg,slit_lamp,3.311001248,3,2.140035062,2,1.964336654,2,3.70357855,4
10832_left.jpeg,data\raw\slit_lamp\dataset_03\train\cataract\10832_left.jpeg,slit_lamp,3.232159839,3,4.132536468,4,2.06256769,2,2.756812961,3
10832_right.jpeg,data\raw\slit_lamp\dataset_03\train\cataract\10832_right.jpeg,slit_lamp,3.202215637,3,3.413036292,3,2.098230431,2,3.022104836,3
10833_left.jpeg,data\raw\slit_lamp\dataset_03\train\cataract\10833_left.jpeg,slit_lamp,2.889885799,3,2.473112124,2,2.169203368,2,2.495363496,2
10833_right.jpeg,data\raw\slit_lamp\dataset_03\train\cataract\10833_right.jpeg,slit_lamp,2.732848391,3,2.246166324,2,2.198792187,2,2.413352227,2
10838_left.jpeg,data\raw\slit_lamp\dataset_03\train\cataract\10838_left.jpeg,slit_lamp,3.112920656,3,2.343365775,2,2.011249858,2,3.504419864,4
10838_right.jpeg,data\raw\slit_lamp\dataset_03\train\cataract\10838_right.jpeg,slit_lamp,3.084362191,3,2.017879176,2,1.991098179,2,3.859630584,4
10839_left.jpeg,data\raw\slit_lamp\dataset_03\train\cataract\10839_left.jpeg,slit_lamp,3.137386056,3,1.435169329,1,2.024011529,2,3.905373999,4
10842_left.jpeg,data\raw\slit_lamp\dataset_03\train\cataract\10842_left.jpeg,slit_lamp,2.971954318,3,2.489295679,2,2.13346132,2,2.531492611,3
10844_left.jpeg,data\raw\slit_lamp\dataset_03\train\cataract\10844_left.jpeg,slit_lamp,3.326427656,3,2.823694496,3,1.914798439,2,2.971531289,3
10844_right.jpeg,data\raw\slit_lamp\dataset_03\train\cataract\10844_right.jpeg,slit_lamp,3.272318292,3,2.770048915,3,2.035850902,2,2.767774825,3
1084_right.jpeg,data\raw\slit_lamp\dataset_03\train\cataract\1084_right.jpeg,slit_lamp,3.243094072,3,1.807771239,2,1.939567899,2,3.349573413,3
10851_left.jpeg,data\raw\slit_lamp\dataset_03\train\cataract\10851_left.jpeg,slit_lamp,3.1493186,3,2.595740931,3,2.254329079,2,2.46898501,2
10853_left.jpeg,data\raw\slit_lamp\dataset_03\train\cataract\10853_left.jpeg,slit_lamp,3.171495984,3,4.781449798,5,2.021173351,2,3.34617846,3
10853_right.jpeg,data\raw\slit_lamp\dataset_03\train\cataract\10853_right.jpeg,slit_lamp,3.201224424,3,4.438768316,4,1.958016939,2,2.958745941,3
10854_left.jpeg,data\raw\slit_lamp\dataset_03\train\cataract\10854_left.jpeg,slit_lamp,3.259676094,3,2.094955124,2,1.956379676,2,3.652630984,4
10854_right.jpeg,data\raw\slit_lamp\dataset_03\train\cataract\10854_right.jpeg,slit_lamp,3.26158422,3,2.312831987,2,1.936072094,2,3.699902673,4
10861_right.jpeg,data\raw\slit_lamp\dataset_03\train\cataract\10861_right.jpeg,slit_lamp,3.195378854,3,1.933934966,2,1.990862889,2,3.760253012,4
10864_left.jpeg,data\raw\slit_lamp\dataset_03\train\cataract\10864_left.jpeg,slit_lamp,3.287070356,3,2.765788202,3,2.122539913,2,2.654896351,3
10864_right.jpeg,data\raw\slit_lamp\dataset_03\train\cataract\10864_right.jpeg,slit_lamp,3.275054179,3,2.763293552,3,2.120261464,2,2.50357651,3
10865_left.jpeg,data\raw\slit_lamp\dataset_03\train\cataract\10865_left.jpeg,slit_lamp,3.296326291,3,1.365315332,1,1.968553793,2,3.726240772,4
10873_left.jpeg,data\raw\slit_lamp\dataset_03\train\cataract\10873_left.jpeg,slit_lamp,3.069213963,3,1.526881866,2,2.17982079,2,3.699229889,4
10873_right.jpeg,data\raw\slit_lamp\dataset_03\train\cataract\10873_right.jpeg,slit_lamp,3.18230621,3,1.492028482,1,2.063162594,2,3.817646864,4
10874_left.jpeg,data\raw\slit_lamp\dataset_03\train\cataract\10874_left.jpeg,slit_lamp,3.263576595,3,2.051139349,2,1.947616991,2,3.899184897,4
10874_right.jpeg,data\raw\slit_lamp\dataset_03\train\cataract\10874_right.jpeg,slit_lamp,3.289479945,3,2.130463174,2,1.952639201,2,3.802250163,4
10879_left.jpeg,data\raw\slit_lamp\dataset_03\train\cataract\10879_left.jpeg,slit_lamp,3.218666898,3,1.447976165,1,2.047949314,2,3.651682424,4
10879_right.jpeg,data\raw\slit_lamp\dataset_03\train\cataract\10879_right.jpeg,slit_lamp,3.08804369,3,1.517511546,2,2.049730355,2,3.733486145,4
10883_right.jpeg,data\raw\slit_lamp\dataset_03\train\cataract\10883_right.jpeg,slit_lamp,3.111074015,3,1.769785857,2,2.122300046,2,3.639833583,4
10884_left.jpeg,data\raw\slit_lamp\dataset_03\train\cataract\10884_left.jpeg,slit_lamp,2.218230409,2,2.047481355,2,2.181631761,2,2.918926748,3
10884_right.jpeg,data\raw\slit_lamp\dataset_03\train\cataract\10884_right.jpeg,slit_lamp,2.359941053,2,2.124020827,2,2.293281353,2,2.835169535,3
10891_left.jpeg,data\raw\slit_lamp\dataset_03\train\cataract\10891_left.jpeg,slit_lamp,2.768935941,3,2.556438181,3,2.029928484,2,2.647789353,3
10897_left.jpeg,data\raw\slit_lamp\dataset_03\train\cataract\10897_left.jpeg,slit_lamp,3.247610357,3,1.697309591,2,2.039999813,2,3.250618395,3
10897_right.jpeg,data\raw\slit_lamp\dataset_03\train\cataract\10897_right.jpeg,slit_lamp,3.260055882,3,1.739450955,2,1.998985812,2,3.318028515,3
108_left.jpeg,data\raw\slit_lamp\dataset_03\train\cataract\108_left.jpeg,slit_lamp,3.092087271,3,1.146186432,1,2.067566462,2,4.270710832,4
108_right.jpeg,data\raw\slit_lamp\dataset_03\train\cataract\108_right.jpeg,slit_lamp,3.071692616,3,1.368029858,1,2.076382477,2,4.110414714,4
10903_left.jpeg,data\raw\slit_lamp\dataset_03\train\cataract\10903_left.jpeg,slit_lamp,2.659761187,3,1.895892033,2,2.012076209,2,3.698230986,4
10903_right.jpeg,data\raw\slit_lamp\dataset_03\train\cataract\10903_right.jpeg,slit_lamp,3.11962887,3,2.014836522,2,1.996747957,2,3.720787923,4
10907_right.jpeg,data\raw\slit_lamp\dataset_03\train\cataract\10907_right.jpeg,slit_lamp,2.723229566,3,2.317521123,2,2.230771537,2,2.347976918,2
10908_right.jpeg,data\raw\slit_lamp\dataset_03\train\cataract\10908_right.jpeg,slit_lamp,2.97751273,3,2.659120626,3,2.177889465,2,2.339383041,2
10913_left.jpeg,data\raw\slit_lamp\dataset_03\train\cataract\10913_left.jpeg,slit_lamp,2.689067066,3,2.079102201,2,2.172218464,2,2.37874394,2
10913_right.jpeg,data\raw\slit_lamp\dataset_03\train\cataract\10913_right.jpeg,slit_lamp,2.590708775,3,2.057366741,2,2.197703681,2,2.366052702,2
10915_left.jpeg,data\raw\slit_lamp\dataset_03\train\cataract\10915_left.jpeg,slit_lamp,3.018720321,3,2.450567324,2,2.263570069,2,2.278024987,2
10915_right.jpeg,data\raw\slit_lamp\dataset_03\train\cataract\10915_right.jpeg,slit_lamp,2.980865387,3,2.452518375,2,2.303889812,2,2.287981217,2
10916_left.jpeg,data\raw\slit_lamp\dataset_03\train\cataract\10916_left.jpeg,slit_lamp,3.25469505,3,1.554217436,2,1.956847415,2,3.885665498,4
10916_right.jpeg,data\raw\slit_lamp\dataset_03\train\cataract\10916_right.jpeg,slit_lamp,3.197865115,3,1.414377837,1,2.098349995,2,4.0286058,4
10919_right.jpeg,data\raw\slit_lamp\dataset_03\train\cataract\10919_right.jpeg,slit_lamp,2.702319749,3,2.150453266,2,2.126618738,2,2.393791799,2
10920_left.jpeg,data\raw\slit_lamp\dataset_03\train\cataract\10920_left.jpeg,slit_lamp,3.300683885,3,1.682604337,2,1.986864399,2,4.032875298,4
10920_right.jpeg,data\raw\slit_lamp\dataset_03\train\cataract\10920_right.jpeg,slit_lamp,3.238194999,3,1.761715931,2,2.008299511,2,3.924440947,4
10924_left.jpeg,data\raw\slit_lamp\dataset_03\train\cataract\10924_left.jpeg,slit_lamp,2.954192818,3,2.979377457,3,2.131299893,2,1.693908779,2
10924_right.jpeg,data\raw\slit_lamp\dataset_03\train\cataract\10924_right.jpeg,slit_lamp,2.933595847,3,2.896866201,3,2.17028869,2,1.714624634,2
1092_left.jpeg,data\raw\slit_lamp\dataset_03\train\cataract\1092_left.jpeg,slit_lamp,2.945201029,3,2.782302243,3,2.027324347,2,2.871886998,3
1092_right.jpeg,data\raw\slit_lamp\dataset_03\train\cataract\1092_right.jpeg,slit_lamp,2.670147259,3,2.649973586,3,2.059950722,2,2.781205277,3
10930_right.jpeg,data\raw\slit_lamp\dataset_03\train\cataract\10930_right.jpeg,slit_lamp,2.529172527,3,2.60419927,3,2.304865665,2,2.959045698,3
10936_right.jpeg,data\raw\slit_lamp\dataset_03\train\cataract\10936_right.jpeg,slit_lamp,3.295629195,3,2.877536024,3,2.060307523,2,2.847124362,3
1093_left.jpeg,data\raw\slit_lamp\dataset_03\train\cataract\1093_left.jpeg,slit_lamp,2.90576708,3,1.862802084,2,2.186825088,2,3.302506947,3
1093_right.jpeg,data\raw\slit_lamp\dataset_03\train\cataract\1093_right.jpeg,slit_lamp,2.958117067,3,1.403053789,1,2.255666177,2,3.764993165,4
10940_left.jpeg,data\raw\slit_lamp\dataset_03\train\cataract\10940_left.jpeg,slit_lamp,2.485118222,2,2.623211482,3,2.059237176,2,2.929998754,3
10940_right.jpeg,data\raw\slit_lamp\dataset_03\train\cataract\10940_right.jpeg,slit_lamp,2.509826761,3,2.532345209,3,2.275373933,2,2.846580867,3
10941_left.jpeg,data\raw\slit_lamp\dataset_03\train\cataract\10941_left.jpeg,slit_lamp,3.224236292,3,3.324703743,3,2.16944454,2,2.872560262,3
10941_right.jpeg,data\raw\slit_lamp\dataset_03\train\cataract\10941_right.jpeg,slit_lamp,3.199981345,3,3.050072377,3,2.154503908,2,2.795437979,3
10942_left.jpeg,data\raw\slit_lamp\dataset_03\train\cataract\10942_left.jpeg,slit_lamp,3.053714295,3,1.605688658,2,2.178613666,2,3.691067256,4
10942_right.jpeg,data\raw\slit_lamp\dataset_03\train\cataract\10942_right.jpeg,slit_lamp,3.108920258,3,1.660220818,2,2.099426159,2,3.584606538,4
10943_right.jpeg,data\raw\slit_lamp\dataset_03\train\cataract\10943_right.jpeg,slit_lamp,3.262732765,3,4.212055378,4,2.010187569,2,3.19124967,3
10945_left.jpeg,data\raw\slit_lamp\dataset_03\train\cataract\10945_left.jpeg,slit_lamp,3.307434899,3,0.982393229,1,1.953340345,2,4.555253908,5
10947_right.jpeg,data\raw\slit_lamp\dataset_03\train\cataract\10947_right.jpeg,slit_lamp,2.912504133,3,2.351068591,2,2.220949704,2,2.149500898,2
10952_left.jpeg,data\raw\slit_lamp\dataset_03\train\cataract\10952_left.jpeg,slit_lamp,2.964886615,3,2.84128377,3,2.054838618,2,3.082668832,3
10952_right.jpeg,data\raw\slit_lamp\dataset_03\train\cataract\10952_right.jpeg,slit_lamp,3.229579776,3,2.939226891,3,2.053175038,2,3.191438234,3
10954_left.jpeg,data\raw\slit_lamp\dataset_03\train\cataract\10954_left.jpeg,slit_lamp,3.259687514,3,2.368135121,2,1.991568788,2,3.325699682,3
10960_right.jpeg,data\raw\slit_lamp\dataset_03\train\cataract\10960_right.jpeg,slit_lamp,3.271171734,3,3.253239733,3,2.114867719,2,3.071819693,3
10961_right.jpeg,data\raw\slit_lamp\dataset_03\train\cataract\10961_right.jpeg,slit_lamp,3.22141585,3,2.391420789,2,2.168962203,2,2.39471122,2
10962_left.jpeg,data\raw\slit_lamp\dataset_03\train\cataract\10962_left.jpeg,slit_lamp,2.144376384,2,2.018595507,2,2.123379504,2,2.406293795,2
10966_left.jpeg,data\raw\slit_lamp\dataset_03\train\cataract\10966_left.jpeg,slit_lamp,2.745351768,3,2.886125663,3,2.132140381,2,2.259977521,2
10966_right.jpeg,data\raw\slit_lamp\dataset_03\train\cataract\10966_right.jpeg,slit_lamp,2.785353618,3,2.95731043,3,2.129139029,2,2.271260233,2
10969_left.jpeg,data\raw\slit_lamp\dataset_03\train\cataract\10969_left.jpeg,slit_lamp,3.104182031,3,2.122391716,2,1.991804106,2,3.729903764,4
10969_right.jpeg,data\raw\slit_lamp\dataset_03\train\cataract\10969_right.jpeg,slit_lamp,2.775935617,3,1.991361127,2,2.044625974,2,3.835044216,4
1096_left.jpeg,data\raw\slit_lamp\dataset_03\train\cataract\1096_left.jpeg,slit_lamp,2.708590954,3,2.155235019,2,2.12265985,2,2.528304183,3
1096_right.jpeg,data\raw\slit_lamp\dataset_03\train\cataract\1096_right.jpeg,slit_lamp,2.675785312,3,1.924326027,2,2.135142817,2,2.248397009,2
10970_right.jpeg,data\raw\slit_lamp\dataset_03\train\cataract\10970_right.jpeg,slit_lamp,3.274246262,3,2.681004141,3,2.034784467,2,2.952898625,3
10975_left.jpeg,data\raw\slit_lamp\dataset_03\train\cataract\10975_left.jpeg,slit_lamp,2.753426057,3,2.132909598,2,2.382857524,2,2.390190256,2
10975_right.jpeg,data\raw\slit_lamp\dataset_03\train\cataract\10975_right.jpeg,slit_lamp,2.713793854,3,2.116288112,2,2.400252766,2,2.374380283,2
10976_left.jpeg,data\raw\slit_lamp\dataset_03\train\cataract\10976_left.jpeg,slit_lamp,3.30665637,3,1.793709784,2,1.965156403,2,3.546924263,4
10976_right.jpeg,data\raw\slit_lamp\dataset_03\train\cataract\10976_right.jpeg,slit_lamp,3.29882217,3,1.787853504,2,1.946216278,2,3.488686657,3
10977_left.jpeg,data\raw\slit_lamp\dataset_03\train\cataract\10977_left.jpeg,slit_lamp,3.145465967,3,2.188761111,2,1.983338592,2,2.863632148,3
10983_left.jpeg,data\raw\slit_lamp\dataset_03\train\cataract\10983_left.jpeg,slit_lamp,3.192429254,3,1.985045651,2,2.099426159,2,3.297974833,3
10987_right.jpeg,data\raw\slit_lamp\dataset_03\train\cataract\10987_right.jpeg,slit_lamp,3.149456354,3,2.307756483,2,2.020464006,2,3.506789642,4
10988_left.jpeg,data\raw\slit_lamp\dataset_03\train\cataract\10988_left.jpeg,slit_lamp,3.096837965,3,1.884468854,2,2.118103529,2,3.529015237,4
1098_right.jpeg,data\raw\slit_lamp\dataset_03\train\cataract\1098_right.jpeg,slit_lamp,1.85533824,2,2.051262946,2,2.381755374,2,2.858483578,3
10994_right.jpeg,data\raw\slit_lamp\dataset_03\train\cataract\10994_right.jpeg,slit_lamp,3.240968909,3,1.56470485,2,1.966679116,2,3.760798356,4
11003_right.jpeg,data\raw\slit_lamp\dataset_03\train\cataract\11003_right.jpeg,slit_lamp,3.103520268,3,1.735098071,2,2.090821153,2,3.571467892,4
11005_right.jpeg,data\raw\slit_lamp\dataset_03\train\cataract\11005_right.jpeg,slit_lamp,3.124955612,3,2.389202103,2,1.994746378,2,3.59748426,4
11007_left.jpeg,data\raw\slit_lamp\dataset_03\train\cataract\11007_left.jpeg,slit_lamp,2.632536608,3,2.345687358,2,2.217920021,2,2.361591801,2
11008_left.jpeg,data\raw\slit_lamp\dataset_03\train\cataract\11008_left.jpeg,slit_lamp,3.280444662,3,2.119337178,2,2.059950722,2,2.571345706,3
1100_right.jpeg,data\raw\slit_lamp\dataset_03\train\cataract\1100_right.jpeg,slit_lamp,3.257157936,3,1.959798472,2,1.939218214,2,3.647194689,4
11013_right.jpeg,data\raw\slit_lamp\dataset_03\train\cataract\11013_right.jpeg,slit_lamp,3.312909008,3,0.92163931,1,2.000281794,2,4.186145637,4
11023_left.jpeg,data\raw\slit_lamp\dataset_03\train\cataract\11023_left.jpeg,slit_lamp,3.313177834,3,1.167152892,1,1.967967889,2,4.105804374,4
11023_right.jpeg,data\raw\slit_lamp\dataset_03\train\cataract\11023_right.jpeg,slit_lamp,3.31112369,3,1.593496902,2,1.968553793,2,3.763959196,4
1102_right.jpeg,data\raw\slit_lamp\dataset_03\train\cataract\1102_right.jpeg,slit_lamp,3.256284086,3,1.636790789,2,1.949018069,2,3.952307812,4
11032_right.jpeg,data\raw\slit_lamp\dataset_03\train\cataract\11032_right.jpeg,slit_lamp,3.171755127,3,2.131180068,2,1.986159066,2,3.503264481,4
11037_left.jpeg,data\raw\slit_lamp\dataset_03\train\cataract\11037_left.jpeg,slit_lamp,3.090409405,3,2.164753463,2,1.99604144,2,3.73575129,4
11037_right.jpeg,data\raw\slit_lamp\dataset_03\train\cataract\11037_right.jpeg,slit_lamp,3.014187251,3,1.961881662,2,1.99863241,2,3.751087673,4
11040_left.jpeg,data\raw\slit_lamp\dataset_03\train\cataract\11040_left.jpeg,slit_lamp,3.100371711,3,1.389556963,1,2.140910502,2,3.921403921,4
11049_left.jpeg,data\raw\slit_lamp\dataset_03\train\cataract\11049_left.jpeg,slit_lamp,3.094429882,3,2.076808403,2,2.07090096,2,3.065574293,3
11049_right.jpeg,data\raw\slit_lamp\dataset_03\train\cataract\11049_right.jpeg,slit_lamp,3.017264497,3,1.694014834,2,2.117983661,2,3.457129459,3
11050_right.jpeg,data\raw\slit_lamp\dataset_03\train\cataract\11050_right.jpeg,slit_lamp,3.302342535,3,2.675206715,3,1.991215828,2,3.448469023,3
11053_right.jpeg,data\raw\slit_lamp\dataset_03\train\cataract\11053_right.jpeg,slit_lamp,2.792366295,3,2.493883731,2,2.071377446,2,2.879031715,3
11057_left.jpeg,data\raw\slit_lamp\dataset_03\train\cataract\11057_left.jpeg,slit_lamp,2.576097215,3,2.102270697,2,2.123739355,2,2.408803349,2
11058_right.jpeg,data\raw\slit_lamp\dataset_03\train\cataract\11058_right.jpeg,slit_lamp,2.477590976,2,2.175708446,2,2.115946176,2,2.267706233,2
11067_right.jpeg,data\raw\slit_lamp\dataset_03\train\cataract\11067_right.jpeg,slit_lamp,2.554978192,3,1.951715254,2,2.218525891,2,2.24114735,2
11080_left.jpeg,data\raw\slit_lamp\dataset_03\train\cataract\11080_left.jpeg,slit_lamp,2.830094335,3,2.963482395,3,2.168721044,2,2.697856347,3
11080_right.jpeg,data\raw\slit_lamp\dataset_03\train\cataract\11080_right.jpeg,slit_lamp,2.864701523,3,3.012030657,3,2.164140216,2,2.643959367,3
11087_right.jpeg,data\raw\slit_lamp\dataset_03\train\cataract\11087_right.jpeg,slit_lamp,1.805087646,2,2.039534078,2,2.160766337,2,2.969507454,3
11091_right.jpeg,data\raw\slit_lamp\dataset_03\train\cataract\11091_right.jpeg,slit_lamp,3.078126546,3,1.35985779,1,2.438259617,2,4.147084171,4
11098_left.jpeg,data\raw\slit_lamp\dataset_03\train\cataract\11098_left.jpeg,slit_lamp,3.302534459,3,1.753965465,2,1.918744253,2,3.293098645,3
11098_right.jpeg,data\raw\slit_lamp\dataset_03\train\cataract\11098_right.jpeg,slit_lamp,3.273832052,3,1.721138979,2,1.912710725,2,3.652436382,4
11113_right.jpeg,data\raw\slit_lamp\dataset_03\train\cataract\11113_right.jpeg,slit_lamp,3.186877288,3,2.573572387,3,1.991333479,2,3.607036787,4
11115_right.jpeg,data\raw\slit_lamp\dataset_03\train\cataract\11115_right.jpeg,slit_lamp,3.097974616,3,3.511507752,4,2.158477634,2,2.838475654,3
11117_left.jpeg,data\raw\slit_lamp\dataset_03\train\cataract\11117_left.jpeg,slit_lamp,3.033741518,3,2.856009468,3,2.126258759,2,2.477714278,2
11119_left.jpeg,data\raw\slit_lamp\dataset_03\train\cataract\11119_left.jpeg,slit_lamp,3.001550804,3,2.466074358,2,2.232591327,2,2.540340074,3
11119_right.jpeg,data\raw\slit_lamp\dataset_03\train\cataract\11119_right.jpeg,slit_lamp,3.056349614,3,2.471065716,2,2.254572177,2,2.500339775,3
1111_left.jpeg,data\raw\slit_lamp\dataset_03\train\cataract\1111_left.jpeg,slit_lamp,2.994539643,3,2.318076298,2,2.032059928,2,3.581262471,4
1111_right.jpeg,data\raw\slit_lamp\dataset_03\train\cataract\1111_right.jpeg,slit_lamp,2.472730491,2,2.591657545,3,2.075190484,2,3.602775059,4
11120_left.jpeg,data\raw\slit_lamp\dataset_03\train\cataract\11120_left.jpeg,slit_lamp,3.307468744,3,1.097812842,1,1.990392337,2,4.089313925,4
11121_right.jpeg,data\raw\slit_lamp\dataset_03\train\cataract\11121_right.jpeg,slit_lamp,2.257136926,2,2.23075524,2,2.392533864,2,2.618431289,3
11122_left.jpeg,data\raw\slit_lamp\dataset_03\train\cataract\11122_left.jpeg,slit_lamp,3.209176678,3,1.443491976,1,2.070067188,2,4.013932228,4
11123_left.jpeg,data\raw\slit_lamp\dataset_03\train\cataract\11123_left.jpeg,slit_lamp,2.776504245,3,1.962557135,2,2.149088062,2,2.051573745,2
11124_left.jpeg,data\raw\slit_lamp\dataset_03\train\cataract\11124_left.jpeg,slit_lamp,2.992381665,3,2.141183742,2,2.151615042,2,2.226363811,2
11127_left.jpeg,data\raw\slit_lamp\dataset_03\train\cataract\11127_left.jpeg,slit_lamp,3.165709564,3,2.379463226,2,2.027797747,2,3.338287888,3
11127_right.jpeg,data\raw\slit_lamp\dataset_03\train\cataract\11127_right.jpeg,slit_lamp,3.164841733,3,2.318512738,2,2.017509267,2,3.519162819,4
11130_left.jpeg,data\raw\slit_lamp\dataset_03\train\cataract\11130_left.jpeg,slit_lamp,3.224784403,3,4.491228068,4,1.987569816,2,3.402391414,3
11130_right.jpeg,data\raw\slit_lamp\dataset_03\train\cataract\11130_right.jpeg,slit_lamp,2.882949685,3,3.277196239,3,2.008889466,2,3.149293743,3
11136_left.jpeg,data\raw\slit_lamp\dataset_03\train\cataract\11136_left.jpeg,slit_lamp,3.099590035,3,2.40057484,2,2.214043251,2,2.365916869,2
11136_right.jpeg,data\raw\slit_lamp\dataset_03\train\cataract\11136_right.jpeg,slit_lamp,3.10189699,3,2.404628755,2,2.301572402,2,2.282773585,2
1113_left.jpeg,data\raw\slit_lamp\dataset_03\train\cataract\1113_left.jpeg,slit_lamp,3.154856508,3,2.629846729,3,2.154624298,2,2.547293141,3
11142_right.jpeg,data\raw\slit_lamp\dataset_03\train\cataract\11142_right.jpeg,slit_lamp,3.165804423,3,2.171134494,2,2.078051599,2,3.052930213,3
11147_right.jpeg,data\raw\slit_lamp\dataset_03\train\cataract\11147_right.jpeg,slit_lamp,3.256157754,3,2.127473761,2,1.933393549,2,3.805039226,4
11153_right.jpeg,data\raw\slit_lamp\dataset_03\train\cataract\11153_right.jpeg,slit_lamp,3.287463279,3,1.859111275,2,1.949251617,2,3.905800276,4
11155_left.jpeg,data\raw\slit_lamp\dataset_03\train\cataract\11155_left.jpeg,slit_lamp,3.240085895,3,1.560049702,2,1.968436607,2,3.183563112,3
11155_right.jpeg,data\raw\slit_lamp\dataset_03\train\cataract\11155_right.jpeg,slit_lamp,3.225662604,3,1.622456937,2,1.964570856,2,2.697083011,3
11156_left.jpeg,data\raw\slit_lamp\dataset_03\train\cataract\11156_left.jpeg,slit_lamp,3.257801359,3,1.867028467,2,1.940383919,2,3.575334053,4
11159_left.jpeg,data\raw\slit_lamp\dataset_03\train\cataract\11159_left.jpeg,slit_lamp,3.041161412,3,2.213130747,2,2.007827587,2,3.758560513,4
11159_right.jpeg,data\raw\slit_lamp\dataset_03\train\cataract\11159_right.jpeg,slit_lamp,3.067281899,3,2.240391786,2,1.991333479,2,3.794403415,4
11161_right.jpeg,data\raw\slit_lamp\dataset_03\train\cataract\11161_right.jpeg,slit_lamp,2.914677922,3,2.323726686,2,2.197945561,2,2.246963375,2
11164_left.jpeg,data\raw\slit_lamp\dataset_03\train\cataract\11164_left.jpeg,slit_lamp,3.26430444,3,2.00461469,2,2.056502604,2,2.222228131,2
11164_right.jpeg,data\raw\slit_lamp\dataset_03\train\cataract\11164_right.jpeg,slit_lamp,3.286692954,3,1.646475801,2,2.087716225,2,2.302141508,2
11165_left.jpeg,data\raw\slit_lamp\dataset_03\train\cataract\11165_left.jpeg,slit_lamp,2.8409877,3,2.495109653,2,2.261380814,2,2.433691318,2
11165_right.jpeg,data\raw\slit_lamp\dataset_03\train\cataract\11165_right.jpeg,slit_lamp,2.798767544,3,2.360094109,2,2.299865056,2,2.300122777,2
11169_left.jpeg,data\raw\slit_lamp\dataset_03\train\cataract\11169_left.jpeg,slit_lamp,3.144329742,3,2.665482083,3,2.116785077,2,2.755132565,3
11169_right.jpeg,data\raw\slit_lamp\dataset_03\train\cataract\11169_right.jpeg,slit_lamp,3.073472666,3,2.489834628,2,2.196615292,2,2.425042446,2
11176_right.jpeg,data\raw\slit_lamp\dataset_03\train\cataract\11176_right.jpeg,slit_lamp,2.461422446,2,1.868483458,2,2.126258759,2,2.177183795,2
11182_left.jpeg,data\raw\slit_lamp\dataset_03\train\cataract\11182_left.jpeg,slit_lamp,3.322235273,3,3.162721938,3,1.969842996,2,3.278284999,3
11183_left.jpeg,data\raw\slit_lamp\dataset_03\train\cataract\11183_left.jpeg,slit_lamp,2.873228142,3,2.621978442,3,2.120621177,2,2.874441138,3
11183_right.jpeg,data\raw\slit_lamp\dataset_03\train\cataract\11183_right.jpeg,slit_lamp,2.896741847,3,2.701944729,3,2.17982079,2,2.795996414,3
11187_left.jpeg,data\raw\slit_lamp\dataset_03\train\cataract\11187_left.jpeg,slit_lamp,2.339204753,2,2.475477311,2,2.274886972,2,2.665455294,3
11187_right.jpeg,data\raw\slit_lamp\dataset_03\train\cataract\11187_right.jpeg,slit_lamp,3.103099939,3,2.918279148,3,2.002520969,2,2.775649861,3
11196_left.jpeg,data\raw\slit_lamp\dataset_03\train\cataract\11196_left.jpeg,slit_lamp,3.329211439,3,3.538730855,4,1.935373211,2,3.296262821,3
11197_left.jpeg,data\raw\slit_lamp\dataset_03\train\cataract\11197_left.jpeg,slit_lamp,3.226495113,3,2.601960316,3,1.991451132,2,3.491217091,3
11197_right.jpeg,data\raw\slit_lamp\dataset_03\train\cataract\11197_right.jpeg,slit_lamp,3.197681392,3,2.190991042,2,1.991568788,2,3.674790005,4
11198_left.jpeg,data\raw\slit_lamp\dataset_03\train\cataract\11198_left.jpeg,slit_lamp,2.666775272,3,2.465208978,2,2.155707881,2,2.826273671,3
111_left.jpeg,data\raw\slit_lamp\dataset_03\train\cataract\111_left.jpeg,slit_lamp,3.249629543,3,2.578605335,3,2.111273925,2,2.611199083,3
11203_left.jpeg,data\raw\slit_lamp\dataset_03\train\cataract\11203_left.jpeg,slit_lamp,3.288048333,3,1.999074034,2,1.940733681,2,3.774278817,4
11203_right.jpeg,data\raw\slit_lamp\dataset_03\train\cataract\11203_right.jpeg,slit_lamp,3.292831347,3,2.094273205,2,1.939567899,2,3.754824331,4
11206_left.jpeg,data\raw\slit_lamp\dataset_03\train\cataract\11206_left.jpeg,slit_lamp,2.673403449,3,2.026839893,2,2.203147365,2,2.378793302,2
11206_right.jpeg,data\raw\slit_lamp\dataset_03\train\cataract\11206_right.jpeg,slit_lamp,2.825056747,3,2.296274088,2,2.337345043,2,2.495216128,2
11219_left.jpeg,data\raw\slit_lamp\dataset_03\train\cataract\11219_left.jpeg,slit_lamp,2.868467863,3,2.722680813,3,2.165345476,2,3.003696218,3
11219_right.jpeg,data\raw\slit_lamp\dataset_03\train\cataract\11219_right.jpeg,slit_lamp,2.612536867,3,2.549770816,3,2.320487254,2,2.71682913,3
11221_left.jpeg,data\raw\slit_lamp\dataset_03\train\cataract\11221_left.jpeg,slit_lamp,3.143862158,3,1.381437183,1,2.013020746,2,3.587299684,4
11221_right.jpeg,data\raw\slit_lamp\dataset_03\train\cataract\11221_right.jpeg,slit_lamp,3.152774189,3,1.229869371,1,2.05674035,2,3.691649631,4
11222_left.jpeg,data\raw\slit_lamp\dataset_03\train\cataract\11222_left.jpeg,slit_lamp,3.297111859,3,0.871547483,1,1.973946969,2,4.51486445,5
11222_right.jpeg,data\raw\slit_lamp\dataset_03\train\cataract\11222_right.jpeg,slit_lamp,3.299082783,3,0.947233206,1,1.973008656,2,4.517479698,5
11228_left.jpeg,data\raw\slit_lamp\dataset_03\train\cataract\11228_left.jpeg,slit_lamp,3.252336968,3,2.750237026,3,2.11582634,2,2.814994982,3
11228_right.jpeg,data\raw\slit_lamp\dataset_03\train\cataract\11228_right.jpeg,slit_lamp,2.889953933,3,2.446551479,2,2.277565468,2,2.203740752,2
11229_left.jpeg,data\raw\slit_lamp\dataset_03\train\cataract\11229_left.jpeg,slit_lamp,2.279835313,2,1.864162689,2,2.282680384,2,2.23694253,2
11231_right.jpeg,data\raw\slit_lamp\dataset_03\train\cataract\11231_right.jpeg,slit_lamp,3.25214673,3,1.621174549,2,2.028981402,2,3.960960985,4
11232_left.jpeg,data\raw\slit_lamp\dataset_03\train\cataract\11232_left.jpeg,slit_lamp,3.22936419,3,1.408892334,1,2.002638843,2,3.741842212,4
11232_right.jpeg,data\raw\slit_lamp\dataset_03\train\cataract\11232_right.jpeg,slit_lamp,3.212317897,3,1.75329613,2,1.974064269,2,3.682107162,4
11234_right.jpeg,data\raw\slit_lamp\dataset_03\train\cataract\11234_right.jpeg,slit_lamp,3.05832255,3,2.323787055,2,2.164983881,2,2.318703755,2
1123_left.jpeg,data\raw\slit_lamp\dataset_03\train\cataract\1123_left.jpeg,slit_lamp,2.859515191,3,2.260562739,2,2.132740782,2,2.456193686,2
11241_left.jpeg,data\raw\slit_lamp\dataset_03\train\cataract\11241_left.jpeg,slit_lamp,3.172674743,3,2.632397642,3,2.120741084,2,2.538088881,3
11241_right.jpeg,data\raw\slit_lamp\dataset_03\train\cataract\11241_right.jpeg,slit_lamp,3.006282635,3,2.363651426,2,2.290721798,2,2.298046065,2
11243_left.jpeg,data\raw\slit_lamp\dataset_03\train\cataract\11243_left.jpeg,slit_lamp,3.09539086,3,1.990542314,2,2.03916982,2,3.517399563,4
11243_right.jpeg,data\raw\slit_lamp\dataset_03\train\cataract\11243_right.jpeg,slit_lamp,3.203695777,3,1.940951714,2,1.981224138,2,3.633206638,4
11244_left.jpeg,data\raw\slit_lamp\dataset_03\train\cataract\11244_left.jpeg,slit_lamp,3.185844139,3,1.96305736,2,2.16944454,2,2.405343974,2
11244_right.jpeg,data\raw\slit_lamp\dataset_03\train\cataract\11244_right.jpeg,slit_lamp,3.159094795,3,1.544268335,2,2.233440661,2,2.373852124,2
11246_left.jpeg,data\raw\slit_lamp\dataset_03\train\cataract\11246_left.jpeg,slit_lamp,2.836509802,3,1.344711296,1,2.372450207,2,4.063516535,4
11246_right.jpeg,data\raw\slit_lamp\dataset_03\train\cataract\11246_right.jpeg,slit_lamp,2.801759056,3,1.751155962,2,2.365106512,2,3.640214199,4
11247_left.jpeg,data\raw\slit_lamp\dataset_03\train\cataract\11247_left.jpeg,slit_lamp,3.068008301,3,2.130452727,2,1.996747957,2,3.817564079,4
11247_right.jpeg,data\raw\slit_lamp\dataset_03\train\cataract\11247_right.jpeg,slit_lamp,3.089697916,3,2.122178418,2,1.992157102,2,3.805493253,4
11249_right.jpeg,data\raw\slit_lamp\dataset_03\train\cataract\11249_right.jpeg,slit_lamp,3.239225885,3,1.495501535,1,1.966327684,2,4.105135621,4
11261_right.jpeg,data\raw\slit_lamp\dataset_03\train\cataract\11261_right.jpeg,slit_lamp,3.199179849,3,1.758698177,2,2.066733085,2,3.647958273,4
11265_right.jpeg,data\raw\slit_lamp\dataset_03\train\cataract\11265_right.jpeg,slit_lamp,2.388013611,2,2.134655223,2,2.151013314,2,2.809351094,3
11267_left.jpeg,data\raw\slit_lamp\dataset_03\train\cataract\11267_left.jpeg,slit_lamp,3.319320682,3,1.858723981,2,1.938985104,2,3.835546441,4
11267_right.jpeg,data\raw\slit_lamp\dataset_03\train\cataract\11267_right.jpeg,slit_lamp,3.306029604,3,1.929274452,2,1.955911976,2,3.765907564,4
11270_right.jpeg,data\raw\slit_lamp\dataset_03\train\cataract\11270_right.jpeg,slit_lamp,3.296267907,3,1.325962319,1,1.975589391,2,3.985990363,4
11271_right.jpeg,data\raw\slit_lamp\dataset_03\train\cataract\11271_right.jpeg,slit_lamp,3.175006015,3,1.708408779,2,2.039288384,2,3.808199904,4
11273_right.jpeg,data\raw\slit_lamp\dataset_03\train\cataract\11273_right.jpeg,slit_lamp,2.811914546,3,2.377730572,2,2.402581069,2,2.051916626,2
11283_left.jpeg,data\raw\slit_lamp\dataset_03\train\cataract\11283_left.jpeg,slit_lamp,2.515637965,3,1.727121635,2,2.113190411,2,1.51234239,2
11283_right.jpeg,data\raw\slit_lamp\dataset_03\train\cataract\11283_right.jpeg,slit_lamp,2.457721348,2,1.730661157,2,2.147884994,2,1.527740159,2
11289_left.jpeg,data\raw\slit_lamp\dataset_03\train\cataract\11289_left.jpeg,slit_lamp,3.083731407,3,1.647309442,2,2.023893246,2,3.512159667,4
11291_right.jpeg,data\raw\slit_lamp\dataset_03\train\cataract\11291_right.jpeg,slit_lamp,3.30734575,3,2.08487591,2,1.953457211,2,3.160779025,3
11292_right.jpeg,data\raw\slit_lamp\dataset_03\train\cataract\11292_right.jpeg,slit_lamp,3.131632696,3,3.747893202,4,2.161730174,2,2.541077494,3
11293_left.jpeg,data\raw\slit_lamp\dataset_03\train\cataract\11293_left.jpeg,slit_lamp,3.064162156,3,2.477953963,2,2.289137533,2,2.517530397,3
11299_left.jpeg,data\raw\slit_lamp\dataset_03\train\cataract\11299_left.jpeg,slit_lamp,2.277020902,2,1.874393672,2,2.188999856,2,1.889869106,2
11299_right.jpeg,data\raw\slit_lamp\dataset_03\train\cataract\11299_right.jpeg,slit_lamp,2.323480363,2,1.890297741,2,2.121580488,2,1.929375605,2
11301_left.jpeg,data\raw\slit_lamp\dataset_03\train\cataract\11301_left.jpeg,slit_lamp,2.428998507,2,2.275663851,2,2.113310207,2,2.0942287,2
11301_right.jpeg,data\raw\slit_lamp\dataset_03\train\cataract\11301_right.jpeg,slit_lamp,2.59266927,3,2.09758723,2,2.112831035,2,2.012766352,2
11304_left.jpeg,data\raw\slit_lamp\dataset_03\train\cataract\11304_left.jpeg,slit_lamp,3.321760249,3,1.065003185,1,1.930134562,2,4.513615652,5
11305_left.jpeg,data\raw\slit_lamp\dataset_03\train\cataract\11305_left.jpeg,slit_lamp,3.270016051,3,1.808005431,2,1.9260637,2,3.74680855,4
11310_right.jpeg,data\raw\slit_lamp\dataset_03\train\cataract\11310_right.jpeg,slit_lamp,2.582916033,3,1.900014159,2,2.165707084,2,2.041402149,2
11313_left.jpeg,data\raw\slit_lamp\dataset_03\train\cataract\11313_left.jpeg,slit_lamp,3.288250051,3,1.98065631,2,1.949952323,2,3.544216538,4
11313_right.jpeg,data\raw\slit_lamp\dataset_03\train\cataract\11313_right.jpeg,slit_lamp,3.219154464,3,1.617567707,2,1.998396821,2,3.661867082,4
11315_left.jpeg,data\raw\slit_lamp\dataset_03\train\cataract\11315_left.jpeg,slit_lamp,3.206059862,3,2.049188333,2,1.950536313,2,3.499987942,3
11316_left.jpeg,data\raw\slit_lamp\dataset_03\train\cataract\11316_left.jpeg,slit_lamp,2.952154232,3,2.038766324,2,2.129859254,2,1.976131185,2
11316_right.jpeg,data\raw\slit_lamp\dataset_03\train\cataract\11316_right.jpeg,slit_lamp,2.976798191,3,2.076570354,2,2.11582634,2,2.047696686,2
11317_left.jpeg,data\raw\slit_lamp\dataset_03\train\cataract\11317_left.jpeg,slit_lamp,3.110231823,3,2.43151971,2,2.174148635,2,2.504401385,3
11317_right.jpeg,data\raw\slit_lamp\dataset_03\train\cataract\11317_right.jpeg,slit_lamp,3.101532383,3,2.44504364,2,2.145238833,2,2.497582975,2
11319_left.jpeg,data\raw\slit_lamp\dataset_03\train\cataract\11319_left.jpeg,slit_lamp,3.231730374,3,2.074193246,2,1.978171295,2,3.65508361,4
11319_right.jpeg,data\raw\slit_lamp\dataset_03\train\cataract\11319_right.jpeg,slit_lamp,3.22100523,3,2.044582359,2,1.922344579,2,3.703725455,4
1131_left.jpeg,data\raw\slit_lamp\dataset_03\train\cataract\1131_left.jpeg,slit_lamp,3.168605647,3,2.675443398,3,2.183926145,2,2.700588002,3
1131_right.jpeg,data\raw\slit_lamp\dataset_03\train\cataract\1131_right.jpeg,slit_lamp,3.141025099,3,2.654897085,3,2.225435157,2,2.68655966,3
11321_left.jpeg,data\raw\slit_lamp\dataset_03\train\cataract\11321_left.jpeg,slit_lamp,2.074106944,2,1.628434182,2,2.134061816,2,1.613008142,2
11321_right.jpeg,data\raw\slit_lamp\dataset_03\train\cataract\11321_right.jpeg,slit_lamp,2.23963078,2,1.696687278,2,2.123979265,2,1.675456241,2
11326_left.jpeg,data\raw\slit_lamp\dataset_03\train\cataract\11326_left.jpeg,slit_lamp,3.225146351,3,1.839336415,2,2.134902582,2,2.352469856,2
11326_right.jpeg,data\raw\slit_lamp\dataset_03\train\cataract\11326_right.jpeg,slit_lamp,3.267002733,3,2.117687949,2,2.105287932,2,2.508405235,3
11335_right.jpeg,data\raw\slit_lamp\dataset_03\train\cataract\11335_right.jpeg,slit_lamp,2.814132288,3,2.333713383,2,2.126618738,2,2.381838139,2
1133_left.jpeg,data\raw\slit_lamp\dataset_03\train\cataract\1133_left.jpeg,slit_lamp,3.243782991,3,2.867041816,3,2.045575331,2,3.214899037,3
1133_right.jpeg,data\raw\slit_lamp\dataset_03\train\cataract\1133_right.jpeg,slit_lamp,3.140252653,3,2.79787808,3,2.032770567,2,2.683281373,3
11340_left.jpeg,data\raw\slit_lamp\dataset_03\train\cataract\11340_left.jpeg,slit_lamp,3.167924421,3,2.502231227,3,1.991098179,2,3.36951538,3
11340_right.jpeg,data\raw\slit_lamp\dataset_03\train\cataract\11340_right.jpeg,slit_lamp,3.09426558,3,2.391906616,2,1.991098179,2,3.725435171,4
11345_left.jpeg,data\raw\slit_lamp\dataset_03\train\cataract\11345_left.jpeg,slit_lamp,2.761134095,3,2.197009681,2,2.124938974,2,2.470007608,2
11345_right.jpeg,data\raw\slit_lamp\dataset_03\train\cataract\11345_right.jpeg,slit_lamp,2.788783272,3,2.268092418,2,2.12457907,2,2.387224867,2
11349_left.jpeg,data\raw\slit_lamp\dataset_03\train\cataract\11349_left.jpeg,slit_lamp,3.231189198,3,2.711409716,3,1.998161241,2,3.289271749,3
11349_right.jpeg,data\raw\slit_lamp\dataset_03\train\cataract\11349_right.jpeg,slit_lamp,3.216018559,3,2.661282612,3,2.012548459,2,3.436819463,3
11364_left.jpeg,data\raw\slit_lamp\dataset_03\train\cataract\11364_left.jpeg,slit_lamp,3.079365371,3,1.241249518,1,2.255787739,2,3.74953682,4
11364_right.jpeg,data\raw\slit_lamp\dataset_03\train\cataract\11364_right.jpeg,slit_lamp,2.988605047,3,1.762388148,2,2.167877036,2,3.288725467,3
11365_left.jpeg,data\raw\slit_lamp\dataset_03\train\cataract\11365_left.jpeg,slit_lamp,1.677815566,2,2.005666533,2,2.222283029,2,2.897696294,3
11365_right.jpeg,data\raw\slit_lamp\dataset_03\train\cataract\11365_right.jpeg,slit_lamp,1.974684585,2,2.189269143,2,2.331968408,2,2.577111268,3
1136_right.jpeg,data\raw\slit_lamp\dataset_03\train\cataract\1136_right.jpeg,slit_lamp,2.678802912,3,2.143747443,2,2.180062234,2,2.464847337,2
11370_left.jpeg,data\raw\slit_lamp\dataset_03\train\cataract\11370_left.jpeg,slit_lamp,3.122389087,3,2.551942559,3,2.170047497,2,2.656713814,3
11371_left.jpeg,data\raw\slit_lamp\dataset_03\train\cataract\11371_left.jpeg,slit_lamp,3.256085813,3,1.981962412,2,1.984983702,2,3.483378232,3
11378_left.jpeg,data\raw\slit_lamp\dataset_03\train\cataract\11378_left.jpeg,slit_lamp,3.201495673,3,2.69870408,3,2.131419957,2,2.629500111,3
11378_right.jpeg,data\raw\slit_lamp\dataset_03\train\cataract\11378_right.jpeg,slit_lamp,3.098116823,3,2.612049071,3,2.186341871,2,2.487035789,2
11382_right.jpeg,data\raw\slit_lamp\dataset_03\train\cataract\11382_right.jpeg,slit_lamp,3.228497143,3,1.93555023,2,2.067090234,2,3.59000189,4
11385_left.jpeg,data\raw\slit_lamp\dataset_03\train\cataract\11385_left.jpeg,slit_lamp,2.663131925,3,2.195830463,2,2.243516023,2,2.481372716,2
11385_right.jpeg,data\raw\slit_lamp\dataset_03\train\cataract\11385_right.jpeg,slit_lamp,2.699813437,3,2.193037973,2,2.240116147,2,2.465646833,2
11387_left.jpeg,data\raw\slit_lamp\dataset_03\train\cataract\11387_left.jpeg,slit_lamp,3.172263073,3,2.826513655,3,2.166068707,2,2.396771771,2
11387_right.jpeg,data\raw\slit_lamp\dataset_03\train\cataract\11387_right.jpeg,slit_lamp,3.158736364,3,2.894180723,3,2.140670104,2,2.497398723,2
11388_right.jpeg,data\raw\slit_lamp\dataset_03\train\cataract\11388_right.jpeg,slit_lamp,2.9531392,3,2.365808729,2,2.19057082,2,2.237313956,2
1138_left.jpeg,data\raw\slit_lamp\dataset_03\train\cataract\1138_left.jpeg,slit_lamp,2.889796099,3,2.328395549,2,2.115706506,2,2.578992283,3
1138_right.jpeg,data\raw\slit_lamp\dataset_03\train\cataract\1138_right.jpeg,slit_lamp,3.059621807,3,2.499161263,2,2.115466844,2,2.801803603,3
11391_left.jpeg,data\raw\slit_lamp\dataset_03\train\cataract\11391_left.jpeg,slit_lamp,3.094301992,3,1.821914037,2,2.143314861,2,3.616674108,4
11391_right.jpeg,data\raw\slit_lamp\dataset_03\train\cataract\11391_right.jpeg,slit_lamp,3.108893763,3,1.901576726,2,2.109357907,2,3.590438245,4
11392_left.jpeg,data\raw\slit_lamp\dataset_03\train\cataract\11392_left.jpeg,slit_lamp,3.267596378,3,1.425040013,1,1.968319424,2,3.883971958,4
11392_right.jpeg,data\raw\slit_lamp\dataset_03\train\cataract\11392_right.jpeg,slit_lamp,3.290279299,3,1.478611448,1,1.979110459,2,3.87579168,4
11394_left.jpeg,data\raw\slit_lamp\dataset_03\train\cataract\11394_left.jpeg,slit_lamp,3.071108461,3,2.012914264,2,1.990862889,2,3.698252476,4
11394_right.jpeg,data\raw\slit_lamp\dataset_03\train\cataract\11394_right.jpeg,slit_lamp,3.009813878,3,2.140748341,2,2.047711877,2,3.588177286,4
11397_left.jpeg,data\raw\slit_lamp\dataset_03\train\cataract\11397_left.jpeg,slit_lamp,3.262549105,3,2.499115098,2,1.931181871,2,3.497321363,3
11397_right.jpeg,data\raw\slit_lamp\dataset_03\train\cataract\11397_right.jpeg,slit_lamp,3.220527257,3,1.70177158,2,2.072211373,2,3.897339024,4
11407_left.jpeg,data\raw\slit_lamp\dataset_03\train\cataract\11407_left.jpeg,slit_lamp,3.267716521,3,2.212825691,2,1.956613541,2,3.313632706,3
11409_left.jpeg,data\raw\slit_lamp\dataset_03\train\cataract\11409_left.jpeg,slit_lamp,3.210470993,3,2.777959773,3,2.13862699,2,2.612637741,3
11409_right.jpeg,data\raw\slit_lamp\dataset_03\train\cataract\11409_right.jpeg,slit_lamp,3.098657834,3,2.628274033,3,2.212710933,2,2.485455051,2
11417_left.jpeg,data\raw\slit_lamp\dataset_03\train\cataract\11417_left.jpeg,slit_lamp,3.249128679,3,2.466371157,2,2.100502474,2,2.417858052,2
11417_right.jpeg,data\raw\slit_lamp\dataset_03\train\cataract\11417_right.jpeg,slit_lamp,3.275074157,3,2.678474771,3,2.079244067,2,2.890739643,3
11420_left.jpeg,data\raw\slit_lamp\dataset_03\train\cataract\11420_left.jpeg,slit_lamp,2.944938286,3,1.735066801,2,2.240358964,2,3.702120815,4
11420_right.jpeg,data\raw\slit_lamp\dataset_03\train\cataract\11420_right.jpeg,slit_lamp,3.057556183,3,1.61768928,2,2.216223764,2,3.762740676,4
11421_left.jpeg,data\raw\slit_lamp\dataset_03\train\cataract\11421_left.jpeg,slit_lamp,2.627663128,3,2.399362454,2,2.085806149,2,2.886069812,3
11421_right.jpeg,data\raw\slit_lamp\dataset_03\train\cataract\11421_right.jpeg,slit_lamp,1.759812869,2,1.947232773,2,2.34003393,2,2.359984713,2
11428_left.jpeg,data\raw\slit_lamp\dataset_03\train\cataract\11428_left.jpeg,slit_lamp,3.231483548,3,1.327599096,1,1.968436607,2,3.735852669,4
11428_right.jpeg,data\raw\slit_lamp\dataset_03\train\cataract\11428_right.jpeg,slit_lamp,3.177718973,3,1.840264282,2,2.044507314,2,3.612970989,4
11432_left.jpeg,data\raw\slit_lamp\dataset_03\train\cataract\11432_left.jpeg,slit_lamp,3.007718164,3,1.977548639,2,2.070543617,2,3.489700482,3
11432_right.jpeg,data\raw\slit_lamp\dataset_03\train\cataract\11432_right.jpeg,slit_lamp,2.754232928,3,2.042256308,2,2.076620899,2,3.541462724,4
11435_left.jpeg,data\raw\slit_lamp\dataset_03\train\cataract\11435_left.jpeg,slit_lamp,3.276317278,3,2.582282712,3,1.992510118,2,3.48013465,3
11435_right.jpeg,data\raw\slit_lamp\dataset_03\train\cataract\11435_right.jpeg,slit_lamp,3.280204908,3,2.566873362,3,1.991451132,2,3.597960825,4
11437_left.jpeg,data\raw\slit_lamp\dataset_03\train\cataract\11437_left.jpeg,slit_lamp,3.267503236,3,1.682671957,2,1.979580098,2,3.86936586,4
11437_right.jpeg,data\raw\slit_lamp\dataset_03\train\cataract\11437_right.jpeg,slit_lamp,3.214645947,3,1.57065469,2,2.011131816,2,3.933951269,4
11438_left.jpeg,data\raw\slit_lamp\dataset_03\train\cataract\11438_left.jpeg,slit_lamp,1.872076915,2,1.921652633,2,2.118463145,2,2.152654775,2
11439_left.jpeg,data\raw\slit_lamp\dataset_03\train\cataract\11439_left.jpeg,slit_lamp,3.166644871,3,3.181233162,3,2.05210581,2,2.2574675,2
11443_left.jpeg,data\raw\slit_lamp\dataset_03\train\cataract\11443_left.jpeg,slit_lamp,3.206475609,3,2.373733341,2,2.010777707,2,3.269759591,3
11444_left.jpeg,data\raw\slit_lamp\dataset_03\train\cataract\11444_left.jpeg,slit_lamp,3.164704427,3,2.681115348,3,2.116904928,2,2.291874186,2
11444_right.jpeg,data\raw\slit_lamp\dataset_03\train\cataract\11444_right.jpeg,slit_lamp,3.086583286,3,2.657192285,3,2.129619172,2,2.360361682,2
11445_left.jpeg,data\raw\slit_lamp\dataset_03\train\cataract\11445_left.jpeg,slit_lamp,2.966127642,3,2.180098693,2,2.289746845,2,2.140903856,2
11446_left.jpeg,data\raw\slit_lamp\dataset_03\train\cataract\11446_left.jpeg,slit_lamp,3.307476923,3,1.828763198,2,1.974064269,2,3.840505968,4
11448_left.jpeg,data\raw\slit_lamp\dataset_03\train\cataract\11448_left.jpeg,slit_lamp,1.835908176,2,2.244007105,2,2.488567729,2,3.090240893,3
11455_left.jpeg,data\raw\slit_lamp\dataset_03\train\cataract\11455_left.jpeg,slit_lamp,3.117778842,3,1.495028009,1,2.206172871,2,3.924129582,4
11455_right.jpeg,data\raw\slit_lamp\dataset_03\train\cataract\11455_right.jpeg,slit_lamp,3.141232783,3,1.727282368,2,2.092852,2,3.802498074,4
1145_right.jpeg,data\raw\slit_lamp\dataset_03\train\cataract\1145_right.jpeg,slit_lamp,3.172748741,3,2.163407151,2,2.037273089,2,3.488327447,3
11464_right.jpeg,data\raw\slit_lamp\dataset_03\train\cataract\11464_right.jpeg,slit_lamp,3.276895901,3,2.429731449,2,2.050086619,2,3.039549076,3
1146_right.jpeg,data\raw\slit_lamp\dataset_03\train\cataract\1146_right.jpeg,slit_lamp,3.205531422,3,2.795906758,3,2.129859254,2,2.539304756,3
11471_left.jpeg,data\raw\slit_lamp\dataset_03\train\cataract\11471_left.jpeg,slit_lamp,2.994694776,3,2.178224831,2,2.046999619,2,3.688472004,4
11474_left.jpeg,data\raw\slit_lamp\dataset_03\train\cataract\11474_left.jpeg,slit_lamp,3.294419023,3,1.57305429,2,1.949134842,2,3.725818051,4
11474_right.jpeg,data\raw\slit_lamp\dataset_03\train\cataract\11474_right.jpeg,slit_lamp,3.230666559,3,1.788600658,2,1.946799864,2,3.680853478,4
11476_left.jpeg,data\raw\slit_lamp\dataset_03\train\cataract\11476_left.jpeg,slit_lamp,3.273699375,3,2.138638435,2,1.945866157,2,3.655307348,4
11476_right.jpeg,data\raw\slit_lamp\dataset_03\train\cataract\11476_right.jpeg,slit_lamp,3.285152368,3,2.144524124,2,1.975472059,2,3.78406723,4
1147_right.jpeg,data\raw\slit_lamp\dataset_03\train\cataract\1147_right.jpeg,slit_lamp,3.206983031,3,2.380854302,2,1.946683142,2,3.347125773,3
11482_right.jpeg,data\raw\slit_lamp\dataset_03\train\cataract\11482_right.jpeg,slit_lamp,1.626566577,2,1.887962739,2,2.180303683,2,2.935407128,3
11487_left.jpeg,data\raw\slit_lamp\dataset_03\train\cataract\11487_left.jpeg,slit_lamp,3.156753269,3,2.231790848,2,2.322929432,2,1.940114856,2
11490_left.jpeg,data\raw\slit_lamp\dataset_03\train\cataract\11490_left.jpeg,slit_lamp,2.786296879,3,2.236233032,2,2.286578696,2,2.110808701,2
11490_right.jpeg,data\raw\slit_lamp\dataset_03\train\cataract\11490_right.jpeg,slit_lamp,2.909277122,3,2.199476873,2,2.283898493,2,1.977694156,2
11495_right.jpeg,data\raw\slit_lamp\dataset_03\train\cataract\11495_right.jpeg,slit_lamp,2.710356719,3,2.400413034,2,2.280244478,2,2.606649865,3
11496_right.jpeg,data\raw\slit_lamp\dataset_03\train\cataract\11496_right.jpeg,slit_lamp,3.297702661,3,2.077178676,2,1.926179966,2,3.613142132,4
11500_left.jpeg,data\raw\slit_lamp\dataset_03\train\cataract\11500_left.jpeg,slit_lamp,3.292376498,3,1.482190789,1,1.969491366,2,4.202524428,4
11504_left.jpeg,data\raw\slit_lamp\dataset_03\train\cataract\11504_left.jpeg,slit_lamp,2.797695248,3,2.39849432,2,2.318167504,2,2.448810829,2
11504_right.jpeg,data\raw\slit_lamp\dataset_03\train\cataract\11504_right.jpeg,slit_lamp,2.856940805,3,2.400776172,2,2.286700535,2,2.379954565,2
11516_left.jpeg,data\raw\slit_lamp\dataset_03\train\cataract\11516_left.jpeg,slit_lamp,3.19102524,3,4.403935343,4,2.134422134,2,2.781791027,3
11516_right.jpeg,data\raw\slit_lamp\dataset_03\train\cataract\11516_right.jpeg,slit_lamp,3.145474744,3,3.722425778,4,2.134782468,2,2.98988235,3
11519_left.jpeg,data\raw\slit_lamp\dataset_03\train\cataract\11519_left.jpeg,slit_lamp,2.870761334,3,2.094774974,2,2.026377651,2,2.765776086,3
11519_right.jpeg,data\raw\slit_lamp\dataset_03\train\cataract\11519_right.jpeg,slit_lamp,3.147221206,3,2.355037578,2,2.02649598,2,3.263432918,3
11520_left.jpeg,data\raw\slit_lamp\dataset_03\train\cataract\11520_left.jpeg,slit_lamp,3.164757459,3,2.846902506,3,1.979462685,2,2.864811355,3
11520_right.jpeg,data\raw\slit_lamp\dataset_03\train\cataract\11520_right.jpeg,slit_lamp,2.981648335,3,2.795056075,3,2.053887951,2,2.882910169,3
11527_left.jpeg,data\raw\slit_lamp\dataset_03\train\cataract\11527_left.jpeg,slit_lamp,3.166726729,3,4.240183654,4,2.145359095,2,2.736969808,3
11527_right.jpeg,data\raw\slit_lamp\dataset_03\train\cataract\11527_right.jpeg,slit_lamp,3.156971993,3,3.881404358,4,2.127218737,2,3.0132415,3
11529_left.jpeg,data\raw\slit_lamp\dataset_03\train\cataract\11529_left.jpeg,slit_lamp,3.156068505,3,1.575830509,2,2.037273089,2,3.654884584,4
11529_right.jpeg,data\raw\slit_lamp\dataset_03\train\cataract\11529_right.jpeg,slit_lamp,3.275352232,3,2.277928859,2,1.94224958,2,3.315598693,3
11534_left.jpeg,data\raw\slit_lamp\dataset_03\train\cataract\11534_left.jpeg,slit_lamp,3.165294887,3,2.675299144,3,2.120860994,2,2.438640467,2
11541_left.jpeg,data\raw\slit_lamp\dataset_03\train\cataract\11541_left.jpeg,slit_lamp,3.195178905,3,1.594680163,2,2.011249858,2,3.725793769,4
11541_right.jpeg,data\raw\slit_lamp\dataset_03\train\cataract\11541_right.jpeg,slit_lamp,3.235289179,3,1.559630704,2,2.041422901,2,3.834007401,4
11542_right.jpeg,data\raw\slit_lamp\dataset_03\train\cataract\11542_right.jpeg,slit_lamp,3.046355557,3,2.4114681,2,2.224950157,2,2.024950784,2
11545_left.jpeg,data\raw\slit_lamp\dataset_03\train\cataract\11545_left.jpeg,slit_lamp,2.559104539,3,2.283093246,2,2.158477634,2,2.359721816,2
11545_right.jpeg,data\raw\slit_lamp\dataset_03\train\cataract\11545_right.jpeg,slit_lamp,2.535032773,3,2.291140064,2,2.26953155,2,2.491055045,2
11546_left.jpeg,data\raw\slit_lamp\dataset_03\train\cataract\11546_left.jpeg,slit_lamp,2.521210406,3,2.19539737,2,2.674714026,3,2.506511405,3
11546_right.jpeg,data\raw\slit_lamp\dataset_03\train\cataract\11546_right.jpeg,slit_lamp,2.51540821,3,2.171665343,2,2.675080423,3,2.436443979,2
11550_right.jpeg,data\raw\slit_lamp\dataset_03\train\cataract\11550_right.jpeg,slit_lamp,2.976746074,3,2.710636294,3,2.240116147,2,2.259546474,2
11551_left.jpeg,data\raw\slit_lamp\dataset_03\train\cataract\11551_left.jpeg,slit_lamp,2.34402431,2,2.572291079,3,2.103014467,2,2.802536042,3
11551_right.jpeg,data\raw\slit_lamp\dataset_03\train\cataract\11551_right.jpeg,slit_lamp,2.129433748,2,2.267232023,2,2.157875441,2,2.201594291,2
11553_left.jpeg,data\raw\slit_lamp\dataset_03\train\cataract\11553_left.jpeg,slit_lamp,3.225370177,3,2.673790289,3,2.123859309,2,2.337861883,2
11553_right.jpeg,data\raw\slit_lamp\dataset_03\train\cataract\11553_right.jpeg,slit_lamp,3.227541895,3,2.635039942,3,2.121100818,2,2.280365001,2
11573_left.jpeg,data\raw\slit_lamp\dataset_03\train\cataract\11573_left.jpeg,slit_lamp,3.020042563,3,2.472829416,2,2.232833987,2,2.565405929,3
11574_right.jpeg,data\raw\slit_lamp\dataset_03\train\cataract\11574_right.jpeg,slit_lamp,2.342135458,2,2.302030757,2,2.271357025,2,2.657511061,3
11579_left.jpeg,data\raw\slit_lamp\dataset_03\train\cataract\11579_left.jpeg,slit_lamp,3.321581648,3,1.11345313,1,1.979462685,2,4.143557897,4
11581_left.jpeg,data\raw\slit_lamp\dataset_03\train\cataract\11581_left.jpeg,slit_lamp,3.168176255,3,2.552466782,3,1.991568788,2,3.359609982,3
11581_right.jpeg,data\raw\slit_lamp\dataset_03\train\cataract\11581_right.jpeg,slit_lamp,3.257002724,3,2.666905463,3,1.991098179,2,3.549091611,4
11584_left.jpeg,data\raw\slit_lamp\dataset_03\train\cataract\11584_left.jpeg,slit_lamp,3.326792197,3,1.1578622,1,1.990392337,2,4.112574395,4
11584_right.jpeg,data\raw\slit_lamp\dataset_03\train\cataract\11584_right.jpeg,slit_lamp,3.313574166,3,1.584703702,2,1.982398739,2,3.985600296,4
11590_left.jpeg,data\raw\slit_lamp\dataset_03\train\cataract\11590_left.jpeg,slit_lamp,3.159595893,3,3.602961419,4,2.212710933,2,2.715185182,3
11593_left.jpeg,data\raw\slit_lamp\dataset_03\train\cataract\11593_left.jpeg,slit_lamp,3.151172275,3,1.524202778,2,2.065423692,2,3.979998659,4
11594_left.jpeg,data\raw\slit_lamp\dataset_03\train\cataract\11594_left.jpeg,slit_lamp,3.025572403,3,1.217822544,1,2.053412668,2,4.030827895,4
1161_right.jpeg,data\raw\slit_lamp\dataset_03\train\cataract\1161_right.jpeg,slit_lamp,2.868812484,3,2.30850553,2,2.132260458,2,2.186267742,2
1167_left.jpeg,data\raw\slit_lamp\dataset_03\train\cataract\1167_left.jpeg,slit_lamp,3.153103428,3,1.636040792,2,2.202421374,2,3.768142893,4
1167_right.jpeg,data\raw\slit_lamp\dataset_03\train\cataract\1167_right.jpeg,slit_lamp,3.1745022,3,1.838856876,2,2.117863794,2,3.65356463,4
1170_left.jpeg,data\raw\slit_lamp\dataset_03\train\cataract\1170_left.jpeg,slit_lamp,2.919569984,3,2.052250476,2,2.382000292,2,1.825994574,2
1172_left.jpeg,data\raw\slit_lamp\dataset_03\train\cataract\1172_left.jpeg,slit_lamp,3.145046584,3,1.864939249,2,2.066256913,2,3.680541525,4
1172_right.jpeg,data\raw\slit_lamp\dataset_03\train\cataract\1172_right.jpeg,slit_lamp,3.190204302,3,1.785118712,2,2.022237518,2,3.751646538,4
1178_left.jpeg,data\raw\slit_lamp\dataset_03\train\cataract\1178_left.jpeg,slit_lamp,3.316878967,3,2.856880391,3,1.912710725,2,3.146966052,3
1178_right.jpeg,data\raw\slit_lamp\dataset_03\train\cataract\1178_right.jpeg,slit_lamp,3.12017481,3,2.588871271,3,2.19057082,2,2.473516738,2
1179_right.jpeg,data\raw\slit_lamp\dataset_03\train\cataract\1179_right.jpeg,slit_lamp,3.236134638,3,2.025422393,2,1.962931649,2,3.596338508,4
117_left.jpeg,data\raw\slit_lamp\dataset_03\train\cataract\117_left.jpeg,slit_lamp,3.308943154,3,2.011350826,2,2.029336541,2,3.506479223,4
117_right.jpeg,data\raw\slit_lamp\dataset_03\train\cataract\117_right.jpeg,slit_lamp,3.302939313,3,2.32627216,2,2.02909978,2,3.375764464,3
1182_left.jpeg,data\raw\slit_lamp\dataset_03\train\cataract\1182_left.jpeg,slit_lamp,3.121274398,3,1.448186881,1,2.067923654,2,3.676177046,4
1182_right.jpeg,data\raw\slit_lamp\dataset_03\train\cataract\1182_right.jpeg,slit_lamp,3.193442548,3,1.454169057,1,2.00711977,2,3.704142136,4
1188_left.jpeg,data\raw\slit_lamp\dataset_03\train\cataract\1188_left.jpeg,slit_lamp,3.272120079,3,1.307548922,1,1.989216121,2,4.023078425,4
1188_right.jpeg,data\raw\slit_lamp\dataset_03\train\cataract\1188_right.jpeg,slit_lamp,3.294582871,3,1.620430396,2,1.950069116,2,3.869212868,4
1192_right.jpeg,data\raw\slit_lamp\dataset_03\train\cataract\1192_right.jpeg,slit_lamp,2.632076674,3,2.469313187,2,2.101100493,2,2.843066054,3
1196_left.jpeg,data\raw\slit_lamp\dataset_03\train\cataract\1196_left.jpeg,slit_lamp,3.087938179,3,2.730659216,3,2.210531132,2,2.5112225,3
1196_right.jpeg,data\raw\slit_lamp\dataset_03\train\cataract\1196_right.jpeg,slit_lamp,3.080953041,3,2.490333435,2,2.27768723,2,2.187784579,2
1197_left.jpeg,data\raw\slit_lamp\dataset_03\train\cataract\1197_left.jpeg,slit_lamp,3.130035477,3,2.550348164,3,1.990980533,2,3.359465916,3
1199_left.jpeg,data\raw\slit_lamp\dataset_03\train\cataract\1199_left.jpeg,slit_lamp,2.662903893,3,2.490365859,2,2.213800999,2,2.943395556,3
1199_right.jpeg,data\raw\slit_lamp\dataset_03\train\cataract\1199_right.jpeg,slit_lamp,2.590701317,3,2.449329472,2,2.467704812,2,2.703606303,3
119_left.jpeg,data\raw\slit_lamp\dataset_03\train\cataract\119_left.jpeg,slit_lamp,3.277008174,3,1.251543432,1,1.995217277,2,4.027215387,4
119_right.jpeg,data\raw\slit_lamp\dataset_03\train\cataract\119_right.jpeg,slit_lamp,3.254080293,3,1.389407791,1,1.995923696,2,3.941603477,4
1204_left.jpeg,data\raw\slit_lamp\dataset_03\train\cataract\1204_left.jpeg,slit_lamp,3.141949526,3,1.256820527,1,2.071377446,2,4.157614037,4
1204_right.jpeg,data\raw\slit_lamp\dataset_03\train\cataract\1204_right.jpeg,slit_lamp,2.867964708,3,1.418074932,1,2.241937389,2,4.023839606,4
1206_left.jpeg,data\raw\slit_lamp\dataset_03\train\cataract\1206_left.jpeg,slit_lamp,2.83266315,3,1.926097197,2,2.068042722,2,3.762174583,4
1211_left.jpeg,data\raw\slit_lamp\dataset_03\train\cataract\1211_left.jpeg,slit_lamp,2.1490858,2,2.293849492,2,2.766887425,3,2.772425137,3
122_right.jpeg,data\raw\slit_lamp\dataset_03\train\cataract\122_right.jpeg,slit_lamp,2.823704416,3,2.417400839,2,2.135983692,2,2.826378339,3
1240_left.jpeg,data\raw\slit_lamp\dataset_03\train\cataract\1240_left.jpeg,slit_lamp,2.922080668,3,2.379851394,2,2.172942232,2,2.313010102,2
1242_left.jpeg,data\raw\slit_lamp\dataset_03\train\cataract\1242_left.jpeg,slit_lamp,2.925332451,3,2.251703308,2,2.330868833,2,2.10452993,2
1242_right.jpeg,data\raw\slit_lamp\dataset_03\train\cataract\1242_right.jpeg,slit_lamp,2.914655752,3,2.29139106,2,2.344679244,2,2.141128833,2
1259_left.jpeg,data\raw\slit_lamp\dataset_03\train\cataract\1259_left.jpeg,slit_lamp,3.125357346,3,2.615988939,3,2.204962563,2,2.649164327,3
125_left.jpeg,data\raw\slit_lamp\dataset_03\train\cataract\125_left.jpeg,slit_lamp,2.876591529,3,1.655298772,2,2.198308392,2,3.566712476,4
125_right.jpeg,data\raw\slit_lamp\dataset_03\train\cataract\125_right.jpeg,slit_lamp,2.858675327,3,1.41748187,1,2.316092204,2,3.914066497,4
1260_left.jpeg,data\raw\slit_lamp\dataset_03\train\cataract\1260_left.jpeg,slit_lamp,2.860716543,3,2.367650211,2,2.25019713,2,2.312832808,2
1266_left.jpeg,data\raw\slit_lamp\dataset_03\train\cataract\1266_left.jpeg,slit_lamp,2.974420664,3,2.376626918,2,2.135022699,2,2.539087158,3
1266_right.jpeg,data\raw\slit_lamp\dataset_03\train\cataract\1266_right.jpeg,slit_lamp,3.171147017,3,2.646954184,3,2.12265985,2,2.879591967,3
1267_left.jpeg,data\raw\slit_lamp\dataset_03\train\cataract\1267_left.jpeg,slit_lamp,2.879765485,3,2.707942032,3,2.038339932,2,2.58348226,3
1267_right.jpeg,data\raw\slit_lamp\dataset_03\train\cataract\1267_right.jpeg,slit_lamp,2.992586428,3,2.708141668,3,2.122060186,2,2.852080752,3
1269_right.jpeg,data\raw\slit_lamp\dataset_03\train\cataract\1269_right.jpeg,slit_lamp,3.229945846,3,3.032294185,3,2.136344093,2,2.798666807,3
1272_right.jpeg,data\raw\slit_lamp\dataset_03\train\cataract\1272_right.jpeg,slit_lamp,3.021352905,3,2.167327507,2,2.122419979,2,2.227627243,2
1275_left.jpeg,data\raw\slit_lamp\dataset_03\train\cataract\1275_left.jpeg,slit_lamp,3.075312812,3,1.460307933,1,2.159802602,2,3.901182385,4
1277_left.jpeg,data\raw\slit_lamp\dataset_03\train\cataract\1277_left.jpeg,slit_lamp,3.19656922,3,1.773720117,2,1.99604144,2,3.864116112,4
1277_right.jpeg,data\raw\slit_lamp\dataset_03\train\cataract\1277_right.jpeg,slit_lamp,3.164414023,3,1.792474595,2,2.038814141,2,3.902394941,4
1285_right.jpeg,data\raw\slit_lamp\dataset_03\train\cataract\1285_right.jpeg,slit_lamp,3.211560268,3,2.161793061,2,1.931414635,2,3.717669227,4
1289_right.jpeg,data\raw\slit_lamp\dataset_03\train\cataract\1289_right.jpeg,slit_lamp,2.719011402,3,2.336568752,2,2.066971182,2,2.716189366,3
1292_left.jpeg,data\raw\slit_lamp\dataset_03\train\cataract\1292_left.jpeg,slit_lamp,3.110978409,3,2.561951049,3,2.120261464,2,2.751416323,3
1292_right.jpeg,data\raw\slit_lamp\dataset_03\train\cataract\1292_right.jpeg,slit_lamp,3.024174749,3,2.491655978,2,2.12457907,2,2.680493365,3
1294_left.jpeg,data\raw\slit_lamp\dataset_03\train\cataract\1294_left.jpeg,slit_lamp,2.626020619,3,2.118762313,2,2.134422134,2,2.463560387,2
1294_right.jpeg,data\raw\slit_lamp\dataset_03\train\cataract\1294_right.jpeg,slit_lamp,2.526985644,3,2.070420742,2,2.143074395,2,2.408539536,2
1296_left.jpeg,data\raw\slit_lamp\dataset_03\train\cataract\1296_left.jpeg,slit_lamp,2.996328201,3,2.719690769,3,2.070424507,2,3.017877464,3
1296_right.jpeg,data\raw\slit_lamp\dataset_03\train\cataract\1296_right.jpeg,slit_lamp,2.912560257,3,2.600216532,3,2.16739478,2,2.766889139,3
1297_left.jpeg,data\raw\slit_lamp\dataset_03\train\cataract\1297_left.jpeg,slit_lamp,3.146338726,3,2.280492107,2,2.23926633,2,2.160380277,2
1297_right.jpeg,data\raw\slit_lamp\dataset_03\train\cataract\1297_right.jpeg,slit_lamp,2.990260852,3,2.161210975,2,2.288893815,2,2.086709809,2
129_right.jpeg,data\raw\slit_lamp\dataset_03\train\cataract\129_right.jpeg,slit_lamp,3.003019059,3,2.344524724,2,2.239873336,2,2.164024443,2
1302_left.jpeg,data\raw\slit_lamp\dataset_03\train\cataract\1302_left.jpeg,slit_lamp,3.268787164,3,1.473331983,1,2.006176142,2,4.011934913,4
1302_right.jpeg,data\raw\slit_lamp\dataset_03\train\cataract\1302_right.jpeg,slit_lamp,3.285767564,3,1.894791716,2,1.967850715,2,3.822304798,4
1305_left.jpeg,data\raw\slit_lamp\dataset_03\train\cataract\1305_left.jpeg,slit_lamp,3.30100016,3,2.300026005,2,1.946799864,2,3.671543438,4
10003_left.jpeg,data\raw\slit_lamp\dataset_03\val\cataract\10003_left.jpeg,slit_lamp,2.790954697,3,2.100860364,2,2.316824634,2,1.927399785,2
10007_left.jpeg,data\raw\slit_lamp\dataset_03\val\cataract\10007_left.jpeg,slit_lamp,3.027790678,3,2.14285398,2,2.196857146,2,1.969418029,2
1000_right.jpeg,data\raw\slit_lamp\dataset_03\val\cataract\1000_right.jpeg,slit_lamp,3.284780929,3,1.28709718,1,1.972187759,2,4.265662958,4
10014_right.jpeg,data\raw\slit_lamp\dataset_03\val\cataract\10014_right.jpeg,slit_lamp,2.3467884,2,2.009417849,2,2.046999619,2,2.167906025,2
10015_right.jpeg,data\raw\slit_lamp\dataset_03\val\cataract\10015_right.jpeg,slit_lamp,2.87671644,3,2.187922421,2,2.145359095,2,2.475252183,2
10017_left.jpeg,data\raw\slit_lamp\dataset_03\val\cataract\10017_left.jpeg,slit_lamp,2.738805731,3,2.041903613,2,2.192988172,2,2.253658761,2
1002_right.jpeg,data\raw\slit_lamp\dataset_03\val\cataract\1002_right.jpeg,slit_lamp,3.236647365,3,2.378112733,2,1.957899975,2,3.677906966,4
10035_left.jpeg,data\raw\slit_lamp\dataset_03\val\cataract\10035_left.jpeg,slit_lamp,3.249515772,3,2.550457914,3,2.117384347,2,2.846557821,3
10042_left.jpeg,data\raw\slit_lamp\dataset_03\val\cataract\10042_left.jpeg,slit_lamp,2.878705137,3,2.6036271,3,2.165586547,2,2.969995788,3
10053_left.jpeg,data\raw\slit_lamp\dataset_03\val\cataract\10053_left.jpeg,slit_lamp,2.94978585,3,2.534250895,3,2.08449326,2,2.967160748,3
10053_right.jpeg,data\raw\slit_lamp\dataset_03\val\cataract\10053_right.jpeg,slit_lamp,2.940622928,3,2.569412525,3,2.073164553,2,2.933788885,3
10058_left.jpeg,data\raw\slit_lamp\dataset_03\val\cataract\10058_left.jpeg,slit_lamp,3.266413069,3,2.915864317,3,1.990627608,2,3.404690218,3
10061_left.jpeg,data\raw\slit_lamp\dataset_03\val\cataract\10061_left.jpeg,slit_lamp,2.92288971,3,2.415281725,2,2.101578942,2,2.911402529,3
10085_right.jpeg,data\raw\slit_lamp\dataset_03\val\cataract\10085_right.jpeg,slit_lamp,3.091795409,3,1.877044318,2,2.137665695,2,3.635719819,4
1008_left.jpeg,data\raw\slit_lamp\dataset_03\val\cataract\1008_left.jpeg,slit_lamp,2.978140087,3,2.643893353,3,2.116545382,2,2.436695704,2
100_left.jpeg,data\raw\slit_lamp\dataset_03\val\cataract\100_left.jpeg,slit_lamp,3.217810546,3,1.350954369,1,1.970546323,2,3.705990001,4
10115_right.jpeg,data\raw\slit_lamp\dataset_03\val\cataract\10115_right.jpeg,slit_lamp,2.825665578,3,2.590938845,3,2.252141406,2,2.73431208,3
10120_right.jpeg,data\raw\slit_lamp\dataset_03\val\cataract\10120_right.jpeg,slit_lamp,3.303829665,3,1.864228166,2,1.971015256,2,3.847349267,4
10129_left.jpeg,data\raw\slit_lamp\dataset_03\val\cataract\10129_left.jpeg,slit_lamp,3.309833143,3,1.348134915,1,1.990274705,2,3.747202598,4
1012_left.jpeg,data\raw\slit_lamp\dataset_03\val\cataract\1012_left.jpeg,slit_lamp,2.9090399,3,2.409117569,2,2.17270097,2,2.348241328,2
1012_right.jpeg,data\raw\slit_lamp\dataset_03\val\cataract\1012_right.jpeg,slit_lamp,2.863208392,3,2.231960224,2,2.262961906,2,2.233197936,2
10135_right.jpeg,data\raw\slit_lamp\dataset_03\val\cataract\10135_right.jpeg,slit_lamp,2.373309291,2,2.027969805,2,2.313895106,2,1.886310719,2
10141_right.jpeg,data\raw\slit_lamp\dataset_03\val\cataract\10141_right.jpeg,slit_lamp,3.265787512,3,2.023249939,2,1.942832733,2,3.84395011,4
10160_left.jpeg,data\raw\slit_lamp\dataset_03\val\cataract\10160_left.jpeg,slit_lamp,2.587340529,3,2.007519941,2,2.173666055,2,2.345496303,2
10160_right.jpeg,data\raw\slit_lamp\dataset_03\val\cataract\10160_right.jpeg,slit_lamp,2.592386616,3,1.989898962,2,2.135623307,2,2.312368523,2
10177_left.jpeg,data\raw\slit_lamp\dataset_03\val\cataract\10177_left.jpeg,slit_lamp,3.206981047,3,2.002037696,2,1.979814932,2,3.597939259,4
10177_right.jpeg,data\raw\slit_lamp\dataset_03\val\cataract\10177_right.jpeg,slit_lamp,3.237529408,3,1.93564775,2,2.01231233,2,3.712183491,4
10221_left.jpeg,data\raw\slit_lamp\dataset_03\val\cataract\10221_left.jpeg,slit_lamp,3.30056657,3,2.057203943,2,1.955093599,2,3.417931943,3
10233_right.jpeg,data\raw\slit_lamp\dataset_03\val\cataract\10233_right.jpeg,slit_lamp,3.127783175,3,1.56001053,2,2.123019669,2,3.409649101,3
10234_left.jpeg,data\raw\slit_lamp\dataset_03\val\cataract\10234_left.jpeg,slit_lamp,2.857358932,3,2.487864547,2,2.17776877,2,2.891190563,3
10242_left.jpeg,data\raw\slit_lamp\dataset_03\val\cataract\10242_left.jpeg,slit_lamp,3.328836559,3,1.13658366,1,2.001578057,2,4.326068104,4
1024_left.jpeg,data\raw\slit_lamp\dataset_03\val\cataract\1024_left.jpeg,slit_lamp,3.168464798,3,2.183278935,2,1.972774101,2,3.619535709,4
10251_left.jpeg,data\raw\slit_lamp\dataset_03\val\cataract\10251_left.jpeg,slit_lamp,3.264224982,3,1.294782964,1,1.977936528,2,4.070810632,4
10257_right.jpeg,data\raw\slit_lamp\dataset_03\val\cataract\10257_right.jpeg,slit_lamp,3.236753651,3,2.260377679,2,1.933975725,2,3.968123826,4
10263_right.jpeg,data\raw\slit_lamp\dataset_03\val\cataract\10263_right.jpeg,slit_lamp,3.038065782,3,2.315169579,2,2.250075623,2,2.142835811,2
10293_right.jpeg,data\raw\slit_lamp\dataset_03\val\cataract\10293_right.jpeg,slit_lamp,2.96811851,3,2.115698843,2,2.114867719,2,2.178539114,2
10294_left.jpeg,data\raw\slit_lamp\dataset_03\val\cataract\10294_left.jpeg,slit_lamp,3.283793987,3,1.559062337,2,1.956028898,2,3.893698022,4
10294_right.jpeg,data\raw\slit_lamp\dataset_03\val\cataract\10294_right.jpeg,slit_lamp,3.238093225,3,1.439443649,1,2.00216736,2,3.988518184,4
10295_left.jpeg,data\raw\slit_lamp\dataset_03\val\cataract\10295_left.jpeg,slit_lamp,3.2978841,3,2.082119607,2,1.931181871,2,3.194293704,3
10295_right.jpeg,data\raw\slit_lamp\dataset_03\val\cataract\10295_right.jpeg,slit_lamp,3.326175223,3,2.335037486,2,1.925017425,2,3.170879362,3
10312_right.jpeg,data\raw\slit_lamp\dataset_03\val\cataract\10312_right.jpeg,slit_lamp,2.737896848,3,2.173141706,2,2.12553885,2,2.414384253,2
10328_left.jpeg,data\raw\slit_lamp\dataset_03\val\cataract\10328_left.jpeg,slit_lamp,3.29629219,3,2.400047727,2,1.93164741,2,3.338787148,3
10333_left.jpeg,data\raw\slit_lamp\dataset_03\val\cataract\10333_left.jpeg,slit_lamp,3.195900423,3,2.935960418,3,1.980989246,2,3.069172666,3
10337_left.jpeg,data\raw\slit_lamp\dataset_03\val\cataract\10337_left.jpeg,slit_lamp,2.394773911,2,2.360091089,2,2.19008742,2,2.46407055,2
10367_left.jpeg,data\raw\slit_lamp\dataset_03\val\cataract\10367_left.jpeg,slit_lamp,2.215181612,2,1.698537864,2,2.113190411,2,1.694925739,2
10368_left.jpeg,data\raw\slit_lamp\dataset_03\val\cataract\10368_left.jpeg,slit_lamp,3.087610966,3,2.46540611,2,2.112351891,2,2.169686162,2
10368_right.jpeg,data\raw\slit_lamp\dataset_03\val\cataract\10368_right.jpeg,slit_lamp,2.999625316,3,2.367935347,2,2.159079868,2,2.131832579,2
10415_right.jpeg,data\raw\slit_lamp\dataset_03\val\cataract\10415_right.jpeg,slit_lamp,2.558072681,3,2.407297859,2,2.193592602,2,2.315821138,2
10416_right.jpeg,data\raw\slit_lamp\dataset_03\val\cataract\10416_right.jpeg,slit_lamp,3.307606522,3,1.211735806,1,1.958718772,2,4.383124862,4
10419_left.jpeg,data\raw\slit_lamp\dataset_03\val\cataract\10419_left.jpeg,slit_lamp,3.19184799,3,2.631468418,3,2.133341226,2,2.609165033,3
10419_right.jpeg,data\raw\slit_lamp\dataset_03\val\cataract\10419_right.jpeg,slit_lamp,3.171895957,3,2.596413527,3,2.160645864,2,2.59873225,3
10426_right.jpeg,data\raw\slit_lamp\dataset_03\val\cataract\10426_right.jpeg,slit_lamp,3.158389833,3,2.652779929,3,2.158116314,2,2.535850236,3
10438_right.jpeg,data\raw\slit_lamp\dataset_03\val\cataract\10438_right.jpeg,slit_lamp,3.173228322,3,2.273664594,2,2.123139612,2,2.080249372,2
10457_right.jpeg,data\raw\slit_lamp\dataset_03\val\cataract\10457_right.jpeg,slit_lamp,2.681924362,3,2.119490945,2,2.160525393,2,2.058263485,2
10464_left.jpeg,data\raw\slit_lamp\dataset_03\val\cataract\10464_left.jpeg,slit_lamp,3.346650354,3,4.532423665,5,1.912710725,2,3.352928689,3
10475_left.jpeg,data\raw\slit_lamp\dataset_03\val\cataract\10475_left.jpeg,slit_lamp,2.913496892,3,2.443968438,2,2.159079868,2,2.798722197,3
10481_left.jpeg,data\raw\slit_lamp\dataset_03\val\cataract\10481_left.jpeg,slit_lamp,2.759589167,3,2.482782712,2,2.142232816,2,2.902690901,3
10484_left.jpeg,data\raw\slit_lamp\dataset_03\val\cataract\10484_left.jpeg,slit_lamp,2.747811525,3,2.519860046,3,2.126258759,2,2.532281061,3
10492_left.jpeg,data\raw\slit_lamp\dataset_03\val\cataract\10492_left.jpeg,slit_lamp,3.290923281,3,2.898231802,3,1.971484228,2,3.422021093,3
1049_left.jpeg,data\raw\slit_lamp\dataset_03\val\cataract\1049_left.jpeg,slit_lamp,3.209534559,3,2.006537307,2,1.951938148,2,3.305398093,3
10510_right.jpeg,data\raw\slit_lamp\dataset_03\val\cataract\10510_right.jpeg,slit_lamp,3.245623977,3,1.586389587,2,1.977232286,2,3.886235967,4
10511_left.jpeg,data\raw\slit_lamp\dataset_03\val\cataract\10511_left.jpeg,slit_lamp,3.287645368,3,2.020823944,2,1.998396821,2,3.004461335,3
10521_left.jpeg,data\raw\slit_lamp\dataset_03\val\cataract\10521_left.jpeg,slit_lamp,2.433635115,2,1.998681861,2,2.161850661,2,1.88802476,2
10568_right.jpeg,data\raw\slit_lamp\dataset_03\val\cataract\10568_right.jpeg,slit_lamp,2.981757011,3,2.133746547,2,2.116545382,2,2.266788055,2
1056_left.jpeg,data\raw\slit_lamp\dataset_03\val\cataract\1056_left.jpeg,slit_lamp,1.791847151,2,1.574038533,2,2.113549805,2,1.502431023,2
10570_right.jpeg,data\raw\slit_lamp\dataset_03\val\cataract\10570_right.jpeg,slit_lamp,3.319804442,3,1.333327097,1,1.992745474,2,3.915711144,4
10579_right.jpeg,data\raw\slit_lamp\dataset_03\val\cataract\10579_right.jpeg,slit_lamp,3.14802364,3,2.166858792,2,1.959186711,2,3.56338553,4
10592_left.jpeg,data\raw\slit_lamp\dataset_03\val\cataract\10592_left.jpeg,slit_lamp,3.163028711,3,1.309762127,1,2.129499134,2,4.018901841,4
10606_left.jpeg,data\raw\slit_lamp\dataset_03\val\cataract\10606_left.jpeg,slit_lamp,1.911387972,2,2.196990646,2,2.419864551,2,2.699503278,3
10610_left.jpeg,data\raw\slit_lamp\dataset_03\val\cataract\10610_left.jpeg,slit_lamp,3.224936293,3,1.271392894,1,2.00299248,2,3.929015531,4
10610_right.jpeg,data\raw\slit_lamp\dataset_03\val\cataract\10610_right.jpeg,slit_lamp,3.221015052,3,1.515043995,2,1.987099528,2,3.936000526,4
10619_right.jpeg,data\raw\slit_lamp\dataset_03\val\cataract\10619_right.jpeg,slit_lamp,3.206930656,3,2.450074826,2,1.990745248,2,3.622013648,4
10623_right.jpeg,data\raw\slit_lamp\dataset_03\val\cataract\10623_right.jpeg,slit_lamp,2.566476426,3,2.089822544,2,2.12553885,2,2.408260531,2
10640_left.jpeg,data\raw\slit_lamp\dataset_03\val\cataract\10640_left.jpeg,slit_lamp,3.221345019,3,2.215947477,2,1.94434923,2,3.249697976,3
10645_right.jpeg,data\raw\slit_lamp\dataset_03\val\cataract\10645_right.jpeg,slit_lamp,2.952881343,3,1.846653763,2,2.11582634,2,1.642102798,2
10646_right.jpeg,data\raw\slit_lamp\dataset_03\val\cataract\10646_right.jpeg,slit_lamp,3.306242287,3,2.173564306,2,1.9570813,2,3.60095292,4
10650_left.jpeg,data\raw\slit_lamp\dataset_03\val\cataract\10650_left.jpeg,slit_lamp,3.109951761,3,3.764937764,4,2.177286005,2,2.724744749,3
10660_right.jpeg,data\raw\slit_lamp\dataset_03\val\cataract\10660_right.jpeg,slit_lamp,2.783961376,3,2.355761745,2,2.115107364,2,2.241280522,2
10672_left.jpeg,data\raw\slit_lamp\dataset_03\val\cataract\10672_left.jpeg,slit_lamp,2.652841465,3,2.07202217,2,2.164381255,2,1.864139897,2
10674_left.jpeg,data\raw\slit_lamp\dataset_03\val\cataract\10674_left.jpeg,slit_lamp,2.988260835,3,2.248835688,2,2.27099191,2,2.158888531,2
10680_left.jpeg,data\raw\slit_lamp\dataset_03\val\cataract\10680_left.jpeg,slit_lamp,3.214154794,3,4.430996781,4,2.00711977,2,3.304937869,3
10694_right.jpeg,data\raw\slit_lamp\dataset_03\val\cataract\10694_right.jpeg,slit_lamp,3.315506277,3,3.357624232,3,1.958718772,2,3.313128382,3
10710_right.jpeg,data\raw\slit_lamp\dataset_03\val\cataract\10710_right.jpeg,slit_lamp,3.091382572,3,2.804902522,3,2.112831035,2,2.298731851,2
10720_left.jpeg,data\raw\slit_lamp\dataset_03\val\cataract\10720_left.jpeg,slit_lamp,3.231072831,3,1.371393585,1,2.014201621,2,4.025661043,4
10722_right.jpeg,data\raw\slit_lamp\dataset_03\val\cataract\10722_right.jpeg,slit_lamp,3.216969708,3,1.362896484,1,1.957549099,2,4.076506378,4
10723_left.jpeg,data\raw\slit_lamp\dataset_03\val\cataract\10723_left.jpeg,slit_lamp,3.00624474,3,1.590456356,2,2.201937409,2,3.762218191,4
10726_right.jpeg,data\raw\slit_lamp\dataset_03\val\cataract\10726_right.jpeg,slit_lamp,3.231188464,3,2.363311053,2,1.940733681,2,3.521568039,4
10751_left.jpeg,data\raw\slit_lamp\dataset_03\val\cataract\10751_left.jpeg,slit_lamp,2.318279821,2,2.301416677,2,2.530418151,3,2.663581867,3
10758_left.jpeg,data\raw\slit_lamp\dataset_03\val\cataract\10758_left.jpeg,slit_lamp,3.040571614,3,2.813714501,3,2.116425537,2,2.689539171,3
1075_right.jpeg,data\raw\slit_lamp\dataset_03\val\cataract\1075_right.jpeg,slit_lamp,3.274769402,3,1.599828519,2,1.980284629,2,4.083899474,4
10762_right.jpeg,data\raw\slit_lamp\dataset_03\val\cataract\10762_right.jpeg,slit_lamp,3.302873259,3,1.476847001,1,1.966679116,2,3.828532085,4
1077_left.jpeg,data\raw\slit_lamp\dataset_03\val\cataract\1077_left.jpeg,slit_lamp,2.941400534,3,2.491245851,2,2.347002307,2,2.368823841,2
10781_right.jpeg,data\raw\slit_lamp\dataset_03\val\cataract\10781_right.jpeg,slit_lamp,3.161006789,3,2.949537031,3,2.120261464,2,2.479791201,2
10785_left.jpeg,data\raw\slit_lamp\dataset_03\val\cataract\10785_left.jpeg,slit_lamp,2.542145127,3,2.539090836,3,2.125658831,2,2.102452496,2
10787_right.jpeg,data\raw\slit_lamp\dataset_03\val\cataract\10787_right.jpeg,slit_lamp,3.17961901,3,2.449911255,2,2.033599744,2,3.515212667,4
10808_right.jpeg,data\raw\slit_lamp\dataset_03\val\cataract\10808_right.jpeg,slit_lamp,3.198557203,3,2.552901219,3,1.991451132,2,3.406464948,3
10810_left.jpeg,data\raw\slit_lamp\dataset_03\val\cataract\10810_left.jpeg,slit_lamp,2.964309081,3,1.890614932,2,2.113549805,2,3.336988657,3
10839_right.jpeg,data\raw\slit_lamp\dataset_03\val\cataract\10839_right.jpeg,slit_lamp,3.183587511,3,1.61105704,2,2.07972111,2,3.715488601,4
1084_left.jpeg,data\raw\slit_lamp\dataset_03\val\cataract\1084_left.jpeg,slit_lamp,3.089079398,3,1.50155838,2,2.038932699,2,3.605493393,4
10861_left.jpeg,data\raw\slit_lamp\dataset_03\val\cataract\10861_left.jpeg,slit_lamp,3.226378346,3,2.009080604,2,1.988275319,2,3.586904925,4
10865_right.jpeg,data\raw\slit_lamp\dataset_03\val\cataract\10865_right.jpeg,slit_lamp,3.262171418,3,1.434080337,1,1.968788171,2,3.676132161,4
10883_left.jpeg,data\raw\slit_lamp\dataset_03\val\cataract\10883_left.jpeg,slit_lamp,3.150098797,3,1.816963643,2,2.12781878,2,3.452751079,3
10886_left.jpeg,data\raw\slit_lamp\dataset_03\val\cataract\10886_left.jpeg,slit_lamp,3.287250007,3,2.715235656,3,2.11930231,2,2.927141026,3
10886_right.jpeg,data\raw\slit_lamp\dataset_03\val\cataract\10886_right.jpeg,slit_lamp,3.106392912,3,2.457614637,2,2.142593482,2,2.351992081,2
10907_left.jpeg,data\raw\slit_lamp\dataset_03\val\cataract\10907_left.jpeg,slit_lamp,2.787603968,3,2.358032479,2,2.222040594,2,2.373575938,2
10908_left.jpeg,data\raw\slit_lamp\dataset_03\val\cataract\10908_left.jpeg,slit_lamp,3.052622801,3,2.76237822,3,2.185375509,2,2.539535606,3
10930_left.jpeg,data\raw\slit_lamp\dataset_03\val\cataract\10930_left.jpeg,slit_lamp,2.66278666,3,2.648431973,3,2.101459327,2,3.181577371,3
10934_left.jpeg,data\raw\slit_lamp\dataset_03\val\cataract\10934_left.jpeg,slit_lamp,3.193799747,3,1.256009961,1,2.050799206,2,4.179429748,4
10934_right.jpeg,data\raw\slit_lamp\dataset_03\val\cataract\10934_right.jpeg,slit_lamp,3.188568801,3,1.276408035,1,2.049611604,2,4.140861179,4
10936_left.jpeg,data\raw\slit_lamp\dataset_03\val\cataract\10936_left.jpeg,slit_lamp,3.307615192,3,2.922718831,3,2.033599744,2,2.863796485,3
10943_left.jpeg,data\raw\slit_lamp\dataset_03\val\cataract\10943_left.jpeg,slit_lamp,3.231475089,3,3.240850832,3,2.018572812,2,3.236834899,3
10945_right.jpeg,data\raw\slit_lamp\dataset_03\val\cataract\10945_right.jpeg,slit_lamp,3.227721492,3,1.3317167,1,2.051749439,2,4.148237189,4
10947_left.jpeg,data\raw\slit_lamp\dataset_03\val\cataract\10947_left.jpeg,slit_lamp,2.969433681,3,2.369879977,2,2.229194619,2,2.216171927,2
10954_right.jpeg,data\raw\slit_lamp\dataset_03\val\cataract\10954_right.jpeg,slit_lamp,3.118072541,3,2.425791627,2,1.991568788,2,3.417108589,3
10961_left.jpeg,data\raw\slit_lamp\dataset_03\val\cataract\10961_left.jpeg,slit_lamp,3.225488605,3,2.309831938,2,2.140670104,2,2.313390634,2
10983_right.jpeg,data\raw\slit_lamp\dataset_03\val\cataract\10983_right.jpeg,slit_lamp,3.225249499,3,2.020716734,2,2.031704638,2,3.357153825,3
10987_left.jpeg,data\raw\slit_lamp\dataset_03\val\cataract\10987_left.jpeg,slit_lamp,3.161498308,3,2.378019097,2,2.004760975,2,3.544302504,4
10989_right.jpeg,data\raw\slit_lamp\dataset_03\val\cataract\10989_right.jpeg,slit_lamp,3.310834688,3,1.578090959,2,1.930832745,2,3.997010163,4
1098_left.jpeg,data\raw\slit_lamp\dataset_03\val\cataract\1098_left.jpeg,slit_lamp,2.704880753,3,2.681355467,3,2.035139926,2,2.837313298,3
11005_left.jpeg,data\raw\slit_lamp\dataset_03\val\cataract\11005_left.jpeg,slit_lamp,3.015362394,3,2.333366277,2,2.005114736,2,3.515142625,4
11007_right.jpeg,data\raw\slit_lamp\dataset_03\val\cataract\11007_right.jpeg,slit_lamp,2.925401624,3,2.440021038,2,2.331357525,2,2.300804698,2
11008_right.jpeg,data\raw\slit_lamp\dataset_03\val\cataract\11008_right.jpeg,slit_lamp,3.250918613,3,1.520375984,2,2.095720018,2,2.329878359,2
1100_left.jpeg,data\raw\slit_lamp\dataset_03\val\cataract\1100_left.jpeg,slit_lamp,3.255136767,3,1.980652962,2,1.938169299,2,3.679416295,4
11026_left.jpeg,data\raw\slit_lamp\dataset_03\val\cataract\11026_left.jpeg,slit_lamp,3.115529037,3,1.283927843,1,1.996983481,2,4.11091615,4
11026_right.jpeg,data\raw\slit_lamp\dataset_03\val\cataract\11026_right.jpeg,slit_lamp,3.187044419,3,1.719214014,2,2.007945565,2,3.822552554,4
1102_left.jpeg,data\raw\slit_lamp\dataset_03\val\cataract\1102_left.jpeg,slit_lamp,3.268269776,3,1.432559424,1,1.986041519,2,4.025018459,4
11032_left.jpeg,data\raw\slit_lamp\dataset_03\val\cataract\11032_left.jpeg,slit_lamp,3.209651682,3,1.851020146,2,1.963517024,2,3.528026925,4
11050_left.jpeg,data\raw\slit_lamp\dataset_03\val\cataract\11050_left.jpeg,slit_lamp,3.304450931,3,2.772358547,3,1.951470829,2,3.517039024,4
11053_left.jpeg,data\raw\slit_lamp\dataset_03\val\cataract\11053_left.jpeg,slit_lamp,2.62018576,3,2.263696215,2,2.067090234,2,2.974383225,3
11057_right.jpeg,data\raw\slit_lamp\dataset_03\val\cataract\11057_right.jpeg,slit_lamp,2.651556307,3,2.125709342,2,2.123979265,2,2.416544461,2
11087_left.jpeg,data\raw\slit_lamp\dataset_03\val\cataract\11087_left.jpeg,slit_lamp,2.140604217,2,2.268071091,2,2.186100272,2,3.027630544,3
11091_left.jpeg,data\raw\slit_lamp\dataset_03\val\cataract\11091_left.jpeg,slit_lamp,3.299175255,3,1.121887179,1,2.030520481,2,3.747924503,4
11114_left.jpeg,data\raw\slit_lamp\dataset_03\val\cataract\11114_left.jpeg,slit_lamp,3.065688682,3,2.065240386,2,2.045100636,2,3.659619168,4
11114_right.jpeg,data\raw\slit_lamp\dataset_03\val\cataract\11114_right.jpeg,slit_lamp,3.148265987,3,2.198875239,2,2.015618968,2,3.603999572,4
11115_left.jpeg,data\raw\slit_lamp\dataset_03\val\cataract\11115_left.jpeg,slit_lamp,3.083780605,3,3.413290851,3,2.153781603,2,2.675407547,3
11117_right.jpeg,data\raw\slit_lamp\dataset_03\val\cataract\11117_right.jpeg,slit_lamp,2.969545326,3,2.809223554,3,2.240358964,2,2.308459522,2
11120_right.jpeg,data\raw\slit_lamp\dataset_03\val\cataract\11120_right.jpeg,slit_lamp,3.242339903,3,1.606056554,2,1.988157729,2,3.612312037,4
11121_left.jpeg,data\raw\slit_lamp\dataset_03\val\cataract\11121_left.jpeg,slit_lamp,1.952192456,2,2.26946956,2,2.394494031,2,2.660120864,3
11122_right.jpeg,data\raw\slit_lamp\dataset_03\val\cataract\11122_right.jpeg,slit_lamp,3.165017932,3,1.442222639,1,2.08449326,2,3.956286774,4
11124_right.jpeg,data\raw\slit_lamp\dataset_03\val\cataract\11124_right.jpeg,slit_lamp,2.885906665,3,1.809817314,2,2.116425537,2,1.805736449,2
11147_left.jpeg,data\raw\slit_lamp\dataset_03\val\cataract\11147_left.jpeg,slit_lamp,3.278923158,3,1.963658039,2,1.965859142,2,3.571885843,4
11152_left.jpeg,data\raw\slit_lamp\dataset_03\val\cataract\11152_left.jpeg,slit_lamp,3.220600056,3,1.472549391,1,2.027561043,2,3.618269977,4
11153_left.jpeg,data\raw\slit_lamp\dataset_03\val\cataract\11153_left.jpeg,slit_lamp,3.279500659,3,1.853886483,2,1.962112227,2,3.599376938,4
11157_left.jpeg,data\raw\slit_lamp\dataset_03\val\cataract\11157_left.jpeg,slit_lamp,2.219884604,2,2.383836404,2,2.302792049,2,3.072319512,3
11161_left.jpeg,data\raw\slit_lamp\dataset_03\val\cataract\11161_left.jpeg,slit_lamp,2.546788488,3,2.519381551,3,2.187429142,2,2.449230391,2
11181_right.jpeg,data\raw\slit_lamp\dataset_03\val\cataract\11181_right.jpeg,slit_lamp,3.131592046,3,2.265593736,2,1.991333479,2,3.456127148,3
11182_right.jpeg,data\raw\slit_lamp\dataset_03\val\cataract\11182_right.jpeg,slit_lamp,3.317402911,3,3.122268463,3,1.946332991,2,3.197300622,3
11198_right.jpeg,data\raw\slit_lamp\dataset_03\val\cataract\11198_right.jpeg,slit_lamp,2.441383541,2,1.681757062,2,2.164501777,2,1.631953153,2
111_right.jpeg,data\raw\slit_lamp\dataset_03\val\cataract\111_right.jpeg,slit_lamp,2.949633817,3,2.330010791,2,2.124699036,2,2.170987127,2
11216_left.jpeg,data\raw\slit_lamp\dataset_03\val\cataract\11216_left.jpeg,slit_lamp,2.480656478,2,2.109011955,2,2.124459105,2,2.465841913,2
11216_right.jpeg,data\raw\slit_lamp\dataset_03\val\cataract\11216_right.jpeg,slit_lamp,2.646109764,3,2.133052355,2,2.124339143,2,2.44326233,2
11229_right.jpeg,data\raw\slit_lamp\dataset_03\val\cataract\11229_right.jpeg,slit_lamp,2.26256451,2,1.668076655,2,2.109956612,2,2.732657897,3
11231_left.jpeg,data\raw\slit_lamp\dataset_03\val\cataract\11231_left.jpeg,slit_lamp,3.281759715,3,1.982953162,2,1.974416184,2,3.660151977,4
1123_right.jpeg,data\raw\slit_lamp\dataset_03\val\cataract\1123_right.jpeg,slit_lamp,3.022870975,3,2.524792646,3,2.121100818,2,2.821875491,3
11249_left.jpeg,data\raw\slit_lamp\dataset_03\val\cataract\11249_left.jpeg,slit_lamp,3.263271238,3,1.517244024,2,2.004878893,2,3.540450315,4
11265_left.jpeg,data\raw\slit_lamp\dataset_03\val\cataract\11265_left.jpeg,slit_lamp,2.308357612,2,2.18516883,2,2.170771096,2,2.819440425,3
11270_left.jpeg,data\raw\slit_lamp\dataset_03\val\cataract\11270_left.jpeg,slit_lamp,3.308435014,3,1.360165908,1,1.983808576,2,3.990235535,4
11271_left.jpeg,data\raw\slit_lamp\dataset_03\val\cataract\11271_left.jpeg,slit_lamp,3.181580612,3,2.068074722,2,2.012902671,2,3.246592454,3
11273_left.jpeg,data\raw\slit_lamp\dataset_03\val\cataract\11273_left.jpeg,slit_lamp,1.238261302,1,2.200960098,2,2.233926022,2,1.805388955,2
11288_left.jpeg,data\raw\slit_lamp\dataset_03\val\cataract\11288_left.jpeg,slit_lamp,3.248281003,3,1.957239467,2,1.938285835,2,3.363682085,3
11289_right.jpeg,data\raw\slit_lamp\dataset_03\val\cataract\11289_right.jpeg,slit_lamp,3.032045553,3,1.633149463,2,2.129499134,2,3.603351188,4
11291_left.jpeg,data\raw\slit_lamp\dataset_03\val\cataract\11291_left.jpeg,slit_lamp,3.169831693,3,2.016007172,2,2.113070617,2,3.024669063,3
11292_left.jpeg,data\raw\slit_lamp\dataset_03\val\cataract\11292_left.jpeg,slit_lamp,3.204179097,3,3.775796576,4,2.136103824,2,2.625230047,3
11293_right.jpeg,data\raw\slit_lamp\dataset_03\val\cataract\11293_right.jpeg,slit_lamp,2.938069358,3,2.174328456,2,2.402826164,2,2.128650994,2
11298_left.jpeg,data\raw\slit_lamp\dataset_03\val\cataract\11298_left.jpeg,slit_lamp,3.297143892,3,1.264194804,1,1.995688213,2,4.361874751,4
11304_right.jpeg,data\raw\slit_lamp\dataset_03\val\cataract\11304_right.jpeg,slit_lamp,3.310353764,3,1.335353785,1,1.935023805,2,3.979089531,4
11310_left.jpeg,data\raw\slit_lamp\dataset_03\val\cataract\11310_left.jpeg,slit_lamp,2.674147013,3,1.96652469,2,2.173062865,2,2.107867659,2
11314_left.jpeg,data\raw\slit_lamp\dataset_03\val\cataract\11314_left.jpeg,slit_lamp,3.295156598,3,2.033222388,2,1.947733734,2,3.709178191,4
11314_right.jpeg,data\raw\slit_lamp\dataset_03\val\cataract\11314_right.jpeg,slit_lamp,3.288623881,3,1.917804665,2,1.958718772,2,3.784314695,4
11315_right.jpeg,data\raw\slit_lamp\dataset_03\val\cataract\11315_right.jpeg,slit_lamp,3.187168691,3,1.721074871,2,1.972187759,2,3.839227292,4
11335_left.jpeg,data\raw\slit_lamp\dataset_03\val\cataract\11335_left.jpeg,slit_lamp,2.754729681,3,2.352798888,2,2.171132917,2,2.485712985,2
11341_left.jpeg,data\raw\slit_lamp\dataset_03\val\cataract\11341_left.jpeg,slit_lamp,3.105020733,3,2.654782526,3,2.04723703,2,2.387737812,2
11371_right.jpeg,data\raw\slit_lamp\dataset_03\val\cataract\11371_right.jpeg,slit_lamp,3.23308626,3,2.161964107,2,2.03632493,2,3.367197492,3
11382_left.jpeg,data\raw\slit_lamp\dataset_03\val\cataract\11382_left.jpeg,slit_lamp,3.182036602,3,2.00412979,2,2.148366201,2,3.424672302,3
11393_left.jpeg,data\raw\slit_lamp\dataset_03\val\cataract\11393_left.jpeg,slit_lamp,3.059879226,3,4.094338438,4,2.004407235,2,3.394505844,3
11393_right.jpeg,data\raw\slit_lamp\dataset_03\val\cataract\11393_right.jpeg,slit_lamp,3.072386578,3,4.363560329,4,2.004407235,2,3.528044309,4
1139_left.jpeg,data\raw\slit_lamp\dataset_03\val\cataract\1139_left.jpeg,slit_lamp,3.191449108,3,1.883817595,2,2.052343402,2,3.898145733,4
11408_left.jpeg,data\raw\slit_lamp\dataset_03\val\cataract\11408_left.jpeg,slit_lamp,3.260892278,3,1.404043496,1,1.979932353,2,4.182547133,4
11408_right.jpeg,data\raw\slit_lamp\dataset_03\val\cataract\11408_right.jpeg,slit_lamp,3.28127867,3,0.919284708,1,1.994393228,2,4.415783117,4
11425_left.jpeg,data\raw\slit_lamp\dataset_03\val\cataract\11425_left.jpeg,slit_lamp,2.937204405,3,3.660935476,4,2.088432631,2,2.95616554,3
11425_right.jpeg,data\raw\slit_lamp\dataset_03\val\cataract\11425_right.jpeg,slit_lamp,3.21696129,3,3.960867553,4,2.055314001,2,3.176158863,3
11438_right.jpeg,data\raw\slit_lamp\dataset_03\val\cataract\11438_right.jpeg,slit_lamp,2.480097913,2,2.164433794,2,2.116425537,2,2.268685914,2
11446_right.jpeg,data\raw\slit_lamp\dataset_03\val\cataract\11446_right.jpeg,slit_lamp,3.311067056,3,1.816723129,2,1.958250873,2,3.930560054,4
1145_left.jpeg,data\raw\slit_lamp\dataset_03\val\cataract\1145_left.jpeg,slit_lamp,3.29331389,3,1.776509145,2,1.976410779,2,2.941088597,3
11464_left.jpeg,data\raw\slit_lamp\dataset_03\val\cataract\11464_left.jpeg,slit_lamp,3.275530104,3,2.372863995,2,2.015855224,2,2.726816906,3
11471_right.jpeg,data\raw\slit_lamp\dataset_03\val\cataract\11471_right.jpeg,slit_lamp,2.99542067,3,2.152573757,2,2.008417497,2,3.741139679,4
1147_left.jpeg,data\raw\slit_lamp\dataset_03\val\cataract\1147_left.jpeg,slit_lamp,3.235098353,3,1.296517533,1,1.961292926,2,4.054957349,4
11487_right.jpeg,data\raw\slit_lamp\dataset_03\val\cataract\11487_right.jpeg,slit_lamp,3.181363671,3,2.175081021,2,2.134061816,2,1.967239118,2
11495_left.jpeg,data\raw\slit_lamp\dataset_03\val\cataract\11495_left.jpeg,slit_lamp,2.708015712,3,2.492312395,2,2.328792037,2,2.665341434,3
11496_left.jpeg,data\raw\slit_lamp\dataset_03\val\cataract\11496_left.jpeg,slit_lamp,3.299447488,3,2.169390036,2,1.952054984,2,3.451203206,3
11500_right.jpeg,data\raw\slit_lamp\dataset_03\val\cataract\11500_right.jpeg,slit_lamp,3.260678138,3,1.273926544,1,1.976762839,2,4.255584433,4
11534_right.jpeg,data\raw\slit_lamp\dataset_03\val\cataract\11534_right.jpeg,slit_lamp,3.184193331,3,2.852581651,3,2.121820334,2,2.428148278,2
11542_left.jpeg,data\raw\slit_lamp\dataset_03\val\cataract\11542_left.jpeg,slit_lamp,3.098824981,3,2.54055291,3,2.21295316,2,2.29118985,2
11550_left.jpeg,data\raw\slit_lamp\dataset_03\val\cataract\11550_left.jpeg,slit_lamp,2.994756198,3,2.675009372,3,2.271478732,2,2.316181929,2
11574_left.jpeg,data\raw\slit_lamp\dataset_03\val\cataract\11574_left.jpeg,slit_lamp,2.59276016,3,2.521072696,3,2.167997604,2,3.05602266,3
11575_left.jpeg,data\raw\slit_lamp\dataset_03\val\cataract\11575_left.jpeg,slit_lamp,3.315810081,3,1.931595452,2,1.947266779,2,3.654112008,4
11579_right.jpeg,data\raw\slit_lamp\dataset_03\val\cataract\11579_right.jpeg,slit_lamp,3.327812809,3,1.009899959,1,1.977701771,2,4.019348136,4
11590_right.jpeg,data\raw\slit_lamp\dataset_03\val\cataract\11590_right.jpeg,slit_lamp,3.15960102,3,3.747729075,4,2.165827624,2,2.70774799,3
11593_right.jpeg,data\raw\slit_lamp\dataset_03\val\cataract\11593_right.jpeg,slit_lamp,3.124954873,3,1.484848087,1,2.073283709,2,4.044898567,4
11594_right.jpeg,data\raw\slit_lamp\dataset_03\val\cataract\11594_right.jpeg,slit_lamp,3.21960521,3,0.953155125,1,2.008889466,2,4.432679866,4
11598_left.jpeg,data\raw\slit_lamp\dataset_03\val\cataract\11598_left.jpeg,slit_lamp,2.255570669,2,1.93145345,2,2.215133453,2,3.639647993,4
11598_right.jpeg,data\raw\slit_lamp\dataset_03\val\cataract\11598_right.jpeg,slit_lamp,2.594003125,3,2.025217704,2,2.130099343,2,3.717836747,4
1165_left.jpeg,data\raw\slit_lamp\dataset_03\val\cataract\1165_left.jpeg,slit_lamp,3.207366788,3,4.134154987,4,2.014201621,2,3.039988598,3
1165_right.jpeg,data\raw\slit_lamp\dataset_03\val\cataract\1165_right.jpeg,slit_lamp,3.21621458,3,3.437444769,3,2.01431972,2,3.173714375,3
1179_left.jpeg,data\raw\slit_lamp\dataset_03\val\cataract\1179_left.jpeg,slit_lamp,3.240331205,3,2.077011518,2,1.919673126,2,3.589682731,4
1180_left.jpeg,data\raw\slit_lamp\dataset_03\val\cataract\1180_left.jpeg,slit_lamp,3.243271624,3,1.226014395,1,1.966679116,2,4.220916937,4
1180_right.jpeg,data\raw\slit_lamp\dataset_03\val\cataract\1180_right.jpeg,slit_lamp,3.207094539,3,1.415449956,1,1.981811409,2,4.046365093,4
1197_right.jpeg,data\raw\slit_lamp\dataset_03\val\cataract\1197_right.jpeg,slit_lamp,3.192058199,3,2.246200685,2,2.011367901,2,3.451177777,3
1206_right.jpeg,data\raw\slit_lamp\dataset_03\val\cataract\1206_right.jpeg,slit_lamp,2.823982515,3,1.960872455,2,2.052699805,2,3.848681939,4
1211_right.jpeg,data\raw\slit_lamp\dataset_03\val\cataract\1211_right.jpeg,slit_lamp,2.301742303,2,2.216634151,2,2.797421809,3,2.866266967,3
122_left.jpeg,data\raw\slit_lamp\dataset_03\val\cataract\122_left.jpeg,slit_lamp,2.831379429,3,2.437817185,2,2.080317457,2,2.853467639,3
1240_right.jpeg,data\raw\slit_lamp\dataset_03\val\cataract\1240_right.jpeg,slit_lamp,2.77236574,3,2.00644658,2,2.148606815,2,1.946713613,2
1260_right.jpeg,data\raw\slit_lamp\dataset_03\val\cataract\1260_right.jpeg,slit_lamp,2.955088361,3,2.386035502,2,2.283411237,2,2.290147971,2
1269_left.jpeg,data\raw\slit_lamp\dataset_03\val\cataract\1269_left.jpeg,slit_lamp,3.211066139,3,3.069030643,3,2.145599625,2,2.84256359,3
1272_left.jpeg,data\raw\slit_lamp\dataset_03\val\cataract\1272_left.jpeg,slit_lamp,3.027651521,3,2.162390125,2,2.114867719,2,2.189564166,2
1275_right.jpeg,data\raw\slit_lamp\dataset_03\val\cataract\1275_right.jpeg,slit_lamp,3.028399399,3,1.672927176,2,2.159682142,2,3.785460875,4
1285_left.jpeg,data\raw\slit_lamp\dataset_03\val\cataract\1285_left.jpeg,slit_lamp,3.155161974,3,2.201945488,2,1.991568788,2,3.52630681,4
129_left.jpeg,data\raw\slit_lamp\dataset_03\val\cataract\129_left.jpeg,slit_lamp,2.911447986,3,2.387301936,2,2.171494752,2,2.33874602,2
cataract_001.png,data\raw\slit_lamp\dataset_01\cataract\cataract_001.png,slit_lamp,3.330010404,3,2.503660834,3,1.954564864,2,1.535186945,2
cataract_002.png,data\raw\slit_lamp\dataset_01\cataract\cataract_002.png,slit_lamp,3.329245795,3,2.522114438,3,1.954482768,2,1.59066694,2
cataract_003.png,data\raw\slit_lamp\dataset_01\cataract\cataract_003.png,slit_lamp,3.328101058,3,2.796619516,3,1.954359627,2,2.060274581,2
cataract_004.png,data\raw\slit_lamp\dataset_01\cataract\cataract_004.png,slit_lamp,3.331052786,3,2.912391007,3,1.948903167,2,2.259510082,2
cataract_005.png,data\raw\slit_lamp\dataset_01\cataract\cataract_005.png,slit_lamp,3.323470766,3,3.120355556,3,1.97249194,2,2.386211716,2
cataract_006.png,data\raw\slit_lamp\dataset_01\cataract\cataract_006.png,slit_lamp,3.305437536,3,2.915565768,3,1.954448128,2,1.678885451,2
cataract_007.png,data\raw\slit_lamp\dataset_01\cataract\cataract_007.png,slit_lamp,3.30661507,3,2.870533177,3,1.954478608,2,1.509159894,2
cataract_008.png,data\raw\slit_lamp\dataset_01\cataract\cataract_008.png,slit_lamp,3.33053841,3,2.639176109,3,1.954441721,2,1.570907341,2
cataract_009.png,data\raw\slit_lamp\dataset_01\cataract\cataract_009.png,slit_lamp,3.331570453,3,2.587585151,3,1.95443488,2,1.499831711,1
cataract_010.png,data\raw\slit_lamp\dataset_01\cataract\cataract_010.png,slit_lamp,3.330714484,3,2.744315026,3,1.954455403,2,1.750666813,2
cataract_011.png,data\raw\slit_lamp\dataset_01\cataract\cataract_011.png,slit_lamp,3.329606406,3,2.773643538,3,1.954496451,2,1.726912133,2
cataract_012.png,data\raw\slit_lamp\dataset_01\cataract\cataract_012.png,slit_lamp,3.330009493,3,2.913129141,3,1.948390625,2,2.223553866,2
cataract_013.png,data\raw\slit_lamp\dataset_01\cataract\cataract_013.png,slit_lamp,3.330166073,3,2.549360264,3,1.954441721,2,1.810779613,2
cataract_014.png,data\raw\slit_lamp\dataset_01\cataract\cataract_014.png,slit_lamp,3.330497442,3,2.643016728,3,1.954236489,2,1.863234513,2
cataract_015.png,data\raw\slit_lamp\dataset_01\cataract\cataract_015.png,slit_lamp,3.324571,3,2.600437527,3,1.954229648,2,1.645135086,2
cataract_016.png,data\raw\slit_lamp\dataset_01\cataract\cataract_016.png,slit_lamp,3.326213469,3,2.630335625,3,1.954462245,2,1.70445498,2
cataract_017.png,data\raw\slit_lamp\dataset_01\cataract\cataract_017.png,slit_lamp,3.3278044,3,2.661842948,3,1.944496897,2,1.729751221,2
cataract_018.png,data\raw\slit_lamp\dataset_01\cataract\cataract_018.png,slit_lamp,3.332014511,3,2.850235466,3,1.940496825,2,2.408954344,2
cataract_019.png,data\raw\slit_lamp\dataset_01\cataract\cataract_019.png,slit_lamp,3.329093052,3,2.774998826,3,1.943165482,2,2.019069514,2
cataract_020.png,data\raw\slit_lamp\dataset_01\cataract\cataract_020.png,slit_lamp,3.321711088,3,3.119825951,3,1.955664913,2,2.501785184,3
cataract_021.png,data\raw\slit_lamp\dataset_01\cataract\cataract_021.png,slit_lamp,3.329934896,3,2.268196261,2,1.954428039,2,1.085806411,1
cataract_022.png,data\raw\slit_lamp\dataset_01\cataract\cataract_022.png,slit_lamp,3.329107734,3,2.300482696,2,1.954523816,2,1.101130389,1
cataract_023.png,data\raw\slit_lamp\dataset_01\cataract\cataract_023.png,slit_lamp,3.297653409,3,2.805461289,3,1.957435958,2,1.857574002,2
cataract_024.png,data\raw\slit_lamp\dataset_01\cataract\cataract_024.png,slit_lamp,3.291439552,3,2.836069177,3,1.957634188,2,1.991085212,2
cataract_025.png,data\raw\slit_lamp\dataset_01\cataract\cataract_025.png,slit_lamp,3.296299382,3,2.435219622,2,1.957512199,2,1.309545883,1
cataract_026.png,data\raw\slit_lamp\dataset_01\cataract\cataract_026.png,slit_lamp,3.331527427,3,2.470212234,2,1.954373309,2,1.566603412,2
cataract_027.png,data\raw\slit_lamp\dataset_01\cataract\cataract_027.png,slit_lamp,3.284082071,3,2.354001949,2,1.972437578,2,1.430827269,1
cataract_028.png,data\raw\slit_lamp\dataset_01\cataract\cataract_028.png,slit_lamp,3.291765227,3,3.26108627,3,1.957504575,2,1.828093338,2
cataract_029.png,data\raw\slit_lamp\dataset_01\cataract\cataract_029.png,slit_lamp,3.330450777,3,2.423764055,2,1.954551181,2,1.536034695,2
cataract_030.png,data\raw\slit_lamp\dataset_01\cataract\cataract_030.png,slit_lamp,3.331320532,3,2.405270532,2,1.954564864,2,1.43948256,1
cataract_031.png,data\raw\slit_lamp\dataset_01\cataract\cataract_031.png,slit_lamp,3.2933467,3,3.178452478,3,1.95745883,2,2.113082535,2
cataract_032.png,data\raw\slit_lamp\dataset_01\cataract\cataract_032.png,slit_lamp,3.292786849,3,3.04376727,3,1.957519824,2,1.955633663,2
cataract_033.png,data\raw\slit_lamp\dataset_01\cataract\cataract_033.png,slit_lamp,3.330507918,3,2.540963481,3,1.954270693,2,1.642804122,2
cataract_034.png,data\raw\slit_lamp\dataset_01\cataract\cataract_034.png,slit_lamp,3.33051841,3,2.608717759,3,1.954352786,2,1.765034516,2
cataract_035.png,data\raw\slit_lamp\dataset_01\cataract\cataract_035.png,slit_lamp,3.331203693,3,2.484125267,2,1.954339104,2,1.53882035,2
cataract_036.png,data\raw\slit_lamp\dataset_01\cataract\cataract_036.png,slit_lamp,3.329608953,3,2.752672467,3,1.954304899,2,2.003856148,2
cataract_037.png,data\raw\slit_lamp\dataset_01\cataract\cataract_037.png,slit_lamp,3.328509768,3,2.832958307,3,1.954558023,2,1.807927452,2
cataract_038.png,data\raw\slit_lamp\dataset_01\cataract\cataract_038.png,slit_lamp,3.329703137,3,2.566412596,3,1.954263853,2,1.651350659,2
cataract_039.png,data\raw\slit_lamp\dataset_01\cataract\cataract_039.png,slit_lamp,3.332165133,3,2.466382265,2,1.954469086,2,1.488856091,1
cataract_040.png,data\raw\slit_lamp\dataset_01\cataract\cataract_040.png,slit_lamp,3.329427984,3,2.553971283,3,1.954441721,2,1.743757064,2
cataract_041.png,data\raw\slit_lamp\dataset_01\cataract\cataract_041.png,slit_lamp,3.326652474,3,2.636180189,3,1.954653802,2,1.832844069,2
cataract_042.png,data\raw\slit_lamp\dataset_01\cataract\cataract_042.png,slit_lamp,3.331048142,3,2.520812782,3,1.954475927,2,1.548442468,2
cataract_043.png,data\raw\slit_lamp\dataset_01\cataract\cataract_043.png,slit_lamp,3.331240881,3,2.51914156,3,1.954523816,2,1.425537739,1
cataract_044.png,data\raw\slit_lamp\dataset_01\cataract\cataract_044.png,slit_lamp,3.329263478,3,2.553632699,3,1.954510133,2,1.462951654,1
cataract_045.png,data\raw\slit_lamp\dataset_01\cataract\cataract_045.png,slit_lamp,3.328546602,3,2.456364364,2,1.954906943,2,1.396277469,1
cataract_046.png,data\raw\slit_lamp\dataset_01\cataract\cataract_046.png,slit_lamp,3.330134595,3,2.690809394,3,1.954257012,2,1.962215048,2
cataract_047.png,data\raw\slit_lamp\dataset_01\cataract\cataract_047.png,slit_lamp,3.329718317,3,2.553352591,3,1.954407515,2,1.78828557,2
cataract_048.png,data\raw\slit_lamp\dataset_01\cataract\cataract_048.png,slit_lamp,3.33004475,3,2.580144016,3,1.954455403,2,1.757219143,2
cataract_049.png,data\raw\slit_lamp\dataset_01\cataract\cataract_049.png,slit_lamp,3.33116388,3,2.450626545,2,1.954414356,2,1.615239313,2
cataract_050.png,data\raw\slit_lamp\dataset_01\cataract\cataract_050.png,slit_lamp,3.329144534,3,2.677215002,3,1.954393833,2,1.84733701,2
cataract_051.png,data\raw\slit_lamp\dataset_01\cataract\cataract_051.png,slit_lamp,3.330147726,3,2.626061948,3,1.954414356,2,1.766031513,2
cataract_052.png,data\raw\slit_lamp\dataset_01\cataract\cataract_052.png,slit_lamp,3.297107744,3,2.857230305,3,1.972532712,2,2.017472621,2
cataract_053.png,data\raw\slit_lamp\dataset_01\cataract\cataract_053.png,slit_lamp,3.327436176,3,2.573312722,3,1.954407515,2,1.615257307,2
cataract_054.png,data\raw\slit_lamp\dataset_01\cataract\cataract_054.png,slit_lamp,3.326025009,3,2.601048004,3,1.954612754,2,1.680441558,2
cataract_055.png,data\raw\slit_lamp\dataset_01\cataract\cataract_055.png,slit_lamp,3.329690882,3,2.578192659,3,1.954496451,2,1.60154068,2
cataract_056.png,data\raw\slit_lamp\dataset_01\cataract\cataract_056.png,slit_lamp,3.330758187,3,2.578588479,3,1.954345945,2,1.588672369,2
cataract_057.png,data\raw\slit_lamp\dataset_01\cataract\cataract_057.png,slit_lamp,3.329615154,3,2.676054038,3,1.954332263,2,1.802208116,2
cataract_058.png,data\raw\slit_lamp\dataset_01\cataract\cataract_058.png,slit_lamp,3.329479043,3,2.71008679,3,1.954332263,2,1.847381298,2
cataract_059.png,data\raw\slit_lamp\dataset_01\cataract\cataract_059.png,slit_lamp,3.329455625,3,2.215692273,2,1.95468801,2,1.172094224,1
cataract_060.png,data\raw\slit_lamp\dataset_01\cataract\cataract_060.png,slit_lamp,3.286444578,3,2.547343497,3,1.95742071,2,1.321410768,1
cataract_061.png,data\raw\slit_lamp\dataset_01\cataract\cataract_061.png,slit_lamp,3.290474752,3,2.509091227,3,1.957397838,2,1.507014252,2
cataract_062.png,data\raw\slit_lamp\dataset_01\cataract\cataract_062.png,slit_lamp,3.287416856,3,2.521802031,3,1.957428334,2,1.484963159,1
cataract_063.png,data\raw\slit_lamp\dataset_01\cataract\cataract_063.png,slit_lamp,3.266402486,3,2.31176619,2,1.972423987,2,1.460511167,1
cataract_064.png,data\raw\slit_lamp\dataset_01\cataract\cataract_064.png,slit_lamp,3.288699277,3,2.329635414,2,1.957451206,2,1.324957446,1
cataract_065.png,data\raw\slit_lamp\dataset_01\cataract\cataract_065.png,slit_lamp,3.291762971,3,2.286080306,2,1.95745883,2,1.284922218,1
cataract_066.png,data\raw\slit_lamp\dataset_01\cataract\cataract_066.png,slit_lamp,3.330045913,3,2.396640247,2,1.954558023,2,1.437168872,1
cataract_067.png,data\raw\slit_lamp\dataset_01\cataract\cataract_067.png,slit_lamp,3.330537957,3,2.291922466,2,1.954414356,2,1.30883825,1
cataract_068.png,data\raw\slit_lamp\dataset_01\cataract\cataract_068.png,slit_lamp,3.330599541,3,2.253697754,2,1.954523816,2,1.273486911,1
cataract_069.png,data\raw\slit_lamp\dataset_01\cataract\cataract_069.png,slit_lamp,3.333290227,3,2.391142525,2,1.954530657,2,1.242899547,1
cataract_070.png,data\raw\slit_lamp\dataset_01\cataract\cataract_070.png,slit_lamp,3.33002846,3,2.330042705,2,1.954619595,2,1.193518904,1
cataract_071.png,data\raw\slit_lamp\dataset_01\cataract\cataract_071.png,slit_lamp,3.330030629,3,2.557242771,3,1.954400674,2,1.691959928,2
cataract_072.png,data\raw\slit_lamp\dataset_01\cataract\cataract_072.png,slit_lamp,3.331417448,3,2.404893075,2,1.954462245,2,1.427840497,1
cataract_073.png,data\raw\slit_lamp\dataset_01\cataract\cataract_073.png,slit_lamp,3.330713686,3,2.466864374,2,1.954558023,2,1.448670906,1
cataract_074.png,data\raw\slit_lamp\dataset_01\cataract\cataract_074.png,slit_lamp,3.30420923,3,3.312010386,3,1.957603691,2,1.831651098,2
cataract_075.png,data\raw\slit_lamp\dataset_01\cataract\cataract_075.png,slit_lamp,3.31364114,3,3.073952999,3,1.957611315,2,1.644266332,2
cataract_076.png,data\raw\slit_lamp\dataset_01\cataract\cataract_076.png,slit_lamp,3.330067161,3,2.225244212,2,1.954475927,2,1.186220085,1
cataract_077.png,data\raw\slit_lamp\dataset_01\cataract\cataract_077.png,slit_lamp,3.321744551,3,2.821960719,3,1.954298058,2,1.936074583,2
cataract_078.png,data\raw\slit_lamp\dataset_01\cataract\cataract_078.png,slit_lamp,3.328249077,3,2.816004689,3,1.951760628,2,2.051713392,2
cataract_079.png,data\raw\slit_lamp\dataset_01\cataract\cataract_079.png,slit_lamp,3.330052561,3,2.591195105,3,1.954496451,2,1.697358788,2
cataract_080.png,data\raw\slit_lamp\dataset_01\cataract\cataract_080.png,slit_lamp,3.29647298,3,2.545807868,3,1.957474078,2,1.713480538,2
cataract_081.png,data\raw\slit_lamp\dataset_01\cataract\cataract_081.png,slit_lamp,3.292571066,3,2.565497662,3,1.957504575,2,1.700126667,2
cataract_082.png,data\raw\slit_lamp\dataset_01\cataract\cataract_082.png,slit_lamp,3.330472108,3,2.226603009,2,1.954503292,2,1.25103656,1
cataract_083.png,data\raw\slit_lamp\dataset_01\cataract\cataract_083.png,slit_lamp,3.32925852,3,2.216546641,2,1.954605912,2,1.208631528,1
cataract_084.png,data\raw\slit_lamp\dataset_01\cataract\cataract_084.png,slit_lamp,3.304269393,3,2.640763819,3,1.957413086,2,1.476472828,1
cataract_085.png,data\raw\slit_lamp\dataset_01\cataract\cataract_085.png,slit_lamp,3.292218685,3,2.576276142,3,1.957557945,2,1.331535191,1
cataract_086.png,data\raw\slit_lamp\dataset_01\cataract\cataract_086.png,slit_lamp,3.330276797,3,2.622917059,3,1.954304899,2,1.831333507,2
cataract_087.png,data\raw\slit_lamp\dataset_01\cataract\cataract_087.png,slit_lamp,3.328756812,3,2.722754235,3,1.954373309,2,2.009980266,2
cataract_088.png,data\raw\slit_lamp\dataset_01\cataract\cataract_088.png,slit_lamp,3.329057639,3,2.592136892,3,1.954277534,2,1.838487949,2
cataract_089.png,data\raw\slit_lamp\dataset_01\cataract\cataract_089.png,slit_lamp,3.329760004,3,2.779033391,3,1.951617036,2,2.166484445,2
cataract_090.png,data\raw\slit_lamp\dataset_01\cataract\cataract_090.png,slit_lamp,3.329992751,3,2.567074967,3,1.95443488,2,1.706628861,2
cataract_091.png,data\raw\slit_lamp\dataset_01\cataract\cataract_091.png,slit_lamp,3.331297563,3,2.481389928,2,1.954599071,2,1.547960818,2
cataract_092.png,data\raw\slit_lamp\dataset_01\cataract\cataract_092.png,slit_lamp,3.331143829,3,2.197639905,2,1.954729059,2,1.108848427,1
cataract_093.png,data\raw\slit_lamp\dataset_01\cataract\cataract_093.png,slit_lamp,3.325497727,3,2.195352453,2,1.954537499,2,1.101312144,1
cataract_094.png,data\raw\slit_lamp\dataset_01\cataract\cataract_094.png,slit_lamp,3.331809546,3,2.544406426,3,1.95438015,2,1.489356745,1
cataract_095.png,data\raw\slit_lamp\dataset_01\cataract\cataract_095.png,slit_lamp,3.331437966,3,2.828279635,3,1.947584323,2,2.128334243,2
cataract_096.png,data\raw\slit_lamp\dataset_01\cataract\cataract_096.png,slit_lamp,3.331517321,3,2.451067479,2,1.954455403,2,1.519747031,2
cataract_097.png,data\raw\slit_lamp\dataset_01\cataract\cataract_097.png,slit_lamp,3.32639564,3,2.446026548,2,1.954441721,2,1.591439919,2
cataract_098.png,data\raw\slit_lamp\dataset_01\cataract\cataract_098.png,slit_lamp,3.331599682,3,2.435087989,2,1.954653802,2,1.573056223,2
cataract_099.png,data\raw\slit_lamp\dataset_01\cataract\cataract_099.png,slit_lamp,3.329162649,3,2.420994607,2,1.954277534,2,1.527367634,2
cataract_100.png,data\raw\slit_lamp\dataset_01\cataract\cataract_100.png,slit_lamp,3.329823804,3,2.562640638,3,1.954359627,2,1.75746282,2
cataract_031.png,data\raw\slit_lamp\dataset_02\cataract\cataract_031.png,slit_lamp,0.000244823,0,2.555574095,3,4.954298589,5,2.39886019,2
cataract_032.png,data\raw\slit_lamp\dataset_02\cataract\cataract_032.png,slit_lamp,0.00065703,0,2.517490314,3,4.878665424,5,2.275382726,2
cataract_033.png,data\raw\slit_lamp\dataset_02\cataract\cataract_033.png,slit_lamp,0.069664872,0,2.152228799,2,4.087070715,4,2.385149794,2
cataract_034.png,data\raw\slit_lamp\dataset_02\cataract\cataract_034.png,slit_lamp,0.019847955,0,2.201544398,2,4.431111792,4,2.416692635,2
cataract_035.png,data\raw\slit_lamp\dataset_02\cataract\cataract_035.png,slit_lamp,0.036296394,0,2.085429462,2,4.049272491,4,2.335918394,2
cataract_036.png,data\raw\slit_lamp\dataset_02\cataract\cataract_036.png,slit_lamp,0.084722542,0,2.363872302,2,4.463303766,4,2.496216563,2
cataract_037.png,data\raw\slit_lamp\dataset_02\cataract\cataract_037.png,slit_lamp,0.000920745,0,2.429023675,2,4.461773051,4,2.361326874,2
cataract_038.png,data\raw\slit_lamp\dataset_02\cataract\cataract_038.png,slit_lamp,0.013815246,0,2.168064441,2,4.282413578,4,2.378561434,2
cataract_039.png,data\raw\slit_lamp\dataset_02\cataract\cataract_039.png,slit_lamp,0.006969735,0,2.052687737,2,4.107119781,4,2.305403273,2
cataract_040.png,data\raw\slit_lamp\dataset_02\cataract\cataract_040.png,slit_lamp,0.119053902,0,2.158265255,2,4.205156945,4,2.424567076,2
cataract_041.png,data\raw\slit_lamp\dataset_02\cataract\cataract_041.png,slit_lamp,0.013397832,0,2.218040323,2,4.748582604,5,2.392209848,2
cataract_042.png,data\raw\slit_lamp\dataset_02\cataract\cataract_042.png,slit_lamp,0.002282522,0,2.108001972,2,4.507094768,5,2.307981423,2
cataract_043.png,data\raw\slit_lamp\dataset_02\cataract\cataract_043.png,slit_lamp,0.001063202,0,2.117449682,2,3.938819906,4,2.227837244,2
cataract_044.png,data\raw\slit_lamp\dataset_02\cataract\cataract_044.png,slit_lamp,0.001303933,0,2.157218279,2,4.512629155,5,2.255487586,2
cataract_045.png,data\raw\slit_lamp\dataset_02\cataract\cataract_045.png,slit_lamp,0.000659654,0,2.054008108,2,4.620493331,5,2.226539887,2
cataract_046.png,data\raw\slit_lamp\dataset_02\cataract\cataract_046.png,slit_lamp,0.297249336,0,2.305094441,2,4.327660584,4,2.470711576,2
cataract_047.png,data\raw\slit_lamp\dataset_02\cataract\cataract_047.png,slit_lamp,0.287872339,0,2.134913772,2,4.102013463,4,2.453796543,2
cataract_048.png,data\raw\slit_lamp\dataset_02\cataract\cataract_048.png,slit_lamp,0.097564394,0,2.176382066,2,4.23003049,4,2.435412888,2
cataract_049.png,data\raw\slit_lamp\dataset_02\cataract\cataract_049.png,slit_lamp,0.022661496,0,2.036240298,2,4.185870103,4,2.211170617,2
cataract_050.png,data\raw\slit_lamp\dataset_02\cataract\cataract_050.png,slit_lamp,0.04081374,0,2.27737883,2,4.458554938,4,2.432092696,2
cataract_051.png,data\raw\slit_lamp\dataset_02\cataract\cataract_051.png,slit_lamp,0.032009204,0,2.212682823,2,4.247470943,4,2.396554209,2
cataract_052.png,data\raw\slit_lamp\dataset_02\cataract\cataract_052.png,slit_lamp,0.125210127,0,2.357487713,2,4.901216768,5,2.552209165,3
cataract_053.png,data\raw\slit_lamp\dataset_02\cataract\cataract_053.png,slit_lamp,0.012420611,0,2.190314678,2,4.282760494,4,2.304197066,2
cataract_054.png,data\raw\slit_lamp\dataset_02\cataract\cataract_054.png,slit_lamp,0.021648071,0,2.209528,2,4.264049834,4,2.31094247,2
cataract_055.png,data\raw\slit_lamp\dataset_02\cataract\cataract_055.png,slit_lamp,0.004893765,0,2.182557148,2,4.49222999,4,2.307915149,2
cataract_056.png,data\raw\slit_lamp\dataset_02\cataract\cataract_056.png,slit_lamp,0.003902377,0,2.166976519,2,4.290734711,4,2.309788553,2
cataract_057.png,data\raw\slit_lamp\dataset_02\cataract\cataract_057.png,slit_lamp,0.041101045,0,2.266846113,2,4.475824027,4,2.453395896,2
cataract_058.png,data\raw\slit_lamp\dataset_02\cataract\cataract_058.png,slit_lamp,0.027024732,0,2.294526937,2,4.513812863,5,2.441051772,2
cataract_059.png,data\raw\slit_lamp\dataset_02\cataract\cataract_059.png,slit_lamp,0.013384934,0,1.777116683,2,3.151131005,3,2.161995117,2
cataract_060.png,data\raw\slit_lamp\dataset_02\cataract\cataract_060.png,slit_lamp,0.001043046,0,2.073330632,2,4.286556107,4,2.369154376,2
cataract_061.png,data\raw\slit_lamp\dataset_02\cataract\cataract_061.png,slit_lamp,0.0001552,0,2.06026333,2,4.832615425,5,2.449569553,2
cataract_062.png,data\raw\slit_lamp\dataset_02\cataract\cataract_062.png,slit_lamp,1.90E-05,0,2.083084324,2,4.771637081,5,2.374154256,2
cataract_063.png,data\raw\slit_lamp\dataset_02\cataract\cataract_063.png,slit_lamp,0.846085212,1,1.880688145,2,3.469418626,3,2.444084766,2
cataract_064.png,data\raw\slit_lamp\dataset_02\cataract\cataract_064.png,slit_lamp,0.000234378,0,1.864282914,2,4.595577712,5,2.371664433,2
cataract_065.png,data\raw\slit_lamp\dataset_02\cataract\cataract_065.png,slit_lamp,0.000221526,0,1.815838625,2,4.481007323,4,2.355024308,2
cataract_066.png,data\raw\slit_lamp\dataset_02\cataract\cataract_066.png,slit_lamp,0.068785292,0,1.954632754,2,3.816762377,4,2.28522525,2
cataract_067.png,data\raw\slit_lamp\dataset_02\cataract\cataract_067.png,slit_lamp,0.017396303,0,1.878126789,2,3.962922468,4,2.211659931,2
cataract_068.png,data\raw\slit_lamp\dataset_02\cataract\cataract_068.png,slit_lamp,0.019288842,0,1.825363223,2,3.703265797,4,2.195340142,2
cataract_069.png,data\raw\slit_lamp\dataset_02\cataract\cataract_069.png,slit_lamp,0.001853736,0,1.979157777,2,3.536882344,4,2.178043701,2
cataract_070.png,data\raw\slit_lamp\dataset_02\cataract\cataract_070.png,slit_lamp,0.002556817,0,1.886223181,2,3.477689704,3,2.148838146,2
cataract_071.png,data\raw\slit_lamp\dataset_02\cataract\cataract_071.png,slit_lamp,0.054247616,0,2.159407024,2,4.255003205,4,2.417640397,2
cataract_072.png,data\raw\slit_lamp\dataset_02\cataract\cataract_072.png,slit_lamp,0.014644289,0,1.991235518,2,4.005451924,4,2.266856722,2
cataract_073.png,data\raw\slit_lamp\dataset_02\cataract\cataract_073.png,slit_lamp,0.003798466,0,2.056113017,2,4.214636218,4,2.260057762,2
cataract_074.png,data\raw\slit_lamp\dataset_02\cataract\cataract_074.png,slit_lamp,1.14E-05,0,2.626662142,3,4.950663914,5,2.460700394,2
cataract_075.png,data\raw\slit_lamp\dataset_02\cataract\cataract_075.png,slit_lamp,8.11E-06,0,2.558522514,3,4.915162915,5,2.446472037,2
cataract_076.png,data\raw\slit_lamp\dataset_02\cataract\cataract_076.png,slit_lamp,0.006260117,0,1.793524446,2,3.36537144,3,2.144617804,2
cataract_077.png,data\raw\slit_lamp\dataset_02\cataract\cataract_077.png,slit_lamp,0.00253309,0,2.43764527,2,4.554691785,5,2.432337894,2
cataract_078.png,data\raw\slit_lamp\dataset_02\cataract\cataract_078.png,slit_lamp,0.034465791,0,2.428185728,2,4.448522055,4,2.475482039,2
cataract_079.png,data\raw\slit_lamp\dataset_02\cataract\cataract_079.png,slit_lamp,0.030396578,0,2.192381329,2,4.347746488,4,2.398748339,2
cataract_080.png,data\raw\slit_lamp\dataset_02\cataract\cataract_080.png,slit_lamp,1.29E-05,0,2.111078892,2,4.946293588,5,2.506248774,3
cataract_081.png,data\raw\slit_lamp\dataset_02\cataract\cataract_081.png,slit_lamp,0.000255662,0,2.124868131,2,4.932516274,5,2.497240682,2
cataract_082.png,data\raw\slit_lamp\dataset_02\cataract\cataract_082.png,slit_lamp,0.044457742,0,1.776733688,2,3.228608164,3,2.185525315,2
cataract_083.png,data\raw\slit_lamp\dataset_02\cataract\cataract_083.png,slit_lamp,0.043864456,0,1.762370009,2,3.006388505,3,2.159236835,2
cataract_084.png,data\raw\slit_lamp\dataset_02\cataract\cataract_084.png,slit_lamp,3.81E-07,0,2.174484708,2,4.813026054,5,2.368004627,2
cataract_085.png,data\raw\slit_lamp\dataset_02\cataract\cataract_085.png,slit_lamp,5.18E-06,0,2.133692603,2,4.490455119,4,2.26485084,2
cataract_086.png,data\raw\slit_lamp\dataset_02\cataract\cataract_086.png,slit_lamp,0.040450318,0,2.225833831,2,4.444462292,4,2.412350676,2
cataract_087.png,data\raw\slit_lamp\dataset_02\cataract\cataract_087.png,slit_lamp,0.074438085,0,2.336105047,2,4.567348832,5,2.525280072,3
cataract_088.png,data\raw\slit_lamp\dataset_02\cataract\cataract_088.png,slit_lamp,0.008754473,0,2.189774959,2,4.57322044,5,2.353698419,2
cataract_089.png,data\raw\slit_lamp\dataset_02\cataract\cataract_089.png,slit_lamp,0.168233957,0,2.397676886,2,4.503448252,5,2.556574437,3
cataract_090.png,data\raw\slit_lamp\dataset_02\cataract\cataract_090.png,slit_lamp,0.052604246,0,2.164214224,2,4.368814093,4,2.388311783,2
cataract_091.png,data\raw\slit_lamp\dataset_02\cataract\cataract_091.png,slit_lamp,0.01567003,0,2.067292542,2,4.193607288,4,2.333401156,2
cataract_092.png,data\raw\slit_lamp\dataset_02\cataract\cataract_092.png,slit_lamp,0.010517743,0,1.73805294,2,2.790855709,3,2.115737607,2
cataract_093.png,data\raw\slit_lamp\dataset_02\cataract\cataract_093.png,slit_lamp,0.011146943,0,1.750308075,2,2.93321679,3,2.119370584,2
cataract_094.png,data\raw\slit_lamp\dataset_02\cataract\cataract_094.png,slit_lamp,0.000689497,0,2.159284972,2,4.389652027,4,2.289081132,2
cataract_095.png,data\raw\slit_lamp\dataset_02\cataract\cataract_095.png,slit_lamp,0.071368845,0,2.437171091,2,4.496641805,4,2.473284549,2
cataract_096.png,data\raw\slit_lamp\dataset_02\cataract\cataract_096.png,slit_lamp,0.007770667,0,2.036677533,2,4.265708292,4,2.307644721,2
cataract_097.png,data\raw\slit_lamp\dataset_02\cataract\cataract_097.png,slit_lamp,0.054080254,0,2.055643757,2,4.065625175,4,2.355192524,2
cataract_098.png,data\raw\slit_lamp\dataset_02\cataract\cataract_098.png,slit_lamp,0.043649746,0,2.023826598,2,4.083194728,4,2.342633064,2
cataract_099.png,data\raw\slit_lamp\dataset_02\cataract\cataract_099.png,slit_lamp,0.074517445,0,2.008870384,2,4.007249932,4,2.3416055,2
cataract_100.png,data\raw\slit_lamp\dataset_02\cataract\cataract_100.png,slit_lamp,0.081889029,0,2.159937098,2,4.295546771,4,2.404982925,2
Glaucoma_001.png,data\raw\slit_lamp\dataset_03\train\mild\Glaucoma_001.png,slit_lamp,3.327544691,3,2.75005839,3,1.95094015,2,2.049475055,2
Glaucoma_002.png,data\raw\slit_lamp\dataset_03\train\mild\Glaucoma_002.png,slit_lamp,3.313686198,3,2.555978084,3,1.954667485,2,1.669776168,2
Glaucoma_004.png,data\raw\slit_lamp\dataset_03\train\mild\Glaucoma_004.png,slit_lamp,3.317115334,3,2.683323675,3,1.954332263,2,1.941789475,2
Glaucoma_005.png,data\raw\slit_lamp\dataset_03\train\mild\Glaucoma_005.png,slit_lamp,3.330333664,3,2.673683463,3,1.951111073,2,1.904635696,2
Glaucoma_006.png,data\raw\slit_lamp\dataset_03\train\mild\Glaucoma_006.png,slit_lamp,3.321888254,3,2.404253765,2,1.954222807,2,1.335803767,1
Glaucoma_008.png,data\raw\slit_lamp\dataset_03\train\mild\Glaucoma_008.png,slit_lamp,3.327828704,3,2.69751232,3,1.943397602,2,1.891705629,2
Glaucoma_011.png,data\raw\slit_lamp\dataset_03\train\mild\Glaucoma_011.png,slit_lamp,3.330037622,3,2.907016115,3,1.949299567,2,2.241403794,2
Glaucoma_012.png,data\raw\slit_lamp\dataset_03\train\mild\Glaucoma_012.png,slit_lamp,3.30247433,3,2.503533516,3,1.95755032,2,1.533137186,2
Glaucoma_014.png,data\raw\slit_lamp\dataset_03\train\mild\Glaucoma_014.png,slit_lamp,3.325519627,3,2.792631348,3,1.954558023,2,1.985498015,2
Glaucoma_019.png,data\raw\slit_lamp\dataset_03\train\mild\Glaucoma_019.png,slit_lamp,3.286490388,3,2.746290325,3,1.97249194,2,1.714748291,2
Glaucoma_020.png,data\raw\slit_lamp\dataset_03\train\mild\Glaucoma_020.png,slit_lamp,3.293121869,3,2.697474492,3,1.972519121,2,1.601658075,2
Glaucoma_021.png,data\raw\slit_lamp\dataset_03\train\mild\Glaucoma_021.png,slit_lamp,3.333360034,3,2.879242957,3,1.93514991,2,2.215115103,2
Glaucoma_022.png,data\raw\slit_lamp\dataset_03\train\mild\Glaucoma_022.png,slit_lamp,3.295536957,3,2.619536215,3,1.972396807,2,1.726424679,2
Glaucoma_023.png,data\raw\slit_lamp\dataset_03\train\mild\Glaucoma_023.png,slit_lamp,3.328301575,3,2.499279003,2,1.954558023,2,1.433269529,1
Glaucoma_025.png,data\raw\slit_lamp\dataset_03\train\mild\Glaucoma_025.png,slit_lamp,3.308456577,3,2.575998966,3,1.957535072,2,1.480551033,1
Glaucoma_026.png,data\raw\slit_lamp\dataset_03\train\mild\Glaucoma_026.png,slit_lamp,3.324275254,3,2.426681154,2,1.95459223,2,1.44210218,1
Glaucoma_027.png,data\raw\slit_lamp\dataset_03\train\mild\Glaucoma_027.png,slit_lamp,3.327514452,3,2.507563526,3,1.954619595,2,1.543746908,2
Glaucoma_028.png,data\raw\slit_lamp\dataset_03\train\mild\Glaucoma_028.png,slit_lamp,3.30108639,3,2.995517605,3,1.95755032,2,1.854508246,2
Glaucoma_029.png,data\raw\slit_lamp\dataset_03\train\mild\Glaucoma_029.png,slit_lamp,3.328077959,3,2.624944461,3,1.954475927,2,1.681696677,2
Glaucoma_030.png,data\raw\slit_lamp\dataset_03\train\mild\Glaucoma_030.png,slit_lamp,3.327926196,3,2.681401552,3,1.954373309,2,1.796949648,2
Glaucoma_032.png,data\raw\slit_lamp\dataset_03\train\mild\Glaucoma_032.png,slit_lamp,3.331324094,3,2.438393046,2,1.954537499,2,1.374668544,1
Glaucoma_033.png,data\raw\slit_lamp\dataset_03\train\mild\Glaucoma_033.png,slit_lamp,3.322423676,3,2.434737903,2,1.955584322,2,1.473767286,1
Glaucoma_034.png,data\raw\slit_lamp\dataset_03\train\mild\Glaucoma_034.png,slit_lamp,3.329229797,3,2.398584194,2,1.954571705,2,1.411064982,1
Glaucoma_037.png,data\raw\slit_lamp\dataset_03\train\mild\Glaucoma_037.png,slit_lamp,3.33156676,3,2.47784812,2,1.954510133,2,1.434207725,1
Glaucoma_038.png,data\raw\slit_lamp\dataset_03\train\mild\Glaucoma_038.png,slit_lamp,3.329757892,3,2.570600462,3,1.954462245,2,1.590457848,2
Glaucoma_039.png,data\raw\slit_lamp\dataset_03\train\mild\Glaucoma_039.png,slit_lamp,3.329963798,3,2.521502682,3,1.954359627,2,1.451652841,1
Glaucoma_040.png,data\raw\slit_lamp\dataset_03\train\mild\Glaucoma_040.png,slit_lamp,3.329556245,3,2.670617754,3,1.954393833,2,1.697012857,2
Glaucoma_041.png,data\raw\slit_lamp\dataset_03\train\mild\Glaucoma_041.png,slit_lamp,3.327120013,3,2.685100367,3,1.954345945,2,1.719711865,2
Glaucoma_042.png,data\raw\slit_lamp\dataset_03\train\mild\Glaucoma_042.png,slit_lamp,3.296941172,3,2.992419662,3,1.957527448,2,1.813946105,2
Glaucoma_043.png,data\raw\slit_lamp\dataset_03\train\mild\Glaucoma_043.png,slit_lamp,3.318321814,3,4.553364543,5,1.95390714,2,2.541321684,3
Glaucoma_044.png,data\raw\slit_lamp\dataset_03\train\mild\Glaucoma_044.png,slit_lamp,3.330832839,3,2.865123221,3,1.926976407,2,2.267448567,2
Glaucoma_046.png,data\raw\slit_lamp\dataset_03\train\mild\Glaucoma_046.png,slit_lamp,3.327415568,3,2.502482806,3,1.954469086,2,1.568537488,2
Glaucoma_047.png,data\raw\slit_lamp\dataset_03\train\mild\Glaucoma_047.png,slit_lamp,3.324814938,3,2.448251003,2,1.95485905,2,1.462086882,1
Glaucoma_048.png,data\raw\slit_lamp\dataset_03\train\mild\Glaucoma_048.png,slit_lamp,3.30087166,3,2.817805898,3,1.957451206,2,1.826325616,2
Glaucoma_049.png,data\raw\slit_lamp\dataset_03\train\mild\Glaucoma_049.png,slit_lamp,3.326680155,3,2.601119263,3,1.954722218,2,1.773251618,2
Glaucoma_053.png,data\raw\slit_lamp\dataset_03\train\mild\Glaucoma_053.png,slit_lamp,3.328539229,3,2.597290519,3,1.954564864,2,1.70714483,2
Glaucoma_054.png,data\raw\slit_lamp\dataset_03\train\mild\Glaucoma_054.png,slit_lamp,3.331630776,3,2.438521294,2,1.954510133,2,1.582121628,2
Glaucoma_057.png,data\raw\slit_lamp\dataset_03\train\mild\Glaucoma_057.png,slit_lamp,3.328813865,3,2.759532905,3,1.954236489,2,1.9354245,2
Glaucoma_058.png,data\raw\slit_lamp\dataset_03\train\mild\Glaucoma_058.png,slit_lamp,3.327242691,3,2.775199459,3,1.954140716,2,1.937963836,2
Glaucoma_060.png,data\raw\slit_lamp\dataset_03\train\mild\Glaucoma_060.png,slit_lamp,3.291076186,3,2.414642427,2,1.957535072,2,1.292135267,1
Glaucoma_061.png,data\raw\slit_lamp\dataset_03\train\mild\Glaucoma_061.png,slit_lamp,3.304701704,3,2.818463175,3,1.957466454,2,1.656477578,2
Glaucoma_064.png,data\raw\slit_lamp\dataset_03\train\mild\Glaucoma_064.png,slit_lamp,3.330599437,3,2.52671756,3,1.954428039,2,1.426794682,1
Glaucoma_065.png,data\raw\slit_lamp\dataset_03\train\mild\Glaucoma_065.png,slit_lamp,3.324040564,3,2.718167535,3,1.954537499,2,1.762546099,2
Glaucoma_066.png,data\raw\slit_lamp\dataset_03\train\mild\Glaucoma_066.png,slit_lamp,3.329913541,3,2.740624331,3,1.954482768,2,1.706589274,2
Glaucoma_067.png,data\raw\slit_lamp\dataset_03\train\mild\Glaucoma_067.png,slit_lamp,3.325993088,3,2.543752537,3,1.954530657,2,1.526145127,2
Glaucoma_070.png,data\raw\slit_lamp\dataset_03\train\mild\Glaucoma_070.png,slit_lamp,3.31773528,3,3.284170909,3,1.972505531,2,2.239020608,2
Glaucoma_071.png,data\raw\slit_lamp\dataset_03\train\mild\Glaucoma_071.png,slit_lamp,3.30585953,3,2.982416101,3,1.957580818,2,1.737850773,2
Glaucoma_072.png,data\raw\slit_lamp\dataset_03\train\mild\Glaucoma_072.png,slit_lamp,3.298941419,3,3.031546349,3,1.957504575,2,1.748291919,2
Glaucoma_073.png,data\raw\slit_lamp\dataset_03\train\mild\Glaucoma_073.png,slit_lamp,3.331247928,3,2.442590704,2,1.954599071,2,1.432134741,1
Glaucoma_074.png,data\raw\slit_lamp\dataset_03\train\mild\Glaucoma_074.png,slit_lamp,3.330715096,3,2.44897309,2,1.954455403,2,1.458521933,1
Glaucoma_075.png,data\raw\slit_lamp\dataset_03\train\mild\Glaucoma_075.png,slit_lamp,3.328227634,3,2.785751569,3,1.954441721,2,2.117566563,2
Glaucoma_076.png,data\raw\slit_lamp\dataset_03\train\mild\Glaucoma_076.png,slit_lamp,3.326788356,3,2.495262546,2,1.954715376,2,1.510628805,2
Glaucoma_077.png,data\raw\slit_lamp\dataset_03\train\mild\Glaucoma_077.png,slit_lamp,3.323043787,3,2.394280509,2,1.955488526,2,1.3157732,1
Glaucoma_078.png,data\raw\slit_lamp\dataset_03\train\mild\Glaucoma_078.png,slit_lamp,3.3307667,3,2.440272634,2,1.95464012,2,1.276195721,1
Glaucoma_079.png,data\raw\slit_lamp\dataset_03\train\mild\Glaucoma_079.png,slit_lamp,3.327942069,3,2.862900326,3,1.954181761,2,1.98692626,2
Glaucoma_080.png,data\raw\slit_lamp\dataset_03\train\mild\Glaucoma_080.png,slit_lamp,3.328245924,3,2.838849083,3,1.954304899,2,1.974745147,2
Glaucoma_081.png,data\raw\slit_lamp\dataset_03\train\mild\Glaucoma_081.png,slit_lamp,3.288314411,3,2.78457613,3,1.959639763,2,1.693344573,2
Glaucoma_085.png,data\raw\slit_lamp\dataset_03\train\mild\Glaucoma_085.png,slit_lamp,3.29825338,3,3.124753613,3,1.957527448,2,2.167714021,2
Glaucoma_086.png,data\raw\slit_lamp\dataset_03\train\mild\Glaucoma_086.png,slit_lamp,3.296103753,3,2.837126008,3,1.957832425,2,1.892551641,2
Glaucoma_088.png,data\raw\slit_lamp\dataset_03\train\mild\Glaucoma_088.png,slit_lamp,3.329477528,3,2.377740614,2,1.954626437,2,1.347105569,1
Glaucoma_090.png,data\raw\slit_lamp\dataset_03\train\mild\Glaucoma_090.png,slit_lamp,3.327317148,3,2.757262949,3,1.954202284,2,1.97023351,2
Glaucoma_091.png,data\raw\slit_lamp\dataset_03\train\mild\Glaucoma_091.png,slit_lamp,3.331857967,3,2.465101284,2,1.954462245,2,1.441871727,1
Glaucoma_092.png,data\raw\slit_lamp\dataset_03\train\mild\Glaucoma_092.png,slit_lamp,3.330964944,3,2.478886436,2,1.954386992,2,1.47501827,1
Glaucoma_094.png,data\raw\slit_lamp\dataset_03\train\mild\Glaucoma_094.png,slit_lamp,3.329984247,3,2.398653792,2,1.954400674,2,1.473528886,1
Glaucoma_098.png,data\raw\slit_lamp\dataset_03\train\mild\Glaucoma_098.png,slit_lamp,3.331135016,3,2.558563173,3,1.95443488,2,1.422009622,1
Glaucoma_099.png,data\raw\slit_lamp\dataset_03\train\mild\Glaucoma_099.png,slit_lamp,3.329446445,3,2.761869032,3,1.954393833,2,1.804083741,2
Glaucoma_100.png,data\raw\slit_lamp\dataset_03\train\mild\Glaucoma_100.png,slit_lamp,3.303839309,3,2.746595102,3,1.957542696,2,1.674969094,2
Glaucoma_101.png,data\raw\slit_lamp\dataset_03\train\mild\Glaucoma_101.png,slit_lamp,3.300886549,3,2.652572272,3,1.957481703,2,1.591529338,2
cataract_001.png,data\raw\slit_lamp\dataset_03\train\moderate\cataract_001.png,slit_lamp,3.330010404,3,2.503660834,3,1.954564864,2,1.535186945,2
cataract_002.png,data\raw\slit_lamp\dataset_03\train\moderate\cataract_002.png,slit_lamp,3.329245795,3,2.522114438,3,1.954482768,2,1.59066694,2
cataract_004.png,data\raw\slit_lamp\dataset_03\train\moderate\cataract_004.png,slit_lamp,3.331052786,3,2.912391007,3,1.948903167,2,2.259510082,2
cataract_008.png,data\raw\slit_lamp\dataset_03\train\moderate\cataract_008.png,slit_lamp,3.33053841,3,2.639176109,3,1.954441721,2,1.570907341,2
cataract_009.png,data\raw\slit_lamp\dataset_03\train\moderate\cataract_009.png,slit_lamp,3.331570453,3,2.587585151,3,1.95443488,2,1.499831711,1
cataract_011.png,data\raw\slit_lamp\dataset_03\train\moderate\cataract_011.png,slit_lamp,3.329606406,3,2.773643538,3,1.954496451,2,1.726912133,2
cataract_012.png,data\raw\slit_lamp\dataset_03\train\moderate\cataract_012.png,slit_lamp,3.330009493,3,2.913129141,3,1.948390625,2,2.223553866,2
cataract_014.png,data\raw\slit_lamp\dataset_03\train\moderate\cataract_014.png,slit_lamp,3.330497442,3,2.643016728,3,1.954236489,2,1.863234513,2
cataract_015.png,data\raw\slit_lamp\dataset_03\train\moderate\cataract_015.png,slit_lamp,3.324571,3,2.600437527,3,1.954229648,2,1.645135086,2
cataract_016.png,data\raw\slit_lamp\dataset_03\train\moderate\cataract_016.png,slit_lamp,3.326213469,3,2.630335625,3,1.954462245,2,1.70445498,2
cataract_017.png,data\raw\slit_lamp\dataset_03\train\moderate\cataract_017.png,slit_lamp,3.3278044,3,2.661842948,3,1.944496897,2,1.729751221,2
cataract_018.png,data\raw\slit_lamp\dataset_03\train\moderate\cataract_018.png,slit_lamp,3.332014511,3,2.850235466,3,1.940496825,2,2.408954344,2
cataract_019.png,data\raw\slit_lamp\dataset_03\train\moderate\cataract_019.png,slit_lamp,3.329093052,3,2.774998826,3,1.943165482,2,2.019069514,2
cataract_020.png,data\raw\slit_lamp\dataset_03\train\moderate\cataract_020.png,slit_lamp,3.321711088,3,3.119825951,3,1.955664913,2,2.501785184,3
cataract_022.png,data\raw\slit_lamp\dataset_03\train\moderate\cataract_022.png,slit_lamp,3.329107734,3,2.300482696,2,1.954523816,2,1.101130389,1
cataract_023.png,data\raw\slit_lamp\dataset_03\train\moderate\cataract_023.png,slit_lamp,3.297653409,3,2.805461289,3,1.957435958,2,1.857574002,2
cataract_025.png,data\raw\slit_lamp\dataset_03\train\moderate\cataract_025.png,slit_lamp,3.296299382,3,2.435219622,2,1.957512199,2,1.309545883,1
cataract_026.png,data\raw\slit_lamp\dataset_03\train\moderate\cataract_026.png,slit_lamp,3.331527427,3,2.470212234,2,1.954373309,2,1.566603412,2
cataract_027.png,data\raw\slit_lamp\dataset_03\train\moderate\cataract_027.png,slit_lamp,3.284082071,3,2.354001949,2,1.972437578,2,1.430827269,1
cataract_028.png,data\raw\slit_lamp\dataset_03\train\moderate\cataract_028.png,slit_lamp,3.291765227,3,3.26108627,3,1.957504575,2,1.828093338,2
cataract_029.png,data\raw\slit_lamp\dataset_03\train\moderate\cataract_029.png,slit_lamp,3.330450777,3,2.423764055,2,1.954551181,2,1.536034695,2
cataract_033.png,data\raw\slit_lamp\dataset_03\train\moderate\cataract_033.png,slit_lamp,3.330507918,3,2.540963481,3,1.954270693,2,1.642804122,2
cataract_034.png,data\raw\slit_lamp\dataset_03\train\moderate\cataract_034.png,slit_lamp,3.33051841,3,2.608717759,3,1.954352786,2,1.765034516,2
cataract_036.png,data\raw\slit_lamp\dataset_03\train\moderate\cataract_036.png,slit_lamp,3.329608953,3,2.752672467,3,1.954304899,2,2.003856148,2
cataract_037.png,data\raw\slit_lamp\dataset_03\train\moderate\cataract_037.png,slit_lamp,3.328509768,3,2.832958307,3,1.954558023,2,1.807927452,2
cataract_040.png,data\raw\slit_lamp\dataset_03\train\moderate\cataract_040.png,slit_lamp,3.329427984,3,2.553971283,3,1.954441721,2,1.743757064,2
cataract_041.png,data\raw\slit_lamp\dataset_03\train\moderate\cataract_041.png,slit_lamp,3.326652474,3,2.636180189,3,1.954653802,2,1.832844069,2
cataract_043.png,data\raw\slit_lamp\dataset_03\train\moderate\cataract_043.png,slit_lamp,3.331240881,3,2.51914156,3,1.954523816,2,1.425537739,1
cataract_044.png,data\raw\slit_lamp\dataset_03\train\moderate\cataract_044.png,slit_lamp,3.329263478,3,2.553632699,3,1.954510133,2,1.462951654,1
cataract_046.png,data\raw\slit_lamp\dataset_03\train\moderate\cataract_046.png,slit_lamp,3.330134595,3,2.690809394,3,1.954257012,2,1.962215048,2
cataract_048.png,data\raw\slit_lamp\dataset_03\train\moderate\cataract_048.png,slit_lamp,3.33004475,3,2.580144016,3,1.954455403,2,1.757219143,2
cataract_049.png,data\raw\slit_lamp\dataset_03\train\moderate\cataract_049.png,slit_lamp,3.33116388,3,2.450626545,2,1.954414356,2,1.615239313,2
cataract_051.png,data\raw\slit_lamp\dataset_03\train\moderate\cataract_051.png,slit_lamp,3.330147726,3,2.626061948,3,1.954414356,2,1.766031513,2
cataract_052.png,data\raw\slit_lamp\dataset_03\train\moderate\cataract_052.png,slit_lamp,3.297107744,3,2.857230305,3,1.972532712,2,2.017472621,2
cataract_053.png,data\raw\slit_lamp\dataset_03\train\moderate\cataract_053.png,slit_lamp,3.327436176,3,2.573312722,3,1.954407515,2,1.615257307,2
cataract_054.png,data\raw\slit_lamp\dataset_03\train\moderate\cataract_054.png,slit_lamp,3.326025009,3,2.601048004,3,1.954612754,2,1.680441558,2
cataract_055.png,data\raw\slit_lamp\dataset_03\train\moderate\cataract_055.png,slit_lamp,3.329690882,3,2.578192659,3,1.954496451,2,1.60154068,2
cataract_057.png,data\raw\slit_lamp\dataset_03\train\moderate\cataract_057.png,slit_lamp,3.329615154,3,2.676054038,3,1.954332263,2,1.802208116,2
cataract_058.png,data\raw\slit_lamp\dataset_03\train\moderate\cataract_058.png,slit_lamp,3.329479043,3,2.71008679,3,1.954332263,2,1.847381298,2
cataract_059.png,data\raw\slit_lamp\dataset_03\train\moderate\cataract_059.png,slit_lamp,3.329455625,3,2.215692273,2,1.95468801,2,1.172094224,1
cataract_060.png,data\raw\slit_lamp\dataset_03\train\moderate\cataract_060.png,slit_lamp,3.286444578,3,2.547343497,3,1.95742071,2,1.321410768,1
cataract_061.png,data\raw\slit_lamp\dataset_03\train\moderate\cataract_061.png,slit_lamp,3.290474752,3,2.509091227,3,1.957397838,2,1.507014252,2
cataract_063.png,data\raw\slit_lamp\dataset_03\train\moderate\cataract_063.png,slit_lamp,3.266402486,3,2.31176619,2,1.972423987,2,1.460511167,1
cataract_064.png,data\raw\slit_lamp\dataset_03\train\moderate\cataract_064.png,slit_lamp,3.288699277,3,2.329635414,2,1.957451206,2,1.324957446,1
cataract_065.png,data\raw\slit_lamp\dataset_03\train\moderate\cataract_065.png,slit_lamp,3.291762971,3,2.286080306,2,1.95745883,2,1.284922218,1
cataract_067.png,data\raw\slit_lamp\dataset_03\train\moderate\cataract_067.png,slit_lamp,3.330537957,3,2.291922466,2,1.954414356,2,1.30883825,1
cataract_069.png,data\raw\slit_lamp\dataset_03\train\moderate\cataract_069.png,slit_lamp,3.333290227,3,2.391142525,2,1.954530657,2,1.242899547,1
cataract_071.png,data\raw\slit_lamp\dataset_03\train\moderate\cataract_071.png,slit_lamp,3.330030629,3,2.557242771,3,1.954400674,2,1.691959928,2
cataract_072.png,data\raw\slit_lamp\dataset_03\train\moderate\cataract_072.png,slit_lamp,3.331417448,3,2.404893075,2,1.954462245,2,1.427840497,1
cataract_073.png,data\raw\slit_lamp\dataset_03\train\moderate\cataract_073.png,slit_lamp,3.330713686,3,2.466864374,2,1.954558023,2,1.448670906,1
cataract_075.png,data\raw\slit_lamp\dataset_03\train\moderate\cataract_075.png,slit_lamp,3.31364114,3,3.073952999,3,1.957611315,2,1.644266332,2
cataract_078.png,data\raw\slit_lamp\dataset_03\train\moderate\cataract_078.png,slit_lamp,3.328249077,3,2.816004689,3,1.951760628,2,2.051713392,2
cataract_079.png,data\raw\slit_lamp\dataset_03\train\moderate\cataract_079.png,slit_lamp,3.330052561,3,2.591195105,3,1.954496451,2,1.697358788,2
cataract_080.png,data\raw\slit_lamp\dataset_03\train\moderate\cataract_080.png,slit_lamp,3.29647298,3,2.545807868,3,1.957474078,2,1.713480538,2
cataract_081.png,data\raw\slit_lamp\dataset_03\train\moderate\cataract_081.png,slit_lamp,3.292571066,3,2.565497662,3,1.957504575,2,1.700126667,2
cataract_082.png,data\raw\slit_lamp\dataset_03\train\moderate\cataract_082.png,slit_lamp,3.330472108,3,2.226603009,2,1.954503292,2,1.25103656,1
cataract_083.png,data\raw\slit_lamp\dataset_03\train\moderate\cataract_083.png,slit_lamp,3.32925852,3,2.216546641,2,1.954605912,2,1.208631528,1
cataract_084.png,data\raw\slit_lamp\dataset_03\train\moderate\cataract_084.png,slit_lamp,3.304269393,3,2.640763819,3,1.957413086,2,1.476472828,1
cataract_085.png,data\raw\slit_lamp\dataset_03\train\moderate\cataract_085.png,slit_lamp,3.292218685,3,2.576276142,3,1.957557945,2,1.331535191,1
cataract_087.png,data\raw\slit_lamp\dataset_03\train\moderate\cataract_087.png,slit_lamp,3.328756812,3,2.722754235,3,1.954373309,2,2.009980266,2
cataract_089.png,data\raw\slit_lamp\dataset_03\train\moderate\cataract_089.png,slit_lamp,3.329760004,3,2.779033391,3,1.951617036,2,2.166484445,2
cataract_090.png,data\raw\slit_lamp\dataset_03\train\moderate\cataract_090.png,slit_lamp,3.329992751,3,2.567074967,3,1.95443488,2,1.706628861,2
cataract_091.png,data\raw\slit_lamp\dataset_03\train\moderate\cataract_091.png,slit_lamp,3.331297563,3,2.481389928,2,1.954599071,2,1.547960818,2
cataract_092.png,data\raw\slit_lamp\dataset_03\train\moderate\cataract_092.png,slit_lamp,3.331143829,3,2.197639905,2,1.954729059,2,1.108848427,1
cataract_093.png,data\raw\slit_lamp\dataset_03\train\moderate\cataract_093.png,slit_lamp,3.325497727,3,2.195352453,2,1.954537499,2,1.101312144,1
cataract_094.png,data\raw\slit_lamp\dataset_03\train\moderate\cataract_094.png,slit_lamp,3.331809546,3,2.544406426,3,1.95438015,2,1.489356745,1
cataract_096.png,data\raw\slit_lamp\dataset_03\train\moderate\cataract_096.png,slit_lamp,3.331517321,3,2.451067479,2,1.954455403,2,1.519747031,2
cataract_097.png,data\raw\slit_lamp\dataset_03\train\moderate\cataract_097.png,slit_lamp,3.32639564,3,2.446026548,2,1.954441721,2,1.591439919,2
cataract_098.png,data\raw\slit_lamp\dataset_03\train\moderate\cataract_098.png,slit_lamp,3.331599682,3,2.435087989,2,1.954653802,2,1.573056223,2
cataract_099.png,data\raw\slit_lamp\dataset_03\train\moderate\cataract_099.png,slit_lamp,3.329162649,3,2.420994607,2,1.954277534,2,1.527367634,2
cataract_100.png,data\raw\slit_lamp\dataset_03\train\moderate\cataract_100.png,slit_lamp,3.329823804,3,2.562640638,3,1.954359627,2,1.75746282,2
Glaucoma_003.png,data\raw\slit_lamp\dataset_03\val\mild\Glaucoma_003.png,slit_lamp,3.331978101,3,2.744157764,3,1.944216931,2,2.054112431,2
Glaucoma_007.png,data\raw\slit_lamp\dataset_03\val\mild\Glaucoma_007.png,slit_lamp,3.322694162,3,2.431692686,2,1.954537499,2,1.49190816,1
Glaucoma_009.png,data\raw\slit_lamp\dataset_03\val\mild\Glaucoma_009.png,slit_lamp,3.330317661,3,2.757401878,3,1.951336699,2,1.97388792,2
Glaucoma_015.png,data\raw\slit_lamp\dataset_03\val\mild\Glaucoma_015.png,slit_lamp,3.32646204,3,2.682031734,3,1.95459223,2,1.731076709,2
Glaucoma_017.png,data\raw\slit_lamp\dataset_03\val\mild\Glaucoma_017.png,slit_lamp,3.29451023,3,2.861249589,3,1.957573193,2,1.862787329,2
Glaucoma_018.png,data\raw\slit_lamp\dataset_03\val\mild\Glaucoma_018.png,slit_lamp,3.300818729,3,2.812144854,3,1.957451206,2,1.752721025,2
Glaucoma_024.png,data\raw\slit_lamp\dataset_03\val\mild\Glaucoma_024.png,slit_lamp,3.297463311,3,3.193047471,3,1.957519824,2,2.013829223,2
Glaucoma_031.png,data\raw\slit_lamp\dataset_03\val\mild\Glaucoma_031.png,slit_lamp,3.329250597,3,2.362258027,2,1.954551181,2,1.281377226,1
Glaucoma_045.png,data\raw\slit_lamp\dataset_03\val\mild\Glaucoma_045.png,slit_lamp,3.295330571,3,3.280688426,3,1.957542696,2,2.168824043,2
Glaucoma_050.png,data\raw\slit_lamp\dataset_03\val\mild\Glaucoma_050.png,slit_lamp,3.319139583,3,2.528149682,3,1.954770109,2,1.614848517,2
Glaucoma_052.png,data\raw\slit_lamp\dataset_03\val\mild\Glaucoma_052.png,slit_lamp,3.329601664,3,2.569890695,3,1.95443488,2,1.777954196,2
Glaucoma_055.png,data\raw\slit_lamp\dataset_03\val\mild\Glaucoma_055.png,slit_lamp,3.327626205,3,2.664214476,3,1.955591165,2,1.773579669,2
Glaucoma_059.png,data\raw\slit_lamp\dataset_03\val\mild\Glaucoma_059.png,slit_lamp,3.330818303,3,2.760854741,3,1.943971119,2,2.128856611,2
Glaucoma_062.png,data\raw\slit_lamp\dataset_03\val\mild\Glaucoma_062.png,slit_lamp,3.328735679,3,2.570750076,3,1.954482768,2,1.534541368,2
Glaucoma_082.png,data\raw\slit_lamp\dataset_03\val\mild\Glaucoma_082.png,slit_lamp,3.281266297,3,2.748481188,3,1.957451206,2,1.552610475,2
Glaucoma_083.png,data\raw\slit_lamp\dataset_03\val\mild\Glaucoma_083.png,slit_lamp,3.323652331,3,2.617871312,3,1.954537499,2,1.767992245,2
Glaucoma_084.png,data\raw\slit_lamp\dataset_03\val\mild\Glaucoma_084.png,slit_lamp,3.296307607,3,2.655785252,3,1.957512199,2,1.69945545,2
Glaucoma_089.png,data\raw\slit_lamp\dataset_03\val\mild\Glaucoma_089.png,slit_lamp,3.330957194,3,2.895233666,3,1.952957381,2,2.246059305,2
Glaucoma_093.png,data\raw\slit_lamp\dataset_03\val\mild\Glaucoma_093.png,slit_lamp,3.328429856,3,2.444992511,2,1.954913785,2,1.398127384,1
Glaucoma_096.png,data\raw\slit_lamp\dataset_03\val\mild\Glaucoma_096.png,slit_lamp,3.285727873,3,2.754467341,3,1.957489327,2,1.843277096,2
Glaucoma_097.png,data\raw\slit_lamp\dataset_03\val\mild\Glaucoma_097.png,slit_lamp,3.334210089,3,2.95930354,3,1.936602043,2,2.3246184,2
cataract_003.png,data\raw\slit_lamp\dataset_03\val\moderate\cataract_003.png,slit_lamp,3.328101058,3,2.796619516,3,1.954359627,2,2.060274581,2
cataract_006.png,data\raw\slit_lamp\dataset_03\val\moderate\cataract_006.png,slit_lamp,3.305437536,3,2.915565768,3,1.954448128,2,1.678885451,2
cataract_010.png,data\raw\slit_lamp\dataset_03\val\moderate\cataract_010.png,slit_lamp,3.330714484,3,2.744315026,3,1.954455403,2,1.750666813,2
cataract_013.png,data\raw\slit_lamp\dataset_03\val\moderate\cataract_013.png,slit_lamp,3.330166073,3,2.549360264,3,1.954441721,2,1.810779613,2
cataract_024.png,data\raw\slit_lamp\dataset_03\val\moderate\cataract_024.png,slit_lamp,3.291439552,3,2.836069177,3,1.957634188,2,1.991085212,2
cataract_030.png,data\raw\slit_lamp\dataset_03\val\moderate\cataract_030.png,slit_lamp,3.331320532,3,2.405270532,2,1.954564864,2,1.43948256,1
cataract_031.png,data\raw\slit_lamp\dataset_03\val\moderate\cataract_031.png,slit_lamp,3.2933467,3,3.178452478,3,1.95745883,2,2.113082535,2
cataract_032.png,data\raw\slit_lamp\dataset_03\val\moderate\cataract_032.png,slit_lamp,3.292786849,3,3.04376727,3,1.957519824,2,1.955633663,2
cataract_035.png,data\raw\slit_lamp\dataset_03\val\moderate\cataract_035.png,slit_lamp,3.331203693,3,2.484125267,2,1.954339104,2,1.53882035,2
cataract_045.png,data\raw\slit_lamp\dataset_03\val\moderate\cataract_045.png,slit_lamp,3.328546602,3,2.456364364,2,1.954906943,2,1.396277469,1
cataract_050.png,data\raw\slit_lamp\dataset_03\val\moderate\cataract_050.png,slit_lamp,3.329144534,3,2.677215002,3,1.954393833,2,1.84733701,2
cataract_056.png,data\raw\slit_lamp\dataset_03\val\moderate\cataract_056.png,slit_lamp,3.330758187,3,2.578588479,3,1.954345945,2,1.588672369,2
cataract_062.png,data\raw\slit_lamp\dataset_03\val\moderate\cataract_062.png,slit_lamp,3.287416856,3,2.521802031,3,1.957428334,2,1.484963159,1
cataract_066.png,data\raw\slit_lamp\dataset_03\val\moderate\cataract_066.png,slit_lamp,3.330045913,3,2.396640247,2,1.954558023,2,1.437168872,1
cataract_074.png,data\raw\slit_lamp\dataset_03\val\moderate\cataract_074.png,slit_lamp,3.30420923,3,3.312010386,3,1.957603691,2,1.831651098,2
cataract_076.png,data\raw\slit_lamp\dataset_03\val\moderate\cataract_076.png,slit_lamp,3.330067161,3,2.225244212,2,1.954475927,2,1.186220085,1
cataract_077.png,data\raw\slit_lamp\dataset_03\val\moderate\cataract_077.png,slit_lamp,3.321744551,3,2.821960719,3,1.954298058,2,1.936074583,2
cataract_088.png,data\raw\slit_lamp\dataset_03\val\moderate\cataract_088.png,slit_lamp,3.329057639,3,2.592136892,3,1.954277534,2,1.838487949,2
cataract_095.png,data\raw\slit_lamp\dataset_03\val\moderate\cataract_095.png,slit_lamp,3.331437966,3,2.828279635,3,1.947584323,2,2.128334243,2
